run_id,stage,arch,technique,fold,seed,epoch,global_step,samples_seen,ts_start,ts_end,iso_start,iso_end,account,worker_id,session_id,host,config_hash,lib_version,train_loss,train_acc,val_loss,lr_group0,grad_norm_mean,grad_norm_max,grad_norm_p50,grad_norm_p95,grad_norm_p99,grad_clip_hit_rate,weight_norm_total,update_to_weight_ratio,amp_scale,amp_scale_decreases,nan_or_inf_batches,epoch_seconds,train_seconds,val_seconds,dataload_seconds,compute_seconds,backward_seconds,optimizer_seconds,dataload_frac,step_time_mean,step_time_p50,step_time_p90,step_time_p99,images_per_second,n_params_total,n_params_trainable,wall_seconds_cumulative,energy_joules_cumulative,epochs_planned,cfg_input_resolution,cfg_batch_size,cfg_head_type,cfg_loss_name,cfg_label_smoothing,cfg_sampler_name,cfg_optimizer_name,cfg_lr_initial,cfg_weight_decay,cfg_scheduler_name,cfg_warmup_epochs,cfg_max_epochs,cfg_grad_clip,cfg_pretrained,cfg_finetune_depth,cfg_preprocessing,cfg_roi_mode,cfg_augment_policy,cfg_precision,cfg_num_workers,cfg_arch,cfg_fold,cfg_seed,cfg_technique,cfg_stage,cfg_config_hash,val_acc,val_balanced_acc,val_f1_macro,val_f1_micro,val_f1_weighted,val_precision_macro,val_recall_macro,val_f1_low,val_recall_low,val_precision_low,val_support_low,val_f1_mid,val_recall_mid,val_precision_mid,val_support_mid,val_f1_high,val_recall_high,val_precision_high,val_support_high,val_qwk,val_mae_class,val_cohen_kappa,val_mcc,val_nll,val_brier,val_mean_confidence,val_mean_confidence_correct,val_mean_confidence_incorrect,val_overconfidence_gap,val_ece,val_mce,val_ace,gpu0_util_mean,gpu0_util_max,gpu0_util_p50,gpu0_mem_used_mb_mean,gpu0_mem_used_mb_peak,gpu0_temp_c_mean,gpu0_temp_c_max,gpu0_power_w_mean,gpu0_power_w_max,gpu0_sm_clock_mhz_mean,gpu0_mem_clock_mhz_mean,gpu0_throttle_reasons,gpu0_energy_joules_epoch,gpu0_energy_joules_cumulative,gpu1_util_mean,gpu1_util_max,gpu1_util_p50,gpu1_mem_used_mb_mean,gpu1_mem_used_mb_peak,gpu1_temp_c_mean,gpu1_temp_c_max,gpu1_power_w_mean,gpu1_power_w_max,gpu1_sm_clock_mhz_mean,gpu1_mem_clock_mhz_mean,gpu1_throttle_reasons,gpu1_energy_joules_epoch,gpu1_energy_joules_cumulative,cpu_percent_mean,cpu_percent_max,ram_used_gb_mean,ram_used_gb_peak,ram_percent_peak,proc_rss_gb_mean,proc_rss_gb_peak,proc_vms_gb_peak,swap_used_gb_peak,energy_joules_epoch,energy_wh_epoch,co2_g_epoch,carbon_intensity_g_per_kwh,power_sample_count,gpu0_name,gpu0_mem_total_mb,gpu0_power_limit_w,gpu0_uuid,gpu1_name,gpu1_mem_total_mb,gpu1_power_limit_w,gpu1_uuid,gpu_driver,val_acc_session_mileage_090000__session_001,val_n_session_mileage_090000__session_001,val_acc_session_mileage_100000_plus__session_002,val_n_session_mileage_100000_plus__session_002,val_acc_session_mileage_100000_plus__session_004,val_n_session_mileage_100000_plus__session_004,val_acc_session_new_tire__session_001,val_n_session_new_tire__session_001
a-mobilenetv4-base-f0-s1,a,mobilenetv4,base,0,1,1,39,2496,1787863833.6238647,1787863958.2962391,2026-08-27T20:50:33Z,2026-08-27T20:52:38Z,acct4,3,4e3d33,Interactive,29a25babc578,v2,0.7652718462867107,0.7992788461538461,0.002379688452297111,5.9999999999999995e-05,,,,,,0.8461538461538461,371.7332414086488,,64.0,10,0,124.64798307418823,101.70895099639893,22.93665862083435,22.640758275985718,78.66104340553284,57.74144172668457,0.2630131244659424,0.18163758223436594,2.025410432081956,0.27204394340515137,0.28436145782470706,42.639348492622204,24.540612950460698,8437074,8437074,124.64798307418823,7717.3548584084465,60,384,64,coral,coral_bce,0.0,session_balanced,adamw,0.0003,0.05,cosine,5,60,5.0,True,full,raw,full_frame,dataset_v1_1,fp16,2,mobilenetv4,0,1,base,a,29a25babc578,1.0,1.0,1.0,1.0,1.0,1.0,1.0,1.0,1.0,1.0,67,1.0,1.0,1.0,57,1.0,1.0,1.0,62,1.0,0.0,1.0,1.0,0.0038129855317569775,0.001031415269757514,0.9964946614157769,0.9964946614157769,NA,-0.0035053385842230833,0.0035053385842230677,0.27182936668395996,0.0035053385842230677,36.23076923076923,100.0,0.0,4415.4275052307685,11351.031808,76.88888888888889,80.0,52.42921367521369,101.831,1294.7435897435898,5000.0,4.0,6525.661620850083,6533.45939612722,0.0,0.0,0.0,473.1043840000001,473.104384,38.23931623931624,39.0,9.506102564102564,10.556,300.0,405.0,1.0,1191.693237558364,1193.935433084964,39.9042735042735,77.2,3.877692477264957,4.25080832,18.0,4.182881201230769,4.277645312,33.248243712,0.0,7717.3548584084465,2.143709682891235,1.5284650039014507,713.0,2112,Tesla T4,16106.12736,70.0,GPU-963b21b5-f207-d656-ea08-0b456c098fd0,Tesla T4,16106.12736,70.0,GPU-597f445a-b1c6-ff93-9d9b-85a347924989,580.159.04,1.0,57,1.0,2,1.0,60,1.0,67
a-mobilenetv4-base-f0-s1,a,mobilenetv4,base,0,1,2,78,4992,1787863958.7362401,1787863999.0333707,2026-08-27T20:52:38Z,2026-08-27T20:53:19Z,acct4,3,4e3d33,Interactive,29a25babc578,v2,0.004283613240805842,0.9971955128205128,0.008448507197855908,0.00011999999999999999,34.9137208144957,644.8716430664062,1.4100546836853027,128.42583007812502,455.94448669433467,0.3333333333333333,371.7326231281257,1.1270591379587987e-05,64.0,0,0,40.27377510070801,35.799874782562256,4.471786975860596,24.830456733703613,10.541487216949463,9.335615873336792,0.2751305103302002,0.616541575047607,0.27916780496254945,0.27321624755859375,0.2927684307098389,0.3580975246429441,69.7209142534704,8437074,8437074,164.92175817489624,10103.22782273388,60,384,64,coral,coral_bce,0.0,session_balanced,adamw,0.0003,0.05,cosine,5,60,5.0,True,full,raw,full_frame,dataset_v1_1,fp16,2,mobilenetv4,0,1,base,a,29a25babc578,0.9946236559139785,0.9950248756218905,0.9945951836112018,0.9946236559139785,0.9946268195031759,0.9942528735632185,0.9950248756218905,0.9924812030075187,0.9850746268656716,1.0,67,0.9913043478260869,1.0,0.9827586206896551,57,1.0,1.0,1.0,62,0.9961056907164691,0.005376344086021506,0.9919214732453092,0.9919646329746524,0.016896951031784655,0.00845471647265017,0.986906063172125,0.9891967029184908,0.5631377100944519,-0.007717592741853463,0.013772836936417433,0.5631377100944519,0.013772836936417433,28.18421052631579,99.0,0.0,6211.850455578945,6447.890432,77.47368421052632,80.0,46.23499999999999,67.437,1306.578947368421,5000.0,4.0,2003.343245090965,8568.578997231007,0.0,0.0,0.0,473.1043839999998,473.104384,38.473684210526315,39.0,9.461947368421056,9.96,300.0,405.0,1.0,382.5297192344681,1582.804783118964,58.628947368421045,72.9,4.267527006315789,4.439728128,18.5,4.285132800000002,4.2851328,29.102157824,0.0,2385.872964325433,0.662742490090398,0.4725353954344538,713.0,676,Tesla T4,16106.12736,70.0,GPU-963b21b5-f207-d656-ea08-0b456c098fd0,Tesla T4,16106.12736,70.0,GPU-597f445a-b1c6-ff93-9d9b-85a347924989,580.159.04,1.0,57,1.0,2,1.0,60,0.9850746268656716,67
a-mobilenetv4-base-f0-s1,a,mobilenetv4,base,0,1,3,117,7488,1787863999.3250282,1787864039.628618,2026-08-27T20:53:19Z,2026-08-27T20:53:59Z,acct4,3,4e3d33,Interactive,29a25babc578,v2,0.012229528094154563,0.9947916666666666,2.681679202938413e-06,0.00017999999999999998,14.892079623154176,104.67511749267578,0.3484295606613159,82.1816604614258,101.46826446533201,0.28205128205128205,371.7391569115434,7.210901198674648e-06,64.0,0,0,40.281716108322144,35.857526779174805,4.422930479049683,25.30661940574646,10.125042915344238,9.160050630569458,0.2839498519897461,0.6282408459881418,0.26856066630436826,0.267331600189209,0.27754888534545896,0.29389193534851066,69.60881645216026,8437074,8437074,205.20347428321838,12409.178734200479,60,384,64,coral,coral_bce,0.0,session_balanced,adamw,0.0003,0.05,cosine,5,60,5.0,True,full,raw,full_frame,dataset_v1_1,fp16,2,mobilenetv4,0,1,base,a,29a25babc578,1.0,1.0,1.0,1.0,1.0,1.0,1.0,1.0,1.0,1.0,67,1.0,1.0,1.0,57,1.0,1.0,1.0,62,1.0,0.0,1.0,1.0,5.363381923846602e-06,3.5454856483501115e-09,0.9999946375047007,0.9999946375047007,NA,-5.36249529925481e-06,5.36249529925481e-06,5.36249529925481e-06,5.36249529925481e-06,23.473684210526315,99.0,0.0,6447.890431999997,6447.890432,76.23684210526316,79.0,47.54973684210527,74.848,1264.7368421052631,5000.0,4.0,1922.6356750187915,10511.281083772425,0.0,0.0,0.0,473.1043839999998,473.104384,38.55263157894737,39.0,9.443999999999999,9.765,300.0,405.0,1.0,383.3152364478094,1970.578749607562,58.53684210526316,70.2,4.352687050105263,4.4934144,18.6,4.285132800000002,4.2851328,29.102157824,0.0,2305.9509114666007,0.6405419198518335,0.45670638885435727,713.0,676,Tesla T4,16106.12736,70.0,GPU-963b21b5-f207-d656-ea08-0b456c098fd0,Tesla T4,16106.12736,70.0,GPU-597f445a-b1c6-ff93-9d9b-85a347924989,580.159.04,1.0,57,1.0,2,1.0,60,1.0,67
a-mobilenetv4-base-f0-s1,a,mobilenetv4,base,0,1,4,156,9984,1787864039.9178944,1787864079.716723,2026-08-27T20:53:59Z,2026-08-27T20:54:39Z,acct4,3,4e3d33,Interactive,29a25babc578,v2,0.028449892186232617,0.9915865384615384,1.2343409090541758e-10,0.00023999999999999998,23.756063174726176,149.3540496826172,0.6197231411933899,87.59205932617188,128.12034652709946,0.4358974358974359,371.7562653865107,1.5336540881178008e-05,64.0,0,0,39.77758026123047,35.474069356918335,4.30224609375,24.503078937530518,10.565248012542725,9.619192123413086,0.2669498920440674,0.6160022499260126,0.2793568464425894,0.2791154384613037,0.2908830165863037,0.3075906181335449,70.36125387495802,8437074,8437074,244.98105454444885,14775.24528460574,60,384,64,coral,coral_bce,0.0,session_balanced,adamw,0.0003,0.05,cosine,5,60,5.0,True,full,raw,full_frame,dataset_v1_1,fp16,2,mobilenetv4,0,1,base,a,29a25babc578,1.0,1.0,1.0,1.0,1.0,1.0,1.0,1.0,1.0,1.0,67,1.0,1.0,1.0,57,1.0,1.0,1.0,62,1.0,0.0,1.0,1.0,-0.0,1.999999975690116e-16,1.0,1.0,NA,0.0,0.0,0.0,0.0,25.973684210526315,99.0,0.0,6447.890431999997,6447.890432,78.13157894736842,80.0,52.531499999999994,97.414,1197.6315789473683,5000.0,4.0,1986.0587049438927,12512.271779850485,0.0,0.0,0.0,473.1043839999998,473.104384,39.0,39.0,9.506105263157895,9.96,300.0,405.0,1.0,380.007845461369,2353.780587421655,58.20789473684211,71.0,4.3448353414736856,4.659048448,18.8,4.285403567157897,4.295421952,29.215412224,0.0,2366.0665504052618,0.6572407084459061,0.46861262512193097,713.0,670,Tesla T4,16106.12736,70.0,GPU-963b21b5-f207-d656-ea08-0b456c098fd0,Tesla T4,16106.12736,70.0,GPU-597f445a-b1c6-ff93-9d9b-85a347924989,580.159.04,1.0,57,1.0,2,1.0,60,1.0,67
a-mobilenetv4-base-f0-s1,a,mobilenetv4,base,0,1,5,195,12480,1787864079.9817524,1787864119.481405,2026-08-27T20:54:39Z,2026-08-27T20:55:19Z,acct4,3,4e3d33,Interactive,29a25babc578,v2,0.026473063476762145,0.9943910256410257,4.1274614476048643e-07,0.0003,6.5498972261598984,42.2715950012207,6.624915840802714e-05,31.658011627197265,38.41850830078123,0.2564102564102564,371.780139788788,5.28529891070644e-06,64.0,0,0,39.477665424346924,35.127439737319946,4.348917245864868,24.635030031204224,10.081180572509766,9.08069634437561,0.26911354064941406,0.6240244899591035,0.26703212200066984,0.26154112815856934,0.2828220367431641,0.29978693008422846,71.05556279264526,8437074,8437074,284.4587199687958,17099.464491088147,60,384,64,coral,coral_bce,0.0,session_balanced,adamw,0.0003,0.05,cosine,5,60,5.0,True,full,raw,full_frame,dataset_v1_1,fp16,2,mobilenetv4,0,1,base,a,29a25babc578,1.0,1.0,1.0,1.0,1.0,1.0,1.0,1.0,1.0,1.0,67,1.0,1.0,1.0,57,1.0,1.0,1.0,62,1.0,0.0,1.0,1.0,8.331955203895879e-07,4.925487680791018e-11,0.9999991668167935,0.9999991668167935,NA,-8.331832065389122e-07,8.331832065389122e-07,8.331832065389122e-07,8.331832065389122e-07,20.324324324324323,97.0,0.0,6447.890431999998,6447.890432,75.97297297297297,78.0,49.77202702702702,94.725,1318.7837837837837,5000.0,4.0,1944.8459848012844,14473.618865923163,0.0,0.0,0.0,473.10438399999987,473.104384,38.83783783783784,39.0,9.507189189189187,9.964,300.0,405.0,1.0,379.37322168112314,2736.480994115834,59.42162162162163,71.2,4.316061474594594,4.49671168,18.7,4.285132800000002,4.2851328,29.102157824,0.0,2324.2192064824076,0.6456164462451132,0.46032452617276576,713.0,666,Tesla T4,16106.12736,70.0,GPU-963b21b5-f207-d656-ea08-0b456c098fd0,Tesla T4,16106.12736,70.0,GPU-597f445a-b1c6-ff93-9d9b-85a347924989,580.159.04,1.0,57,1.0,2,1.0,60,1.0,67
a-mobilenetv4-base-f0-s1,a,mobilenetv4,base,0,1,6,234,14976,1787864119.7518528,1787864158.9081724,2026-08-27T20:55:19Z,2026-08-27T20:55:58Z,acct4,3,4e3d33,Interactive,29a25babc578,v2,0.038076593779749916,0.9919871794871795,1.1283634340154641e-15,0.0002997553655889203,7.8130723155400785,79.04756164550781,0.05820445716381073,34.63061103820801,63.25043266296376,0.28205128205128205,371.79499737775325,6.2991981194890745e-06,64.0,0,0,39.134573221206665,34.65510106086731,4.477636098861694,23.914686918258667,10.318389654159546,9.326062440872192,0.2797579765319824,0.6110884813559054,0.2734804275708321,0.2737555503845215,0.2859962463378906,0.2974762153625488,72.02402889017958,8437074,8437074,323.59329319000244,19361.679133029476,60,384,64,coral,coral_bce,0.0,session_balanced,adamw,0.0003,0.05,cosine,5,60,5.0,True,full,raw,full_frame,dataset_v1_1,fp16,2,mobilenetv4,0,1,base,a,29a25babc578,1.0,1.0,1.0,1.0,1.0,1.0,1.0,1.0,1.0,1.0,67,1.0,1.0,1.0,57,1.0,1.0,1.0,62,1.0,0.0,1.0,1.0,-0.0,1.999999975690116e-16,1.0,1.0,NA,0.0,0.0,0.0,0.0,26.135135135135137,99.0,0.0,6447.890431999998,6447.890432,77.8108108108108,79.0,46.12967567567568,67.437,1266.8918918918919,5000.0,4.0,1887.0334350273806,16375.473066770808,0.0,0.0,0.0,473.10438399999987,473.104384,39.0,39.0,9.531567567567567,10.059,300.0,405.0,1.0,375.18120691395006,3114.8262246685094,58.7027027027027,71.4,4.366716817297298,4.51137536,18.6,4.287330912864868,4.366462976,29.215412224,0.0,2262.2146419413307,0.628392956094814,0.44804417769560245,713.0,660,Tesla T4,16106.12736,70.0,GPU-963b21b5-f207-d656-ea08-0b456c098fd0,Tesla T4,16106.12736,70.0,GPU-597f445a-b1c6-ff93-9d9b-85a347924989,580.159.04,1.0,57,1.0,2,1.0,60,1.0,67
a-mobilenetv4-base-f0-s1,a,mobilenetv4,base,0,1,7,273,17472,1787864159.1971326,1787864199.4431345,2026-08-27T20:55:59Z,2026-08-27T20:56:39Z,acct4,3,4e3d33,Interactive,29a25babc578,v2,0.007585075660636975,0.9975961538461539,1.2814592301820262e-15,0.00029902226030228247,1.7518071660456802,19.97342872619629,4.6600318455602974e-05,8.22625479698182,17.460036125183088,0.1282051282051282,371.81209492396675,1.4088550253101233e-06,64.0,0,0,40.22332525253296,35.723434925079346,4.4985573291778564,24.826985359191895,10.47985577583313,9.45999789237976,0.26519083976745605,0.6172285658463426,0.2773572848393367,0.262296199798584,0.2762310028076172,0.5649946403503406,69.87010082414285,8437074,8437074,363.8166184425354,21709.841401577964,60,384,64,coral,coral_bce,0.0,session_balanced,adamw,0.0003,0.05,cosine,5,60,5.0,True,full,raw,full_frame,dataset_v1_1,fp16,2,mobilenetv4,0,1,base,a,29a25babc578,1.0,1.0,1.0,1.0,1.0,1.0,1.0,1.0,1.0,1.0,67,1.0,1.0,1.0,57,1.0,1.0,1.0,62,1.0,0.0,1.0,1.0,1.2818203559515599e-09,3.1929792943749535e-16,0.9999999987181797,0.9999999987181797,NA,-1.2818203165565478e-09,1.2818203165565478e-09,1.2818203165565478e-09,1.2818203165565478e-09,26.289473684210527,99.0,0.0,6447.890431999997,6447.890432,76.65789473684211,78.0,49.35905263157894,82.229,1314.8684210526317,5000.0,4.0,1961.2573271610745,18348.31222206165,0.0,0.0,0.0,473.1043839999998,473.104384,39.0,39.0,9.50571052631579,10.357,300.0,405.0,1.0,386.9049413874136,3505.028279485946,59.38947368421052,71.7,4.4693184943157895,4.720439296,19.2,4.287776660210529,4.385599488,29.215412224,0.0,2348.162268548488,0.6522672968190245,0.46506658263196443,713.0,668,Tesla T4,16106.12736,70.0,GPU-963b21b5-f207-d656-ea08-0b456c098fd0,Tesla T4,16106.12736,70.0,GPU-597f445a-b1c6-ff93-9d9b-85a347924989,580.159.04,1.0,57,1.0,2,1.0,60,1.0,67
a-mobilenetv4-base-f0-s1,a,mobilenetv4,base,0,1,8,312,19968,1787864199.720419,1787864240.3205867,2026-08-27T20:56:39Z,2026-08-27T20:57:20Z,acct4,3,4e3d33,Interactive,29a25babc578,v2,0.0024241228027675438,0.9983974358974359,5.761970768917069e-17,0.0002978030753771539,2.00686907012413,30.869890213012695,0.0,16.699437141418457,25.54698017120358,0.10256410256410256,371.81171470064146,1.6074043859630548e-06,64.0,0,0,40.57774376869202,35.92012810707092,4.656052112579346,25.513819694519043,9.988272428512573,8.982588768005371,0.279036283493042,0.628763881992975,0.26490050095778245,0.2628514766693115,0.27684812545776366,0.28698997020721434,69.48750273272715,8437074,8437074,404.3943622112274,24101.94663034657,60,384,64,coral,coral_bce,0.0,session_balanced,adamw,0.0003,0.05,cosine,5,60,5.0,True,full,raw,full_frame,dataset_v1_1,fp16,2,mobilenetv4,0,1,base,a,29a25babc578,1.0,1.0,1.0,1.0,1.0,1.0,1.0,1.0,1.0,1.0,67,1.0,1.0,1.0,57,1.0,1.0,1.0,62,1.0,0.0,1.0,1.0,-0.0,1.999999975690116e-16,1.0,1.0,NA,0.0,0.0,0.0,0.0,23.7027027027027,99.0,0.0,6447.890431999998,6447.890432,77.21621621621621,79.0,50.198729729729735,78.566,1305.8108108108108,5000.0,4.0,2005.8476555760099,20375.031345021285,0.0,0.0,0.0,473.10438399999987,473.104384,39.0,39.0,9.447513513513513,9.86,300.0,405.0,1.0,386.25757319259674,3896.463577623611,60.41891891891892,70.5,4.482791479351351,4.675248128,18.9,4.285132800000002,4.2851328,29.215404032,0.0,2392.1052287686066,0.6644736746579463,0.4737697300311157,713.0,678,Tesla T4,16106.12736,70.0,GPU-963b21b5-f207-d656-ea08-0b456c098fd0,Tesla T4,16106.12736,70.0,GPU-597f445a-b1c6-ff93-9d9b-85a347924989,580.159.04,1.0,57,1.0,2,1.0,60,1.0,67
a-mobilenetv4-base-f0-s1,a,mobilenetv4,base,0,1,9,351,22464,1787864240.5931728,1787864280.1020887,2026-08-27T20:57:20Z,2026-08-27T20:58:00Z,acct4,3,4e3d33,Interactive,29a25babc578,v2,0.005123222267828611,0.999198717948718,2.0057037135649808e-16,0.00029610178754135,1.1861276078022467,28.766508102416992,1.370262361888308e-05,3.7771388292312746,22.27207538604732,0.05128205128205128,371.81010648817283,9.446072034988178e-07,64.0,0,0,39.48923325538635,34.97332501411438,4.514507293701172,24.605632543563843,9.952197313308716,8.938462257385254,0.27202367782592773,0.6230972474049651,0.2639339275849171,0.2608304023742676,0.2738353729248047,0.3024864053726195,71.36867881428704,8437074,8437074,443.88359546661377,26414.57562387637,60,384,64,coral,coral_bce,0.0,session_balanced,adamw,0.0003,0.05,cosine,5,60,5.0,True,full,raw,full_frame,dataset_v1_1,fp16,2,mobilenetv4,0,1,base,a,29a25babc578,1.0,1.0,1.0,1.0,1.0,1.0,1.0,1.0,1.0,1.0,67,1.0,1.0,1.0,57,1.0,1.0,1.0,62,1.0,0.0,1.0,1.0,-0.0,1.999999975690116e-16,1.0,1.0,NA,0.0,0.0,0.0,0.0,27.054054054054053,99.0,0.0,6447.890431999998,6447.890432,76.75675675675676,78.0,50.76102702702703,88.912,1253.5135135135135,5000.0,4.0,1936.340857598072,22325.139419238134,0.0,0.0,0.0,473.10438399999987,473.104384,39.0,39.0,9.426405405405404,9.864,300.0,405.0,1.0,376.2881359317289,4276.557089554791,58.810810810810814,70.2,4.503145610378378,4.848910336,19.4,4.287952619243246,4.389466112,29.215412224,0.0,2312.628993529801,0.642396942647167,0.4580290201074301,713.0,664,Tesla T4,16106.12736,70.0,GPU-963b21b5-f207-d656-ea08-0b456c098fd0,Tesla T4,16106.12736,70.0,GPU-597f445a-b1c6-ff93-9d9b-85a347924989,580.159.04,1.0,57,1.0,2,1.0,60,1.0,67
a-mobilenetv4-base-f0-s1,a,mobilenetv4,base,0,1,10,390,24960,1787864280.3764782,1787864320.0772278,2026-08-27T20:58:00Z,2026-08-27T20:58:40Z,acct4,3,4e3d33,Interactive,29a25babc578,v2,0.001445667716790288,0.9995993589743589,1.4491135730320483e-18,0.0002939239460421746,0.3513757539660746,11.307963371276855,0.0,0.24297694717534224,7.916534147262551,0.02564102564102564,371.80281579092986,2.777755943820703e-07,64.0,0,0,39.6785945892334,35.3218834400177,4.355010747909546,24.987935543060303,9.915431022644043,8.973409175872803,0.27658796310424805,0.6297585839857509,0.26309625307718915,0.26152658462524414,0.26717281341552734,0.29729583740234367,70.6644084888229,8437074,8437074,483.56219005584717,28742.781964599388,60,384,64,coral,coral_bce,0.0,session_balanced,adamw,0.0003,0.05,cosine,5,60,5.0,True,full,raw,full_frame,dataset_v1_1,fp16,2,mobilenetv4,0,1,base,a,29a25babc578,1.0,1.0,1.0,1.0,1.0,1.0,1.0,1.0,1.0,1.0,67,1.0,1.0,1.0,57,1.0,1.0,1.0,62,1.0,0.0,1.0,1.0,-0.0,1.999999975690116e-16,1.0,1.0,NA,0.0,0.0,0.0,0.0,28.72972972972973,99.0,0.0,6447.890431999998,6447.890432,77.35135135135135,79.0,50.94156756756756,85.301,1286.7567567567567,5000.0,4.0,1947.783036162593,24289.3126251116,0.0,0.0,0.0,473.10438399999987,473.104384,39.0,39.0,9.511810810810813,9.86,300.0,405.0,1.0,380.4233045604233,4661.530693755392,59.77027027027026,70.0,4.483181042162163,4.684935168,19.2,4.285132800000002,4.2851328,29.102157824,0.0,2328.206340723016,0.6467239835341712,0.46111420025986405,713.0,666,Tesla T4,16106.12736,70.0,GPU-963b21b5-f207-d656-ea08-0b456c098fd0,Tesla T4,16106.12736,70.0,GPU-597f445a-b1c6-ff93-9d9b-85a347924989,580.159.04,1.0,57,1.0,2,1.0,60,1.0,67
a-mobilenetv4-base-f0-s1,a,mobilenetv4,base,0,1,11,429,27456,1787864320.478155,1787864359.2840598,2026-08-27T20:58:40Z,2026-08-27T20:59:19Z,acct4,3,4e3d33,Interactive,29a25babc578,v2,0.0071566104032435044,0.9987980769230769,0.0001822863878640448,0.0002912766545459287,1.3541695830529907,21.990131378173828,0.0,7.924273395538345,20.145254745483385,0.10256410256410256,371.7984412439505,1.060891983623797e-06,64.0,0,0,38.78498077392578,34.41907525062561,4.3642871379852295,24.094103574752808,9.865470170974731,8.906766891479492,0.31670236587524414,0.6212225220684059,0.2628780022645608,0.2590312957763672,0.27579832077026367,0.29499912261962885,72.51792739418913,8437074,8437074,522.347170829773,31038.441437838588,60,384,64,coral,coral_bce,0.0,session_balanced,adamw,0.0003,0.05,cosine,5,60,5.0,True,full,raw,full_frame,dataset_v1_1,fp16,2,mobilenetv4,0,1,base,a,29a25babc578,1.0,1.0,1.0,1.0,1.0,1.0,1.0,1.0,1.0,1.0,67,1.0,1.0,1.0,57,1.0,1.0,1.0,62,1.0,0.0,1.0,1.0,0.00036457538326498595,6.427184961651313e-06,0.9996370455270173,0.9996370455270173,NA,-0.000362954472982735,0.000362954472982735,0.000362954472982735,0.000362954472982735,28.38888888888889,99.0,0.0,6447.890431999998,6447.890432,76.72222222222223,78.0,50.352666666666664,94.957,1364.1666666666667,5000.0,4.0,1921.6297081072516,26238.2567007635,0.0,0.0,0.0,473.1043839999999,473.104384,39.0,39.0,9.59875,10.258,300.0,405.0,1.0,374.0297651319497,5041.851927739385,60.37777777777779,70.7,4.459252849777777,4.678250496,19.0,4.288513365333334,4.351389696,29.215412224,0.0,2295.6594732392014,0.6376831870108892,0.4546681123387641,713.0,650,Tesla T4,16106.12736,70.0,GPU-963b21b5-f207-d656-ea08-0b456c098fd0,Tesla T4,16106.12736,70.0,GPU-597f445a-b1c6-ff93-9d9b-85a347924989,580.159.04,1.0,57,1.0,2,1.0,60,1.0,67
a-mobilenetv4-base-f0-s1,a,mobilenetv4,base,0,1,12,468,29952,1787864359.555621,1787864399.8177047,2026-08-27T20:59:19Z,2026-08-27T20:59:59Z,acct4,3,4e3d33,Interactive,29a25babc578,v2,0.007595959423782024,0.9975961538461539,1.4023142858039255e-08,0.00028816854796722747,2.277569285909498,32.4306640625,6.164960359456018e-05,15.010462284088153,30.020845756530747,0.10256410256410256,371.79620423628546,1.7652784685186983e-06,64.0,0,0,40.24071669578552,35.93649744987488,4.30273962020874,25.474847316741943,10.029406070709229,8.932425260543823,0.28757166862487793,0.6330614712786655,0.26645503899989986,0.2631387710571289,0.27689542770385744,0.3047963619232177,69.45585065660568,8437074,8437074,562.5878875255585,33385.11077243548,60,384,64,coral,coral_bce,0.0,session_balanced,adamw,0.0003,0.05,cosine,5,60,5.0,True,full,raw,full_frame,dataset_v1_1,fp16,2,mobilenetv4,0,1,base,a,29a25babc578,1.0,1.0,1.0,1.0,1.0,1.0,1.0,1.0,1.0,1.0,67,1.0,1.0,1.0,57,1.0,1.0,1.0,62,1.0,0.0,1.0,1.0,2.4354594135919352e-08,3.2591690462940493e-14,0.999999975645414,0.999999975645414,NA,-2.435458601457441e-08,2.435458601457441e-08,2.435458601457441e-08,2.435458601457441e-08,27.05263157894737,99.0,0.0,6447.890431999997,6447.890432,77.26315789473684,79.0,49.633184210526316,70.869,1311.3157894736842,5000.0,4.0,1954.031834553749,28208.45227186925,0.0,0.0,0.0,473.1043839999998,473.104384,39.0,39.0,9.674973684210531,10.258,300.0,405.0,1.0,392.63750004314716,5438.989178381678,61.38421052631579,86.8,4.5001352892631585,4.87041024,19.5,4.315432636631579,4.601786368,29.486252032,0.0,2346.669334596896,0.6518525929435822,0.46477089876877414,713.0,672,Tesla T4,16106.12736,70.0,GPU-963b21b5-f207-d656-ea08-0b456c098fd0,Tesla T4,16106.12736,70.0,GPU-597f445a-b1c6-ff93-9d9b-85a347924989,580.159.04,1.0,57,1.0,2,1.0,60,1.0,67
a-mobilenetv4-base-f0-s1,a,mobilenetv4,base,0,1,13,507,32448,1787864400.0942729,1787864438.794779,2026-08-27T21:00:00Z,2026-08-27T21:00:38Z,acct4,3,4e3d33,Interactive,29a25babc578,v2,0.0027966763278897133,0.9983974358974359,1.2952500483133234e-12,0.0002846097643037037,1.2057520083166582,17.956127166748047,2.2264234189606213e-07,9.565754222869874,14.822166519165018,0.10256410256410256,371.7900897366391,9.230175961355189e-07,64.0,0,0,38.677151679992676,34.31113934516907,4.363641023635864,23.94761872291565,9.942616939544678,8.909740924835205,0.27625203132629395,0.6191670710670125,0.26374471493256396,0.26175761222839355,0.2761544704437256,0.2940204811096191,72.74605412808687,8437074,8437074,601.2650392055511,35679.40802284486,60,384,64,coral,coral_bce,0.0,session_balanced,adamw,0.0003,0.05,cosine,5,60,5.0,True,full,raw,full_frame,dataset_v1_1,fp16,2,mobilenetv4,0,1,base,a,29a25babc578,1.0,1.0,1.0,1.0,1.0,1.0,1.0,1.0,1.0,1.0,67,1.0,1.0,1.0,57,1.0,1.0,1.0,62,1.0,0.0,1.0,1.0,9.613653242655125e-10,5.236904972676988e-16,0.9999999990386348,0.9999999990386348,NA,-9.613652096618353e-10,9.613652096618353e-10,9.613652096618353e-10,9.613652096618353e-10,26.0,99.0,0.0,6447.890431999998,6447.890432,76.89189189189189,78.0,48.79562162162162,88.131,1346.7567567567567,5000.0,4.0,1918.7497695210077,30140.039197625,0.0,0.0,0.0,473.10438399999987,473.104384,39.0,39.0,9.651351351351352,10.158,300.0,405.0,1.0,375.5474808883673,5817.8897371733165,59.61891891891892,71.5,4.540116217081082,4.660383744,19.3,4.28518527308108,4.285206528,29.126180864,0.0,2294.297250409375,0.6373047917803819,0.4543983165394123,713.0,650,Tesla T4,16106.12736,70.0,GPU-963b21b5-f207-d656-ea08-0b456c098fd0,Tesla T4,16106.12736,70.0,GPU-597f445a-b1c6-ff93-9d9b-85a347924989,580.159.04,1.0,57,1.0,2,1.0,60,1.0,67
a-mobilenetv4-base-f0-s1,a,mobilenetv4,base,0,1,14,546,34944,1787864439.0694482,1787864478.8140204,2026-08-27T21:00:39Z,2026-08-27T21:01:18Z,acct4,3,4e3d33,Interactive,29a25babc578,v2,8.839654245347005e-05,1.0,9.307906208035361e-11,0.00028061191156796656,0.04093442258922135,1.4894098043441772,0.0,0.010947851251694524,0.9639882564544643,0.0,371.7844620211002,3.089609100188927e-08,64.0,0,0,39.723148584365845,35.40262007713318,4.319143295288086,25.14457654953003,9.856192350387573,8.900074481964111,0.2621908187866211,0.632995556636877,0.26104415991367436,0.2603795528411865,0.26406135559082033,0.28585900783538815,70.50325638503195,8437074,8437074,640.988187789917,38040.9714117599,60,384,64,coral,coral_bce,0.0,session_balanced,adamw,0.0003,0.05,cosine,5,60,5.0,True,full,raw,full_frame,dataset_v1_1,fp16,2,mobilenetv4,0,1,base,a,29a25babc578,1.0,1.0,1.0,1.0,1.0,1.0,1.0,1.0,1.0,1.0,67,1.0,1.0,1.0,57,1.0,1.0,1.0,62,1.0,0.0,1.0,1.0,3.845461258860825e-09,1.4742802286624869e-15,0.999999996154539,0.999999996154539,NA,-3.8454609496696435e-09,3.8454609496696435e-09,3.8454609496696435e-09,3.8454609496696435e-09,27.864864864864863,99.0,0.0,6447.890431999998,6447.890432,77.0,79.0,48.19954054054054,86.624,1343.5135135135135,5000.0,4.0,1978.7489113325828,32136.79531300073,0.0,0.0,0.0,473.10438399999987,473.104384,39.0,39.0,9.557486486486487,10.059,300.0,405.0,1.0,382.8144775824612,6205.068151620154,58.96486486486487,71.7,4.586752940972972,4.839309312,19.4,4.286230527999998,4.323979264,29.231427584,0.0,2361.563388915044,0.6559898302541789,0.46772074897122956,713.0,670,Tesla T4,16106.12736,70.0,GPU-963b21b5-f207-d656-ea08-0b456c098fd0,Tesla T4,16106.12736,70.0,GPU-597f445a-b1c6-ff93-9d9b-85a347924989,580.159.04,1.0,57,1.0,2,1.0,60,1.0,67
a-mobilenetv4-base-f0-s1,a,mobilenetv4,base,0,1,15,585,37440,1787864479.1005528,1787864518.9874275,2026-08-27T21:01:19Z,2026-08-27T21:01:58Z,acct4,3,4e3d33,Interactive,29a25babc578,v2,1.882293484757321e-08,1.0,4.156018448666844e-12,0.0002761880299246772,4.3125151546081935e-05,0.0016755715478211641,0.0,1.1421459419125356e-06,0.0010403243762630112,0.0,371.77603616739157,3.203716616192219e-11,64.0,0,0,39.85949778556824,35.50584030151367,4.352283239364624,25.266091346740723,9.822216987609863,8.827197074890137,0.27317237854003906,0.6338788181091612,0.26079640633020645,0.2598598003387451,0.26572246551513673,0.2802012538909912,70.29829399344173,8437074,8437074,680.8476855754852,40390.3213787132,60,384,64,coral,coral_bce,0.0,session_balanced,adamw,0.0003,0.05,cosine,5,60,5.0,True,full,raw,full_frame,dataset_v1_1,fp16,2,mobilenetv4,0,1,base,a,29a25babc578,1.0,1.0,1.0,1.0,1.0,1.0,1.0,1.0,1.0,1.0,67,1.0,1.0,1.0,57,1.0,1.0,1.0,62,1.0,0.0,1.0,1.0,-0.0,1.999999975690116e-16,1.0,1.0,NA,0.0,0.0,0.0,0.0,29.864864864864863,99.0,0.0,6447.890431999998,6447.890432,77.0,79.0,48.25897297297298,68.025,1377.5675675675675,5000.0,4.0,1966.1280098605348,34122.811357388564,0.0,0.0,0.0,473.10438399999987,473.104384,39.0,39.0,9.573945945945944,10.158,300.0,405.0,1.0,383.2219570927664,6592.3566655681225,59.30270270270271,70.4,4.56767200172973,4.791435264,19.2,4.286683966270269,4.311330816,29.231427584,0.0,2349.349966953301,0.6525972130425837,0.4653018128993622,713.0,672,Tesla T4,16106.12736,70.0,GPU-963b21b5-f207-d656-ea08-0b456c098fd0,Tesla T4,16106.12736,70.0,GPU-597f445a-b1c6-ff93-9d9b-85a347924989,580.159.04,1.0,57,1.0,2,1.0,60,1.0,67
a-mobilenetv4-base-f0-s1,a,mobilenetv4,base,0,1,16,624,39936,1787864519.2620876,1787864558.0416732,2026-08-27T21:01:59Z,2026-08-27T21:02:38Z,acct4,3,4e3d33,Interactive,29a25babc578,v2,7.679897949708954e-10,1.0,1.165518406100709e-11,0.0002713525491562421,9.613656806241357e-08,1.4325779602586408e-06,0.0,4.913780031756695e-07,1.2521688631750282e-06,0.0,371.7676188006202,7.01699166135794e-14,64.0,0,0,38.75552439689636,34.403207540512085,4.350897789001465,24.064533233642578,9.921165466308594,8.940066576004028,0.28347325325012207,0.6209316893043957,0.26321592697730434,0.2610049247741699,0.2671119213104248,0.2997673416137695,72.55137466646947,8437074,8437074,719.6032099723816,42687.44335896283,60,384,64,coral,coral_bce,0.0,session_balanced,adamw,0.0003,0.05,cosine,5,60,5.0,True,full,raw,full_frame,dataset_v1_1,fp16,2,mobilenetv4,0,1,base,a,29a25babc578,1.0,1.0,1.0,1.0,1.0,1.0,1.0,1.0,1.0,1.0,67,1.0,1.0,1.0,57,1.0,1.0,1.0,62,1.0,0.0,1.0,1.0,-0.0,1.999999975690116e-16,1.0,1.0,NA,0.0,0.0,0.0,0.0,28.2972972972973,99.0,0.0,6447.890431999998,6447.890432,77.10810810810811,79.0,47.83245945945946,73.961,1300.945945945946,5000.0,4.0,1926.8921307964338,36069.66864938624,0.0,0.0,0.0,473.10438399999987,473.104384,39.0,39.0,9.560027027027028,10.556,300.0,405.0,1.0,370.2298494532024,6967.1755228889,58.15945945945946,70.7,4.60520364972973,4.935176192,19.7,4.287020502486485,4.350717952,29.231427584,0.0,2297.121980249636,0.6380894389582322,0.4549577699772196,713.0,650,Tesla T4,16106.12736,70.0,GPU-963b21b5-f207-d656-ea08-0b456c098fd0,Tesla T4,16106.12736,70.0,GPU-597f445a-b1c6-ff93-9d9b-85a347924989,580.159.04,1.0,57,1.0,2,1.0,60,1.0,67
a-mobilenetv4-base-f0-s1,a,mobilenetv4,base,0,1,17,663,42432,1787864558.3034368,1787864596.5660648,2026-08-27T21:02:38Z,2026-08-27T21:03:16Z,acct4,3,4e3d33,Interactive,29a25babc578,v2,2.2348091407124464e-10,1.0,2.6925302265556983e-12,0.00026612124159586237,2.776192786768661e-08,8.919957394937228e-07,0.0,1.9071944734605767e-08,6.255107484776072e-07,0.0,371.75936049729074,1.9873174688488772e-14,64.0,0,0,38.24004888534546,33.90614199638367,4.332522869110107,23.617188215255737,9.851995468139648,8.92630672454834,0.29846882820129395,0.6176035047985107,0.26187853324107635,0.26084017753601074,0.26419892311096194,0.29508159637451165,73.61498103400311,8437074,8437074,757.843258857727,44957.23982425621,60,384,64,coral,coral_bce,0.0,session_balanced,adamw,0.0003,0.05,cosine,5,60,5.0,True,full,raw,full_frame,dataset_v1_1,fp16,2,mobilenetv4,0,1,base,a,29a25babc578,1.0,1.0,1.0,1.0,1.0,1.0,1.0,1.0,1.0,1.0,67,1.0,1.0,1.0,57,1.0,1.0,1.0,62,1.0,0.0,1.0,1.0,-0.0,1.999999975690116e-16,1.0,1.0,NA,0.0,0.0,0.0,0.0,21.305555555555557,99.0,0.5,6447.890431999998,6447.890432,76.97222222222223,79.0,50.21188888888889,92.855,1300.8333333333333,5000.0,4.0,1903.9067078707012,37993.363397398534,0.0,0.0,0.0,473.1043839999999,473.104384,39.0,39.0,9.471888888888891,9.761,300.0,405.0,1.0,365.88975742267667,7337.997301059714,59.81666666666667,69.7,4.663461774222221,4.911222784,19.6,4.287197183999999,4.332695552,29.231427584,0.0,2269.796465293378,0.6304990181370494,0.4495457999317163,713.0,644,Tesla T4,16106.12736,70.0,GPU-963b21b5-f207-d656-ea08-0b456c098fd0,Tesla T4,16106.12736,70.0,GPU-597f445a-b1c6-ff93-9d9b-85a347924989,580.159.04,1.0,57,1.0,2,1.0,60,1.0,67
a-mobilenetv4-base-f0-s1,a,mobilenetv4,base,0,1,18,702,44928,1787864596.8326907,1787864635.1496122,2026-08-27T21:03:16Z,2026-08-27T21:03:55Z,acct4,3,4e3d33,Interactive,29a25babc578,v2,2.4305268560951468e-08,1.0,2.316104185680229e-11,0.0002605111706814607,2.1356870567282946e-05,0.0008323612855747342,0.0,2.1250405950468143e-07,0.0005162010325778944,0.0,371.75126565622213,1.4966198820477884e-11,64.0,0,0,38.29526495933533,34.03570246696472,4.258310794830322,23.794068336486816,9.816375732421875,8.838114738464355,0.28160858154296875,0.6213318633975525,0.26079561160160947,0.2604672908782959,0.2645437240600586,0.2826102685928344,73.33475788909114,8437074,8437074,796.1385238170624,47242.976754916876,60,384,64,coral,coral_bce,0.0,session_balanced,adamw,0.0003,0.05,cosine,5,60,5.0,True,full,raw,full_frame,dataset_v1_1,fp16,2,mobilenetv4,0,1,base,a,29a25babc578,1.0,1.0,1.0,1.0,1.0,1.0,1.0,1.0,1.0,1.0,67,1.0,1.0,1.0,57,1.0,1.0,1.0,62,1.0,0.0,1.0,1.0,-0.0,1.999999975690116e-16,1.0,1.0,NA,0.0,0.0,0.0,0.0,24.5,99.0,0.0,6447.890431999998,6447.890432,76.97222222222223,79.0,49.36486111111111,86.667,1345.8333333333333,5000.0,4.0,1918.7472736059935,39924.34575316405,0.0,0.0,0.0,473.1043839999999,473.104384,39.0,39.0,9.488333333333335,9.96,300.0,405.0,1.0,366.98965705466617,7708.115137418026,59.80277777777779,72.9,4.7150815004444455,4.916875264,19.6,4.286348856888888,4.327190528,29.231427584,0.0,2285.7369306606597,0.6349269251835166,0.4527028976558473,713.0,648,Tesla T4,16106.12736,70.0,GPU-963b21b5-f207-d656-ea08-0b456c098fd0,Tesla T4,16106.12736,70.0,GPU-597f445a-b1c6-ff93-9d9b-85a347924989,580.159.04,1.0,57,1.0,2,1.0,60,1.0,67
a-mobilenetv4-base-f0-s1,a,mobilenetv4,base,0,1,19,741,47424,1787864642.1432116,1787864680.7938604,2026-08-27T21:04:02Z,2026-08-27T21:04:40Z,acct4,3,4e3d33,Interactive,29a25babc578,v2,1.1730720027431356e-07,1.0,2.2557029198513545e-11,0.00025454063529829405,0.000127278335210617,0.004955006763339043,0.0,1.3149023288861016e-06,0.0030749750603172163,0.0,371.74329536707125,8.71502155061851e-11,64.0,0,0,38.629236936569214,34.41439437866211,4.213601589202881,24.12954068183899,9.850746154785156,8.952919244766235,0.29761433601379395,0.6246445075128116,0.2618937981434358,0.26002979278564453,0.26600341796875,0.3027746295928955,72.52779091610545,8437074,8437074,834.7677607536316,49547.316434277265,60,384,64,coral,coral_bce,0.0,session_balanced,adamw,0.0003,0.05,cosine,5,60,5.0,True,full,raw,full_frame,dataset_v1_1,fp16,2,mobilenetv4,0,1,base,a,29a25babc578,1.0,1.0,1.0,1.0,1.0,1.0,1.0,1.0,1.0,1.0,67,1.0,1.0,1.0,57,1.0,1.0,1.0,62,1.0,0.0,1.0,1.0,-0.0,1.999999975690116e-16,1.0,1.0,NA,0.0,0.0,0.0,0.0,33.583333333333336,99.0,7.5,6447.890431999998,6447.890432,77.41666666666667,80.0,51.07891666666667,89.79,1346.25,5000.0,4.0,1933.7631643953355,42100.39214964578,0.0,0.0,0.0,473.1043839999999,473.104384,39.05555555555556,40.0,9.488888888888889,9.96,300.0,405.0,1.0,370.57651496505514,8147.250794185869,60.13333333333334,72.0,4.6799872,4.832477184,19.5,4.309335153777776,4.319338496,29.231427584,0.0,2304.3396793603906,0.6400943553778863,0.45638727538443297,713.0,650,Tesla T4,16106.12736,70.0,GPU-963b21b5-f207-d656-ea08-0b456c098fd0,Tesla T4,16106.12736,70.0,GPU-597f445a-b1c6-ff93-9d9b-85a347924989,580.159.04,1.0,57,1.0,2,1.0,60,1.0,67
a-mobilenetv4-base-f0-s1,a,mobilenetv4,base,0,1,20,780,49920,1787864681.0678098,1787864718.7165997,2026-08-27T21:04:41Z,2026-08-27T21:05:18Z,acct4,3,4e3d33,Interactive,29a25babc578,v2,5.283921380402327e-09,1.0,3.0726294343392024e-11,0.00024822911009179276,1.0056247248257932e-06,2.2904672732693143e-05,0.0,2.8287785426073394e-06,1.89350104119512e-05,0.0,371.7355913680825,6.715131301017621e-13,64.0,0,0,37.624072313308716,33.31243062019348,4.31060266494751,23.018794298171997,9.85191559791565,8.88102674484253,0.30305004119873047,0.6118102821642086,0.2620415015098376,0.26036882400512695,0.26259689331054686,0.30355402469635,74.92698531841634,8437074,8437074,872.3918330669403,51785.3123634398,60,384,64,coral,coral_bce,0.0,session_balanced,adamw,0.0003,0.05,cosine,5,60,5.0,True,full,raw,full_frame,dataset_v1_1,fp16,2,mobilenetv4,0,1,base,a,29a25babc578,1.0,1.0,1.0,1.0,1.0,1.0,1.0,1.0,1.0,1.0,67,1.0,1.0,1.0,57,1.0,1.0,1.0,62,1.0,0.0,1.0,1.0,-0.0,1.999999975690116e-16,1.0,1.0,NA,0.0,0.0,0.0,0.0,25.02857142857143,99.0,0.0,6447.890431999999,6447.890432,76.77142857142857,78.0,49.6998,101.702,1284.4285714285713,5000.0,4.0,1879.4900291610174,43997.40225565172,0.0,0.0,0.0,473.1043839999999,473.104384,39.0,39.0,9.497428571428571,9.86,300.0,405.0,1.0,358.5059000015199,8510.477354464994,60.128571428571426,69.5,4.642330331428571,4.877152256,19.5,4.309049343999999,4.309049344,29.118173184,0.0,2237.9959291625373,0.6216655358784826,0.4432475270813581,713.0,631,Tesla T4,16106.12736,70.0,GPU-963b21b5-f207-d656-ea08-0b456c098fd0,Tesla T4,16106.12736,70.0,GPU-597f445a-b1c6-ff93-9d9b-85a347924989,580.159.04,1.0,57,1.0,2,1.0,60,1.0,67
a-mobilenetv4-base-f0-s1,a,mobilenetv4,base,0,1,21,819,52416,1787864719.205374,1787864757.480595,2026-08-27T21:05:19Z,2026-08-27T21:05:57Z,acct4,3,4e3d33,Interactive,29a25babc578,v2,2.4203587164142235e-09,1.0,3.6254241768172666e-11,0.00024159718194531572,4.1210512335965177e-07,1.1937445378862321e-05,0.0,1.2122762996114057e-06,8.40601467643862e-06,0.0,371.72809399514006,2.6783941832015594e-13,64.0,0,0,38.25398874282837,33.93575072288513,4.316606044769287,23.668731927871704,9.866044282913208,8.843502521514893,0.2673368453979492,0.6187258559359768,0.2615805466969808,0.259843111038208,0.26882758140563967,0.2821859836578369,73.55075243161724,8437074,8437074,910.6458218097687,54039.28117129685,60,384,64,coral,coral_bce,0.0,session_balanced,adamw,0.0003,0.05,cosine,5,60,5.0,True,full,raw,full_frame,dataset_v1_1,fp16,2,mobilenetv4,0,1,base,a,29a25babc578,1.0,1.0,1.0,1.0,1.0,1.0,1.0,1.0,1.0,1.0,67,1.0,1.0,1.0,57,1.0,1.0,1.0,62,1.0,0.0,1.0,1.0,-0.0,1.999999975690116e-16,1.0,1.0,NA,0.0,0.0,0.0,0.0,28.86111111111111,99.0,0.0,6447.890431999998,6447.890432,77.22222222222223,79.0,49.476194444444445,70.39,1280.0,5000.0,4.0,1888.7953165295185,45908.574995801944,0.0,0.0,0.0,473.1043839999999,473.104384,39.0,39.0,9.466083333333334,9.86,300.0,405.0,1.0,365.1734913275268,8882.495329019535,59.19166666666667,69.1,4.648429567999999,4.779495424,19.3,4.309264156444443,4.316782592,29.231427584,0.0,2253.9688078570452,0.626102446626957,0.44641104444502033,713.0,644,Tesla T4,16106.12736,70.0,GPU-963b21b5-f207-d656-ea08-0b456c098fd0,Tesla T4,16106.12736,70.0,GPU-597f445a-b1c6-ff93-9d9b-85a347924989,580.159.04,1.0,57,1.0,2,1.0,60,1.0,67
a-mobilenetv4-base-f0-s1,a,mobilenetv4,base,0,1,22,858,54912,1787864757.741257,1787864795.9171886,2026-08-27T21:05:57Z,2026-08-27T21:06:35Z,acct4,3,4e3d33,Interactive,29a25babc578,v2,1.0741565079428136e-10,1.0,1.5684587412086286e-12,0.00023466648283001538,1.7587478049417534e-08,3.62944490461814e-07,0.0,1.541440170171882e-07,2.898756341096482e-07,0.0,371.7208118911129,1.1102933932351033e-14,64.0,0,0,38.152580976486206,33.85223722457886,4.299095630645752,23.58974051475525,9.862670421600342,8.934210538864136,0.2649557590484619,0.6182999920580426,0.2612912838275616,0.2600679397583008,0.2629354476928711,0.2977618408203124,73.73220220103346,8437074,8437074,948.7984027862549,56310.80746012044,60,384,64,coral,coral_bce,0.0,session_balanced,adamw,0.0003,0.05,cosine,5,60,5.0,True,full,raw,full_frame,dataset_v1_1,fp16,2,mobilenetv4,0,1,base,a,29a25babc578,1.0,1.0,1.0,1.0,1.0,1.0,1.0,1.0,1.0,1.0,67,1.0,1.0,1.0,57,1.0,1.0,1.0,62,1.0,0.0,1.0,1.0,-0.0,1.999999975690116e-16,1.0,1.0,NA,0.0,0.0,0.0,0.0,22.194444444444443,97.0,1.5,6447.890431999998,6447.890432,76.91666666666667,79.0,48.22075,85.549,1347.0833333333333,5000.0,4.0,1906.549937803975,47827.594875108014,0.0,0.0,0.0,473.1043839999999,473.104384,39.0,39.0,9.485805555555556,9.86,300.0,405.0,1.0,364.97635101961714,9250.799630103573,59.838888888888896,70.0,4.645216824888888,4.849373184,19.4,4.313363797333332,4.41430016,29.231427584,0.0,2271.526288823592,0.63097952467322,0.4498884010920059,713.0,644,Tesla T4,16106.12736,70.0,GPU-963b21b5-f207-d656-ea08-0b456c098fd0,Tesla T4,16106.12736,70.0,GPU-597f445a-b1c6-ff93-9d9b-85a347924989,580.159.04,1.0,57,1.0,2,1.0,60,1.0,67
a-mobilenetv4-base-f0-s1,a,mobilenetv4,base,0,1,23,897,57408,1787864796.1744494,1787864834.9974616,2026-08-27T21:06:36Z,2026-08-27T21:07:14Z,acct4,3,4e3d33,Interactive,29a25babc578,v2,1.0990967434185701e-10,1.0,4.2005658211034916e-12,0.00022745961924584428,9.294357010521008e-09,2.084884727082681e-07,0.0,1.539914507020534e-08,1.8777960434590554e-07,0.0,371.7137519883134,5.687416447305718e-15,64.0,0,0,38.801652908325195,34.400537729263306,4.3997483253479,24.152613401412964,9.869913816452026,8.90781283378601,0.24704599380493164,0.6224635187185759,0.26106967681493515,0.26030755043029785,0.2637883186340332,0.29649479389190664,72.55700534810948,8437074,8437074,987.6000556945801,58598.29736718513,60,384,64,coral,coral_bce,0.0,session_balanced,adamw,0.0003,0.05,cosine,5,60,5.0,True,full,raw,full_frame,dataset_v1_1,fp16,2,mobilenetv4,0,1,base,a,29a25babc578,1.0,1.0,1.0,1.0,1.0,1.0,1.0,1.0,1.0,1.0,67,1.0,1.0,1.0,57,1.0,1.0,1.0,62,1.0,0.0,1.0,1.0,-0.0,1.999999975690116e-16,1.0,1.0,NA,0.0,0.0,0.0,0.0,23.38888888888889,97.0,0.0,6447.890431999998,6447.890432,76.91666666666667,79.0,49.789944444444444,80.18,1316.6666666666667,5000.0,4.0,1916.2878639173578,49755.57092926408,0.0,0.0,0.0,473.1043839999999,473.104384,39.0,39.0,9.623750000000001,10.456,300.0,405.0,1.0,371.20204314732837,9625.423027886616,59.71388888888888,71.4,4.701753571555554,4.91655168,19.6,4.311856469333332,4.410105856,29.231427584,0.0,2287.489907064686,0.6354138630735239,0.4530500843714226,713.0,652,Tesla T4,16106.12736,70.0,GPU-963b21b5-f207-d656-ea08-0b456c098fd0,Tesla T4,16106.12736,70.0,GPU-597f445a-b1c6-ff93-9d9b-85a347924989,580.159.04,1.0,57,1.0,2,1.0,60,1.0,67
a-mobilenetv4-base-f0-s1,a,mobilenetv4,base,0,1,24,936,59904,1787864835.2701604,1787864873.9245033,2026-08-27T21:07:15Z,2026-08-27T21:07:53Z,acct4,3,4e3d33,Interactive,29a25babc578,v2,1.3620556070555359e-09,1.0,2.8636031717920003e-11,0.00022000009848385105,2.0351974683308072e-07,3.5562309221859323e-06,0.0,8.886250782325097e-07,3.0062842006373065e-06,0.0,371.70692180258084,1.2045609516646702e-13,64.0,0,0,38.63068151473999,34.301294803619385,4.328028440475464,24.060521125793457,9.828758239746094,8.802576065063477,0.2730836868286133,0.6228344979265479,0.2607099459721492,0.26029348373413086,0.26329774856567384,0.28311871051788323,72.76693239395233,8437074,8437074,1026.23073720932,60851.064872087045,60,384,64,coral,coral_bce,0.0,session_balanced,adamw,0.0003,0.05,cosine,5,60,5.0,True,full,raw,full_frame,dataset_v1_1,fp16,2,mobilenetv4,0,1,base,a,29a25babc578,1.0,1.0,1.0,1.0,1.0,1.0,1.0,1.0,1.0,1.0,67,1.0,1.0,1.0,57,1.0,1.0,1.0,62,1.0,0.0,1.0,1.0,-0.0,1.999999975690116e-16,1.0,1.0,NA,0.0,0.0,0.0,0.0,26.166666666666668,99.0,0.0,6447.890431999998,6447.890432,77.05555555555556,79.0,50.008611111111115,74.899,1311.25,5000.0,4.0,1882.3304580700642,51651.66398675231,0.0,0.0,0.0,473.1043839999999,473.104384,39.0,39.0,9.50283333333333,10.456,300.0,405.0,1.0,370.4370468318539,9999.603565659518,60.07222222222223,72.5,4.687357610666667,4.82830336,19.4,4.309049343999998,4.309049344,29.118173184,0.0,2252.767504901918,0.6257687513616439,0.4461731197208521,713.0,650,Tesla T4,16106.12736,70.0,GPU-963b21b5-f207-d656-ea08-0b456c098fd0,Tesla T4,16106.12736,70.0,GPU-597f445a-b1c6-ff93-9d9b-85a347924989,580.159.04,1.0,57,1.0,2,1.0,60,1.0,67
a-mobilenetv4-base-f0-s1,a,mobilenetv4,base,0,1,25,975,62400,1787864874.2165945,1787864913.2907531,2026-08-27T21:07:54Z,2026-08-27T21:08:33Z,acct4,3,4e3d33,Interactive,29a25babc578,v2,4.661096781065243e-10,1.0,2.6721421054807763e-12,0.00021231225195028297,5.012097622406705e-08,1.5926212881822721e-06,0.0,3.620967845563479e-08,1.1250219768044159e-06,0.0,371.70032862293243,2.862870036058865e-14,64.0,0,0,39.0522198677063,34.71853947639465,4.332467317581177,24.53049397468567,9.809641599655151,8.860076904296875,0.2477881908416748,0.6281459557942013,0.2595705680358104,0.2583799362182617,0.26183137893676756,0.29486081600189196,71.89242513202623,8437074,8437074,1065.2829570770264,63149.62564637686,60,384,64,coral,coral_bce,0.0,session_balanced,adamw,0.0003,0.05,cosine,5,60,5.0,True,full,raw,full_frame,dataset_v1_1,fp16,2,mobilenetv4,0,1,base,a,29a25babc578,1.0,1.0,1.0,1.0,1.0,1.0,1.0,1.0,1.0,1.0,67,1.0,1.0,1.0,57,1.0,1.0,1.0,62,1.0,0.0,1.0,1.0,-0.0,1.999999975690116e-16,1.0,1.0,NA,0.0,0.0,0.0,0.0,29.35135135135135,99.0,0.0,6447.890431999998,6447.890432,76.83783783783784,79.0,48.299540540540534,75.482,1317.5675675675675,5000.0,4.0,1925.9179760217303,53596.366468539236,0.0,0.0,0.0,473.10438399999987,473.104384,39.0,39.0,9.460783783783786,9.761,300.0,405.0,1.0,372.6427982680834,10376.478102231264,58.60270270270269,70.9,4.700359596972973,4.95169536,19.7,4.311734548756755,4.40840192,29.231427584,0.0,2298.5607742898137,0.6384891039693927,0.455242731130177,713.0,658,Tesla T4,16106.12736,70.0,GPU-963b21b5-f207-d656-ea08-0b456c098fd0,Tesla T4,16106.12736,70.0,GPU-597f445a-b1c6-ff93-9d9b-85a347924989,580.159.04,1.0,57,1.0,2,1.0,60,1.0,67
a-mobilenetv4-base-f0-s1,a,mobilenetv4,base,0,1,26,1014,64896,1787864913.5662496,1787864952.4592085,2026-08-27T21:08:33Z,2026-08-27T21:09:12Z,acct4,3,4e3d33,Interactive,29a25babc578,v2,8.043968855202147e-08,1.0,1.1181006688013298e-11,0.00020442115580259613,7.104882891767899e-05,0.0023068836890161037,0.0,5.618314862658797e-05,0.0016008649329887657,0.0,371.693925054821,3.90748482736992e-11,64.0,0,0,38.8674795627594,34.55912899971008,4.307016849517822,24.291223526000977,9.873119592666626,8.90759563446045,0.2633237838745117,0.6249755270798532,0.26151219392434144,0.2601633071899414,0.26517424583435056,0.29657903194427476,72.22404245260171,8437074,8437074,1104.1504366397858,65399.0903739257,60,384,64,coral,coral_bce,0.0,session_balanced,adamw,0.0003,0.05,cosine,5,60,5.0,True,full,raw,full_frame,dataset_v1_1,fp16,2,mobilenetv4,0,1,base,a,29a25babc578,1.0,1.0,1.0,1.0,1.0,1.0,1.0,1.0,1.0,1.0,67,1.0,1.0,1.0,57,1.0,1.0,1.0,62,1.0,0.0,1.0,1.0,-0.0,1.999999975690116e-16,1.0,1.0,NA,0.0,0.0,0.0,0.0,25.27027027027027,99.0,0.0,6447.890431999998,6447.890432,77.16216216216216,79.0,48.525,75.435,1260.4054054054054,5000.0,4.0,1880.048843516117,55493.15422733308,0.0,0.0,0.0,473.10438399999987,473.104384,39.0,39.0,9.43491891891892,9.765,300.0,405.0,1.0,369.4158840327218,10750.376633527274,58.737837837837844,70.5,4.767496136648648,5.03455744,20.1,4.3106363779459445,4.3677696,29.231427584,0.0,2249.4647275488387,0.6248513132080108,0.4455189863173117,713.0,652,Tesla T4,16106.12736,70.0,GPU-963b21b5-f207-d656-ea08-0b456c098fd0,Tesla T4,16106.12736,70.0,GPU-597f445a-b1c6-ff93-9d9b-85a347924989,580.159.04,1.0,57,1.0,2,1.0,60,1.0,67
a-mobilenetv4-base-f0-s1,a,mobilenetv4,base,0,1,27,1053,67392,1787864952.724423,1787864991.7658427,2026-08-27T21:09:12Z,2026-08-27T21:09:51Z,acct4,3,4e3d33,Interactive,29a25babc578,v2,2.939883947678843e-09,1.0,8.629532908147881e-12,0.0001963525491562421,5.684521802789113e-07,1.971578058146406e-05,0.0,4.978924295073757e-07,1.2839617302233773e-05,0.0,371.6878153811593,3.0029780383499156e-13,64.0,0,0,39.01736807823181,34.77994704246521,4.235435962677002,24.497529983520508,9.833033800125122,8.876654386520386,0.30172109603881836,0.6278621852299651,0.2616849006750645,0.2605605125427246,0.2657776355743408,0.2814080572128296,71.76549167692703,8437074,8437074,1143.1678047180176,67683.87179315047,60,384,64,coral,coral_bce,0.0,session_balanced,adamw,0.0003,0.05,cosine,5,60,5.0,True,full,raw,full_frame,dataset_v1_1,fp16,2,mobilenetv4,0,1,base,a,29a25babc578,1.0,1.0,1.0,1.0,1.0,1.0,1.0,1.0,1.0,1.0,67,1.0,1.0,1.0,57,1.0,1.0,1.0,62,1.0,0.0,1.0,1.0,-0.0,1.999999975690116e-16,1.0,1.0,NA,0.0,0.0,0.0,0.0,29.513513513513512,99.0,0.0,6447.890431999998,6447.890432,76.8108108108108,78.0,48.66413513513514,67.478,1296.8918918918919,5000.0,4.0,1911.149929086234,57428.31463006905,0.0,0.0,0.0,473.10438399999987,473.104384,39.0,39.0,9.563108108108109,10.158,300.0,405.0,1.0,373.631490138534,11129.012518651483,59.32702702702702,70.7,4.736786210594595,4.909436928,19.8,4.31019710962162,4.33303552,29.231427584,0.0,2284.781419224768,0.6346615053402133,0.45251365330757204,713.0,656,Tesla T4,16106.12736,70.0,GPU-963b21b5-f207-d656-ea08-0b456c098fd0,Tesla T4,16106.12736,70.0,GPU-597f445a-b1c6-ff93-9d9b-85a347924989,580.159.04,1.0,57,1.0,2,1.0,60,1.0,67
a-mobilenetv4-base-f0-s1,a,mobilenetv4,base,0,1,28,1092,69888,1787864992.037656,1787865030.1644685,2026-08-27T21:09:52Z,2026-08-27T21:10:30Z,acct4,3,4e3d33,Interactive,29a25babc578,v2,2.1101415567911144e-07,1.0,4.306341928062942e-12,0.00018813275012902306,0.00028777422799409217,0.0061166067607700825,0.0,0.0005120718482430747,0.005731202075257895,0.0,371.6820420335182,1.4566148160556744e-10,64.0,0,0,38.09730792045593,33.6818962097168,4.413930654525757,23.385390043258667,9.878398895263672,8.92151427268982,0.27791404724121094,0.6138331372937282,0.26208726565043133,0.2615940570831299,0.26560630798339846,0.2890637588500976,74.10509148472276,8437074,8437074,1181.2651126384735,69947.1866123486,60,384,64,coral,coral_bce,0.0,session_balanced,adamw,0.0003,0.05,cosine,5,60,5.0,True,full,raw,full_frame,dataset_v1_1,fp16,2,mobilenetv4,0,1,base,a,29a25babc578,1.0,1.0,1.0,1.0,1.0,1.0,1.0,1.0,1.0,1.0,67,1.0,1.0,1.0,57,1.0,1.0,1.0,62,1.0,0.0,1.0,1.0,-0.0,1.999999975690116e-16,1.0,1.0,NA,0.0,0.0,0.0,0.0,28.82857142857143,99.0,0.0,6447.890431999999,6447.890432,77.14285714285714,79.0,50.20625714285714,84.535,1286.142857142857,5000.0,4.0,1895.3926712150642,59345.87593070988,0.0,0.0,0.0,473.1043839999999,473.104384,39.0,39.0,9.562828571428572,9.96,300.0,405.0,1.0,367.92214798307396,11501.777450941561,60.80285714285714,71.4,4.679821019428571,5.005205504,20.2,4.312009698742856,4.41266176,29.231427584,0.0,2263.314819198138,0.6286985608883717,0.448262073913409,713.0,641,Tesla T4,16106.12736,70.0,GPU-963b21b5-f207-d656-ea08-0b456c098fd0,Tesla T4,16106.12736,70.0,GPU-597f445a-b1c6-ff93-9d9b-85a347924989,580.159.04,1.0,57,1.0,2,1.0,60,1.0,67
a-mobilenetv4-base-f0-s1,a,mobilenetv4,base,0,1,29,1131,72384,1787865030.4345381,1787865069.801436,2026-08-27T21:10:30Z,2026-08-27T21:11:09Z,acct4,3,4e3d33,Interactive,29a25babc578,v2,1.827703039700096e-09,1.0,2.1257986112151674e-11,0.0001797885699968618,3.8722386764861886e-07,9.562028935761191e-06,0.0,1.73671890024707e-06,6.674804089925582e-06,0.0,371.67643725806124,1.8730922505281662e-13,64.0,0,0,39.3432993888855,35.02981901168823,4.3122289180755615,24.81886124610901,9.82506275177002,8.884314060211182,0.25394439697265625,0.6308281621424041,0.2600741325280605,0.2591109275817871,0.2630903244018555,0.27912438392639155,71.25357967642287,8437074,8437074,1220.608412027359,72284.6645982323,60,384,64,coral,coral_bce,0.0,session_balanced,adamw,0.0003,0.05,cosine,5,60,5.0,True,full,raw,full_frame,dataset_v1_1,fp16,2,mobilenetv4,0,1,base,a,29a25babc578,1.0,1.0,1.0,1.0,1.0,1.0,1.0,1.0,1.0,1.0,67,1.0,1.0,1.0,57,1.0,1.0,1.0,62,1.0,0.0,1.0,1.0,-0.0,1.999999975690116e-16,1.0,1.0,NA,0.0,0.0,0.0,0.0,24.16216216216216,99.0,0.0,6447.890431999998,6447.890432,77.13513513513513,79.0,51.387513513513504,97.219,1319.1891891891892,5000.0,4.0,1952.378609735002,61309.40222966865,0.0,0.0,0.0,473.10438399999987,473.104384,39.0,39.0,9.740081081081083,10.357,300.0,405.0,1.0,385.0993761487025,11891.076485202313,58.84054054054055,68.9,4.790047605621622,5.008560128,20.1,4.311847908324323,4.374585344,29.231427584,0.0,2337.4779858837046,0.6492994405232513,0.4629505010930782,713.0,664,Tesla T4,16106.12736,70.0,GPU-963b21b5-f207-d656-ea08-0b456c098fd0,Tesla T4,16106.12736,70.0,GPU-597f445a-b1c6-ff93-9d9b-85a347924989,580.159.04,1.0,57,1.0,2,1.0,60,1.0,67
a-mobilenetv4-base-f0-s1,a,mobilenetv4,base,0,1,30,1170,74880,1787865070.0585592,1787865108.6496801,2026-08-27T21:11:10Z,2026-08-27T21:11:48Z,acct4,3,4e3d33,Interactive,29a25babc578,v2,4.913204637328822e-09,1.0,1.7832802327105568e-11,0.00017134722574099276,9.410050668707416e-07,1.6737183614168316e-05,0.0,4.807508958037952e-06,1.4440498271142117e-05,0.0,371.67110149129655,4.338206736266653e-13,64.0,0,0,38.567447900772095,34.28821063041687,4.277428150177002,24.001901149749756,9.875735998153687,8.933376550674438,0.2793142795562744,0.6223357379389693,0.26203302236703724,0.2599976062774658,0.2690097808837891,0.2987018060684203,72.79469981398834,8437074,8437074,1259.175859928131,74560.45476866173,60,384,64,coral,coral_bce,0.0,session_balanced,adamw,0.0003,0.05,cosine,5,60,5.0,True,full,raw,full_frame,dataset_v1_1,fp16,2,mobilenetv4,0,1,base,a,29a25babc578,1.0,1.0,1.0,1.0,1.0,1.0,1.0,1.0,1.0,1.0,67,1.0,1.0,1.0,57,1.0,1.0,1.0,62,1.0,0.0,1.0,1.0,-0.0,1.999999975690116e-16,1.0,1.0,NA,0.0,0.0,0.0,0.0,28.36111111111111,99.0,0.0,6447.890431999998,6447.890432,76.80555555555556,79.0,51.331472222222224,105.852,1310.0,5000.0,4.0,1902.2989014260384,63233.91521787572,0.0,0.0,0.0,473.1043839999999,473.104384,39.0,39.0,9.604222222222225,10.059,300.0,405.0,1.0,373.49126900339616,12269.166024657734,59.62222222222221,70.8,4.690946503111111,4.968804352,20.0,4.323618360888888,4.420460544,29.231427584,0.0,2275.7901704294345,0.6321639362303985,0.4507328865322741,713.0,648,Tesla T4,16106.12736,70.0,GPU-963b21b5-f207-d656-ea08-0b456c098fd0,Tesla T4,16106.12736,70.0,GPU-597f445a-b1c6-ff93-9d9b-85a347924989,580.159.04,1.0,57,1.0,2,1.0,60,1.0,67
a-mobilenetv4-base-f0-s1,a,mobilenetv4,base,0,1,31,1209,77376,1787865109.2358913,1787865148.0540748,2026-08-27T21:11:49Z,2026-08-27T21:12:28Z,acct4,3,4e3d33,Interactive,29a25babc578,v2,1.9841141559572697e-08,1.0,5.633566985070757e-11,0.00016283625127182596,8.626061048088419e-06,0.00030963183962740004,0.0,3.3114999325789887e-06,0.0002015552336888497,0.0,371.66602172967004,3.7792947490214555e-12,64.0,0,0,38.79444718360901,34.51124382019043,4.281917333602905,24.12837243080139,9.92959189414978,8.909569263458252,0.30870699882507324,0.6219542790906385,0.26428768573663175,0.2612423896789551,0.2816192626953125,0.2920722675323486,72.32425504582197,8437074,8437074,1297.97030711174,76842.34535319883,60,384,64,coral,coral_bce,0.0,session_balanced,adamw,0.0003,0.05,cosine,5,60,5.0,True,full,raw,full_frame,dataset_v1_1,fp16,2,mobilenetv4,0,1,base,a,29a25babc578,1.0,1.0,1.0,1.0,1.0,1.0,1.0,1.0,1.0,1.0,67,1.0,1.0,1.0,57,1.0,1.0,1.0,62,1.0,0.0,1.0,1.0,-0.0,1.999999975690116e-16,1.0,1.0,NA,0.0,0.0,0.0,0.0,23.916666666666668,97.0,0.0,6447.890431999998,6447.890432,77.22222222222223,79.0,48.86077777777778,80.082,1304.1666666666667,5000.0,4.0,1906.8470429919398,65169.880610652515,0.0,0.0,0.0,473.1043839999999,473.104384,39.0,39.0,9.573194444444445,10.154,300.0,405.0,1.0,375.04354154516477,12651.869608652612,59.79722222222222,69.1,4.666791025777778,4.834635776,19.5,4.3096919608888875,4.332183552,29.231427584,0.0,2281.8905845371046,0.6338584957047513,0.45194110743748767,713.0,652,Tesla T4,16106.12736,70.0,GPU-963b21b5-f207-d656-ea08-0b456c098fd0,Tesla T4,16106.12736,70.0,GPU-597f445a-b1c6-ff93-9d9b-85a347924989,580.159.04,1.0,57,1.0,2,1.0,60,1.0,67
a-mobilenetv4-base-f0-s1,a,mobilenetv4,base,0,1,32,1248,79872,1787865148.315872,1787865187.178939,2026-08-27T21:12:28Z,2026-08-27T21:13:07Z,acct4,3,4e3d33,Interactive,29a25babc578,v2,1.1271686381715693e-08,1.0,7.970114954065904e-12,0.0001542834076190544,1.1529240545189332e-05,0.00044379555038176477,0.0,1.152415023852886e-06,0.00027663083582410647,0.0,371.66122026882425,4.7859997803509925e-12,64.0,0,0,38.83758282661438,34.51380681991577,4.32252049446106,24.31076979637146,9.798937797546387,8.841265678405762,0.2679786682128906,0.6259599085994592,0.2598707737066807,0.25890469551086426,0.2632624626159668,0.2842521953582763,72.31888423735725,8437074,8437074,1336.8078899383545,79128.54060788882,60,384,64,coral,coral_bce,0.0,session_balanced,adamw,0.0003,0.05,cosine,5,60,5.0,True,full,raw,full_frame,dataset_v1_1,fp16,2,mobilenetv4,0,1,base,a,29a25babc578,1.0,1.0,1.0,1.0,1.0,1.0,1.0,1.0,1.0,1.0,67,1.0,1.0,1.0,57,1.0,1.0,1.0,62,1.0,0.0,1.0,1.0,-0.0,1.999999975690116e-16,1.0,1.0,NA,0.0,0.0,0.0,0.0,25.135135135135137,99.0,0.0,6447.890431999998,6447.890432,76.83783783783784,79.0,51.02332432432432,93.323,1330.5405405405406,5000.0,4.0,1911.6022889140222,67093.556184698,0.0,0.0,0.0,473.10438399999987,473.104384,39.0,39.0,9.586702702702702,10.059,300.0,405.0,1.0,374.59296577596615,13029.718324144145,58.71621621621622,70.9,4.696868365837838,5.009502208,19.9,4.309049343999998,4.309049344,29.231419392,0.0,2286.1952546899884,0.6350542374138857,0.4527936712761005,713.0,654,Tesla T4,16106.12736,70.0,GPU-963b21b5-f207-d656-ea08-0b456c098fd0,Tesla T4,16106.12736,70.0,GPU-597f445a-b1c6-ff93-9d9b-85a347924989,580.159.04,1.0,57,1.0,2,1.0,60,1.0,67
a-mobilenetv4-base-f0-s1,a,mobilenetv4,base,0,1,33,1287,82368,1787865187.4386415,1787865224.9651313,2026-08-27T21:13:07Z,2026-08-27T21:13:44Z,acct4,3,4e3d33,Interactive,29a25babc578,v2,1.7989070946632133e-09,1.0,1.7485681995821256e-11,0.00014571659238094556,3.6575521059708433e-07,1.1750462363124825e-05,0.0,5.979671584555036e-07,7.529690891487889e-06,0.0,371.6566692520548,1.4340278903386737e-13,64.0,0,0,37.50289440155029,33.2655930519104,4.235891580581665,23.065913677215576,9.803033113479614,8.766423225402832,0.25841522216796875,0.6150435598448657,0.2597896258036296,0.25881505012512207,0.2630892753601074,0.2771964836120605,75.03248164267006,8437074,8437074,1374.3107843399048,81338.81942705956,60,384,64,coral,coral_bce,0.0,session_balanced,adamw,0.0003,0.05,cosine,5,60,5.0,True,full,raw,full_frame,dataset_v1_1,fp16,2,mobilenetv4,0,1,base,a,29a25babc578,1.0,1.0,1.0,1.0,1.0,1.0,1.0,1.0,1.0,1.0,67,1.0,1.0,1.0,57,1.0,1.0,1.0,62,1.0,0.0,1.0,1.0,-0.0,1.999999975690116e-16,1.0,1.0,NA,0.0,0.0,0.0,0.0,23.6,99.0,0.0,6447.890431999999,6447.890432,77.0,78.0,47.31902857142857,69.747,1338.857142857143,5000.0,4.0,1849.6518461637606,68963.04937943259,0.0,0.0,0.0,473.1043839999999,473.104384,39.0,39.0,9.551114285714286,10.551,300.0,405.0,1.0,360.6269730069689,13395.03590826657,59.639999999999986,71.2,4.7268543341714295,5.040504832,20.0,4.312335506285713,4.36973568,29.231427584,0.0,2210.2788191707295,0.613966338658536,0.43775799946353616,713.0,630,Tesla T4,16106.12736,70.0,GPU-963b21b5-f207-d656-ea08-0b456c098fd0,Tesla T4,16106.12736,70.0,GPU-597f445a-b1c6-ff93-9d9b-85a347924989,580.159.04,1.0,57,1.0,2,1.0,60,1.0,67
a-mobilenetv4-base-f0-s1,a,mobilenetv4,base,0,1,34,1326,84864,1787865225.2213326,1787865264.0505283,2026-08-27T21:13:45Z,2026-08-27T21:14:24Z,acct4,3,4e3d33,Interactive,29a25babc578,v2,1.0725926972658377e-05,1.0,1.3782661951697619e-11,0.00013716374872817407,0.008247371700986807,0.3216463029384613,0.0,3.014662553368912e-07,0.1994209290085158,0.0,371.65229938094984,3.043813859207333e-09,64.0,0,0,38.80377244949341,34.538649559020996,4.26388144493103,24.271390676498413,9.870423555374146,8.92927598953247,0.26357269287109375,0.6254904908560065,0.26141882554078716,0.25963306427001953,0.2659899234771729,0.2988648986816405,72.26686717252038,8437074,8437074,1413.1145567893982,83620.370762796,60,384,64,coral,coral_bce,0.0,session_balanced,adamw,0.0003,0.05,cosine,5,60,5.0,True,full,raw,full_frame,dataset_v1_1,fp16,2,mobilenetv4,0,1,base,a,29a25babc578,1.0,1.0,1.0,1.0,1.0,1.0,1.0,1.0,1.0,1.0,67,1.0,1.0,1.0,57,1.0,1.0,1.0,62,1.0,0.0,1.0,1.0,-0.0,1.999999975690116e-16,1.0,1.0,NA,0.0,0.0,0.0,0.0,26.2972972972973,99.0,0.0,6447.890431999998,6447.890432,76.91891891891892,79.0,50.84221621621622,93.869,1246.2162162162163,5000.0,4.0,1909.599470858273,70884.70813344416,0.0,0.0,0.0,473.10438399999987,473.104384,39.0,39.0,9.471054054054052,9.761,300.0,405.0,1.0,371.9518648781668,13770.243470460427,59.140540540540535,70.3,4.69304281254054,4.783587328,19.5,4.3138582694054035,4.39988224,29.231427584,0.0,2281.55133573644,0.6337642599267889,0.45187391732780047,713.0,652,Tesla T4,16106.12736,70.0,GPU-963b21b5-f207-d656-ea08-0b456c098fd0,Tesla T4,16106.12736,70.0,GPU-597f445a-b1c6-ff93-9d9b-85a347924989,580.159.04,1.0,57,1.0,2,1.0,60,1.0,67
a-mobilenetv4-base-f0-s1,a,mobilenetv4,base,0,1,35,1365,87360,1787865264.3477805,1787865301.2225091,2026-08-27T21:14:24Z,2026-08-27T21:15:01Z,acct4,3,4e3d33,Interactive,29a25babc578,v2,6.347363483810203e-09,1.0,3.9116687338470865e-11,0.00012865277425900724,1.9876289631162226e-06,7.659078983124346e-05,0.0,2.3758770879567318e-07,4.776961676839145e-05,0.0,371.64827078354114,6.880537336103774e-13,64.0,0,0,36.85152196884155,32.69025993347168,4.1599814891815186,22.4522705078125,9.834143161773682,8.89700174331665,0.26399874687194824,0.6092630455479204,0.26067461722936386,0.26065611839294434,0.26447396278381347,0.275473051071167,76.3530178432242,8437074,8437074,1449.9660787582397,85799.06210693589,60,384,64,coral,coral_bce,0.0,session_balanced,adamw,0.0003,0.05,cosine,5,60,5.0,True,full,raw,full_frame,dataset_v1_1,fp16,2,mobilenetv4,0,1,base,a,29a25babc578,1.0,1.0,1.0,1.0,1.0,1.0,1.0,1.0,1.0,1.0,67,1.0,1.0,1.0,57,1.0,1.0,1.0,62,1.0,0.0,1.0,1.0,-0.0,1.999999975690116e-16,1.0,1.0,NA,0.0,0.0,0.0,0.0,32.91428571428571,99.0,1.0,6447.890431999999,6447.890432,76.94285714285714,78.0,47.37022857142858,75.29,1389.0,5000.0,4.0,1827.0302997711551,72729.02869485565,0.0,0.0,0.0,473.1043839999999,473.104384,39.0,39.0,9.47677142857143,9.86,300.0,405.0,1.0,351.66104436873866,14126.510379476555,60.43714285714286,68.9,4.6957730669714275,4.944252928,19.7,4.315576729599998,4.399620096,29.231427584,0.0,2178.6913441398938,0.6051920400388594,0.4315019245477067,713.0,622,Tesla T4,16106.12736,70.0,GPU-963b21b5-f207-d656-ea08-0b456c098fd0,Tesla T4,16106.12736,70.0,GPU-597f445a-b1c6-ff93-9d9b-85a347924989,580.159.04,1.0,57,1.0,2,1.0,60,1.0,67
a-mobilenetv4-base-f0-s1,a,mobilenetv4,base,0,1,36,1404,89856,1787865301.4832346,1787865338.7522526,2026-08-27T21:15:01Z,2026-08-27T21:15:38Z,acct4,3,4e3d33,Interactive,29a25babc578,v2,5.402569113798996e-10,1.0,4.377135317881007e-11,0.0001202114300031382,5.865647905850962e-08,9.886152838589624e-07,0.0,5.836923492097415e-07,8.910047233712242e-07,0.0,371.64450137779755,1.8972914170482105e-14,64.0,0,0,37.245333671569824,33.09880828857422,4.145256280899048,22.855896949768066,9.83077073097229,8.747553825378418,0.2642390727996826,0.613657999450666,0.2608595200074025,0.2603459358215332,0.2665372371673584,0.27979848861694334,75.41057001927241,8437074,8437074,1487.2114124298096,88001.42180439743,60,384,64,coral,coral_bce,0.0,session_balanced,adamw,0.0003,0.05,cosine,5,60,5.0,True,full,raw,full_frame,dataset_v1_1,fp16,2,mobilenetv4,0,1,base,a,29a25babc578,1.0,1.0,1.0,1.0,1.0,1.0,1.0,1.0,1.0,1.0,67,1.0,1.0,1.0,57,1.0,1.0,1.0,62,1.0,0.0,1.0,1.0,-0.0,1.999999975690116e-16,1.0,1.0,NA,0.0,0.0,0.0,0.0,31.542857142857144,99.0,0.0,6447.890431999999,6447.890432,76.94285714285714,79.0,49.686285714285724,70.237,1286.5714285714287,5000.0,4.0,1846.5589524692623,74587.68069008719,0.0,0.0,0.0,473.1043839999999,473.104384,39.0,39.0,9.448799999999999,9.96,300.0,405.0,1.0,355.80074499226976,14485.483573897143,60.01428571428571,68.9,4.708003605942857,4.957499392,19.7,4.309049343999999,4.309049344,29.118173184,0.0,2202.359697461532,0.6117665826282034,0.43618957341390896,713.0,628,Tesla T4,16106.12736,70.0,GPU-963b21b5-f207-d656-ea08-0b456c098fd0,Tesla T4,16106.12736,70.0,GPU-597f445a-b1c6-ff93-9d9b-85a347924989,580.159.04,1.0,57,1.0,2,1.0,60,1.0,67
a-mobilenetv4-base-f0-s1,a,mobilenetv4,base,0,1,37,1443,92352,1787865339.0128214,1787865378.5758007,2026-08-27T21:15:39Z,2026-08-27T21:16:18Z,acct4,3,4e3d33,Interactive,29a25babc578,v2,4.5041830356121363e-08,1.0,1.470654370386265e-11,0.00011186724987097698,5.410139628517859e-05,0.002097388729453087,0.0,2.1602091692329965e-06,0.0013040241693852241,0.0,371.64097563883615,1.6285003036060196e-11,64.0,0,0,39.53715920448303,35.38462042808533,4.151455402374268,25.149018049240112,9.845181703567505,8.925029516220093,0.25927186012268066,0.6360856104802927,0.26069260866214067,0.2587759494781494,0.2631474494934082,0.2939953184127807,70.53912038064101,8437074,8437074,1526.7485716342926,90329.34982757269,60,384,64,coral,coral_bce,0.0,session_balanced,adamw,0.0003,0.05,cosine,5,60,5.0,True,full,raw,full_frame,dataset_v1_1,fp16,2,mobilenetv4,0,1,base,a,29a25babc578,1.0,1.0,1.0,1.0,1.0,1.0,1.0,1.0,1.0,1.0,67,1.0,1.0,1.0,57,1.0,1.0,1.0,62,1.0,0.0,1.0,1.0,-0.0,1.999999975690116e-16,1.0,1.0,NA,0.0,0.0,0.0,0.0,27.513513513513512,99.0,0.0,6447.890431999998,6447.890432,76.97297297297297,79.0,47.99132432432432,76.905,1304.1891891891892,5000.0,4.0,1950.595156331081,76554.76508697547,0.0,0.0,0.0,473.10438399999987,473.104384,39.0,39.0,9.427891891891893,9.761,300.0,405.0,1.0,377.33286684418636,14866.166735376148,58.3,70.4,4.719495444756757,4.906381312,19.8,4.3133924324324315,4.40578048,29.231427584,0.0,2327.9280231752673,0.646646673104241,0.4610590779233238,713.0,668,Tesla T4,16106.12736,70.0,GPU-963b21b5-f207-d656-ea08-0b456c098fd0,Tesla T4,16106.12736,70.0,GPU-597f445a-b1c6-ff93-9d9b-85a347924989,580.159.04,1.0,57,1.0,2,1.0,60,1.0,67
a-mobilenetv4-base-f0-s1,a,mobilenetv4,base,0,1,38,1482,94848,1787865378.8441484,1787865416.9647813,2026-08-27T21:16:18Z,2026-08-27T21:16:56Z,acct4,3,4e3d33,Interactive,29a25babc578,v2,8.020529962591575e-10,1.0,1.0113971824022535e-11,0.0001036474508437579,9.494778014530498e-08,2.3047173272061627e-06,0.0,3.508789262696167e-07,1.8600074599817133e-06,0.0,371.63770655992306,2.6480346858312253e-14,64.0,0,0,38.09624767303467,33.82808566093445,4.2669007778167725,23.63323998451233,9.801572799682617,8.841073036193848,0.26701807975769043,0.6203561092774089,0.2597804008386074,0.2589988708496094,0.2624211311340332,0.27909640789031975,73.78484331090735,8437074,8437074,1564.8448193073273,92571.17054689514,60,384,64,coral,coral_bce,0.0,session_balanced,adamw,0.0003,0.05,cosine,5,60,5.0,True,full,raw,full_frame,dataset_v1_1,fp16,2,mobilenetv4,0,1,base,a,29a25babc578,1.0,1.0,1.0,1.0,1.0,1.0,1.0,1.0,1.0,1.0,67,1.0,1.0,1.0,57,1.0,1.0,1.0,62,1.0,0.0,1.0,1.0,-0.0,1.999999975690116e-16,1.0,1.0,NA,0.0,0.0,0.0,0.0,28.6,99.0,0.0,6447.890431999999,6447.890432,76.88571428571429,78.0,49.84571428571428,95.721,1324.2857142857142,5000.0,4.0,1878.9103671367193,78447.34859168017,0.0,0.0,0.0,473.1043839999999,473.104384,39.0,39.0,9.437057142857144,9.86,300.0,405.0,1.0,362.9103521857287,15232.770102935106,59.86571428571429,70.2,4.624763991771429,4.81755136,19.3,4.311455451428571,4.393263104,29.231427584,0.0,2241.820719322448,0.6227279775895689,0.4440050480213626,713.0,640,Tesla T4,16106.12736,70.0,GPU-963b21b5-f207-d656-ea08-0b456c098fd0,Tesla T4,16106.12736,70.0,GPU-597f445a-b1c6-ff93-9d9b-85a347924989,580.159.04,1.0,57,1.0,2,1.0,60,1.0,67
a-mobilenetv4-base-f0-s1,a,mobilenetv4,base,0,1,39,1521,97344,1787865417.222802,1787865454.8790576,2026-08-27T21:16:57Z,2026-08-27T21:17:34Z,acct4,3,4e3d33,Interactive,29a25babc578,v2,2.602638281255313e-10,1.0,2.8602764198356376e-11,9.557884419740386e-05,4.350011277683034e-08,3.329407434193854e-07,0.0,2.013175404158575e-07,3.167209285948046e-07,0.0,371.6346913136971,1.1187573708388421e-14,64.0,0,0,37.630693674087524,33.33157825469971,4.297649621963501,23.05062174797058,9.897118091583252,8.936222791671753,0.2512695789337158,0.6125484145364886,0.2618261361733461,0.2605888843536377,0.2665258884429932,0.29946927547454827,74.88394281624116,8437074,8437074,1602.4755129814148,94772.5039639225,60,384,64,coral,coral_bce,0.0,session_balanced,adamw,0.0003,0.05,cosine,5,60,5.0,True,full,raw,full_frame,dataset_v1_1,fp16,2,mobilenetv4,0,1,base,a,29a25babc578,1.0,1.0,1.0,1.0,1.0,1.0,1.0,1.0,1.0,1.0,67,1.0,1.0,1.0,57,1.0,1.0,1.0,62,1.0,0.0,1.0,1.0,-0.0,1.999999975690116e-16,1.0,1.0,NA,0.0,0.0,0.0,0.0,30.057142857142857,99.0,0.0,6447.890431999999,6447.890432,77.05714285714286,79.0,48.964114285714274,79.593,1317.4285714285713,5000.0,4.0,1843.8758643669134,80306.24490802792,0.0,0.0,0.0,473.1043839999999,473.104384,39.0,39.0,9.465428571428571,9.86,300.0,405.0,1.0,357.45755266044944,15593.899063432948,59.66857142857143,70.3,4.699275498057143,4.973461504,19.8,4.309049343999999,4.309049344,29.118173184,0.0,2201.333417027363,0.611481504729823,0.43598631287236383,713.0,630,Tesla T4,16106.12736,70.0,GPU-963b21b5-f207-d656-ea08-0b456c098fd0,Tesla T4,16106.12736,70.0,GPU-597f445a-b1c6-ff93-9d9b-85a347924989,580.159.04,1.0,57,1.0,2,1.0,60,1.0,67
a-mobilenetv4-base-f0-s1,a,mobilenetv4,base,0,1,40,1560,99840,1787865455.1399271,1787865493.0935524,2026-08-27T21:17:35Z,2026-08-27T21:18:13Z,acct4,3,4e3d33,Interactive,29a25babc578,v2,4.099910549949945e-09,1.0,9.535019398893665e-11,8.768774804971705e-05,7.965173526331572e-07,1.587354563525878e-05,0.0,4.376934884930968e-06,1.3311765142134373e-05,0.0,371.63192001930514,1.8794083385328065e-13,64.0,0,0,37.93085765838623,33.72624444961548,4.2032036781311035,23.50646734237671,9.834669351577759,8.917681217193604,0.2484147548675537,0.6197188461721904,0.2602042234860934,0.2600975036621094,0.2641514778137207,0.27502804279327386,74.00764718196952,8437074,8437074,1640.406370639801,97044.30198384858,60,384,64,coral,coral_bce,0.0,session_balanced,adamw,0.0003,0.05,cosine,5,60,5.0,True,full,raw,full_frame,dataset_v1_1,fp16,2,mobilenetv4,0,1,base,a,29a25babc578,1.0,1.0,1.0,1.0,1.0,1.0,1.0,1.0,1.0,1.0,67,1.0,1.0,1.0,57,1.0,1.0,1.0,62,1.0,0.0,1.0,1.0,-0.0,1.999999975690116e-16,1.0,1.0,NA,0.0,0.0,0.0,0.0,23.63888888888889,99.0,0.0,6447.890431999998,6447.890432,77.19444444444444,79.0,50.16758333333334,69.747,1307.9166666666667,5000.0,4.0,1911.228595208886,82239.35283681659,0.0,0.0,0.0,473.1043839999999,473.104384,39.0,39.0,9.424444444444443,9.86,300.0,405.0,1.0,360.56942471719776,15959.038406762866,58.599999999999994,69.4,4.7475209102222236,5.130518528,20.2,4.309049343999998,4.309049344,29.118173184,0.0,2271.7980199260837,0.6310550055350233,0.4499422189464716,713.0,638,Tesla T4,16106.12736,70.0,GPU-963b21b5-f207-d656-ea08-0b456c098fd0,Tesla T4,16106.12736,70.0,GPU-597f445a-b1c6-ff93-9d9b-85a347924989,580.159.04,1.0,57,1.0,2,1.0,60,1.0,67
a-mobilenetv4-base-f0-s1,a,mobilenetv4,base,0,1,41,1599,102336,1787865493.748154,1787865531.162696,2026-08-27T21:18:13Z,2026-08-27T21:18:51Z,acct4,3,4e3d33,Interactive,29a25babc578,v2,1.5190079797313285e-06,1.0,6.13754772811122e-11,7.999990151614894e-05,0.001397338650976875,0.05448586493730545,0.0,1.6249445650373788e-06,0.03378464750838234,0.0,371.6293836601153,3.0080224917063204e-10,64.0,0,0,37.390926361083984,33.13495850563049,4.254713773727417,22.90957260131836,9.823450326919556,8.866773843765259,0.26204347610473633,0.6127040656891122,0.2602239572084867,0.2588636875152588,0.26291403770446775,0.2883666563034057,75.32829713898282,8437074,8437074,1677.797297000885,99260.7302531359,60,384,64,coral,coral_bce,0.0,session_balanced,adamw,0.0003,0.05,cosine,5,60,5.0,True,full,raw,full_frame,dataset_v1_1,fp16,2,mobilenetv4,0,1,base,a,29a25babc578,1.0,1.0,1.0,1.0,1.0,1.0,1.0,1.0,1.0,1.0,67,1.0,1.0,1.0,57,1.0,1.0,1.0,62,1.0,0.0,1.0,1.0,-0.0,1.999999975690116e-16,1.0,1.0,NA,0.0,0.0,0.0,0.0,26.885714285714286,99.0,0.0,6447.890431999999,6447.890432,76.74285714285715,79.0,48.70305714285714,94.043,1350.4285714285713,5000.0,4.0,1856.9854122709949,84123.00259281589,0.0,0.0,0.0,473.1043839999999,473.104384,39.0,39.0,9.527742857142858,10.059,300.0,405.0,1.0,359.44285701632543,16325.584902966051,59.51714285714286,70.6,4.718242435657142,5.020106752,20.6,4.310992954514285,4.357021696,29.231427584,0.0,2216.4282692873203,0.6156745192464779,0.4389759322227387,713.0,632,Tesla T4,16106.12736,70.0,GPU-963b21b5-f207-d656-ea08-0b456c098fd0,Tesla T4,16106.12736,70.0,GPU-597f445a-b1c6-ff93-9d9b-85a347924989,580.159.04,1.0,57,1.0,2,1.0,60,1.0,67
a-mobilenetv4-base-f0-s1,a,mobilenetv4,base,0,1,42,1638,104832,1787865531.4097075,1787865569.448428,2026-08-27T21:18:51Z,2026-08-27T21:19:29Z,acct4,3,4e3d33,Interactive,29a25babc578,v2,5.165724036262787e-09,1.0,3.0529631913920404e-11,7.254038075415572e-05,2.5019034334642734e-06,9.511598182143643e-05,0.0,5.114374630466045e-07,5.9169849309909966e-05,0.0,371.62708003802555,4.883633013370759e-13,64.0,0,0,38.012824058532715,33.771251916885376,4.2402894496917725,23.526085376739502,9.827639818191528,8.808988571166992,0.27649831771850586,0.6188986469543458,0.260907680560381,0.26026058197021484,0.2653814792633057,0.280844235420227,73.90901605137174,8437074,8437074,1715.8101210594177,101487.95826808161,60,384,64,coral,coral_bce,0.0,session_balanced,adamw,0.0003,0.05,cosine,5,60,5.0,True,full,raw,full_frame,dataset_v1_1,fp16,2,mobilenetv4,0,1,base,a,29a25babc578,1.0,1.0,1.0,1.0,1.0,1.0,1.0,1.0,1.0,1.0,67,1.0,1.0,1.0,57,1.0,1.0,1.0,62,1.0,0.0,1.0,1.0,-0.0,1.999999975690116e-16,1.0,1.0,NA,0.0,0.0,0.0,0.0,25.17142857142857,99.0,0.0,6447.890431999999,6447.890432,76.94285714285714,79.0,47.791085714285714,94.043,1337.5714285714287,5000.0,4.0,1865.1827074536704,86002.82018267174,0.0,0.0,0.0,473.1043839999999,473.104384,39.0,39.0,9.499285714285714,10.556,300.0,405.0,1.0,362.0453074920424,16691.55070331603,60.39714285714286,70.2,4.780709595428572,5.04385536,20.0,4.309049343999999,4.309049344,29.118173184,0.0,2227.228014945713,0.6186744485960314,0.44111488184897035,713.0,640,Tesla T4,16106.12736,70.0,GPU-963b21b5-f207-d656-ea08-0b456c098fd0,Tesla T4,16106.12736,70.0,GPU-597f445a-b1c6-ff93-9d9b-85a347924989,580.159.04,1.0,57,1.0,2,1.0,60,1.0,67
a-mobilenetv4-base-f0-s1,a,mobilenetv4,base,0,1,43,1677,107328,1787865569.7109501,1787865607.351389,2026-08-27T21:19:29Z,2026-08-27T21:20:07Z,acct4,3,4e3d33,Interactive,29a25babc578,v2,7.060173009133035e-10,1.0,7.598333924418012e-12,6.533351716998465e-05,9.31754537229305e-08,1.3997515679875505e-06,0.0,4.232661609648869e-07,1.2863738743362767e-06,0.0,371.62499704080915,1.6380706771885172e-14,64.0,0,0,37.61616826057434,33.28242206573486,4.332666873931885,23.018837213516235,9.861719369888306,8.87717580795288,0.2678077220916748,0.6119399789489557,0.2613137563069661,0.2605605125427246,0.2638655662536621,0.28178842067718507,74.9945420159099,8437074,8437074,1753.426289319992,103708.04436301638,60,384,64,coral,coral_bce,0.0,session_balanced,adamw,0.0003,0.05,cosine,5,60,5.0,True,full,raw,full_frame,dataset_v1_1,fp16,2,mobilenetv4,0,1,base,a,29a25babc578,1.0,1.0,1.0,1.0,1.0,1.0,1.0,1.0,1.0,1.0,67,1.0,1.0,1.0,57,1.0,1.0,1.0,62,1.0,0.0,1.0,1.0,-0.0,1.999999975690116e-16,1.0,1.0,NA,0.0,0.0,0.0,0.0,26.2,99.0,0.0,6447.890431999999,6447.890432,77.22857142857143,79.0,49.65257142857143,70.629,1321.2857142857142,5000.0,4.0,1861.896348188966,87882.2499141708,0.0,0.0,0.0,473.1043839999999,473.104384,39.0,39.0,9.431457142857143,9.761,300.0,405.0,1.0,358.1897467458075,17053.641603465592,59.68857142857143,69.1,4.781398542628573,5.039345664,20.0,4.3105285851428565,4.360822784,29.231427584,0.0,2220.0860949347734,0.616690581926326,0.4397003849134704,713.0,634,Tesla T4,16106.12736,70.0,GPU-963b21b5-f207-d656-ea08-0b456c098fd0,Tesla T4,16106.12736,70.0,GPU-597f445a-b1c6-ff93-9d9b-85a347924989,580.159.04,1.0,57,1.0,2,1.0,60,1.0,67
a-mobilenetv4-base-f0-s1,a,mobilenetv4,base,0,1,44,1716,109824,1787865607.59909,1787865645.1129568,2026-08-27T21:20:07Z,2026-08-27T21:20:45Z,acct4,3,4e3d33,Interactive,29a25babc578,v2,2.772456880311683e-08,1.0,6.388366433820506e-11,5.840281805468426e-05,2.09150361011978e-05,0.0008143058512359858,0.0,4.5120290792510813e-07,0.0005051073317986245,0.0,371.62311571270345,3.286924296091769e-12,64.0,0,0,37.486979722976685,33.28701376914978,4.198387861251831,23.029532432556152,9.842610120773315,8.890303134918213,0.2694554328918457,0.6143341662289424,0.2611027925442427,0.259779691696167,0.26312966346740724,0.29041369438171377,74.98419705985398,8437074,8437074,1790.9132690429688,105914.75440690441,60,384,64,coral,coral_bce,0.0,session_balanced,adamw,0.0003,0.05,cosine,5,60,5.0,True,full,raw,full_frame,dataset_v1_1,fp16,2,mobilenetv4,0,1,base,a,29a25babc578,1.0,1.0,1.0,1.0,1.0,1.0,1.0,1.0,1.0,1.0,67,1.0,1.0,1.0,57,1.0,1.0,1.0,62,1.0,0.0,1.0,1.0,-0.0,1.999999975690116e-16,1.0,1.0,NA,0.0,0.0,0.0,0.0,25.685714285714287,99.0,0.0,6447.890431999999,6447.890432,76.88571428571429,78.0,47.92377142857143,68.669,1305.857142857143,5000.0,4.0,1849.1192933094135,89746.70356226113,0.0,0.0,0.0,473.1043839999999,473.104384,39.0,39.0,9.516599999999999,10.059,300.0,405.0,1.0,357.5907505786199,17414.46369439961,60.19714285714286,71.3,4.780609418971429,4.977741824,19.8,4.309348937142856,4.319535104,29.231427584,0.0,2206.7100438880334,0.6129750121911204,0.4370511836922688,713.0,630,Tesla T4,16106.12736,70.0,GPU-963b21b5-f207-d656-ea08-0b456c098fd0,Tesla T4,16106.12736,70.0,GPU-597f445a-b1c6-ff93-9d9b-85a347924989,580.159.04,1.0,57,1.0,2,1.0,60,1.0,67
a-mobilenetv4-base-f0-s1,a,mobilenetv4,base,0,1,45,1755,112320,1787865645.3807561,1787865683.6974592,2026-08-27T21:20:45Z,2026-08-27T21:21:23Z,acct4,3,4e3d33,Interactive,29a25babc578,v2,2.4693273132674313e-09,1.0,2.0380811957453886e-11,5.1770889908207245e-05,3.8017796883265805e-07,8.349454219569452e-06,0.0,2.7726064672606305e-06,6.435646018871908e-06,0.0,371.6214498624533,5.2962905605277255e-14,64.0,0,0,38.29053497314453,34.03230690956116,4.2566077709198,23.813037633895874,9.836552381515503,8.92609715461731,0.25075411796569824,0.6219040201605278,0.26024587337787336,0.2593867778778076,0.2630164623260498,0.2854115629196166,73.34207483004229,8437074,8437074,1829.2038040161133,108170.56163959707,60,384,64,coral,coral_bce,0.0,session_balanced,adamw,0.0003,0.05,cosine,5,60,5.0,True,full,raw,full_frame,dataset_v1_1,fp16,2,mobilenetv4,0,1,base,a,29a25babc578,1.0,1.0,1.0,1.0,1.0,1.0,1.0,1.0,1.0,1.0,67,1.0,1.0,1.0,57,1.0,1.0,1.0,62,1.0,0.0,1.0,1.0,-0.0,1.999999975690116e-16,1.0,1.0,NA,0.0,0.0,0.0,0.0,27.514285714285716,99.0,0.0,6447.890431999999,6447.890432,76.94285714285714,79.0,50.3734,90.083,1305.4285714285713,5000.0,4.0,1885.6788878449443,91650.80545984191,0.0,0.0,0.0,473.1043839999999,473.104384,39.0,39.0,9.613142857142856,10.059,300.0,405.0,1.0,370.1283448477152,17788.698369048405,59.83714285714285,69.6,4.740322216228572,4.912955392,19.6,4.310727065599999,4.3677696,29.231427584,0.0,2255.8072326926595,0.6266131201924054,0.4467751546971851,713.0,644,Tesla T4,16106.12736,70.0,GPU-963b21b5-f207-d656-ea08-0b456c098fd0,Tesla T4,16106.12736,70.0,GPU-597f445a-b1c6-ff93-9d9b-85a347924989,580.159.04,1.0,57,1.0,2,1.0,60,1.0,67
a-mobilenetv4-base-f0-s1,a,mobilenetv4,base,0,1,46,1794,114816,1787865683.971022,1787865721.8773105,2026-08-27T21:21:23Z,2026-08-27T21:22:01Z,acct4,3,4e3d33,Interactive,29a25babc578,v2,4.542884426724233e-09,1.0,2.6958201949131778e-11,4.5459364701705995e-05,1.5429678549084294e-06,5.974615123705007e-05,0.0,1.7355785644213042e-07,3.714382569228277e-05,0.0,371.619982074991,1.8874748889347106e-13,64.0,0,0,37.878310680389404,33.60983324050903,4.267277240753174,23.331050872802734,9.89284348487854,8.91652512550354,0.2549874782562256,0.6159475027718655,0.2617776821821164,0.26053667068481445,0.26508536338806155,0.2971221351623534,74.2639804886517,8437074,8437074,1867.0821146965027,110403.91228462299,60,384,64,coral,coral_bce,0.0,session_balanced,adamw,0.0003,0.05,cosine,5,60,5.0,True,full,raw,full_frame,dataset_v1_1,fp16,2,mobilenetv4,0,1,base,a,29a25babc578,1.0,1.0,1.0,1.0,1.0,1.0,1.0,1.0,1.0,1.0,67,1.0,1.0,1.0,57,1.0,1.0,1.0,62,1.0,0.0,1.0,1.0,-0.0,1.999999975690116e-16,1.0,1.0,NA,0.0,0.0,0.0,0.0,34.08571428571429,99.0,0.0,6447.890431999999,6447.890432,77.34285714285714,79.0,50.29002857142857,86.765,1287.857142857143,5000.0,4.0,1865.8839106180094,93535.55883739865,0.0,0.0,0.0,473.1043839999999,473.104384,39.0,39.0,9.657971428571429,10.258,300.0,405.0,1.0,367.4667344079062,18161.427835989285,60.297142857142845,72.9,4.750405983085715,4.930465792,19.7,4.309049343999999,4.309049344,29.118173184,0.0,2233.3506450259156,0.6203751791738654,0.44232750275096605,713.0,634,Tesla T4,16106.12736,70.0,GPU-963b21b5-f207-d656-ea08-0b456c098fd0,Tesla T4,16106.12736,70.0,GPU-597f445a-b1c6-ff93-9d9b-85a347924989,580.159.04,1.0,57,1.0,2,1.0,60,1.0,67
a-mobilenetv4-base-f0-s1,a,mobilenetv4,base,0,1,47,1833,117312,1787865722.1491542,1787865759.6843045,2026-08-27T21:22:02Z,2026-08-27T21:22:39Z,acct4,3,4e3d33,Interactive,29a25babc578,v2,5.02802728544667e-10,1.0,8.499790663720804e-12,3.948882931853924e-05,5.4046052192018415e-08,7.03791442902002e-07,0.0,4.1637634637936605e-07,6.828210302955994e-07,0.0,371.6186985476243,5.743024607460572e-15,64.0,0,0,37.51064443588257,33.37548542022705,4.133450984954834,23.181296586990356,9.794334650039673,8.843321084976196,0.2625114917755127,0.6179924908145592,0.25963643269661146,0.2586050033569336,0.26320886611938477,0.28523134708404535,74.7854291427717,8437074,8437074,1904.5927591323853,112614.86076918629,60,384,64,coral,coral_bce,0.0,session_balanced,adamw,0.0003,0.05,cosine,5,60,5.0,True,full,raw,full_frame,dataset_v1_1,fp16,2,mobilenetv4,0,1,base,a,29a25babc578,1.0,1.0,1.0,1.0,1.0,1.0,1.0,1.0,1.0,1.0,67,1.0,1.0,1.0,57,1.0,1.0,1.0,62,1.0,0.0,1.0,1.0,-0.0,1.999999975690116e-16,1.0,1.0,NA,0.0,0.0,0.0,0.0,26.944444444444443,99.0,0.0,6447.890431999998,6447.890432,76.66666666666667,78.0,47.47966666666667,69.159,1272.9166666666667,5000.0,4.0,1845.4812126466422,95397.93378794985,0.0,0.0,0.0,473.1043839999999,473.104384,39.0,39.0,9.674749999999998,10.158,300.0,405.0,1.0,365.46727191666287,18531.508513303837,59.08055555555555,72.9,4.728813112888889,4.853919744,19.6,4.310338218666666,4.334804992,29.231427584,0.0,2210.948484563305,0.6141523568231403,0.43789063041489906,713.0,632,Tesla T4,16106.12736,70.0,GPU-963b21b5-f207-d656-ea08-0b456c098fd0,Tesla T4,16106.12736,70.0,GPU-597f445a-b1c6-ff93-9d9b-85a347924989,580.159.04,1.0,57,1.0,2,1.0,60,1.0,67
a-mobilenetv4-base-f0-s1,a,mobilenetv4,base,0,1,48,1872,119808,1787865759.9484174,1787865798.56588,2026-08-27T21:22:39Z,2026-08-27T21:23:18Z,acct4,3,4e3d33,Interactive,29a25babc578,v2,3.838530072719823e-10,1.0,4.728587026118717e-11,3.3878758404137624e-05,4.676233909496939e-08,3.8555253922822885e-07,0.0,2.0465316339368684e-07,3.821526098590766e-07,0.0,371.61758914363753,4.263118955864287e-15,64.0,0,0,38.59092879295349,34.286056995391846,4.30326771736145,24.049710988998413,9.836719512939453,8.9070303440094,0.2599210739135742,0.6231959618808078,0.260634672947419,0.26001954078674316,0.26433448791503905,0.2852222061157226,72.79927232039165,8437074,8437074,1943.1836879253387,114949.043089895,60,384,64,coral,coral_bce,0.0,session_balanced,adamw,0.0003,0.05,cosine,5,60,5.0,True,full,raw,full_frame,dataset_v1_1,fp16,2,mobilenetv4,0,1,base,a,29a25babc578,1.0,1.0,1.0,1.0,1.0,1.0,1.0,1.0,1.0,1.0,67,1.0,1.0,1.0,57,1.0,1.0,1.0,62,1.0,0.0,1.0,1.0,-0.0,1.999999975690116e-16,1.0,1.0,NA,0.0,0.0,0.0,0.0,27.13888888888889,99.0,0.0,6447.890431999998,6447.890432,77.13888888888889,79.0,49.839999999999996,73.229,1333.75,5000.0,4.0,1960.0146376175253,97369.58019608067,0.0,0.0,0.0,473.1043839999999,473.104384,39.0,39.0,9.647361111111113,10.059,300.0,405.0,1.0,374.1676830911856,18908.95812164722,58.666666666666664,70.6,4.725496832,5.0080768,19.9,4.315852344888888,4.397654016,29.231427584,0.0,2334.182320708711,0.6483839779746419,0.46229777629591967,713.0,651,Tesla T4,16106.12736,70.0,GPU-963b21b5-f207-d656-ea08-0b456c098fd0,Tesla T4,16106.12736,70.0,GPU-597f445a-b1c6-ff93-9d9b-85a347924989,580.159.04,1.0,57,1.0,2,1.0,60,1.0,67
a-mobilenetv4-base-f0-s1,a,mobilenetv4,base,0,1,49,1911,122304,1787865798.8262806,1787865836.940494,2026-08-27T21:23:18Z,2026-08-27T21:23:56Z,acct4,3,4e3d33,Interactive,29a25babc578,v2,2.39831139293485e-09,1.0,3.2211137878854135e-11,2.8647450843757897e-05,4.531472614807614e-07,1.2603994036908261e-05,0.0,9.602931811514335e-07,9.440961921427493e-06,0.0,371.61664705342884,3.49325413734418e-14,64.0,0,0,38.08843469619751,33.8570191860199,4.230304718017578,23.634862422943115,9.819583415985107,8.837087631225586,0.2565286159515381,0.6205259578520473,0.2602003109760774,0.2591578960418701,0.2634736061096191,0.2835277366638183,73.72178827339408,8437074,8437074,1981.2721226215363,117176.45059263174,60,384,64,coral,coral_bce,0.0,session_balanced,adamw,0.0003,0.05,cosine,5,60,5.0,True,full,raw,full_frame,dataset_v1_1,fp16,2,mobilenetv4,0,1,base,a,29a25babc578,1.0,1.0,1.0,1.0,1.0,1.0,1.0,1.0,1.0,1.0,67,1.0,1.0,1.0,57,1.0,1.0,1.0,62,1.0,0.0,1.0,1.0,-0.0,1.999999975690116e-16,1.0,1.0,NA,0.0,0.0,0.0,0.0,25.555555555555557,99.0,0.0,6447.890431999998,6447.890432,76.86111111111111,78.0,48.08572222222222,85.842,1305.0,5000.0,4.0,1860.3183789595932,99242.68455390898,0.0,0.0,0.0,473.1043839999999,473.104384,39.0,39.0,9.589333333333334,9.96,300.0,405.0,1.0,367.0891237771393,19280.532357213586,59.31944444444446,72.1,4.823486577777777,5.060755456,20.0,4.309049343999998,4.309049344,29.231419392,0.0,2227.4075027367326,0.618724306315759,0.44115043040313623,713.0,640,Tesla T4,16106.12736,70.0,GPU-963b21b5-f207-d656-ea08-0b456c098fd0,Tesla T4,16106.12736,70.0,GPU-597f445a-b1c6-ff93-9d9b-85a347924989,580.159.04,1.0,57,1.0,2,1.0,60,1.0,67
a-mobilenetv4-base-f0-s1,a,mobilenetv4,base,0,1,50,1950,124800,1787865837.2082257,1787865874.4440532,2026-08-27T21:23:57Z,2026-08-27T21:24:34Z,acct4,3,4e3d33,Interactive,29a25babc578,v2,5.361919843032496e-10,1.0,1.716685474328913e-11,2.38119700753228e-05,7.982098774543071e-08,2.480892135281465e-06,0.0,2.130815374812301e-07,1.6344600078355087e-06,0.0,371.6158554526999,5.114676738594726e-15,64.0,0,0,37.20930624008179,32.9955370426178,4.212427377700806,22.72550344467163,9.872799396514893,8.921689510345459,0.2637796401977539,0.6107478408235348,0.2615475410070175,0.26079583168029785,0.26631946563720704,0.28624251842498777,75.64659416745086,8437074,8437074,2018.481428861618,119380.36847939025,60,384,64,coral,coral_bce,0.0,session_balanced,adamw,0.0003,0.05,cosine,5,60,5.0,True,full,raw,full_frame,dataset_v1_1,fp16,2,mobilenetv4,0,1,base,a,29a25babc578,1.0,1.0,1.0,1.0,1.0,1.0,1.0,1.0,1.0,1.0,67,1.0,1.0,1.0,57,1.0,1.0,1.0,62,1.0,0.0,1.0,1.0,-0.0,1.999999975690116e-16,1.0,1.0,NA,0.0,0.0,0.0,0.0,25.685714285714287,99.0,0.0,6447.890431999999,6447.890432,77.08571428571429,79.0,48.99097142857142,86.624,1328.142857142857,5000.0,4.0,1845.3566428463091,101108.74825293553,0.0,0.0,0.0,473.1043839999999,473.104384,39.0,39.0,9.556228571428571,10.551,300.0,405.0,1.0,358.5612439122051,19643.627073221993,59.99714285714286,69.1,4.736899364571428,4.948443136,19.7,4.3105791414857135,4.342472704,29.231427584,0.0,2203.917886758514,0.6121994129884761,0.43649818146078356,713.0,626,Tesla T4,16106.12736,70.0,GPU-963b21b5-f207-d656-ea08-0b456c098fd0,Tesla T4,16106.12736,70.0,GPU-597f445a-b1c6-ff93-9d9b-85a347924989,580.159.04,1.0,57,1.0,2,1.0,60,1.0,67
a-mobilenetv4-base-f0-s1,a,mobilenetv4,base,0,1,51,1989,127296,1787865875.1932747,1787865913.389569,2026-08-27T21:24:35Z,2026-08-27T21:25:13Z,acct4,3,4e3d33,Interactive,29a25babc578,v2,1.2900864748865546e-09,1.0,8.647215000497341e-12,1.9388088432033443e-05,1.7611825324610646e-07,2.115658617185545e-06,0.0,1.3179471579860552e-06,1.925203862356283e-06,0.0,371.61520285770644,9.188526847590358e-15,64.0,0,0,38.1698477268219,33.95292806625366,4.21530294418335,23.71909523010254,9.840144157409668,8.860423564910889,0.2553286552429199,0.6214092180785715,0.26040333356612766,0.25878453254699707,0.262893533706665,0.2873702096939087,73.51354189922762,8437074,8437074,2056.65127658844,121626.50635334969,60,384,64,coral,coral_bce,0.0,session_balanced,adamw,0.0003,0.05,cosine,5,60,5.0,True,full,raw,full_frame,dataset_v1_1,fp16,2,mobilenetv4,0,1,base,a,29a25babc578,1.0,1.0,1.0,1.0,1.0,1.0,1.0,1.0,1.0,1.0,67,1.0,1.0,1.0,57,1.0,1.0,1.0,62,1.0,0.0,1.0,1.0,-0.0,1.999999975690116e-16,1.0,1.0,NA,0.0,0.0,0.0,0.0,25.97142857142857,99.0,0.0,6447.890431999999,6447.890432,77.05714285714286,79.0,49.81788571428572,76.413,1306.7142857142858,5000.0,4.0,1881.048973276047,103025.21126625447,0.0,0.0,0.0,473.1043839999999,473.104384,39.0,39.0,9.499400000000001,9.857,300.0,405.0,1.0,365.08890068339315,20017.414100280108,59.34285714285714,69.3,4.720688215771429,5.063815168,20.4,4.309049343999999,4.309049344,29.118173184,0.0,2246.13787395944,0.6239271872109556,0.4448600844814114,713.0,642,Tesla T4,16106.12736,70.0,GPU-963b21b5-f207-d656-ea08-0b456c098fd0,Tesla T4,16106.12736,70.0,GPU-597f445a-b1c6-ff93-9d9b-85a347924989,580.159.04,1.0,57,1.0,2,1.0,60,1.0,67
a-mobilenetv4-base-f0-s1,a,mobilenetv4,base,0,1,52,2028,129792,1787865913.6605728,1787865951.7219222,2026-08-27T21:25:13Z,2026-08-27T21:25:51Z,acct4,3,4e3d33,Interactive,29a25babc578,v2,1.2112759823744327e-08,1.0,3.5513909092483125e-11,1.5390235696296265e-05,4.517954954289612e-06,7.977044151630253e-05,0.0,1.8195020402345203e-05,7.918052186141721e-05,0.0,371.6146786956859,1.8710884041452627e-13,128.0,0,0,38.03274607658386,33.82956290245056,4.200925350189209,23.55236005783081,9.873436450958252,8.810850858688354,0.26354289054870605,0.619265303914818,0.26158892802703076,0.2595851421356201,0.26670446395874026,0.288200421333313,73.78162133508363,8437074,8437074,2094.684022665024,123857.25980310413,60,384,64,coral,coral_bce,0.0,session_balanced,adamw,0.0003,0.05,cosine,5,60,5.0,True,full,raw,full_frame,dataset_v1_1,fp16,2,mobilenetv4,0,1,base,a,29a25babc578,1.0,1.0,1.0,1.0,1.0,1.0,1.0,1.0,1.0,1.0,67,1.0,1.0,1.0,57,1.0,1.0,1.0,62,1.0,0.0,1.0,1.0,-0.0,1.999999975690116e-16,1.0,1.0,NA,0.0,0.0,0.0,0.0,32.65714285714286,99.0,0.0,6447.890431999999,6447.890432,77.08571428571429,79.0,49.16282857142858,72.197,1320.4285714285713,5000.0,4.0,1868.1846011502203,104910.45594704627,0.0,0.0,0.0,473.1043839999999,473.104384,39.0,39.0,9.471114285714286,9.857,300.0,405.0,1.0,362.5688486042127,20383.880294445822,60.42285714285715,71.2,4.739088969142856,5.026783232,19.9,4.310011786971428,4.342734848,29.231427584,0.0,2230.753449754433,0.6196537360428981,0.4418131137985863,713.0,641,Tesla T4,16106.12736,70.0,GPU-963b21b5-f207-d656-ea08-0b456c098fd0,Tesla T4,16106.12736,70.0,GPU-597f445a-b1c6-ff93-9d9b-85a347924989,580.159.04,1.0,57,1.0,2,1.0,60,1.0,67
a-mobilenetv4-base-f0-s1,a,mobilenetv4,base,0,1,53,2067,132288,1787865952.0006518,1787865989.979579,2026-08-27T21:25:52Z,2026-08-27T21:26:29Z,acct4,3,4e3d33,Interactive,29a25babc578,v2,1.523484869348227e-09,1.0,2.128753632448856e-11,1.1831452032772498e-05,2.795648008020343e-07,4.558502496365691e-06,0.0,1.730271128508323e-06,4.0595158452560975e-06,0.0,371.61426736857857,8.900781862231975e-15,128.0,0,0,37.953213691711426,33.791966915130615,4.160028457641602,23.5824453830719,9.83436393737793,8.868740797042847,0.23727035522460938,0.6213556926859675,0.2599347982651148,0.25800395011901855,0.26392536163330077,0.28807516098022456,73.86370868167478,8437074,8437074,2132.6372363567352,126070.87585961257,60,384,64,coral,coral_bce,0.0,session_balanced,adamw,0.0003,0.05,cosine,5,60,5.0,True,full,raw,full_frame,dataset_v1_1,fp16,2,mobilenetv4,0,1,base,a,29a25babc578,1.0,1.0,1.0,1.0,1.0,1.0,1.0,1.0,1.0,1.0,67,1.0,1.0,1.0,57,1.0,1.0,1.0,62,1.0,0.0,1.0,1.0,-0.0,1.999999975690116e-16,1.0,1.0,NA,0.0,0.0,0.0,0.0,30.62857142857143,99.0,0.0,6447.890431999999,6447.890432,76.97142857142858,79.0,49.62454285714286,67.045,1326.0,5000.0,4.0,1852.22554736842,106777.06374380982,0.0,0.0,0.0,473.1043839999999,473.104384,39.0,39.0,9.459600000000002,9.956,300.0,405.0,1.0,361.3905091400193,20750.33395482667,60.220000000000006,71.0,4.730413290057143,4.862550016,19.6,4.309049343999999,4.309049344,29.118173184,0.0,2213.616056508439,0.614893349030122,0.438418957858477,713.0,638,Tesla T4,16106.12736,70.0,GPU-963b21b5-f207-d656-ea08-0b456c098fd0,Tesla T4,16106.12736,70.0,GPU-597f445a-b1c6-ff93-9d9b-85a347924989,580.159.04,1.0,57,1.0,2,1.0,60,1.0,67
a-mobilenetv4-base-f0-s1,a,mobilenetv4,base,0,1,54,2106,134784,1787865990.2592244,1787866027.6031897,2026-08-27T21:26:30Z,2026-08-27T21:27:07Z,acct4,3,4e3d33,Interactive,29a25babc578,v2,9.348261313152738e-11,1.0,3.135458417693287e-11,8.723345454071307e-06,7.005092164455653e-09,2.731985944137705e-07,0.0,0.0,1.69383128536537e-07,0.0,371.6139562288667,1.6443903105329052e-16,128.0,0,0,37.31720685958862,32.981229305267334,4.333881378173828,22.675114393234253,9.87507176399231,8.925107479095459,0.30118608474731445,0.6076316075464234,0.26250241964291304,0.26080870628356934,0.26613683700561525,0.2947164916992187,75.67941076111954,8437074,8437074,2169.954443216324,128274.38804379657,60,384,64,coral,coral_bce,0.0,session_balanced,adamw,0.0003,0.05,cosine,5,60,5.0,True,full,raw,full_frame,dataset_v1_1,fp16,2,mobilenetv4,0,1,base,a,29a25babc578,1.0,1.0,1.0,1.0,1.0,1.0,1.0,1.0,1.0,1.0,67,1.0,1.0,1.0,57,1.0,1.0,1.0,62,1.0,0.0,1.0,1.0,-0.0,1.999999975690116e-16,1.0,1.0,NA,0.0,0.0,0.0,0.0,32.61764705882353,99.0,1.0,6447.890431999999,6447.890432,77.20588235294117,79.0,49.5769705882353,93.07,1337.6470588235295,5000.0,4.0,1849.9930482072232,108648.98270417338,0.0,0.0,0.0,473.104384,473.104384,39.0,39.0,9.473823529411765,10.158,300.0,405.0,1.0,353.5191359767814,21108.84452341611,61.5735294117647,70.2,4.733992719058824,4.907954176,19.9,4.310487280941176,4.3579392,29.231427584,0.0,2203.5121841840046,0.6120867178288901,0.43641782981199867,713.0,629,Tesla T4,16106.12736,70.0,GPU-963b21b5-f207-d656-ea08-0b456c098fd0,Tesla T4,16106.12736,70.0,GPU-597f445a-b1c6-ff93-9d9b-85a347924989,580.159.04,1.0,57,1.0,2,1.0,60,1.0,67
a-mobilenetv4-base-f0-s1,a,mobilenetv4,base,0,1,55,2145,137280,1787866027.8658001,1787866066.1342697,2026-08-27T21:27:07Z,2026-08-27T21:27:46Z,acct4,3,4e3d33,Interactive,29a25babc578,v2,6.253972681818288e-09,1.0,1.693337193135177e-11,6.076053957825411e-06,6.392905493230617e-06,0.00023569977201987058,0.0,4.59852185485943e-06,0.00014845260121546685,0.0,371.6137324712583,1.0452691956735474e-13,128.0,0,0,38.244529008865356,33.99506068229675,4.247153043746948,23.775248289108276,9.829226970672607,8.92857313156128,0.24926352500915527,0.6216640367984922,0.2601395570314847,0.25901007652282715,0.2630789756774902,0.2973433446884154,73.42243107981318,8437074,8437074,2208.198972225189,130535.25990330103,60,384,64,coral,coral_bce,0.0,session_balanced,adamw,0.0003,0.05,cosine,5,60,5.0,True,full,raw,full_frame,dataset_v1_1,fp16,2,mobilenetv4,0,1,base,a,29a25babc578,1.0,1.0,1.0,1.0,1.0,1.0,1.0,1.0,1.0,1.0,67,1.0,1.0,1.0,57,1.0,1.0,1.0,62,1.0,0.0,1.0,1.0,-0.0,1.999999975690116e-16,1.0,1.0,NA,0.0,0.0,0.0,0.0,24.305555555555557,99.0,0.0,6447.890431999998,6447.890432,76.94444444444444,79.0,51.64794444444445,90.124,1260.8333333333333,5000.0,4.0,1896.809068456656,110561.18355097348,0.0,0.0,0.0,473.1043839999999,473.104384,39.0,39.0,9.451388888888888,9.96,300.0,405.0,1.0,364.0627910478106,21477.97927906401,59.300000000000004,71.1,4.770865038222222,5.092970496,20.1,4.31373152711111,4.408139776,29.231427584,0.0,2260.8718595044666,0.6280199609734629,0.4477782321740791,713.0,644,Tesla T4,16106.12736,70.0,GPU-963b21b5-f207-d656-ea08-0b456c098fd0,Tesla T4,16106.12736,70.0,GPU-597f445a-b1c6-ff93-9d9b-85a347924989,580.159.04,1.0,57,1.0,2,1.0,60,1.0,67
a-mobilenetv4-base-f0-s1,a,mobilenetv4,base,0,1,56,2184,139776,1787866066.3914664,1787866104.2332833,2026-08-27T21:27:46Z,2026-08-27T21:28:24Z,acct4,3,4e3d33,Interactive,29a25babc578,v2,4.2308336385941164e-09,1.0,7.614050257969183e-12,3.8982124586499795e-06,4.471957516271593e-06,0.00017397561168763787,0.0,1.4087118813677085e-07,0.00010792892070867266,0.0,371.613580800586,4.6910665823696e-14,128.0,0,0,37.814051151275635,33.52997279167175,4.28257942199707,23.299941778182983,9.844303846359253,8.813827991485596,0.2412872314453125,0.6161715306559259,0.2604312101999919,0.25949597358703613,0.26198248863220214,0.29159222602844226,74.44085969016837,8437074,8437074,2246.013023376465,132761.24778735157,60,384,64,coral,coral_bce,0.0,session_balanced,adamw,0.0003,0.05,cosine,5,60,5.0,True,full,raw,full_frame,dataset_v1_1,fp16,2,mobilenetv4,0,1,base,a,29a25babc578,1.0,1.0,1.0,1.0,1.0,1.0,1.0,1.0,1.0,1.0,67,1.0,1.0,1.0,57,1.0,1.0,1.0,62,1.0,0.0,1.0,1.0,-0.0,1.999999975690116e-16,1.0,1.0,NA,0.0,0.0,0.0,0.0,33.6,99.0,0.0,6447.890431999999,6447.890432,77.05714285714286,79.0,49.844142857142856,91.335,1332.857142857143,5000.0,4.0,1865.7381560682697,112452.36330971695,0.0,0.0,0.0,473.1043839999999,473.104384,39.0,39.0,9.525085714285716,9.96,300.0,405.0,1.0,360.2497279822637,21843.293447245887,60.14857142857142,71.0,4.737717745371428,4.967047168,20.1,4.311195179885713,4.370784256,29.231427584,0.0,2225.9878840505335,0.6183299677918148,0.44086926703556395,713.0,638,Tesla T4,16106.12736,70.0,GPU-963b21b5-f207-d656-ea08-0b456c098fd0,Tesla T4,16106.12736,70.0,GPU-597f445a-b1c6-ff93-9d9b-85a347924989,580.159.04,1.0,57,1.0,2,1.0,60,1.0,67
a-mobilenetv4-base-f0-s1,a,mobilenetv4,base,0,1,57,2223,142272,1787866104.4962656,1787866142.519742,2026-08-27T21:28:24Z,2026-08-27T21:29:02Z,acct4,3,4e3d33,Interactive,29a25babc578,v2,5.954334867075543e-09,1.0,4.3638620644169334e-11,2.1969246228460523e-06,1.3776519730357998e-06,4.4910750148119405e-05,0.0,2.092513227580641e-06,2.9185401940594495e-05,0.0,371.61348886522734,8.144477076214117e-15,128.0,0,0,37.993502140045166,33.71585655212402,4.275879383087158,23.398485898971558,9.840480327606201,8.764238834381104,0.31767868995666504,0.6158549378450044,0.26264200455103165,0.2602553367614746,0.272218656539917,0.2918320894241333,74.03044903045055,8437074,8437074,2284.00652551651,135032.5655329567,60,384,64,coral,coral_bce,0.0,session_balanced,adamw,0.0003,0.05,cosine,5,60,5.0,True,full,raw,full_frame,dataset_v1_1,fp16,2,mobilenetv4,0,1,base,a,29a25babc578,1.0,1.0,1.0,1.0,1.0,1.0,1.0,1.0,1.0,1.0,67,1.0,1.0,1.0,57,1.0,1.0,1.0,62,1.0,0.0,1.0,1.0,-0.0,1.999999975690116e-16,1.0,1.0,NA,0.0,0.0,0.0,0.0,23.63888888888889,99.0,0.0,6447.890431999998,6447.890432,77.08333333333333,79.0,49.22705555555555,84.137,1327.9166666666667,5000.0,4.0,1909.867286655819,114375.63414520447,0.0,0.0,0.0,473.1043839999999,473.104384,39.0,39.0,9.467916666666664,9.86,300.0,405.0,1.0,361.45045894932264,22208.559327898787,59.30555555555556,70.1,4.723765816888888,4.970655744,20.0,4.310072433777777,4.345880576,29.220810752,0.0,2271.3177456051417,0.6309215960014283,0.44984709794901834,713.0,641,Tesla T4,16106.12736,70.0,GPU-963b21b5-f207-d656-ea08-0b456c098fd0,Tesla T4,16106.12736,70.0,GPU-597f445a-b1c6-ff93-9d9b-85a347924989,580.159.04,1.0,57,1.0,2,1.0,60,1.0,67
a-mobilenetv4-base-f0-s1,a,mobilenetv4,base,0,1,58,2262,144768,1787866142.7668142,1787866180.357681,2026-08-27T21:29:02Z,2026-08-27T21:29:40Z,acct4,3,4e3d33,Interactive,29a25babc578,v2,1.0755536060719794e-10,1.0,5.91776431844949e-12,9.777396977174666e-07,1.66335153969554e-08,3.2253169024443196e-07,0.0,1.0360619882021643e-07,2.508467130724052e-07,0.0,371.61343157185087,4.3763887240048605e-17,128.0,0,0,37.560383558273315,33.30780363082886,4.250906944274902,23.077423334121704,9.819461822509766,8.780499935150146,0.26526832580566406,0.6144086174817165,0.26037018115703875,0.25968480110168457,0.2637582302093506,0.28350762844085686,74.93739388116741,8437074,8437074,2321.5669090747833,137249.74784860242,60,384,64,coral,coral_bce,0.0,session_balanced,adamw,0.0003,0.05,cosine,5,60,5.0,True,full,raw,full_frame,dataset_v1_1,fp16,2,mobilenetv4,0,1,base,a,29a25babc578,1.0,1.0,1.0,1.0,1.0,1.0,1.0,1.0,1.0,1.0,67,1.0,1.0,1.0,57,1.0,1.0,1.0,62,1.0,0.0,1.0,1.0,-0.0,1.999999975690116e-16,1.0,1.0,NA,0.0,0.0,0.0,0.0,25.0,99.0,0.0,6447.890431999999,6447.890432,77.02857142857142,79.0,49.0,78.664,1317.0,5000.0,4.0,1859.20148478818,116247.61908354037,0.0,0.0,0.0,473.1043839999999,473.104384,39.0,39.0,9.496542857142858,10.357,300.0,405.0,1.0,357.98083085752296,22571.519924599226,60.142857142857146,70.0,4.7073702473142855,4.94170112,19.7,4.309263740342859,4.31632384,29.231427584,0.0,2217.182315645703,0.6158839765682509,0.43912527529316286,713.0,628,Tesla T4,16106.12736,70.0,GPU-963b21b5-f207-d656-ea08-0b456c098fd0,Tesla T4,16106.12736,70.0,GPU-597f445a-b1c6-ff93-9d9b-85a347924989,580.159.04,1.0,57,1.0,2,1.0,60,1.0,67
a-mobilenetv4-base-f0-s1,a,mobilenetv4,base,0,1,59,2301,147264,1787866180.638296,1787866218.522669,2026-08-27T21:29:40Z,2026-08-27T21:30:18Z,acct4,3,4e3d33,Interactive,29a25babc578,v2,9.252795515320606e-10,1.0,6.096061454316203e-12,2.4463441107965276e-07,1.0198383776218506e-07,1.6643475646560546e-06,0.0,5.974155953936141e-07,1.4460917577707717e-06,0.0,371.61340755466136,6.713631850574506e-17,128.0,0,0,37.856383323669434,33.62986183166504,4.224899768829346,23.39717411994934,9.829949140548706,8.852033615112305,0.2646315097808838,0.6180509617071747,0.2605150296137883,0.2592015266418457,0.26416769027709963,0.28068011283874506,74.21975185309351,8437074,8437074,2359.4232923984528,139462.96254367311,60,384,64,coral,coral_bce,0.0,session_balanced,adamw,0.0003,0.05,cosine,5,60,5.0,True,full,raw,full_frame,dataset_v1_1,fp16,2,mobilenetv4,0,1,base,a,29a25babc578,1.0,1.0,1.0,1.0,1.0,1.0,1.0,1.0,1.0,1.0,67,1.0,1.0,1.0,57,1.0,1.0,1.0,62,1.0,0.0,1.0,1.0,-0.0,1.999999975690116e-16,1.0,1.0,NA,0.0,0.0,0.0,0.0,22.583333333333332,99.0,0.0,6447.890431999998,6447.890432,76.88888888888889,79.0,49.646138888888885,86.992,1292.9166666666667,5000.0,4.0,1849.1263752834493,118116.64571364988,0.0,0.0,0.0,473.1043839999999,473.104384,39.0,39.0,9.525722222222223,10.258,300.0,405.0,1.0,364.08831978726084,22940.06136336451,60.833333333333336,79.5,4.756970837333332,4.987817984,19.8,4.343232170666668,4.548661248,29.370912768,0.0,2213.21469507071,0.614781859741864,0.43833946599594903,713.0,638,Tesla T4,16106.12736,70.0,GPU-963b21b5-f207-d656-ea08-0b456c098fd0,Tesla T4,16106.12736,70.0,GPU-597f445a-b1c6-ff93-9d9b-85a347924989,580.159.04,1.0,57,1.0,2,1.0,60,1.0,67
a-mobilenetv4-base-f0-s1,a,mobilenetv4,base,0,1,60,2340,149760,1787866218.7866063,1787866257.481013,2026-08-27T21:30:18Z,2026-08-27T21:30:57Z,acct4,3,4e3d33,Interactive,29a25babc578,v2,1.641694390141471e-09,1.0,1.5356015480998026e-11,0.0,3.0781971633750334e-07,1.0760443728941027e-05,0.0,2.0195126069211342e-07,6.961540266274798e-06,0.0,371.61340755466136,0.0,128.0,0,0,38.66706442832947,34.44660949707031,4.219271421432495,24.199920415878296,9.84523892402649,8.88717269897461,0.2675621509552002,0.625853572637601,0.2609459192324907,0.25942158699035645,0.26776957511901855,0.2792760372161865,72.45996155912776,8437074,8437074,2398.090356826782,141733.26278541592,60,384,64,coral,coral_bce,0.0,session_balanced,adamw,0.0003,0.05,cosine,5,60,5.0,True,full,raw,full_frame,dataset_v1_1,fp16,2,mobilenetv4,0,1,base,a,29a25babc578,1.0,1.0,1.0,1.0,1.0,1.0,1.0,1.0,1.0,1.0,67,1.0,1.0,1.0,57,1.0,1.0,1.0,62,1.0,0.0,1.0,1.0,-0.0,1.999999975690116e-16,1.0,1.0,NA,0.0,0.0,0.0,0.0,28.54054054054054,99.0,0.0,6447.890431999998,6447.890432,77.0,79.0,48.03294594594594,70.433,1309.8648648648648,5000.0,4.0,1902.3585046932421,120041.1933650931,0.0,0.0,0.0,473.10438399999987,473.104384,39.0,39.0,9.459675675675674,9.86,300.0,405.0,1.0,367.9417370495721,23312.618779784723,58.18108108108109,73.4,4.781368403027026,5.127569408,20.5,4.349159590054055,4.37932032,29.270683648,0.0,2270.3002417428143,0.6306389560396706,0.44964557565628516,713.0,650,Tesla T4,16106.12736,70.0,GPU-963b21b5-f207-d656-ea08-0b456c098fd0,Tesla T4,16106.12736,70.0,GPU-597f445a-b1c6-ff93-9d9b-85a347924989,580.159.04,1.0,57,1.0,2,1.0,60,1.0,67
