run_id,stage,arch,technique,fold,seed,epoch,global_step,samples_seen,ts_start,ts_end,iso_start,iso_end,account,worker_id,session_id,host,config_hash,lib_version,train_loss,train_acc,val_loss,lr_group0,grad_norm_mean,grad_norm_max,grad_norm_p50,grad_norm_p95,grad_norm_p99,grad_clip_hit_rate,weight_norm_total,update_to_weight_ratio,amp_scale,amp_scale_decreases,nan_or_inf_batches,epoch_seconds,train_seconds,val_seconds,dataload_seconds,compute_seconds,backward_seconds,optimizer_seconds,dataload_frac,step_time_mean,step_time_p50,step_time_p90,step_time_p99,images_per_second,n_params_total,n_params_trainable,wall_seconds_cumulative,energy_joules_cumulative,epochs_planned,cfg_input_resolution,cfg_batch_size,cfg_head_type,cfg_loss_name,cfg_label_smoothing,cfg_sampler_name,cfg_optimizer_name,cfg_lr_initial,cfg_weight_decay,cfg_scheduler_name,cfg_warmup_epochs,cfg_max_epochs,cfg_grad_clip,cfg_pretrained,cfg_finetune_depth,cfg_preprocessing,cfg_roi_mode,cfg_augment_policy,cfg_precision,cfg_num_workers,cfg_arch,cfg_fold,cfg_seed,cfg_technique,cfg_stage,cfg_config_hash,val_acc,val_balanced_acc,val_f1_macro,val_f1_micro,val_f1_weighted,val_precision_macro,val_recall_macro,val_f1_low,val_recall_low,val_precision_low,val_support_low,val_f1_mid,val_recall_mid,val_precision_mid,val_support_mid,val_f1_high,val_recall_high,val_precision_high,val_support_high,val_qwk,val_mae_class,val_cohen_kappa,val_mcc,val_nll,val_brier,val_mean_confidence,val_mean_confidence_correct,val_mean_confidence_incorrect,val_overconfidence_gap,val_ece,val_mce,val_ace,gpu0_util_mean,gpu0_util_max,gpu0_util_p50,gpu0_mem_used_mb_mean,gpu0_mem_used_mb_peak,gpu0_temp_c_mean,gpu0_temp_c_max,gpu0_power_w_mean,gpu0_power_w_max,gpu0_sm_clock_mhz_mean,gpu0_mem_clock_mhz_mean,gpu0_throttle_reasons,gpu0_energy_joules_epoch,gpu0_energy_joules_cumulative,gpu1_util_mean,gpu1_util_max,gpu1_util_p50,gpu1_mem_used_mb_mean,gpu1_mem_used_mb_peak,gpu1_temp_c_mean,gpu1_temp_c_max,gpu1_power_w_mean,gpu1_power_w_max,gpu1_sm_clock_mhz_mean,gpu1_mem_clock_mhz_mean,gpu1_throttle_reasons,gpu1_energy_joules_epoch,gpu1_energy_joules_cumulative,cpu_percent_mean,cpu_percent_max,ram_used_gb_mean,ram_used_gb_peak,ram_percent_peak,proc_rss_gb_mean,proc_rss_gb_peak,proc_vms_gb_peak,swap_used_gb_peak,energy_joules_epoch,energy_wh_epoch,co2_g_epoch,carbon_intensity_g_per_kwh,power_sample_count,gpu0_name,gpu0_mem_total_mb,gpu0_power_limit_w,gpu0_uuid,gpu1_name,gpu1_mem_total_mb,gpu1_power_limit_w,gpu1_uuid,gpu_driver,val_acc_session_mileage_090000__session_001,val_n_session_mileage_090000__session_001,val_acc_session_mileage_100000_plus__session_002,val_n_session_mileage_100000_plus__session_002,val_acc_session_mileage_100000_plus__session_004,val_n_session_mileage_100000_plus__session_004,val_acc_session_new_tire__session_001,val_n_session_new_tire__session_001
a-mobilenetv4-base-f0-s2,a,mobilenetv4,base,0,2,1,39,2496,1787866493.4497447,1787866616.328019,2026-08-27T21:34:53Z,2026-08-27T21:36:56Z,acc2,1,387dcf,Interactive,0338743cfd8a,v2,1.6833019563894664,0.6955128205128205,0.9540050608176056,6e-05,,,,,,0.8205128205128205,371.72899075932935,,64.0,10,0,122.85225677490234,100.527330160141,22.322603225708008,22.62242197990417,77.53177404403687,57.05029654502869,0.2239706516265869,0.1841433163198166,1.995601825225048,0.2538390159606933,0.2582331180572509,42.35033245086653,24.82906883156897,8437074,8437074,122.85225677490234,7349.177425552608,60,384,64,coral,coral_bce,0.0,session_balanced,adamw,0.0003,0.05,cosine,5,60,5.0,True,full,raw,full_frame,dataset_v1_1,fp16,2,mobilenetv4,0,2,base,a,0338743cfd8a,0.9408602150537636,0.936545343458148,0.9376974775246576,0.9408602150537636,0.9403115395614698,0.9467592592592592,0.936545343458148,0.9924812030075189,0.9850746268656716,1.0,67,0.8952380952380952,0.8245614035087719,0.9791666666666666,57,0.9253731343283582,1.0,0.8611111111111112,62,0.9588512127428502,0.0591397849462365,0.9109428049098982,0.9145803848041938,0.3341633551545936,0.2248075002787263,0.8000986598512178,0.8044050179209028,0.7315884178335016,-0.1407615552025457,0.1543846825758616,0.4752890023779361,0.1543846825758616,39.72413793103448,100.0,9.0,4409.531003586207,11338.448896,76.93103448275862,80.0,52.33170689655172,97.583,1365.5172413793102,5000.0,4.0,6159.455634832384,6166.206537674667,0.0,0.0,0.0,473.1043840000001,473.104384,43.0,43.0,9.633275862068968,10.659,300.0,405.0,1.0,1189.721790720224,1192.022410614967,39.76637931034482,81.9,3.7645172171034487,4.413390848,18.1,4.189313942068965,4.285198336,33.011048448,0.0,7349.177425552608,2.041438173764613,1.4555454178941694,713.0,2092,Tesla T4,16106.12736,70.0,GPU-9ea51358-3fcd-8f1d-9048-182f0751bb29,Tesla T4,16106.12736,70.0,GPU-56a588ec-84d8-57eb-6296-71941e94e8a6,580.159.04,0.8245614035087719,57,1.0,2,1.0,60,0.9850746268656716,67
a-mobilenetv4-base-f0-s2,a,mobilenetv4,base,0,2,2,78,4992,1787866616.7368965,1787866655.644785,2026-08-27T21:36:56Z,2026-08-27T21:37:35Z,acc2,1,387dcf,Interactive,0338743cfd8a,v2,0.0126553014367676,0.9939903846153846,1.3024048539191256e-06,0.0001199999999999,32.14224313090568,232.9698181152344,4.010458469390869,107.28509521484382,202.00298400878884,0.4615384615384615,371.72936892768223,1.0376014106270551e-05,64.0,0,0,38.888614654541016,34.51215958595276,4.375222206115723,23.943392038345337,10.124125719070436,9.122817993164062,0.2836642265319824,0.6156915655402364,0.2688064452929374,0.2558937072753906,0.2609066009521484,0.5627334690093984,72.32233595187505,8437074,8437074,161.74087142944336,9533.476088534831,60,384,64,coral,coral_bce,0.0,session_balanced,adamw,0.0003,0.05,cosine,5,60,5.0,True,full,raw,full_frame,dataset_v1_1,fp16,2,mobilenetv4,0,2,base,a,0338743cfd8a,1.0,1.0,1.0,1.0,1.0,1.0,1.0,1.0,1.0,1.0,67,1.0,1.0,1.0,57,1.0,1.0,1.0,62,1.0,0.0,1.0,1.0,2.600816736338312e-06,1.2947989263328347e-09,0.9999973995070304,0.9999973995070304,,-2.6004929696288315e-06,2.6004929696288315e-06,2.6004929696288315e-06,2.6004929696288315e-06,23.52777777777778,99.0,0.0,6296.021674666666,6447.890432,77.75,80.0,48.581472222222224,78.272,1385.0,5000.0,4.0,1809.7243695824136,8001.5009882998465,0.0,0.0,0.0,473.1043839999999,473.104384,43.02777777777778,44.0,9.564638888888888,9.765,300.0,405.0,1.0,374.5742933998099,1572.4963344387995,59.74722222222223,78.2,4.185996515555555,4.504846336,18.4,4.277972992,4.277972992,29.098397696,0.0,2184.2986629822235,0.6067496286061732,0.4326124851962014,713.0,644,Tesla T4,16106.12736,70.0,GPU-9ea51358-3fcd-8f1d-9048-182f0751bb29,Tesla T4,16106.12736,70.0,GPU-56a588ec-84d8-57eb-6296-71941e94e8a6,580.159.04,1.0,57,1.0,2,1.0,60,1.0,67
a-mobilenetv4-base-f0-s2,a,mobilenetv4,base,0,2,3,117,7488,1787866656.1831634,1787866694.8373318,2026-08-27T21:37:36Z,2026-08-27T21:38:14Z,acc2,1,387dcf,Interactive,0338743cfd8a,v2,0.0492329950473614,0.9931891025641024,0.0001248807057418,0.0001799999999999,19.12588917430936,165.0712890625,0.0320810191333293,98.9349388122559,148.33243286132802,0.3076923076923077,371.732617299459,9.261119124777686e-06,64.0,0,0,38.63385677337647,34.30727028846741,4.325348138809204,24.3532292842865,9.53696346282959,8.573904275894165,0.2651174068450928,0.6303597755497428,0.2532243728637695,0.2516515254974365,0.2569138050079346,0.2789524698257445,72.75425817946947,8437074,8437074,200.37472820281985,11634.674455670587,60,384,64,coral,coral_bce,0.0,session_balanced,adamw,0.0003,0.05,cosine,5,60,5.0,True,full,raw,full_frame,dataset_v1_1,fp16,2,mobilenetv4,0,2,base,a,0338743cfd8a,1.0,1.0,1.0,1.0,1.0,1.0,1.0,1.0,1.0,1.0,67,1.0,1.0,1.0,57,1.0,1.0,1.0,62,1.0,0.0,1.0,1.0,0.0002497624556074,1.1204619164051537e-05,0.9997530944885746,0.9997530944885746,,-0.0002469055114253,0.0002469055114253,0.0002469055114253,0.0002469055114253,25.33333333333333,99.0,0.0,6447.890431999998,6447.890432,76.27777777777777,79.0,44.22277777777777,82.378,1340.4166666666667,5000.0,4.0,1728.0139630100657,9752.643213606589,0.0,0.0,0.0,473.1043839999999,473.104384,43.388888888888886,44.0,9.60125,9.967,300.0,405.0,1.0,373.18440412569066,1952.8579138505447,59.90833333333333,70.9,4.32306426311111,4.596547584,18.7,4.279948174222223,4.349079552,29.211652096,0.0,2101.1983671357566,0.5836662130932657,0.4161540099354984,713.0,653,Tesla T4,16106.12736,70.0,GPU-9ea51358-3fcd-8f1d-9048-182f0751bb29,Tesla T4,16106.12736,70.0,GPU-56a588ec-84d8-57eb-6296-71941e94e8a6,580.159.04,1.0,57,1.0,2,1.0,60,1.0,67
a-mobilenetv4-base-f0-s2,a,mobilenetv4,base,0,2,4,156,9984,1787866695.0964482,1787866733.2881708,2026-08-27T21:38:15Z,2026-08-27T21:38:53Z,acc2,1,387dcf,Interactive,0338743cfd8a,v2,0.003949390022023,0.998397435897436,0.0068177108362477,0.0002399999999999,5.111056278801417,84.3981704711914,0.0077996528707444,29.573419189453144,67.91611694335927,0.1794871794871795,371.7428820060265,3.299736366956057e-06,64.0,0,0,38.17111325263977,33.87530970573425,4.2941436767578125,23.87509632110596,9.582574367523192,8.597760915756226,0.2720468044281006,0.6254755045546083,0.254461007240491,0.2525932788848877,0.2597548484802246,0.291384925842285,73.68198318132244,8437074,8437074,238.5458414554596,13760.308268475044,60,384,64,coral,coral_bce,0.0,session_balanced,adamw,0.0003,0.05,cosine,5,60,5.0,True,full,raw,full_frame,dataset_v1_1,fp16,2,mobilenetv4,0,2,base,a,0338743cfd8a,0.9946236559139784,0.9941520467836256,0.9943834808259586,0.9946236559139784,0.9946213721571986,0.9947089947089948,0.9941520467836256,1.0,1.0,1.0,67,0.991150442477876,0.9824561403508772,1.0,57,0.992,1.0,0.984126984126984,62,0.9961357875929696,0.0053763440860215,0.9919162067017254,0.9919593522273166,0.0136354246918916,0.0090634983774956,0.9993152355635038,0.9997593480187492,0.9171544313430786,0.0046915796495252,0.0051702959563142,0.9171544313430786,0.0051702959563142,27.02777777777778,98.0,0.0,6447.890431999998,6447.890432,77.61111111111111,79.0,46.86580555555557,80.328,1322.0833333333333,5000.0,4.0,1750.167598031514,11513.712715032085,0.0,0.0,0.0,473.1043839999999,473.104384,44.0,44.0,9.77986111111111,10.162,300.0,405.0,1.0,375.46621477294207,2332.691492773773,59.53333333333333,73.3,4.366433052444444,4.527689728,18.5,4.278060373333334,4.28111872,29.211652096,0.0,2125.6338128044563,0.5904538368901268,0.4209935857026604,713.0,640,Tesla T4,16106.12736,70.0,GPU-9ea51358-3fcd-8f1d-9048-182f0751bb29,Tesla T4,16106.12736,70.0,GPU-56a588ec-84d8-57eb-6296-71941e94e8a6,580.159.04,0.9824561403508772,57,1.0,2,1.0,60,1.0,67
a-mobilenetv4-base-f0-s2,a,mobilenetv4,base,0,2,5,195,12480,1787866733.5560024,1787866772.389338,2026-08-27T21:38:53Z,2026-08-27T21:39:32Z,acc2,1,387dcf,Interactive,0338743cfd8a,v2,0.0235122794752886,0.999198717948718,0.0004000093354536,0.0003,16.534402207790958,643.0302734375,3.138495969778887e-07,0.4551587849855427,398.9492596161349,0.0256410256410256,371.74252935011015,1.3343430656183052e-05,64.0,0,0,38.81383013725281,34.46577477455139,4.3464226722717285,24.54170036315918,9.48238444328308,8.49112319946289,0.2960636615753174,0.6322926718743096,0.2523530813363882,0.2496941089630127,0.2569311141967773,0.2819834470748901,72.4196689709404,8437074,8437074,277.3596715927124,15958.922891149508,60,384,64,coral,coral_bce,0.0,session_balanced,adamw,0.0003,0.05,cosine,5,60,5.0,True,full,raw,full_frame,dataset_v1_1,fp16,2,mobilenetv4,0,2,base,a,0338743cfd8a,1.0,1.0,1.0,1.0,1.0,1.0,1.0,1.0,1.0,1.0,67,1.0,1.0,1.0,57,1.0,1.0,1.0,62,1.0,0.0,1.0,1.0,0.00080001539849,0.0001756676166345,0.9992480169060408,0.9992480169060408,,-0.000751983093959,0.000751983093959,0.1275439262390136,0.000751983093959,20.0,96.0,0.0,6447.890431999998,6447.890432,76.8108108108108,79.0,46.153945945945935,70.814,1390.5405405405406,5000.0,4.0,1814.7392408029973,13342.746341352917,0.0,0.0,0.0,473.1043839999999,473.104384,44.0,44.0,9.811027027027023,10.361,300.0,405.0,1.0,383.8753818714663,2721.08985170961,59.22162162162165,71.7,4.33262348454054,4.533833728,18.5,4.281866184648648,4.38827008,29.211652096,0.0,2198.614622674464,0.6107262840762399,0.435447840546359,713.0,656,Tesla T4,16106.12736,70.0,GPU-9ea51358-3fcd-8f1d-9048-182f0751bb29,Tesla T4,16106.12736,70.0,GPU-56a588ec-84d8-57eb-6296-71941e94e8a6,580.159.04,1.0,57,1.0,2,1.0,60,1.0,67
a-mobilenetv4-base-f0-s2,a,mobilenetv4,base,0,2,6,234,14976,1787866783.2773306,1787866822.1541138,2026-08-27T21:39:43Z,2026-08-27T21:40:22Z,acc2,1,387dcf,Interactive,0338743cfd8a,v2,4.5490440601015105e-09,1.0,0.0003591743857253,0.0002997553655889,2.0348592410248155e-05,0.0004305832844693,0.0,4.986838230252077e-05,0.0003902462427504,0.0,371.7336519022415,1.6408521870271615e-11,64.0,0,0,38.852691411972046,34.44424319267273,4.406376838684082,24.612110376358032,9.434768199920654,8.501017332077026,0.2660834789276123,0.6334724695230269,0.2502960364023844,0.2490115165710449,0.2519697189331055,0.2866676759719847,72.46493952670065,8437074,8437074,316.21236300468445,18118.489582655668,60,384,64,coral,coral_bce,0.0,session_balanced,adamw,0.0003,0.05,cosine,5,60,5.0,True,full,raw,full_frame,dataset_v1_1,fp16,2,mobilenetv4,0,2,base,a,0338743cfd8a,1.0,1.0,1.0,1.0,1.0,1.0,1.0,1.0,1.0,1.0,67,1.0,1.0,1.0,57,1.0,1.0,1.0,62,1.0,0.0,1.0,1.0,0.0007183447935488,0.0001525040473554,0.999323099210698,0.999323099210698,,-0.0006769007893019,0.0006769007893019,0.1189979910850524,0.0006769007893019,20.37837837837838,99.0,0.0,6447.890431999998,6447.890432,77.35135135135135,80.0,48.01218918918918,84.874,1332.162162162162,5000.0,4.0,1774.9999068918332,15450.701238182786,0.0,0.0,0.0,473.1043839999999,473.104384,44.0,44.0,9.784486486486488,10.262,300.0,405.0,1.0,384.5667846143265,3215.996578512675,58.21621621621622,70.5,4.43383033081081,4.673437696,18.9,4.278001663999998,4.278001664,29.106405376,0.0,2159.56669150616,0.5998796365294888,0.4277141808455255,713.0,654,Tesla T4,16106.12736,70.0,GPU-9ea51358-3fcd-8f1d-9048-182f0751bb29,Tesla T4,16106.12736,70.0,GPU-56a588ec-84d8-57eb-6296-71941e94e8a6,580.159.04,1.0,57,1.0,2,1.0,60,1.0,67
a-mobilenetv4-base-f0-s2,a,mobilenetv4,base,0,2,7,273,17472,1787866822.4146795,1787866861.1571195,2026-08-27T21:40:22Z,2026-08-27T21:41:01Z,acc2,1,387dcf,Interactive,0338743cfd8a,v2,0.0093003178214775,0.9967948717948718,9.688063133480932e-05,0.0002990222603022,6.30839919425274,72.62076568603516,0.0,43.713611984252935,62.323364944457936,0.1538461538461538,371.7367899637443,5.074428565810042e-06,64.0,0,0,38.72248005867005,34.282517433166504,4.438499927520752,24.382826805114743,9.489762783050535,8.488730907440186,0.2660155296325683,0.6296814348711991,0.2519888266538962,0.2496492862701416,0.2557443618774414,0.2852521276473997,72.80678861655747,8437074,8437074,354.9348430633545,20278.66969599964,60,384,64,coral,coral_bce,0.0,session_balanced,adamw,0.0003,0.05,cosine,5,60,5.0,True,full,raw,full_frame,dataset_v1_1,fp16,2,mobilenetv4,0,2,base,a,0338743cfd8a,1.0,1.0,1.0,1.0,1.0,1.0,1.0,1.0,1.0,1.0,67,1.0,1.0,1.0,57,1.0,1.0,1.0,62,1.0,0.0,1.0,1.0,0.0001937674306778,5.422642803634844e-06,0.9998076058203176,0.9998076058203176,,-0.0001923941796825,0.0001923941796825,0.0001923941796825,0.0001923941796825,27.80555555555556,99.0,0.0,6447.890431999998,6447.890432,76.91666666666667,79.0,45.39869444444445,70.869,1350.0,5000.0,4.0,1778.4705323009675,17248.146667920133,0.0,0.0,0.0,473.1043839999999,473.104384,44.0,44.0,9.790722222222222,10.262,300.0,405.0,1.0,381.7095810430064,3602.354476296433,59.70277777777778,71.5,4.520882062222223,4.696383488,19.0,4.282754844444443,4.38816768,29.219659776,0.0,2160.180113343974,0.6000500314844373,0.4278356724484037,713.0,654,Tesla T4,16106.12736,70.0,GPU-9ea51358-3fcd-8f1d-9048-182f0751bb29,Tesla T4,16106.12736,70.0,GPU-56a588ec-84d8-57eb-6296-71941e94e8a6,580.159.04,1.0,57,1.0,2,1.0,60,1.0,67
a-mobilenetv4-base-f0-s2,a,mobilenetv4,base,0,2,8,312,19968,1787866861.4221933,1787866899.9756503,2026-08-27T21:41:01Z,2026-08-27T21:41:39Z,acc2,1,387dcf,Interactive,0338743cfd8a,v2,0.109926299493569,0.9811698717948718,6.930949299550615e-15,0.0002978030753771,20.477354275706205,113.91641998291016,7.60062837600708,73.8691246032715,102.04473373413076,0.5384615384615384,371.82273398577286,1.6400877411455312e-05,64.0,0,0,38.53382968902588,34.14058566093445,4.391664505004883,24.11463761329651,9.62062168121338,8.626861572265625,0.2640678882598877,0.6258043336960136,0.2551560952113225,0.2549288272857666,0.2596028804779052,0.2863722944259643,73.1094663925482,8437074,8437074,393.4686727523804,22450.727146690417,60,384,64,coral,coral_bce,0.0,session_balanced,adamw,0.0003,0.05,cosine,5,60,5.0,True,full,raw,full_frame,dataset_v1_1,fp16,2,mobilenetv4,0,2,base,a,0338743cfd8a,1.0,1.0,1.0,1.0,1.0,1.0,1.0,1.0,1.0,1.0,67,1.0,1.0,1.0,57,1.0,1.0,1.0,62,1.0,0.0,1.0,1.0,-0.0,1.9999999756901162e-16,1.0,1.0,,0.0,0.0,0.0,0.0,25.11111111111111,98.0,0.0,6447.890431999998,6447.890432,77.11111111111111,79.0,47.07669444444444,73.026,1328.3333333333333,5000.0,4.0,1796.155221298246,19061.45985699945,0.0,0.0,0.0,473.1043839999999,473.104384,44.0,44.0,9.713277777777776,10.361,300.0,405.0,1.0,375.90222939252953,3982.409781689415,59.82777777777778,69.9,4.533335495111111,4.720246784,19.0,4.278090865777776,4.281212928,29.219659776,0.0,2172.057450690776,0.6033492918585488,0.4301880450951453,713.0,652,Tesla T4,16106.12736,70.0,GPU-9ea51358-3fcd-8f1d-9048-182f0751bb29,Tesla T4,16106.12736,70.0,GPU-56a588ec-84d8-57eb-6296-71941e94e8a6,580.159.04,1.0,57,1.0,2,1.0,60,1.0,67
a-mobilenetv4-base-f0-s2,a,mobilenetv4,base,0,2,9,351,22464,1787866900.2432988,1787866939.0104494,2026-08-27T21:41:40Z,2026-08-27T21:42:19Z,acc2,1,387dcf,Interactive,0338743cfd8a,v2,0.0353040654707306,0.9923878205128204,1.788774901092414e-08,0.0002961017875413,6.4082741620357,50.52610397338867,0.0046022534370422,29.787438011169456,48.04098915100096,0.282051282051282,371.8612820233512,5.102713098038163e-06,64.0,0,0,38.746459007263184,34.38435244560242,4.360835552215576,24.48302388191223,9.496034860610962,8.572691679000854,0.268268346786499,0.6318777124207089,0.2520325183868408,0.2499535083770752,0.2574039936065674,0.2814575004577636,72.59115913114209,8437074,8437074,432.2151317596436,24635.50953406432,60,384,64,coral,coral_bce,0.0,session_balanced,adamw,0.0003,0.05,cosine,5,60,5.0,True,full,raw,full_frame,dataset_v1_1,fp16,2,mobilenetv4,0,2,base,a,0338743cfd8a,1.0,1.0,1.0,1.0,1.0,1.0,1.0,1.0,1.0,1.0,67,1.0,1.0,1.0,57,1.0,1.0,1.0,62,1.0,0.0,1.0,1.0,3.653189330495041e-08,5.718923450056094e-14,0.9999999634681208,0.9999999634681208,,-3.653187907737277e-08,3.653187907737277e-08,3.653187907737277e-08,3.653187907737277e-08,22.89189189189189,98.0,0.0,6447.890431999998,6447.890432,76.97297297297297,79.0,44.31970270270269,96.051,1368.6486486486488,5000.0,4.0,1809.5699837333923,20888.398012082365,0.0,0.0,0.0,473.1043839999999,473.104384,44.0,44.0,9.68754054054054,10.063,300.0,405.0,1.0,375.212403640508,4362.241685759076,58.31351351351351,69.6,4.653394307459459,4.968841216,20.2,4.281343999999999,4.350418944,29.219659776,0.0,2184.7823873739003,0.60688399649275,0.4327082894993308,713.0,654,Tesla T4,16106.12736,70.0,GPU-9ea51358-3fcd-8f1d-9048-182f0751bb29,Tesla T4,16106.12736,70.0,GPU-56a588ec-84d8-57eb-6296-71941e94e8a6,580.159.04,1.0,57,1.0,2,1.0,60,1.0,67
a-mobilenetv4-base-f0-s2,a,mobilenetv4,base,0,2,10,390,24960,1787866939.2814689,1787866977.093969,2026-08-27T21:42:19Z,2026-08-27T21:42:57Z,acc2,1,387dcf,Interactive,0338743cfd8a,v2,0.0347005044193713,0.997596153846154,1.3187259074457155e-09,0.0002939239460421,13.312293752213971,430.2756652832031,3.670852311188355e-05,21.94101295471192,276.64447196960344,0.1282051282051282,371.8647310152689,1.0522110821966216e-05,64.0,0,0,37.79136157035828,33.38556385040283,4.404542207717896,23.48872017860413,9.469661235809326,8.435352087020874,0.2820594310760498,0.6215367534422879,0.2518840875381078,0.2501556873321533,0.2565439224243164,0.2805478048324584,74.76285292602249,8437074,8437074,470.0064933300018,26756.325837580487,60,384,64,coral,coral_bce,0.0,session_balanced,adamw,0.0003,0.05,cosine,5,60,5.0,True,full,raw,full_frame,dataset_v1_1,fp16,2,mobilenetv4,0,2,base,a,0338743cfd8a,1.0,1.0,1.0,1.0,1.0,1.0,1.0,1.0,1.0,1.0,67,1.0,1.0,1.0,57,1.0,1.0,1.0,62,1.0,0.0,1.0,1.0,2.5636412467204237e-09,2.6443405937393306e-15,0.9999999974363594,0.9999999974363594,,-2.5636406331130956e-09,2.5636406331130956e-09,2.5636406331130956e-09,2.5636406331130956e-09,31.228571428571428,99.0,0.0,6447.890431999999,6447.890432,76.97142857142858,79.0,45.12802857142857,71.413,1371.428571428571,5000.0,4.0,1754.127530906699,22654.668012015867,0.0,0.0,0.0,473.1043839999999,473.104384,44.0,44.0,9.660085714285715,10.46,300.0,405.0,1.0,366.688772609471,4733.022497915514,59.731428571428566,70.4,4.616162859885714,4.94399488,19.7,4.284311844571427,4.38423552,29.219659776,0.0,2120.8163035161697,0.5891156398656027,0.4200394512241747,713.0,638,Tesla T4,16106.12736,70.0,GPU-9ea51358-3fcd-8f1d-9048-182f0751bb29,Tesla T4,16106.12736,70.0,GPU-56a588ec-84d8-57eb-6296-71941e94e8a6,580.159.04,1.0,57,1.0,2,1.0,60,1.0,67
a-mobilenetv4-base-f0-s2,a,mobilenetv4,base,0,2,11,429,27456,1787866977.4944713,1787867016.222586,2026-08-27T21:42:57Z,2026-08-27T21:43:36Z,acc2,1,387dcf,Interactive,0338743cfd8a,v2,0.0121484968750193,0.997596153846154,1.3335477063927808e-15,0.0002912766545459,1.842191872870264,24.98194694519043,0.0,18.013515853881838,23.203504066467275,0.1025641025641025,371.8602324012618,1.4429816339767569e-06,64.0,0,0,38.70815753936768,34.30062699317932,4.405877590179443,24.41844367980957,9.467365026474,8.539320230484009,0.2781229019165039,0.6308345638764924,0.2514933928465231,0.2491567134857177,0.2559417724609375,0.2899508571624755,72.76834911782602,8437074,8437074,508.7146508693695,28949.880594444527,60,384,64,coral,coral_bce,0.0,session_balanced,adamw,0.0003,0.05,cosine,5,60,5.0,True,full,raw,full_frame,dataset_v1_1,fp16,2,mobilenetv4,0,2,base,a,0338743cfd8a,1.0,1.0,1.0,1.0,1.0,1.0,1.0,1.0,1.0,1.0,67,1.0,1.0,1.0,57,1.0,1.0,1.0,62,1.0,0.0,1.0,1.0,-0.0,1.9999999756901162e-16,1.0,1.0,,0.0,0.0,0.0,0.0,23.83333333333333,99.0,0.0,6447.890431999998,6447.890432,77.27777777777777,79.0,45.24816666666666,68.81,1408.75,5000.0,4.0,1817.2300615589372,24488.20802296927,0.0,0.0,0.0,473.1043839999999,473.104384,44.0,44.0,9.624305555555557,10.162,300.0,405.0,1.0,376.324695305103,5114.323146197083,59.138888888888886,68.6,4.639694392888888,4.82412544,19.3,4.278001663999998,4.278001664,29.106405376,0.0,2193.5547568640404,0.6093207657955668,0.4344457060122391,713.0,654,Tesla T4,16106.12736,70.0,GPU-9ea51358-3fcd-8f1d-9048-182f0751bb29,Tesla T4,16106.12736,70.0,GPU-56a588ec-84d8-57eb-6296-71941e94e8a6,580.159.04,1.0,57,1.0,2,1.0,60,1.0,67
a-mobilenetv4-base-f0-s2,a,mobilenetv4,base,0,2,12,468,29952,1787867016.492835,1787867055.2692518,2026-08-27T21:43:36Z,2026-08-27T21:44:15Z,acc2,1,387dcf,Interactive,0338743cfd8a,v2,0.007010376018522,0.997596153846154,4.055695457508835e-19,0.0002881685479672,1.909749209950465,21.186620712280277,3.6277808135309897e-07,14.422718524932865,19.229602012634263,0.1282051282051282,371.86095583150654,1.4799339596769727e-06,64.0,0,0,38.755271434783936,34.342164516448975,4.411515235900879,24.47471523284912,9.437408208847046,8.478090524673462,0.2831530570983886,0.6315196443413987,0.2509254981309939,0.2486507892608642,0.2564663410186767,0.2851140689849852,72.68033436868788,8437074,8437074,547.4699223041534,31121.22865908431,60,384,64,coral,coral_bce,0.0,session_balanced,adamw,0.0003,0.05,cosine,5,60,5.0,True,full,raw,full_frame,dataset_v1_1,fp16,2,mobilenetv4,0,2,base,a,0338743cfd8a,1.0,1.0,1.0,1.0,1.0,1.0,1.0,1.0,1.0,1.0,67,1.0,1.0,1.0,57,1.0,1.0,1.0,62,1.0,0.0,1.0,1.0,1.2818203750521731e-09,4.299982513092811e-16,0.9999999987181796,0.9999999987181796,,-1.2818203165565476e-09,1.2818203165565476e-09,1.2818203165565476e-09,1.2818203165565476e-09,22.54054054054054,99.0,0.0,6447.890431999998,6447.890432,76.89189189189189,78.0,48.15724324324325,92.407,1368.2432432432431,5000.0,4.0,1794.792502695058,26297.872996985912,0.0,0.0,0.0,473.1043839999999,473.104384,44.0,44.0,9.609270270270272,9.964,300.0,405.0,1.0,376.5555619447259,5494.099741115813,58.43783783783783,69.2,4.640350982918919,4.835622912,19.4,4.27822129816216,4.286128128,29.219659776,0.0,2171.348064639784,0.6031522401777177,0.4300475472467127,713.0,654,Tesla T4,16106.12736,70.0,GPU-9ea51358-3fcd-8f1d-9048-182f0751bb29,Tesla T4,16106.12736,70.0,GPU-56a588ec-84d8-57eb-6296-71941e94e8a6,580.159.04,1.0,57,1.0,2,1.0,60,1.0,67
a-mobilenetv4-base-f0-s2,a,mobilenetv4,base,0,2,13,507,32448,1787867055.5306509,1787867095.319251,2026-08-27T21:44:15Z,2026-08-27T21:44:55Z,acc2,1,387dcf,Interactive,0338743cfd8a,v2,0.0018687831408318,0.999198717948718,3.637699472311382e-13,0.0002846097643037,0.16260204124692,2.9955763816833496,1.690474891802296e-05,0.5018389075994525,2.858793363571166,0.0,371.8568638610417,1.244514573539796e-07,64.0,0,0,39.76749706268311,35.33787250518799,4.428385257720947,25.44729423522949,9.476464748382568,8.508291244506836,0.269146203994751,0.6399018322706722,0.2517923269516382,0.2490718364715576,0.2575656890869141,0.2824026870727538,70.63243548783419,8437074,8437074,587.2374193668365,33329.05364721871,60,384,64,coral,coral_bce,0.0,session_balanced,adamw,0.0003,0.05,cosine,5,60,5.0,True,full,raw,full_frame,dataset_v1_1,fp16,2,mobilenetv4,0,2,base,a,0338743cfd8a,1.0,1.0,1.0,1.0,1.0,1.0,1.0,1.0,1.0,1.0,67,1.0,1.0,1.0,57,1.0,1.0,1.0,62,1.0,0.0,1.0,1.0,-0.0,1.9999999756901162e-16,1.0,1.0,,0.0,0.0,0.0,0.0,21.89189189189189,96.0,0.0,6447.890431999998,6447.890432,77.02702702702703,79.0,43.16872972972973,68.614,1396.2162162162165,5000.0,4.0,1821.8563635685496,28131.057199709423,0.0,0.0,0.0,473.1043839999999,473.104384,44.0,44.0,9.63354054054054,10.162,300.0,405.0,1.0,385.9686245658468,5883.328188679707,58.678378378378376,69.3,4.6518714810810815,4.775059456,19.5,4.278001663999998,4.278001664,29.106405376,0.0,2207.8249881343963,0.6132847189262212,0.4372720045943957,713.0,672,Tesla T4,16106.12736,70.0,GPU-9ea51358-3fcd-8f1d-9048-182f0751bb29,Tesla T4,16106.12736,70.0,GPU-56a588ec-84d8-57eb-6296-71941e94e8a6,580.159.04,1.0,57,1.0,2,1.0,60,1.0,67
a-mobilenetv4-base-f0-s2,a,mobilenetv4,base,0,2,14,546,34944,1787867095.584415,1787867134.5221195,2026-08-27T21:44:55Z,2026-08-27T21:45:34Z,acc2,1,387dcf,Interactive,0338743cfd8a,v2,5.4787457020342654e-05,1.0,9.19193613978542e-17,0.0002806119115679,0.0369179879840633,1.1989562511444092,2.2997042833594605e-05,0.0489310540258885,0.7797452950477572,0.0,371.8486075248666,2.7859798234577127e-08,64.0,0,0,38.91625952720642,34.42121386528015,4.493773698806763,24.45921754837036,9.540034532546995,8.51262903213501,0.2776370048522949,0.6285089534689449,0.2536945709815392,0.2502367496490478,0.2628609657287598,0.2986131143569945,72.5134218034552,8437074,8437074,626.153678894043,35513.49903566789,60,384,64,coral,coral_bce,0.0,session_balanced,adamw,0.0003,0.05,cosine,5,60,5.0,True,full,raw,full_frame,dataset_v1_1,fp16,2,mobilenetv4,0,2,base,a,0338743cfd8a,1.0,1.0,1.0,1.0,1.0,1.0,1.0,1.0,1.0,1.0,67,1.0,1.0,1.0,57,1.0,1.0,1.0,62,1.0,0.0,1.0,1.0,-0.0,1.9999999756901162e-16,1.0,1.0,,0.0,0.0,0.0,0.0,27.83333333333333,99.0,0.0,6447.890431999998,6447.890432,77.08333333333333,79.0,48.06072222222222,93.245,1391.25,5000.0,4.0,1806.1454338774563,29949.61043382263,0.0,0.0,0.0,473.1043839999999,473.104384,44.0,44.0,9.618833333333331,10.063,300.0,405.0,1.0,378.2999545717221,6265.455996813307,59.47222222222222,72.5,4.722987918222223,4.941840384,19.7,4.278056277333331,4.279967744,29.219659776,0.0,2184.4453884491786,0.6067903856803274,0.4326415449900734,713.0,658,Tesla T4,16106.12736,70.0,GPU-9ea51358-3fcd-8f1d-9048-182f0751bb29,Tesla T4,16106.12736,70.0,GPU-56a588ec-84d8-57eb-6296-71941e94e8a6,580.159.04,1.0,57,1.0,2,1.0,60,1.0,67
a-mobilenetv4-base-f0-s2,a,mobilenetv4,base,0,2,15,585,37440,1787867134.7950778,1787867173.0228696,2026-08-27T21:45:34Z,2026-08-27T21:46:13Z,acc2,1,387dcf,Interactive,0338743cfd8a,v2,8.33979635934803e-05,1.0,7.446815862582675e-08,0.0002761880299246,0.1054859188475766,3.4662787914276123,2.094821411446901e-06,0.0941466625779874,2.3547630453109667,0.0,371.8410961001319,7.835053310907084e-08,64.0,0,0,38.20626521110535,33.754648208618164,4.450513124465942,23.844385862350464,9.484084844589232,8.484752178192139,0.2862734794616699,0.6240962242867868,0.2521772262377617,0.2495512962341308,0.2585244178771972,0.2799794197082519,73.94537145147099,8437074,8437074,664.3599441051483,37643.58148411462,60,384,64,coral,coral_bce,0.0,session_balanced,adamw,0.0003,0.05,cosine,5,60,5.0,True,full,raw,full_frame,dataset_v1_1,fp16,2,mobilenetv4,0,2,base,a,0338743cfd8a,1.0,1.0,1.0,1.0,1.0,1.0,1.0,1.0,1.0,1.0,67,1.0,1.0,1.0,57,1.0,1.0,1.0,62,1.0,0.0,1.0,1.0,1.4612768155878486e-07,6.615207441633276e-13,0.9999998538724838,0.9999998538724838,,-1.4612751619846878e-07,1.4612751619846878e-07,1.4612751619846878e-07,1.4612751619846878e-07,23.444444444444443,99.0,0.0,6447.890431999998,6447.890432,76.91666666666667,79.0,46.91444444444444,80.569,1336.6666666666667,5000.0,4.0,1759.8982835132847,31722.108276859497,0.0,0.0,0.0,473.1043839999999,473.104384,44.0,44.0,9.602027777777776,10.063,300.0,405.0,1.0,370.1841649334456,6639.561949049724,59.88055555555555,70.4,4.686877696,4.938719232,20.0,4.284154766222221,4.357824512,29.219659776,0.0,2130.0824484467303,0.5916895690129806,0.4218746627062552,713.0,644,Tesla T4,16106.12736,70.0,GPU-9ea51358-3fcd-8f1d-9048-182f0751bb29,Tesla T4,16106.12736,70.0,GPU-56a588ec-84d8-57eb-6296-71941e94e8a6,580.159.04,1.0,57,1.0,2,1.0,60,1.0,67
a-mobilenetv4-base-f0-s2,a,mobilenetv4,base,0,2,16,624,39936,1787867173.2779365,1787867212.5285864,2026-08-27T21:46:13Z,2026-08-27T21:46:52Z,acc2,1,387dcf,Interactive,0338743cfd8a,v2,0.0014579466165515,0.999198717948718,1.1419024724628885e-12,0.0002713525491562,0.4013431320669514,8.186336517333984,0.0,0.9687496900558568,7.784329280853269,0.0512820512820512,371.83811577420994,2.9288412713140986e-07,64.0,0,0,39.22786092758179,34.79909706115723,4.426881313323975,24.999163150787357,9.410942554473875,8.476131916046143,0.2606453895568847,0.6372808141881121,0.2495777362432235,0.2486352920532226,0.2524831771850586,0.2719255638122558,71.7259989709916,8437074,8437074,703.5878050327301,39863.25051226049,60,384,64,coral,coral_bce,0.0,session_balanced,adamw,0.0003,0.05,cosine,5,60,5.0,True,full,raw,full_frame,dataset_v1_1,fp16,2,mobilenetv4,0,2,base,a,0338743cfd8a,1.0,1.0,1.0,1.0,1.0,1.0,1.0,1.0,1.0,1.0,67,1.0,1.0,1.0,57,1.0,1.0,1.0,62,1.0,0.0,1.0,1.0,-0.0,1.9999999756901162e-16,1.0,1.0,,0.0,0.0,0.0,0.0,23.16216216216216,99.0,0.0,6447.890431999998,6447.890432,77.24324324324324,79.0,46.33194594594595,81.842,1383.2432432432431,5000.0,4.0,1836.8864009676763,33571.19272958141,0.0,0.0,0.0,473.1043839999999,473.104384,44.0,44.0,9.716783783783784,10.56,300.0,405.0,1.0,382.7826271781996,7026.315207289001,58.5081081081081,69.2,4.601669798054055,4.80636928,19.4,4.280575280432431,4.373225472,29.219659776,0.0,2219.669028145876,0.6165747300405211,0.4396177825188915,713.0,662,Tesla T4,16106.12736,70.0,GPU-9ea51358-3fcd-8f1d-9048-182f0751bb29,Tesla T4,16106.12736,70.0,GPU-56a588ec-84d8-57eb-6296-71941e94e8a6,580.159.04,1.0,57,1.0,2,1.0,60,1.0,67
a-mobilenetv4-base-f0-s2,a,mobilenetv4,base,0,2,17,663,42432,1787867212.7868483,1787867251.3576064,2026-08-27T21:46:52Z,2026-08-27T21:47:31Z,acc2,1,387dcf,Interactive,0338743cfd8a,v2,6.400652405191531e-07,1.0,1.5567373499241789e-12,0.0002661212415958,0.0009848366791565,0.0342905335128307,0.0,0.0019105349434539,0.0221084341080858,0.0,371.8299940239482,7.048542722172172e-10,64.0,0,0,38.54956865310669,34.07762932777405,4.47063946723938,24.217451333999637,9.440224409103394,8.482645988464355,0.2843127250671386,0.628215883604912,0.2510148561917819,0.2490603923797607,0.2572755336761474,0.2915996408462523,73.24453165425163,8437074,8437074,742.1373736858368,42023.22949052129,60,384,64,coral,coral_bce,0.0,session_balanced,adamw,0.0003,0.05,cosine,5,60,5.0,True,full,raw,full_frame,dataset_v1_1,fp16,2,mobilenetv4,0,2,base,a,0338743cfd8a,1.0,1.0,1.0,1.0,1.0,1.0,1.0,1.0,1.0,1.0,67,1.0,1.0,1.0,57,1.0,1.0,1.0,62,1.0,0.0,1.0,1.0,-0.0,1.9999999756901162e-16,1.0,1.0,,0.0,0.0,0.0,0.0,27.61111111111111,98.0,0.0,6447.890431999998,6447.890432,76.77777777777777,78.0,45.35311111111112,91.002,1380.8333333333333,5000.0,4.0,1785.6909032547846,35369.46343793664,0.0,0.0,0.0,473.1043839999999,473.104384,44.0,44.0,9.58847222222222,9.964,300.0,405.0,1.0,374.2880750060176,7404.413156940728,59.81388888888888,68.7,4.623630677333334,4.880699392,19.5,4.278001663999998,4.278001664,29.106405376,0.0,2159.9789782608023,0.5999941606280006,0.4277958365277645,713.0,650,Tesla T4,16106.12736,70.0,GPU-9ea51358-3fcd-8f1d-9048-182f0751bb29,Tesla T4,16106.12736,70.0,GPU-56a588ec-84d8-57eb-6296-71941e94e8a6,580.159.04,1.0,57,1.0,2,1.0,60,1.0,67
a-mobilenetv4-base-f0-s2,a,mobilenetv4,base,0,2,18,702,44928,1787867251.617417,1787867291.242524,2026-08-27T21:47:31Z,2026-08-27T21:48:11Z,acc2,1,387dcf,Interactive,0338743cfd8a,v2,2.773354651995141e-07,1.0,2.639553730269313e-12,0.0002605111706814,0.000461833803659,0.0162884052842855,0.0,0.0006869347009342,0.0105017694411798,0.0,371.82186272603593,3.235766287904984e-10,64.0,0,0,39.60323143005371,35.14579367637634,4.455872535705566,25.316293716430664,9.40834140777588,8.48720383644104,0.2783570289611816,0.639248182591961,0.2502309359036959,0.2486271858215332,0.2527584075927734,0.2830130624771118,71.0184559490462,8437074,8437074,781.7406051158905,44223.80160281808,60,384,64,coral,coral_bce,0.0,session_balanced,adamw,0.0003,0.05,cosine,5,60,5.0,True,full,raw,full_frame,dataset_v1_1,fp16,2,mobilenetv4,0,2,base,a,0338743cfd8a,1.0,1.0,1.0,1.0,1.0,1.0,1.0,1.0,1.0,1.0,67,1.0,1.0,1.0,57,1.0,1.0,1.0,62,1.0,0.0,1.0,1.0,-0.0,1.9999999756901162e-16,1.0,1.0,,0.0,0.0,0.0,0.0,22.135135135135137,98.0,0.0,6447.890431999998,6447.890432,77.24324324324324,80.0,44.48264864864865,72.687,1397.4324324324325,5000.0,4.0,1813.956424137796,37199.17279305012,0.0,0.0,0.0,473.1043839999999,473.104384,44.0,44.0,9.606783783783785,10.063,300.0,405.0,1.0,386.6156881589896,7794.664162397415,58.302702702702696,71.0,4.651069550702703,4.92804096,19.6,4.279875639351349,4.347338752,29.219659776,0.0,2200.572112296785,0.6112700311935515,0.4358355322410022,713.0,670,Tesla T4,16106.12736,70.0,GPU-9ea51358-3fcd-8f1d-9048-182f0751bb29,Tesla T4,16106.12736,70.0,GPU-56a588ec-84d8-57eb-6296-71941e94e8a6,580.159.04,1.0,57,1.0,2,1.0,60,1.0,67
a-mobilenetv4-base-f0-s2,a,mobilenetv4,base,0,2,19,741,47424,1787867291.5112453,1787867330.706182,2026-08-27T21:48:11Z,2026-08-27T21:48:50Z,acc2,1,387dcf,Interactive,0338743cfd8a,v2,5.7396132179252344e-08,1.0,6.269720475882491e-13,0.0002545406352982,6.225074894690607e-05,0.0014083968708291,0.0,0.000111730892695,0.001252713445574,0.0,371.81393121122255,4.261632998290898e-11,64.0,0,0,39.17336320877075,34.67827868461609,4.493692398071289,24.860400199890137,9.401718139648438,8.406501293182373,0.2748696804046631,0.634625116750864,0.2498227999760554,0.2486164569854736,0.2509969234466552,0.287276620864868,71.97589080761585,8437074,8437074,820.9139683246613,46411.06894295217,60,384,64,coral,coral_bce,0.0,session_balanced,adamw,0.0003,0.05,cosine,5,60,5.0,True,full,raw,full_frame,dataset_v1_1,fp16,2,mobilenetv4,0,2,base,a,0338743cfd8a,1.0,1.0,1.0,1.0,1.0,1.0,1.0,1.0,1.0,1.0,67,1.0,1.0,1.0,57,1.0,1.0,1.0,62,1.0,0.0,1.0,1.0,-0.0,2.0006744135275434e-16,1.0,1.0,,0.0,0.0,0.0,0.0,23.52777777777778,97.0,0.0,6447.890431999998,6447.890432,76.63888888888889,78.0,47.31113888888888,92.816,1390.4166666666667,5000.0,4.0,1806.4337139982745,39022.58866715957,0.0,0.0,0.0,473.1043839999999,473.104384,44.0,44.0,9.62702777777778,10.063,300.0,405.0,1.0,380.8336261358236,8179.526293480185,59.23333333333332,69.2,4.641036174222222,4.833910784,19.4,4.280275399111109,4.359856128,29.219659776,0.0,2187.267340134098,0.6075742611483606,0.4332004481987811,713.0,658,Tesla T4,16106.12736,70.0,GPU-9ea51358-3fcd-8f1d-9048-182f0751bb29,Tesla T4,16106.12736,70.0,GPU-56a588ec-84d8-57eb-6296-71941e94e8a6,580.159.04,1.0,57,1.0,2,1.0,60,1.0,67
a-mobilenetv4-base-f0-s2,a,mobilenetv4,base,0,2,20,780,49920,1787867330.962847,1787867369.838151,2026-08-27T21:48:50Z,2026-08-27T21:49:29Z,acc2,1,387dcf,Interactive,0338743cfd8a,v2,1.121345624402924e-07,1.0,2.1339246227449967e-12,0.0002482291100917,0.0001666509899523,0.0060130842030048,0.0,0.0001169347699033,0.003879011166864,0.0,371.8061344541133,1.1126128134631308e-10,64.0,0,0,38.85257077217102,34.33975887298584,4.5114076137542725,24.512965202331543,9.418099641799929,8.38846755027771,0.2684657573699951,0.6309226060245536,0.2501370050968268,0.2485532760620117,0.2513851642608642,0.2784260702133178,72.6854259295203,8437074,8437074,859.7665390968323,48590.25875336624,60,384,64,coral,coral_bce,0.0,session_balanced,adamw,0.0003,0.05,cosine,5,60,5.0,True,full,raw,full_frame,dataset_v1_1,fp16,2,mobilenetv4,0,2,base,a,0338743cfd8a,1.0,1.0,1.0,1.0,1.0,1.0,1.0,1.0,1.0,1.0,67,1.0,1.0,1.0,57,1.0,1.0,1.0,62,1.0,0.0,1.0,1.0,-0.0,1.9999999756901162e-16,1.0,1.0,,0.0,0.0,0.0,0.0,26.194444444444443,99.0,0.0,6447.890431999998,6447.890432,77.41666666666667,79.0,45.19027777777778,89.4,1422.5,5000.0,4.0,1801.668381121126,40837.80826357864,0.0,0.0,0.0,473.1043839999999,473.104384,44.138888888888886,45.0,9.632722222222222,10.361,300.0,405.0,1.0,377.5214292929368,8560.808829891252,59.616666666666674,71.1,4.664851797333333,4.9353728,19.7,4.278001663999998,4.278001664,29.106405376,0.0,2179.189810414063,0.6053305028927952,0.4316006485625629,713.0,656,Tesla T4,16106.12736,70.0,GPU-9ea51358-3fcd-8f1d-9048-182f0751bb29,Tesla T4,16106.12736,70.0,GPU-56a588ec-84d8-57eb-6296-71941e94e8a6,580.159.04,1.0,57,1.0,2,1.0,60,1.0,67
a-mobilenetv4-base-f0-s2,a,mobilenetv4,base,0,2,21,819,52416,1787867370.31286,1787867408.7889793,2026-08-27T21:49:30Z,2026-08-27T21:50:08Z,acc2,1,387dcf,Interactive,0338743cfd8a,v2,1.3495099846465984e-06,1.0,2.676363702339865e-13,0.0002415971819453,0.0016050330502956,0.0618723556399345,0.0,0.0002599884508526,0.0385254803270798,0.0,371.7985533516968,1.042961190636241e-09,64.0,0,0,38.45315766334534,33.913310527801514,4.538474082946777,24.08339262008667,9.41258454322815,8.428106784820557,0.2799117565155029,0.6263046803837298,0.2501886869088197,0.2490344047546386,0.251094913482666,0.2799089384078978,73.59942043858634,8437074,8437074,898.2196967601776,50772.02435918668,60,384,64,coral,coral_bce,0.0,session_balanced,adamw,0.0003,0.05,cosine,5,60,5.0,True,full,raw,full_frame,dataset_v1_1,fp16,2,mobilenetv4,0,2,base,a,0338743cfd8a,1.0,1.0,1.0,1.0,1.0,1.0,1.0,1.0,1.0,1.0,67,1.0,1.0,1.0,57,1.0,1.0,1.0,62,1.0,0.0,1.0,1.0,-0.0,1.9999999756901162e-16,1.0,1.0,,0.0,0.0,0.0,0.0,19.80555555555556,99.0,0.0,6447.890431999998,6447.890432,76.97222222222223,79.0,44.00630555555557,69.888,1398.3333333333333,5000.0,4.0,1804.3618843720176,42666.958627795706,0.0,0.0,0.0,473.1043839999999,473.104384,44.30555555555556,45.0,9.778861111111109,10.46,300.0,405.0,1.0,377.4037214484197,8945.111383405969,59.43333333333333,71.3,4.741671025777778,4.90825728,19.8,4.281143751111109,4.341571584,29.219659776,0.0,2181.765605820437,0.6060460016167882,0.4321107991527699,713.0,646,Tesla T4,16106.12736,70.0,GPU-9ea51358-3fcd-8f1d-9048-182f0751bb29,Tesla T4,16106.12736,70.0,GPU-56a588ec-84d8-57eb-6296-71941e94e8a6,580.159.04,1.0,57,1.0,2,1.0,60,1.0,67
a-mobilenetv4-base-f0-s2,a,mobilenetv4,base,0,2,22,858,54912,1787867409.0568142,1787867447.9169197,2026-08-27T21:50:09Z,2026-08-27T21:50:47Z,acc2,1,387dcf,Interactive,0338743cfd8a,v2,2.0925446604691945e-06,1.0,9.464534261077976e-13,0.00023466648283,0.0039496088659332,0.1536100059747696,0.0,4.6072751592874406e-05,0.0953952883294546,0.0,371.7912414545406,2.492906550183306e-09,64.0,0,0,38.83770799636841,34.44184422492981,4.3945701122283936,24.651572227478027,9.38266634941101,8.362788438796997,0.2644667625427246,0.6347329309387443,0.2492549052605262,0.2477986812591552,0.2508002281188964,0.277062439918518,72.46998690602453,8437074,8437074,937.057404756546,52944.66639508821,60,384,64,coral,coral_bce,0.0,session_balanced,adamw,0.0003,0.05,cosine,5,60,5.0,True,full,raw,full_frame,dataset_v1_1,fp16,2,mobilenetv4,0,2,base,a,0338743cfd8a,1.0,1.0,1.0,1.0,1.0,1.0,1.0,1.0,1.0,1.0,67,1.0,1.0,1.0,57,1.0,1.0,1.0,62,1.0,0.0,1.0,1.0,-0.0,1.9999999756901162e-16,1.0,1.0,,0.0,0.0,0.0,0.0,25.88888888888889,99.0,0.0,6447.890431999998,6447.890432,76.91666666666667,79.0,49.65333333333332,79.546,1358.75,5000.0,4.0,1786.6198985772137,44470.60560825826,0.0,0.0,0.0,473.1043839999999,473.104384,44.388888888888886,45.0,9.869694444444445,10.46,300.0,405.0,1.0,386.02213732431846,9334.969742142706,59.47222222222222,70.8,4.661157774222223,4.815740928,19.3,4.278001663999998,4.278001664,29.106405376,0.0,2172.642035901532,0.6035116766393144,0.4303038254438311,713.0,656,Tesla T4,16106.12736,70.0,GPU-9ea51358-3fcd-8f1d-9048-182f0751bb29,Tesla T4,16106.12736,70.0,GPU-56a588ec-84d8-57eb-6296-71941e94e8a6,580.159.04,1.0,57,1.0,2,1.0,60,1.0,67
a-mobilenetv4-base-f0-s2,a,mobilenetv4,base,0,2,23,897,57408,1787867448.178744,1787867487.2178187,2026-08-27T21:50:48Z,2026-08-27T21:51:27Z,acc2,1,387dcf,Interactive,0338743cfd8a,v2,1.768198217985173e-08,1.0,7.139059589536468e-13,0.0002274596192458,1.602430976113749e-05,0.0005906226579099,0.0,8.72248610903627e-06,0.0003734579461524,0.0,371.7842482681384,9.803759610377669e-12,64.0,0,0,39.017014265060425,34.647594928741455,4.367870807647705,24.81232762336731,9.41722846031189,8.467290163040161,0.2823424339294433,0.6359360932849915,0.2503632582150973,0.2483580112457275,0.2512629985809326,0.2895959615707396,72.03963233619648,8437074,8437074,976.0744190216064,55125.84515421726,60,384,64,coral,coral_bce,0.0,session_balanced,adamw,0.0003,0.05,cosine,5,60,5.0,True,full,raw,full_frame,dataset_v1_1,fp16,2,mobilenetv4,0,2,base,a,0338743cfd8a,1.0,1.0,1.0,1.0,1.0,1.0,1.0,1.0,1.0,1.0,67,1.0,1.0,1.0,57,1.0,1.0,1.0,62,1.0,0.0,1.0,1.0,-0.0,1.9999999756901162e-16,1.0,1.0,,0.0,0.0,0.0,0.0,22.594594594594597,99.0,0.0,6447.890431999998,6447.890432,77.05405405405405,79.0,49.02005405405405,99.718,1365.4054054054054,5000.0,4.0,1793.1609649243546,46275.35956531004,0.0,0.0,0.0,473.1043839999999,473.104384,44.567567567567565,45.0,9.729837837837836,10.262,300.0,405.0,1.0,388.0177942046994,9726.316362258927,58.66216216216216,69.6,4.684621768648649,4.792188928,19.2,4.278001663999998,4.278001664,29.106405376,0.0,2181.178759129054,0.6058829886469594,0.431994570905282,713.0,658,Tesla T4,16106.12736,70.0,GPU-9ea51358-3fcd-8f1d-9048-182f0751bb29,Tesla T4,16106.12736,70.0,GPU-56a588ec-84d8-57eb-6296-71941e94e8a6,580.159.04,1.0,57,1.0,2,1.0,60,1.0,67
a-mobilenetv4-base-f0-s2,a,mobilenetv4,base,0,2,24,936,59904,1787867487.5087764,1787867525.814643,2026-08-27T21:51:27Z,2026-08-27T21:52:05Z,acc2,1,387dcf,Interactive,0338743cfd8a,v2,2.870527122102625e-08,1.0,1.6769223498637148e-12,0.0002200000984838,6.115602504654414e-05,0.002373291645199,0.0,3.918425068150103e-06,0.0014736551763598,0.0,371.777368628246,3.6189216096620595e-11,64.0,0,0,38.2832453250885,33.85062861442566,4.431232452392578,24.014146089553837,9.411536693572998,8.429680585861206,0.2812814712524414,0.6272756106655469,0.2503410363808656,0.2483952045440673,0.2520487308502197,0.2917968130111693,73.73570601688365,8437074,8437074,1014.357664346695,57291.5075361166,60,384,64,coral,coral_bce,0.0,session_balanced,adamw,0.0003,0.05,cosine,5,60,5.0,True,full,raw,full_frame,dataset_v1_1,fp16,2,mobilenetv4,0,2,base,a,0338743cfd8a,1.0,1.0,1.0,1.0,1.0,1.0,1.0,1.0,1.0,1.0,67,1.0,1.0,1.0,57,1.0,1.0,1.0,62,1.0,0.0,1.0,1.0,-0.0,1.9999999756901162e-16,1.0,1.0,,0.0,0.0,0.0,0.0,29.37142857142857,99.0,0.0,6447.890431999999,6447.890432,76.88571428571429,79.0,47.62625714285715,95.661,1369.2857142857142,5000.0,4.0,1787.4268930845135,48085.65431529072,0.0,0.0,0.0,473.1043839999999,473.104384,44.25714285714286,45.0,9.804657142857144,10.56,300.0,405.0,1.0,378.23548881482384,10109.690963527211,60.30571428571428,71.1,4.714566919314286,5.182861312,20.4,4.27951648182857,4.331020288,29.219659776,0.0,2165.6623818993376,0.6015728838609271,0.428921466192841,713.0,644,Tesla T4,16106.12736,70.0,GPU-9ea51358-3fcd-8f1d-9048-182f0751bb29,Tesla T4,16106.12736,70.0,GPU-56a588ec-84d8-57eb-6296-71941e94e8a6,580.159.04,1.0,57,1.0,2,1.0,60,1.0,67
a-mobilenetv4-base-f0-s2,a,mobilenetv4,base,0,2,25,975,62400,1787867526.0817168,1787867564.676272,2026-08-27T21:52:06Z,2026-08-27T21:52:44Z,acc2,1,387dcf,Interactive,0338743cfd8a,v2,6.594508237360616e-08,1.0,1.3369896960769285e-12,0.0002123122519502,0.0001252634868459,0.003872915636748,0.0,0.0001038759001403,0.0027823889511637,0.0,371.7707572593116,7.153594644041279e-11,64.0,0,0,38.571375131607056,34.22756767272949,4.342383861541748,24.467217922210693,9.382751226425173,8.422956466674805,0.2513625621795654,0.6343361583227868,0.2485657166212033,0.2477209568023681,0.250163984298706,0.2680275344848632,72.92367438626572,8437074,8437074,1052.929039478302,59465.319938269415,60,384,64,coral,coral_bce,0.0,session_balanced,adamw,0.0003,0.05,cosine,5,60,5.0,True,full,raw,full_frame,dataset_v1_1,fp16,2,mobilenetv4,0,2,base,a,0338743cfd8a,1.0,1.0,1.0,1.0,1.0,1.0,1.0,1.0,1.0,1.0,67,1.0,1.0,1.0,57,1.0,1.0,1.0,62,1.0,0.0,1.0,1.0,1.2818203750521731e-09,4.910835446489013e-16,0.9999999987181796,0.9999999987181796,,-1.2818203165565476e-09,1.2818203165565476e-09,1.2818203165565476e-09,1.2818203165565476e-09,20.05555555555556,99.0,0.0,6447.890431999998,6447.890432,76.97222222222223,79.0,45.78119444444445,75.477,1380.8333333333333,5000.0,4.0,1795.450566375759,49897.04822192984,0.0,0.0,0.0,473.1043839999999,473.104384,44.55555555555556,45.0,9.775638888888889,10.659,300.0,405.0,1.0,378.36183577705015,10492.177377601636,59.633333333333326,70.6,4.717510200888889,4.96519168,19.8,4.280543004444443,4.36948992,29.219659776,0.0,2173.812402152809,0.6038367783757803,0.4305356229819314,713.0,650,Tesla T4,16106.12736,70.0,GPU-9ea51358-3fcd-8f1d-9048-182f0751bb29,Tesla T4,16106.12736,70.0,GPU-56a588ec-84d8-57eb-6296-71941e94e8a6,580.159.04,1.0,57,1.0,2,1.0,60,1.0,67
a-mobilenetv4-base-f0-s2,a,mobilenetv4,base,0,2,26,1014,64896,1787867564.9397445,1787867603.794166,2026-08-27T21:52:44Z,2026-08-27T21:53:23Z,acc2,1,387dcf,Interactive,0338743cfd8a,v2,5.977274555065083e-08,1.0,6.2537435762514326e-12,0.0002044211558025,3.647412012752191e-05,0.0012009423226118,0.0,4.439127224031856e-05,0.0008088927456992,0.0,371.76435640788816,2.005593506971439e-11,64.0,0,0,38.830228328704834,34.35515379905701,4.473978519439697,24.41234540939331,9.48972749710083,8.412359476089478,0.3058216571807861,0.6286943564363937,0.2529863333090758,0.2488741874694824,0.2615176677703857,0.3009690380096435,72.65285478269381,8437074,8437074,1091.7592678070068,61657.519564611495,60,384,64,coral,coral_bce,0.0,session_balanced,adamw,0.0003,0.05,cosine,5,60,5.0,True,full,raw,full_frame,dataset_v1_1,fp16,2,mobilenetv4,0,2,base,a,0338743cfd8a,1.0,1.0,1.0,1.0,1.0,1.0,1.0,1.0,1.0,1.0,67,1.0,1.0,1.0,57,1.0,1.0,1.0,62,1.0,0.0,1.0,1.0,-0.0,1.9999999756901162e-16,1.0,1.0,,0.0,0.0,0.0,0.0,25.324324324324323,99.0,0.0,6447.890431999998,6447.890432,76.75675675675676,79.0,46.11972972972973,102.187,1384.4594594594594,5000.0,4.0,1814.560471346871,51730.67602682788,0.0,0.0,0.0,473.1043839999999,473.104384,44.62162162162162,45.0,9.668513513513512,10.262,300.0,405.0,1.0,377.6391549952096,10874.388269814272,58.63783783783784,70.9,4.713485062918918,4.955058176,20.0,4.278001663999998,4.278001664,29.106405376,0.0,2192.1996263420806,0.6089443406505779,0.4341773148838621,713.0,654,Tesla T4,16106.12736,70.0,GPU-9ea51358-3fcd-8f1d-9048-182f0751bb29,Tesla T4,16106.12736,70.0,GPU-56a588ec-84d8-57eb-6296-71941e94e8a6,580.159.04,1.0,57,1.0,2,1.0,60,1.0,67
a-mobilenetv4-base-f0-s2,a,mobilenetv4,base,0,2,27,1053,67392,1787867604.0583675,1787867642.879155,2026-08-27T21:53:24Z,2026-08-27T21:54:02Z,acc2,1,387dcf,Interactive,0338743cfd8a,v2,2.486001283667856e-07,1.0,4.540952860568739e-13,0.0001963525491562,0.0003142238110722,0.0092666000127792,0.0,0.0004979398392606,0.0067811436206102,0.0,371.7583159795248,1.659644012187163e-10,64.0,0,0,38.79682993888855,34.423770904541016,4.371886253356934,24.488508701324463,9.499188899993896,8.456868171691895,0.2942028045654297,0.6311987020562745,0.2528245693598038,0.2499463558197021,0.2609365463256836,0.2876647472381591,72.50803541894186,8437074,8437074,1130.5560977458954,63840.53297226389,60,384,64,coral,coral_bce,0.0,session_balanced,adamw,0.0003,0.05,cosine,5,60,5.0,True,full,raw,full_frame,dataset_v1_1,fp16,2,mobilenetv4,0,2,base,a,0338743cfd8a,1.0,1.0,1.0,1.0,1.0,1.0,1.0,1.0,1.0,1.0,67,1.0,1.0,1.0,57,1.0,1.0,1.0,62,1.0,0.0,1.0,1.0,-0.0,2.045461355491769e-16,1.0,1.0,,0.0,0.0,0.0,0.0,26.02777777777778,99.0,0.0,6447.890431999998,6447.890432,77.02777777777777,79.0,45.54780555555556,69.692,1404.1666666666667,5000.0,4.0,1804.785295505288,53546.324242587165,0.0,0.0,0.0,473.1043839999999,473.104384,44.86111111111112,45.0,9.585388888888888,9.864,300.0,405.0,1.0,378.22811214711146,11255.870319510976,59.925,70.3,4.75979730488889,4.952109056,19.7,4.278922808888887,4.31116288,29.219659776,0.0,2183.013407652399,0.6063926132367775,0.4323579332378224,713.0,652,Tesla T4,16106.12736,70.0,GPU-9ea51358-3fcd-8f1d-9048-182f0751bb29,Tesla T4,16106.12736,70.0,GPU-56a588ec-84d8-57eb-6296-71941e94e8a6,580.159.04,1.0,57,1.0,2,1.0,60,1.0,67
a-mobilenetv4-base-f0-s2,a,mobilenetv4,base,0,2,28,1092,69888,1787867643.1475728,1787867683.8922606,2026-08-27T21:54:03Z,2026-08-27T21:54:43Z,acc2,1,387dcf,Interactive,0338743cfd8a,v2,2.9820082463315077e-09,1.0,2.948907583239869e-12,0.000188132750129,4.50134227601386e-07,1.0678124453988858e-05,0.0,2.803271308948753e-06,8.105253054964107e-06,0.0,371.7524316797858,2.277994249646145e-13,64.0,0,0,40.72009325027466,36.150399684906006,4.568543910980225,26.34957265853882,9.3995463848114,8.472975254058838,0.2562108039855957,0.6470901846071064,0.2494729298811692,0.2482490539550781,0.2509012699127197,0.2869842815399168,69.0448797732702,8437074,8437074,1171.27619099617,66118.3841900641,60,384,64,coral,coral_bce,0.0,session_balanced,adamw,0.0003,0.05,cosine,5,60,5.0,True,full,raw,full_frame,dataset_v1_1,fp16,2,mobilenetv4,0,2,base,a,0338743cfd8a,1.0,1.0,1.0,1.0,1.0,1.0,1.0,1.0,1.0,1.0,67,1.0,1.0,1.0,57,1.0,1.0,1.0,62,1.0,0.0,1.0,1.0,-0.0,1.9999999756901162e-16,1.0,1.0,,0.0,0.0,0.0,0.0,22.57894736842105,99.0,0.0,6447.890431999997,6447.890432,76.94736842105263,79.0,46.88802631578948,98.264,1417.1052631578948,5000.0,4.0,1881.7991501758809,55440.5037209672,0.0,0.0,0.0,473.1043839999998,473.104384,44.578947368421055,45.0,9.636763157894736,10.162,300.0,405.0,1.0,396.0520676243305,11655.8233226612,58.255263157894746,71.5,4.694895993263158,4.883816448,19.9,4.280429945263156,4.370276352,29.219659776,0.0,2277.851217800211,0.6327364493889476,0.4511410884143196,713.0,690,Tesla T4,16106.12736,70.0,GPU-9ea51358-3fcd-8f1d-9048-182f0751bb29,Tesla T4,16106.12736,70.0,GPU-56a588ec-84d8-57eb-6296-71941e94e8a6,580.159.04,1.0,57,1.0,2,1.0,60,1.0,67
a-mobilenetv4-base-f0-s2,a,mobilenetv4,base,0,2,29,1131,72384,1787867684.1595984,1787867723.1760137,2026-08-27T21:54:44Z,2026-08-27T21:55:23Z,acc2,1,387dcf,Interactive,0338743cfd8a,v2,3.853969471067909e-09,1.0,2.265510103755786e-12,0.0001797885699968,7.303045472749312e-07,2.4560640667914413e-05,0.0,1.2814113006243135e-06,1.5799358409367356e-05,0.0,371.7467896245329,3.5319850468481484e-13,64.0,0,0,38.99114680290222,34.53864240646362,4.45066237449646,24.750760078430176,9.383153200149536,8.372458219528198,0.2635500431060791,0.6347789718405489,0.2490820395640837,0.2483537197113037,0.2500535011291503,0.2731350851058959,72.26688213816111,8437074,8437074,1210.2673377990725,68302.15370368592,60,384,64,coral,coral_bce,0.0,session_balanced,adamw,0.0003,0.05,cosine,5,60,5.0,True,full,raw,full_frame,dataset_v1_1,fp16,2,mobilenetv4,0,2,base,a,0338743cfd8a,1.0,1.0,1.0,1.0,1.0,1.0,1.0,1.0,1.0,1.0,67,1.0,1.0,1.0,57,1.0,1.0,1.0,62,1.0,0.0,1.0,1.0,-0.0,1.9999999756901162e-16,1.0,1.0,,0.0,0.0,0.0,0.0,25.67567567567568,99.0,0.0,6447.890431999998,6447.890432,77.05405405405405,79.0,46.53083783783784,78.468,1337.837837837838,5000.0,4.0,1806.7570187981544,57263.1130017714,0.0,0.0,0.0,473.1043839999999,473.104384,44.7027027027027,45.0,9.61227027027027,10.262,300.0,405.0,1.0,377.01249482367166,12037.445533983248,58.983783783783785,69.2,4.677587608216215,4.876750848,19.6,4.280621332756755,4.3698176,29.219659776,0.0,2183.7695136218263,0.6066026426727296,0.4325076842256561,713.0,656,Tesla T4,16106.12736,70.0,GPU-9ea51358-3fcd-8f1d-9048-182f0751bb29,Tesla T4,16106.12736,70.0,GPU-56a588ec-84d8-57eb-6296-71941e94e8a6,580.159.04,1.0,57,1.0,2,1.0,60,1.0,67
a-mobilenetv4-base-f0-s2,a,mobilenetv4,base,0,2,30,1170,74880,1787867723.4717028,1787867762.1106105,2026-08-27T21:55:23Z,2026-08-27T21:56:02Z,acc2,1,387dcf,Interactive,0338743cfd8a,v2,8.789062720946243e-09,1.0,1.570611268525728e-12,0.0001713472257409,1.152047118488589e-06,1.3400050193013158e-05,0.0,1.1629931304923958e-05,1.2908666831208387e-05,0.0,371.7414086892668,5.310144984169044e-13,64.0,0,0,38.614893674850464,34.33004975318909,4.283447265625,24.51428699493408,9.429779767990112,8.387913942337036,0.252105712890625,0.6348402044390458,0.2499284071800036,0.2480330467224121,0.2515641212463378,0.2850657081604003,72.70598259963589,8437074,8437074,1248.8822314739227,70462.08823673674,60,384,64,coral,coral_bce,0.0,session_balanced,adamw,0.0003,0.05,cosine,5,60,5.0,True,full,raw,full_frame,dataset_v1_1,fp16,2,mobilenetv4,0,2,base,a,0338743cfd8a,1.0,1.0,1.0,1.0,1.0,1.0,1.0,1.0,1.0,1.0,67,1.0,1.0,1.0,57,1.0,1.0,1.0,62,1.0,0.0,1.0,1.0,-0.0,2.0002045244435142e-16,1.0,1.0,,0.0,0.0,0.0,0.0,24.83333333333333,97.0,0.0,6447.890431999998,6447.890432,77.13888888888889,79.0,46.03372222222222,85.398,1390.4166666666667,5000.0,4.0,1783.725889358815,59065.56028924919,0.0,0.0,0.0,473.1043839999999,473.104384,44.36111111111112,45.0,9.673888888888888,10.56,300.0,405.0,1.0,376.2086436920108,12418.32272163702,59.102777777777774,70.5,4.657696767999999,4.889194496,19.5,4.27840398222222,4.29248512,29.219659776,0.0,2159.934533050826,0.5999818147363405,0.4277870339070108,713.0,652,Tesla T4,16106.12736,70.0,GPU-9ea51358-3fcd-8f1d-9048-182f0751bb29,Tesla T4,16106.12736,70.0,GPU-56a588ec-84d8-57eb-6296-71941e94e8a6,580.159.04,1.0,57,1.0,2,1.0,60,1.0,67
a-mobilenetv4-base-f0-s2,a,mobilenetv4,base,0,2,31,1209,77376,1787867762.6923203,1787867802.3027513,2026-08-27T21:56:02Z,2026-08-27T21:56:42Z,acc2,1,387dcf,Interactive,0338743cfd8a,v2,4.498592513391583e-08,1.0,2.6286011432756042e-12,0.0001628362512718,0.000192406770944,0.0074966358952224,0.0,1.512445351181673e-06,0.0046496480899531,0.0,371.7362170987876,8.428233747137743e-11,64.0,0,0,39.58630919456482,35.17041516304016,4.414450168609619,25.311774969100952,9.44869875907898,8.428861856460571,0.2717409133911133,0.6394072972222489,0.2510150029109074,0.2485411167144775,0.2527661323547363,0.2960184621810912,70.96873859547138,8437074,8437074,1288.4685406684875,72654.99643673845,60,384,64,coral,coral_bce,0.0,session_balanced,adamw,0.0003,0.05,cosine,5,60,5.0,True,full,raw,full_frame,dataset_v1_1,fp16,2,mobilenetv4,0,2,base,a,0338743cfd8a,1.0,1.0,1.0,1.0,1.0,1.0,1.0,1.0,1.0,1.0,67,1.0,1.0,1.0,57,1.0,1.0,1.0,62,1.0,0.0,1.0,1.0,-0.0,1.9999999756901162e-16,1.0,1.0,,0.0,0.0,0.0,0.0,23.62162162162162,99.0,0.0,6447.890431999998,6447.890432,76.94594594594595,79.0,48.83275675675675,96.172,1355.6756756756756,5000.0,4.0,1808.771767891405,60899.75336335945,0.0,0.0,0.0,473.1043839999999,473.104384,44.35135135135136,45.0,9.611945945945944,10.063,300.0,405.0,1.0,384.1364321103083,12810.050868281136,58.57297297297298,69.2,4.722632095135136,4.94512128,19.9,4.281067686054052,4.340391936,29.219659776,0.0,2192.9082000017133,0.6091411666671426,0.4343176518336726,713.0,670,Tesla T4,16106.12736,70.0,GPU-9ea51358-3fcd-8f1d-9048-182f0751bb29,Tesla T4,16106.12736,70.0,GPU-56a588ec-84d8-57eb-6296-71941e94e8a6,580.159.04,1.0,57,1.0,2,1.0,60,1.0,67
a-mobilenetv4-base-f0-s2,a,mobilenetv4,base,0,2,32,1248,79872,1787867802.570258,1787867841.549705,2026-08-27T21:56:42Z,2026-08-27T21:57:21Z,acc2,1,387dcf,Interactive,0338743cfd8a,v2,2.0259896253356687e-08,1.0,5.05157547741039e-13,0.000154283407619,1.3175845915670016e-05,0.0004986753920093,0.0,2.076339990253488e-06,0.0003134888323438,0.0,371.73134983849326,5.468504087740706e-12,64.0,0,0,38.95681428909302,34.53267550468445,4.422039985656738,24.715778589248657,9.419928789138794,8.47031307220459,0.2615337371826172,0.6344404448946044,0.249769498140384,0.2482516765594482,0.2512461185455322,0.2856179523468016,72.2793691343554,8437074,8437074,1327.4253549575806,74826.28535889597,60,384,64,coral,coral_bce,0.0,session_balanced,adamw,0.0003,0.05,cosine,5,60,5.0,True,full,raw,full_frame,dataset_v1_1,fp16,2,mobilenetv4,0,2,base,a,0338743cfd8a,1.0,1.0,1.0,1.0,1.0,1.0,1.0,1.0,1.0,1.0,67,1.0,1.0,1.0,57,1.0,1.0,1.0,62,1.0,0.0,1.0,1.0,-0.0,1.9999999756901162e-16,1.0,1.0,,0.0,0.0,0.0,0.0,23.38888888888889,99.0,0.0,6447.890431999998,6447.890432,77.13888888888889,79.0,44.83425,85.984,1424.1666666666667,5000.0,4.0,1790.9678007485782,62707.65639738797,0.0,0.0,0.0,473.1043839999999,473.104384,44.583333333333336,45.0,9.80061111111111,10.56,300.0,405.0,1.0,380.32112140893696,13195.420435752165,59.57222222222222,70.7,4.700739811555555,4.904046592,19.6,4.281604323555554,4.369031168,29.219659776,0.0,2171.288922157515,0.6031358117104209,0.4300358337495301,713.0,656,Tesla T4,16106.12736,70.0,GPU-9ea51358-3fcd-8f1d-9048-182f0751bb29,Tesla T4,16106.12736,70.0,GPU-56a588ec-84d8-57eb-6296-71941e94e8a6,580.159.04,1.0,57,1.0,2,1.0,60,1.0,67
a-mobilenetv4-base-f0-s2,a,mobilenetv4,base,0,2,33,1287,82368,1787867841.821619,1787867880.19021,2026-08-27T21:57:21Z,2026-08-27T21:58:00Z,acc2,1,387dcf,Interactive,0338743cfd8a,v2,2.700389205490152e-07,1.0,1.4073085774685153e-12,0.0001457165923809,0.0003846490730463,0.0149974832311272,0.0,8.435481561264168e-07,0.009298760491631,0.0,371.72674783093686,1.5078213368786218e-10,64.0,0,0,38.34394860267639,33.93742036819458,4.405214548110962,24.16712999343872,9.367753267288208,8.44390606880188,0.2647888660430908,0.6302723343352246,0.2485904632470546,0.2485203742980957,0.250701379776001,0.2548678684234619,73.54713389881564,8437074,8437074,1365.769303560257,76969.47911848302,60,384,64,coral,coral_bce,0.0,session_balanced,adamw,0.0003,0.05,cosine,5,60,5.0,True,full,raw,full_frame,dataset_v1_1,fp16,2,mobilenetv4,0,2,base,a,0338743cfd8a,1.0,1.0,1.0,1.0,1.0,1.0,1.0,1.0,1.0,1.0,67,1.0,1.0,1.0,57,1.0,1.0,1.0,62,1.0,0.0,1.0,1.0,-0.0,2.0119254969167167e-16,1.0,1.0,,0.0,0.0,0.0,0.0,32.833333333333336,99.0,0.0,6447.890431999998,6447.890432,76.94444444444444,79.0,45.899722222222216,89.734,1368.75,5000.0,4.0,1766.903504308706,64485.71588430141,0.0,0.0,0.0,473.1043839999999,473.104384,44.388888888888886,45.0,9.704305555555557,10.46,300.0,405.0,1.0,376.2902552783453,13575.135556487328,60.18611111111112,68.8,4.710198044444446,4.89699328,19.6,4.278001663999998,4.278001664,29.106405376,0.0,2143.1937595870518,0.595331599885292,0.4244714307182132,713.0,648,Tesla T4,16106.12736,70.0,GPU-9ea51358-3fcd-8f1d-9048-182f0751bb29,Tesla T4,16106.12736,70.0,GPU-56a588ec-84d8-57eb-6296-71941e94e8a6,580.159.04,1.0,57,1.0,2,1.0,60,1.0,67
a-mobilenetv4-base-f0-s2,a,mobilenetv4,base,0,2,34,1326,84864,1787867880.4521196,1787867919.3396552,2026-08-27T21:58:00Z,2026-08-27T21:58:39Z,acc2,1,387dcf,Interactive,0338743cfd8a,v2,5.283407882235341e-08,1.0,1.33162970369328e-12,0.0001371637487281,8.498064947486793e-05,0.0033079243730753,0.0,1.120121783060313e-06,0.0020513822009229,0.0,371.7224635069112,3.1357438938072416e-11,64.0,0,0,38.8615608215332,34.38579869270325,4.473971366882324,24.56447434425354,9.42299509048462,8.464154481887817,0.2661654949188232,0.6321021035944175,0.2501263435070331,0.248945951461792,0.2507530212402343,0.2873789405822752,72.58810598834971,8437074,8437074,1404.6308643817902,79131.9491921879,60,384,64,coral,coral_bce,0.0,session_balanced,adamw,0.0003,0.05,cosine,5,60,5.0,True,full,raw,full_frame,dataset_v1_1,fp16,2,mobilenetv4,0,2,base,a,0338743cfd8a,1.0,1.0,1.0,1.0,1.0,1.0,1.0,1.0,1.0,1.0,67,1.0,1.0,1.0,57,1.0,1.0,1.0,62,1.0,0.0,1.0,1.0,-0.0,1.9999999756901162e-16,1.0,1.0,,0.0,0.0,0.0,0.0,23.27027027027027,99.0,0.0,6447.890431999998,6447.890432,77.08108108108108,79.0,46.06718918918919,71.805,1401.891891891892,5000.0,4.0,1784.964777444504,66285.59576035393,0.0,0.0,0.0,473.1043839999999,473.104384,44.45945945945946,45.0,9.571540540540536,10.063,300.0,405.0,1.0,377.5052962603604,13956.099234658966,58.56216216216217,72.0,4.721052699675676,4.911828992,19.6,4.278001663999998,4.278001664,29.106405376,0.0,2162.4700737048643,0.6006861315846845,0.4282892118198801,713.0,656,Tesla T4,16106.12736,70.0,GPU-9ea51358-3fcd-8f1d-9048-182f0751bb29,Tesla T4,16106.12736,70.0,GPU-56a588ec-84d8-57eb-6296-71941e94e8a6,580.159.04,1.0,57,1.0,2,1.0,60,1.0,67
a-mobilenetv4-base-f0-s2,a,mobilenetv4,base,0,2,35,1365,87360,1787867919.6185377,1787867958.1566398,2026-08-27T21:58:39Z,2026-08-27T21:59:18Z,acc2,1,387dcf,Interactive,0338743cfd8a,v2,1.3962208453885129e-08,1.0,1.159766992906672e-12,0.000128652774259,5.269868017657805e-06,0.0001883114164229,0.0,2.24055609123754e-06,0.0001217344394535,0.0,371.71840391150425,1.823915989405519e-12,64.0,0,0,38.510732889175415,34.042693853378296,4.465908050537109,24.206714630126957,9.416895627975464,8.409766912460327,0.2760272026062011,0.6285706039349609,0.2503280028318747,0.2486929893493652,0.2533042430877685,0.2786993885040282,73.31969704719195,8437074,8437074,1443.1415972709656,81283.01051003029,60,384,64,coral,coral_bce,0.0,session_balanced,adamw,0.0003,0.05,cosine,5,60,5.0,True,full,raw,full_frame,dataset_v1_1,fp16,2,mobilenetv4,0,2,base,a,0338743cfd8a,1.0,1.0,1.0,1.0,1.0,1.0,1.0,1.0,1.0,1.0,67,1.0,1.0,1.0,57,1.0,1.0,1.0,62,1.0,0.0,1.0,1.0,-0.0,2.004356511763368e-16,1.0,1.0,,0.0,0.0,0.0,0.0,23.58333333333333,99.0,0.0,6447.890431999998,6447.890432,76.86111111111111,78.0,43.80800000000001,74.202,1421.25,5000.0,4.0,1777.3782109004678,68079.85245022016,0.0,0.0,0.0,473.1043839999999,473.104384,44.47222222222222,45.0,9.632388888888888,10.063,300.0,405.0,1.0,373.6831069419332,14334.458838313343,59.59166666666667,70.7,4.680334108444445,4.93594624,19.8,4.2812074666666655,4.373815296,29.219659776,0.0,2151.061317842401,0.5975170327340003,0.4260296443393422,713.0,648,Tesla T4,16106.12736,70.0,GPU-9ea51358-3fcd-8f1d-9048-182f0751bb29,Tesla T4,16106.12736,70.0,GPU-56a588ec-84d8-57eb-6296-71941e94e8a6,580.159.04,1.0,57,1.0,2,1.0,60,1.0,67
a-mobilenetv4-base-f0-s2,a,mobilenetv4,base,0,2,36,1404,89856,1787867958.4485416,1787867998.1705682,2026-08-27T21:59:18Z,2026-08-27T21:59:58Z,acc2,1,387dcf,Interactive,0338743cfd8a,v2,8.903024886256052e-09,1.0,1.908515404409832e-12,0.0001202114300031,9.457147305041848e-07,1.5053212337079458e-05,0.0,7.293222188309301e-06,1.2291329312574798e-05,0.0,371.7146026294716,3.058414152275407e-13,64.0,0,0,39.69795870780945,35.251299142837524,4.445276260375977,25.41672825813293,9.418546438217165,8.447787284851074,0.2700536251068115,0.6402527758469584,0.2500351942502535,0.2484455108642578,0.2514727592468261,0.2841258096694945,70.8059010786031,8437074,8437074,1482.839555978775,83496.75638995194,60,384,64,coral,coral_bce,0.0,session_balanced,adamw,0.0003,0.05,cosine,5,60,5.0,True,full,raw,full_frame,dataset_v1_1,fp16,2,mobilenetv4,0,2,base,a,0338743cfd8a,1.0,1.0,1.0,1.0,1.0,1.0,1.0,1.0,1.0,1.0,67,1.0,1.0,1.0,57,1.0,1.0,1.0,62,1.0,0.0,1.0,1.0,-0.0,1.9999999756901162e-16,1.0,1.0,,0.0,0.0,0.0,0.0,19.72972972972973,99.0,0.0,6447.890431999998,6447.890432,76.89189189189189,79.0,45.68962162162162,96.209,1410.8108108108108,5000.0,4.0,1828.8087540149568,69924.67988134055,0.0,0.0,0.0,473.1043839999999,473.104384,44.67567567567568,45.0,9.63081081081081,9.964,300.0,405.0,1.0,384.9371259066975,14723.44147575712,60.46756756756756,81.0,4.811810428540539,4.979421184,20.1,4.314618022054052,4.51422208,29.335519232,0.0,2213.7458799216547,0.6149294110893485,0.4384446701067054,713.0,668,Tesla T4,16106.12736,70.0,GPU-9ea51358-3fcd-8f1d-9048-182f0751bb29,Tesla T4,16106.12736,70.0,GPU-56a588ec-84d8-57eb-6296-71941e94e8a6,580.159.04,1.0,57,1.0,2,1.0,60,1.0,67
a-mobilenetv4-base-f0-s2,a,mobilenetv4,base,0,2,37,1443,92352,1787867998.431497,1787868037.3824885,2026-08-27T21:59:58Z,2026-08-27T22:00:37Z,acc2,1,387dcf,Interactive,0338743cfd8a,v2,1.285261248183672e-06,1.0,4.58097869031997e-13,0.0001118672498709,0.0015301862992436,0.0444542542099952,0.0,0.0015922097889415,0.0333069780655204,0.0,371.7110223286803,4.605129329075169e-10,64.0,0,0,38.9265501499176,34.38678359985352,4.538199424743652,24.586925268173218,9.375587701797484,8.331411600112915,0.2722105979919433,0.6316235364675712,0.2493517154302352,0.248687744140625,0.2507350444793701,0.2748720550537108,72.58602691792997,8437074,8437074,1521.7661061286926,85677.26539516068,60,384,64,coral,coral_bce,0.0,session_balanced,adamw,0.0003,0.05,cosine,5,60,5.0,True,full,raw,full_frame,dataset_v1_1,fp16,2,mobilenetv4,0,2,base,a,0338743cfd8a,1.0,1.0,1.0,1.0,1.0,1.0,1.0,1.0,1.0,1.0,67,1.0,1.0,1.0,57,1.0,1.0,1.0,62,1.0,0.0,1.0,1.0,-0.0,2.0581010207071424e-16,1.0,1.0,,0.0,0.0,0.0,0.0,32.027027027027025,99.0,0.0,6447.890431999998,6447.890432,77.05405405405405,78.0,45.021810810810805,78.958,1341.081081081081,5000.0,4.0,1800.328639564279,71736.4161829968,0.0,0.0,0.0,473.1043839999999,473.104384,44.75675675675676,45.0,9.671054054054052,10.162,300.0,405.0,1.0,380.1803656444554,15107.089334426402,58.84054054054054,71.7,4.661434423351351,4.86957056,19.5,4.295701033513512,4.361633792,29.219659776,0.0,2180.5090052087344,0.6056969458913151,0.4318619224205077,713.0,658,Tesla T4,16106.12736,70.0,GPU-9ea51358-3fcd-8f1d-9048-182f0751bb29,Tesla T4,16106.12736,70.0,GPU-56a588ec-84d8-57eb-6296-71941e94e8a6,580.159.04,1.0,57,1.0,2,1.0,60,1.0,67
a-mobilenetv4-base-f0-s2,a,mobilenetv4,base,0,2,38,1482,94848,1787868037.680817,1787868076.7701452,2026-08-27T22:00:37Z,2026-08-27T22:01:16Z,acc2,1,387dcf,Interactive,0338743cfd8a,v2,3.013078454825984e-07,1.0,2.3199756594619945e-12,0.0001036474508437,0.0003864107603088,0.0081209791824221,0.0,0.0011457496788352,0.0074522181507199,0.0,371.70775637971366,1.0774725465694203e-10,64.0,0,0,39.06519269943237,34.66424608230591,4.399249076843262,24.83129906654358,9.429856777191162,8.496605634689331,0.2634358406066894,0.635637439640849,0.2501704998505421,0.2492988109588623,0.2520094394683838,0.284763832092285,72.00502771857668,8437074,8437074,1560.831298828125,87871.61810979868,60,384,64,coral,coral_bce,0.0,session_balanced,adamw,0.0003,0.05,cosine,5,60,5.0,True,full,raw,full_frame,dataset_v1_1,fp16,2,mobilenetv4,0,2,base,a,0338743cfd8a,1.0,1.0,1.0,1.0,1.0,1.0,1.0,1.0,1.0,1.0,67,1.0,1.0,1.0,57,1.0,1.0,1.0,62,1.0,0.0,1.0,1.0,-0.0,1.9999999756901162e-16,1.0,1.0,,0.0,0.0,0.0,0.0,20.7027027027027,97.0,0.0,6447.890431999998,6447.890432,76.89189189189189,79.0,45.06310810810812,75.771,1370.2702702702702,5000.0,4.0,1809.8911791987337,73563.75131970982,0.0,0.0,0.0,473.1043839999999,473.104384,44.62162162162162,45.0,9.778324324324323,10.361,300.0,405.0,1.0,384.4615354392736,15496.119410234232,58.68918918918919,69.5,4.763104117621621,5.02921216,19.9,4.293869567999999,4.293869568,29.219659776,0.0,2194.3527146380075,0.6095424207327799,0.434603745982472,713.0,660,Tesla T4,16106.12736,70.0,GPU-9ea51358-3fcd-8f1d-9048-182f0751bb29,Tesla T4,16106.12736,70.0,GPU-56a588ec-84d8-57eb-6296-71941e94e8a6,580.159.04,1.0,57,1.0,2,1.0,60,1.0,67
a-mobilenetv4-base-f0-s2,a,mobilenetv4,base,0,2,39,1521,97344,1787868077.0455966,1787868115.8708408,2026-08-27T22:01:17Z,2026-08-27T22:01:55Z,acc2,1,387dcf,Interactive,0338743cfd8a,v2,1.0488304851199709e-07,1.0,7.066351802031978e-13,9.557884419740386e-05,0.0001485509133122,0.0057884030975401,0.0,1.1598202263485318e-06,0.0035898933497582,0.0,371.70472174430427,3.81978591292265e-11,64.0,0,0,38.799898862838745,34.388728857040405,4.410045146942139,24.55241107940674,9.41230082511902,8.440894842147827,0.2828667163848877,0.6327957494477446,0.250248664464706,0.2493951320648193,0.2515518188476562,0.2734696960449218,72.5819209653338,8437074,8437074,1599.6311976909635,90070.03788601514,60,384,64,coral,coral_bce,0.0,session_balanced,adamw,0.0003,0.05,cosine,5,60,5.0,True,full,raw,full_frame,dataset_v1_1,fp16,2,mobilenetv4,0,2,base,a,0338743cfd8a,1.0,1.0,1.0,1.0,1.0,1.0,1.0,1.0,1.0,1.0,67,1.0,1.0,1.0,57,1.0,1.0,1.0,62,1.0,0.0,1.0,1.0,-0.0,1.9999999756901162e-16,1.0,1.0,,0.0,0.0,0.0,0.0,19.2972972972973,96.0,0.0,6447.890431999998,6447.890432,76.91891891891892,78.0,45.70805405405406,70.237,1374.3243243243244,5000.0,4.0,1815.4350124446937,75396.82259714126,0.0,0.0,0.0,473.1043839999999,473.104384,44.86486486486486,45.0,9.845324324324324,10.46,300.0,405.0,1.0,382.9847637717594,15883.60007310439,58.65945945945948,70.9,4.74136531718919,4.961988608,20.0,4.295043902270269,4.337319936,29.219659776,0.0,2198.419776216453,0.6106721600601258,0.4354092501228697,713.0,654,Tesla T4,16106.12736,70.0,GPU-9ea51358-3fcd-8f1d-9048-182f0751bb29,Tesla T4,16106.12736,70.0,GPU-56a588ec-84d8-57eb-6296-71941e94e8a6,580.159.04,1.0,57,1.0,2,1.0,60,1.0,67
a-mobilenetv4-base-f0-s2,a,mobilenetv4,base,0,2,40,1560,99840,1787868116.1339786,1787868155.1392767,2026-08-27T22:01:56Z,2026-08-27T22:02:35Z,acc2,1,387dcf,Interactive,0338743cfd8a,v2,1.2427643858951163e-06,1.0,1.556273092226916e-12,8.768774804971705e-05,0.0008836230466267,0.0335096828639507,0.0,0.0001106182658986,0.0211113381898029,0.0,371.7020416380764,2.0845437044699423e-10,64.0,0,0,38.97809314727783,34.533478021621704,4.443249940872192,24.656699180603027,9.40993046760559,8.467849969863892,0.3028042316436767,0.6325783841564094,0.251481967094617,0.248828649520874,0.2574324131011963,0.2815418910980224,72.27768944782316,8437074,8437074,1638.6092908382416,92249.07262937166,60,384,64,coral,coral_bce,0.0,session_balanced,adamw,0.0003,0.05,cosine,5,60,5.0,True,full,raw,full_frame,dataset_v1_1,fp16,2,mobilenetv4,0,2,base,a,0338743cfd8a,1.0,1.0,1.0,1.0,1.0,1.0,1.0,1.0,1.0,1.0,67,1.0,1.0,1.0,57,1.0,1.0,1.0,62,1.0,0.0,1.0,1.0,-0.0,1.9999999756901162e-16,1.0,1.0,,0.0,0.0,0.0,0.0,22.916666666666668,99.0,0.0,6447.890431999998,6447.890432,77.0,79.0,44.84813888888889,84.235,1375.0,5000.0,4.0,1791.3255209563067,77199.92275053266,0.0,0.0,0.0,473.1043839999999,473.104384,44.80555555555556,45.0,9.900361111111112,10.46,300.0,405.0,1.0,387.7092224002081,16274.929359696896,59.79444444444445,71.5,4.865531676444444,5.128286208,20.3,4.299045091555555,4.405477376,29.219659776,0.0,2179.034743356515,0.605287428710143,0.431569936670332,713.0,656,Tesla T4,16106.12736,70.0,GPU-9ea51358-3fcd-8f1d-9048-182f0751bb29,Tesla T4,16106.12736,70.0,GPU-56a588ec-84d8-57eb-6296-71941e94e8a6,580.159.04,1.0,57,1.0,2,1.0,60,1.0,67
a-mobilenetv4-base-f0-s2,a,mobilenetv4,base,0,2,41,1599,102336,1787868155.8045516,1787868194.4131992,2026-08-27T22:02:35Z,2026-08-27T22:03:14Z,acc2,1,387dcf,Interactive,0338743cfd8a,v2,4.920091971934415e-09,1.0,3.0276623502209e-12,7.999990151614894e-05,4.867128377365285e-07,1.5235639693855774e-05,0.0,4.551361655558184e-07,1.0698920809772942e-05,0.0,371.69954409708185,1.047539059542079e-13,64.0,0,0,38.582993030548096,34.12945055961609,4.452259063720703,24.32639217376709,9.414635181427002,8.3967866897583,0.2540428638458252,0.6304952069038984,0.2495529223711062,0.2484033107757568,0.2512970447540283,0.2753902673721313,73.13331914441686,8437074,8437074,1677.1922838687897,94397.72308808575,60,384,64,coral,coral_bce,0.0,session_balanced,adamw,0.0003,0.05,cosine,5,60,5.0,True,full,raw,full_frame,dataset_v1_1,fp16,2,mobilenetv4,0,2,base,a,0338743cfd8a,1.0,1.0,1.0,1.0,1.0,1.0,1.0,1.0,1.0,1.0,67,1.0,1.0,1.0,57,1.0,1.0,1.0,62,1.0,0.0,1.0,1.0,-0.0,1.9999999756901162e-16,1.0,1.0,,0.0,0.0,0.0,0.0,27.63888888888889,99.0,0.0,6447.890431999998,6447.890432,77.16666666666667,79.0,44.58963888888889,69.441,1393.75,5000.0,4.0,1766.749981713845,78994.69668714485,0.0,0.0,0.0,473.1043839999999,473.104384,45.0,45.0,9.839388888888887,10.46,300.0,405.0,1.0,381.9004770002466,16664.87543286518,59.65277777777779,71.6,4.756650552888889,4.891414528,20.0,4.293869567999999,4.293869568,29.106405376,0.0,2148.650458714092,0.5968473496428033,0.4255521602953187,713.0,650,Tesla T4,16106.12736,70.0,GPU-9ea51358-3fcd-8f1d-9048-182f0751bb29,Tesla T4,16106.12736,70.0,GPU-56a588ec-84d8-57eb-6296-71941e94e8a6,580.159.04,1.0,57,1.0,2,1.0,60,1.0,67
a-mobilenetv4-base-f0-s2,a,mobilenetv4,base,0,2,42,1638,104832,1787868194.6835487,1787868233.384664,2026-08-27T22:03:14Z,2026-08-27T22:03:53Z,acc2,1,387dcf,Interactive,0338743cfd8a,v2,3.3792448118628845e-06,1.0,4.4340853490235524e-13,7.254038075415572e-05,0.001230291863787,0.0476867295801639,0.0,8.074161669355834e-05,0.0296375662388162,0.0,371.69722282083296,2.4010359711746105e-10,64.0,0,0,38.670655488967896,34.235164165496826,4.434211492538452,24.394153118133545,9.422582387924194,8.449009895324707,0.2746286392211914,0.6308181955977653,0.2503876441564315,0.2486889362335205,0.2529719352722168,0.2887004232406615,72.90749324098583,8437074,8437074,1715.8629393577576,96560.58271918072,60,384,64,coral,coral_bce,0.0,session_balanced,adamw,0.0003,0.05,cosine,5,60,5.0,True,full,raw,full_frame,dataset_v1_1,fp16,2,mobilenetv4,0,2,base,a,0338743cfd8a,1.0,1.0,1.0,1.0,1.0,1.0,1.0,1.0,1.0,1.0,67,1.0,1.0,1.0,57,1.0,1.0,1.0,62,1.0,0.0,1.0,1.0,1.2818203750521731e-09,3.8392939971220433e-16,0.9999999987181796,0.9999999987181796,,-1.2818203165565476e-09,1.2818203165565476e-09,1.2818203165565476e-09,1.2818203165565476e-09,26.666666666666668,98.0,0.0,6447.890431999998,6447.890432,76.83333333333333,79.0,48.96280555555555,91.898,1410.8333333333333,5000.0,4.0,1783.2397451239085,80789.75264083137,0.0,0.0,0.0,473.1043839999999,473.104384,44.91666666666666,45.0,9.717694444444444,10.659,300.0,405.0,1.0,379.619885971053,17048.342263673807,59.5611111111111,69.5,4.8376224426666665,5.065904128,20.1,4.296556544,4.375527424,29.219659776,0.0,2162.859631094961,0.6007943419708226,0.4283663658251965,713.0,652,Tesla T4,16106.12736,70.0,GPU-9ea51358-3fcd-8f1d-9048-182f0751bb29,Tesla T4,16106.12736,70.0,GPU-56a588ec-84d8-57eb-6296-71941e94e8a6,580.159.04,1.0,57,1.0,2,1.0,60,1.0,67
a-mobilenetv4-base-f0-s2,a,mobilenetv4,base,0,2,43,1677,107328,1787868233.658595,1787868272.4752953,2026-08-27T22:03:53Z,2026-08-27T22:04:32Z,acc2,1,387dcf,Interactive,0338743cfd8a,v2,1.7166374839478743e-08,1.0,3.720238554944003e-12,6.533351716998465e-05,2.673132389856957e-06,3.755814032047056e-05,0.0,2.298212439200144e-05,3.489102542516774e-05,0.0,371.6951217023184,4.698612671872262e-13,64.0,0,0,38.7896511554718,34.44136190414429,4.346747159957886,24.557162284851078,9.479558944702148,8.496063232421875,0.2677164077758789,0.6330854120451908,0.2515709033379188,0.2492351531982422,0.2532854557037354,0.2968977308273314,72.47100178403977,8437074,8437074,1754.6525905132294,98744.60828858026,60,384,64,coral,coral_bce,0.0,session_balanced,adamw,0.0003,0.05,cosine,5,60,5.0,True,full,raw,full_frame,dataset_v1_1,fp16,2,mobilenetv4,0,2,base,a,0338743cfd8a,1.0,1.0,1.0,1.0,1.0,1.0,1.0,1.0,1.0,1.0,67,1.0,1.0,1.0,57,1.0,1.0,1.0,62,1.0,0.0,1.0,1.0,-0.0,1.9999999756901162e-16,1.0,1.0,,0.0,0.0,0.0,0.0,32.16216216216216,97.0,2.0,6447.890431999998,6447.890432,77.16216216216216,79.0,49.11859459459459,92.173,1338.6486486486488,5000.0,4.0,1805.7778671762355,82617.34043964083,0.0,0.0,0.0,473.1043839999999,473.104384,44.94594594594594,45.0,9.68962162162162,10.063,300.0,405.0,1.0,378.2477022232997,17431.129749465967,58.9216216216216,72.2,4.727556704864865,5.060939776,20.0,4.293869567999999,4.293869568,29.106405376,0.0,2184.025569399535,0.6066737692776486,0.4325583974949634,713.0,652,Tesla T4,16106.12736,70.0,GPU-9ea51358-3fcd-8f1d-9048-182f0751bb29,Tesla T4,16106.12736,70.0,GPU-56a588ec-84d8-57eb-6296-71941e94e8a6,580.159.04,1.0,57,1.0,2,1.0,60,1.0,67
a-mobilenetv4-base-f0-s2,a,mobilenetv4,base,0,2,44,1716,109824,1787868272.7411363,1787868311.2228484,2026-08-27T22:04:32Z,2026-08-27T22:05:11Z,acc2,1,387dcf,Interactive,0338743cfd8a,v2,1.5083028003754653e-07,1.0,5.73005302011521e-13,5.840281805468426e-05,0.0002640864842358,0.0096557047218084,0.0,0.0001464635031879,0.0061800719809252,0.0,371.6932867970456,4.149495144891269e-11,64.0,0,0,38.45664834976196,34.128674030303955,4.326062440872192,24.33418369293213,9.38088870048523,8.411667585372925,0.2734513282775879,0.6327692281348474,0.2492311673286633,0.2482719421386718,0.2509132862091064,0.271527018547058,73.1349831459529,8437074,8437074,1793.109238862991,100895.85811960028,60,384,64,coral,coral_bce,0.0,session_balanced,adamw,0.0003,0.05,cosine,5,60,5.0,True,full,raw,full_frame,dataset_v1_1,fp16,2,mobilenetv4,0,2,base,a,0338743cfd8a,1.0,1.0,1.0,1.0,1.0,1.0,1.0,1.0,1.0,1.0,67,1.0,1.0,1.0,57,1.0,1.0,1.0,62,1.0,0.0,1.0,1.0,-0.0,1.9999999756901162e-16,1.0,1.0,,0.0,0.0,0.0,0.0,25.97222222222222,99.0,0.0,6447.890431999998,6447.890432,76.94444444444444,79.0,46.60625,88.564,1354.1666666666667,5000.0,4.0,1777.330876736538,84412.10134872506,0.0,0.0,0.0,473.1043839999999,473.104384,45.0,45.0,9.621055555555554,10.162,300.0,405.0,1.0,373.9189542834829,17809.569366040978,59.31944444444444,69.7,4.8895534648888885,5.137707008,20.3,4.296640284444443,4.367269888,29.219659776,0.0,2151.249831020021,0.5975693975055614,0.4260669804214652,713.0,648,Tesla T4,16106.12736,70.0,GPU-9ea51358-3fcd-8f1d-9048-182f0751bb29,Tesla T4,16106.12736,70.0,GPU-56a588ec-84d8-57eb-6296-71941e94e8a6,580.159.04,1.0,57,1.0,2,1.0,60,1.0,67
a-mobilenetv4-base-f0-s2,a,mobilenetv4,base,0,2,45,1755,112320,1787868311.4790156,1787868349.107043,2026-08-27T22:05:11Z,2026-08-27T22:05:49Z,acc2,1,387dcf,Interactive,0338743cfd8a,v2,3.8808010409954e-08,1.0,5.644371177461157e-12,5.1770889908207245e-05,7.787579372211585e-05,0.0030197380110621,0.0,2.107020679886795e-06,0.0018783148994407,0.0,371.6916119729538,1.0846892997938528e-11,64.0,0,0,37.60122275352478,33.35774350166321,4.241396188735962,23.455239057540894,9.46331548690796,8.46728777885437,0.2978754043579101,0.6237892637505299,0.2519074770120474,0.2493331432342529,0.2538704395294189,0.2931189012527465,74.82520512442785,8437074,8437074,1830.710461616516,103021.28601171474,60,384,64,coral,coral_bce,0.0,session_balanced,adamw,0.0003,0.05,cosine,5,60,5.0,True,full,raw,full_frame,dataset_v1_1,fp16,2,mobilenetv4,0,2,base,a,0338743cfd8a,1.0,1.0,1.0,1.0,1.0,1.0,1.0,1.0,1.0,1.0,67,1.0,1.0,1.0,57,1.0,1.0,1.0,62,1.0,0.0,1.0,1.0,-0.0,1.9999999756901162e-16,1.0,1.0,,0.0,0.0,0.0,0.0,27.82857142857143,98.0,0.0,6447.890431999999,6447.890432,77.22857142857143,79.0,45.23202857142857,90.807,1447.2857142857142,5000.0,4.0,1761.676611068557,86198.6689302035,0.0,0.0,0.0,473.1043839999999,473.104384,44.97142857142857,45.0,9.679885714285714,10.162,300.0,405.0,1.0,363.7512810459011,18178.516531029247,60.66000000000001,70.2,4.919911687314285,5.093347328,20.2,4.298159367314285,4.379394048,29.219659776,0.0,2125.427892114458,0.5903966366984605,0.4209528019660024,713.0,635,Tesla T4,16106.12736,70.0,GPU-9ea51358-3fcd-8f1d-9048-182f0751bb29,Tesla T4,16106.12736,70.0,GPU-56a588ec-84d8-57eb-6296-71941e94e8a6,580.159.04,1.0,57,1.0,2,1.0,60,1.0,67
a-mobilenetv4-base-f0-s2,a,mobilenetv4,base,0,2,46,1794,114816,1787868349.3872375,1787868388.2248309,2026-08-27T22:05:49Z,2026-08-27T22:06:28Z,acc2,1,387dcf,Interactive,0338743cfd8a,v2,1.3118795858728405e-08,1.0,6.020310500869141e-12,4.5459364701706e-05,1.977749238590557e-06,4.874998558079824e-05,0.0,8.29093032734818e-06,3.383280354682928e-05,0.0,371.6901321893741,2.418875728446895e-13,64.0,0,0,38.81181812286377,34.50119638442993,4.30925726890564,24.63988733291626,9.453453063964844,8.441484212875366,0.2705831527709961,0.6348552715287789,0.251064196611062,0.2488212585449218,0.2511064052581787,0.2931265592575073,72.34531730982006,8437074,8437074,1869.52227973938,105191.8980508929,60,384,64,coral,coral_bce,0.0,session_balanced,adamw,0.0003,0.05,cosine,5,60,5.0,True,full,raw,full_frame,dataset_v1_1,fp16,2,mobilenetv4,0,2,base,a,0338743cfd8a,1.0,1.0,1.0,1.0,1.0,1.0,1.0,1.0,1.0,1.0,67,1.0,1.0,1.0,57,1.0,1.0,1.0,62,1.0,0.0,1.0,1.0,-0.0,1.9999999756901162e-16,1.0,1.0,,0.0,0.0,0.0,0.0,30.56756756756757,99.0,0.0,6447.890431999998,6447.890432,76.89189189189189,79.0,46.59737837837838,90.083,1369.054054054054,5000.0,4.0,1791.340526314074,88002.07712896407,0.0,0.0,0.0,473.1043839999999,473.104384,44.972972972972975,45.0,9.708675675675677,10.361,300.0,405.0,1.0,379.2715128640921,18562.29513699365,58.99189189189189,71.5,4.979774104216217,5.221216256,20.5,4.296668132324323,4.397416448,29.219659776,0.0,2170.612039178166,0.6029477886606017,0.429901773315009,713.0,656,Tesla T4,16106.12736,70.0,GPU-9ea51358-3fcd-8f1d-9048-182f0751bb29,Tesla T4,16106.12736,70.0,GPU-56a588ec-84d8-57eb-6296-71941e94e8a6,580.159.04,1.0,57,1.0,2,1.0,60,1.0,67
a-mobilenetv4-base-f0-s2,a,mobilenetv4,base,0,2,47,1833,117312,1787889051.374496,1787889183.0696764,2026-08-28T03:50:51Z,2026-08-28T03:53:03Z,acct2,1,9faf39,Interactive,0338743cfd8a,v2,7.842992291814494e-06,1.0,9.72646526492946e-13,3.948882931853924e-05,0.008099056796144036,0.31586211919784546,0.0,1.8534646102352806e-07,0.19583464336420753,0.0,371.68889777225087,8.604568858014571e-10,64.0,0,0,131.66785073280334,108.10488152503967,23.560179710388184,28.816994190216064,78.4964394569397,56.994571924209595,0.6415379047393799,0.21886127881509257,2.0310944410470815,0.25214529037475586,0.25632405281066895,43.26355619430524,23.08868910255331,8437074,8437074,2001.1901304721832,112817.59899345881,60,384,64,coral,coral_bce,0.0,session_balanced,adamw,0.0003,0.05,cosine,5,60,5.0,True,full,raw,full_frame,dataset_v1_1,fp16,2,mobilenetv4,0,2,base,a,0338743cfd8a,1.0,1.0,1.0,1.0,1.0,1.0,1.0,1.0,1.0,1.0,67,1.0,1.0,1.0,57,1.0,1.0,1.0,62,1.0,0.0,1.0,1.0,-0.0,1.999999975690116e-16,1.0,1.0,NA,0.0,0.0,0.0,0.0,31.274193548387096,100.0,0.0,4326.130721032258,6431.113216,61.766129032258064,72.0,48.02440322580645,82.907,1369.5967741935483,5000.0,4.0,6277.059968583589,6282.816964866166,0.0,0.0,0.0,473.1043840000001,473.104384,43.346774193548384,44.0,10.167008064516127,11.445,300.0,405.0,1.0,1348.6409739823334,1350.7218081598276,38.59193548387096,65.4,2.8937174049032253,3.302854656,13.6,2.7153883334193547,2.99501568,26.803228672,0.0,7625.700942565922,2.118250261823867,1.5103124366804173,713.0,2236,Tesla T4,16106.12736,70.0,GPU-da458f0a-46b4-0f02-b73a-25706261b2de,Tesla T4,16106.12736,70.0,GPU-c4a4882e-18ea-46fc-68e3-c7471013fc43,580.159.04,1.0,57,1.0,2,1.0,60,1.0,67
a-mobilenetv4-base-f0-s2,a,mobilenetv4,base,0,2,48,1872,119808,1787889183.4027693,1787889226.9232297,2026-08-28T03:53:03Z,2026-08-28T03:53:46Z,acct2,1,9faf39,Interactive,0338743cfd8a,v2,7.300490728061248e-10,1.0,9.183480526611403e-13,3.3878758404137624e-05,7.216570087947707e-08,1.1623230875557056e-06,0.0,3.9304589165567493e-07,9.710670838103385e-07,0.0,371.6877831943901,6.577790435157802e-15,64.0,0,0,43.49871230125427,38.78062033653259,4.716508150100708,28.551021575927734,9.545232772827148,8.550152778625488,0.5359213352203369,0.6563647534712074,0.2602680707589174,0.2586979866027832,0.26360392570495605,0.2912352657318114,64.36204419475693,8437074,8437074,2044.6888427734375,115320.86237939674,60,384,64,coral,coral_bce,0.0,session_balanced,adamw,0.0003,0.05,cosine,5,60,5.0,True,full,raw,full_frame,dataset_v1_1,fp16,2,mobilenetv4,0,2,base,a,0338743cfd8a,1.0,1.0,1.0,1.0,1.0,1.0,1.0,1.0,1.0,1.0,67,1.0,1.0,1.0,57,1.0,1.0,1.0,62,1.0,0.0,1.0,1.0,-0.0,1.999999975690116e-16,1.0,1.0,NA,0.0,0.0,0.0,0.0,23.75609756097561,99.0,0.0,6174.13537092683,6435.30752,73.95121951219512,76.0,48.8490243902439,98.591,1380.0,5000.0,4.0,2063.839245323413,8374.267681242225,0.0,0.0,0.0,473.104384,473.104384,42.1219512195122,43.0,10.03290243902439,10.452,300.0,405.0,1.0,439.4241406145077,1796.1351666679357,56.892682926829266,67.5,3.412355421658537,3.58418432,14.1,2.979309318243902,3.069571072,26.91198976,0.0,2503.2633859379202,0.6953509405383111,0.49578522060381586,713.0,734,Tesla T4,16106.12736,70.0,GPU-da458f0a-46b4-0f02-b73a-25706261b2de,Tesla T4,16106.12736,70.0,GPU-c4a4882e-18ea-46fc-68e3-c7471013fc43,580.159.04,1.0,57,1.0,2,1.0,60,1.0,67
a-mobilenetv4-base-f0-s2,a,mobilenetv4,base,0,2,49,1911,122304,1787889227.2426114,1787889269.7947621,2026-08-28T03:53:47Z,2026-08-28T03:54:29Z,acct2,1,9faf39,Interactive,0338743cfd8a,v2,3.456534362574096e-09,1.0,1.0739256356406369e-12,2.8647450843757897e-05,3.593738818553086e-07,9.88173451332841e-06,0.0,8.452948179638074e-07,7.1998375324255725e-06,0.0,371.6868327433235,2.7698440482797378e-14,64.0,0,0,42.532262086868286,38.00383543968201,4.526590347290039,27.5284686088562,9.777998208999634,8.788127899169922,0.5511553287506104,0.6472373501468556,0.2667832130040878,0.26601076126098633,0.2693921089172363,0.3104372358322142,65.67758151572727,8437074,8437074,2087.221104860306,117812.5882186349,60,384,64,coral,coral_bce,0.0,session_balanced,adamw,0.0003,0.05,cosine,5,60,5.0,True,full,raw,full_frame,dataset_v1_1,fp16,2,mobilenetv4,0,2,base,a,0338743cfd8a,1.0,1.0,1.0,1.0,1.0,1.0,1.0,1.0,1.0,1.0,67,1.0,1.0,1.0,57,1.0,1.0,1.0,62,1.0,0.0,1.0,1.0,-0.0,1.999999975690116e-16,1.0,1.0,NA,0.0,0.0,0.0,0.0,23.15,99.0,0.0,6435.30752,6435.30752,77.375,79.0,49.694225,88.828,1325.625,5000.0,4.0,2062.51999163413,10454.948181317088,0.0,0.0,0.0,473.10438400000004,473.104384,42.0,42.0,10.02735,10.456,300.0,405.0,1.0,429.20584760403494,2230.169296344276,58.192499999999995,70.7,3.5282052096000003,3.765710848,14.6,2.9909762048,2.991009792,26.81348096,0.0,2491.7258392381646,0.6921460664550457,0.4935001453824476,713.0,712,Tesla T4,16106.12736,70.0,GPU-da458f0a-46b4-0f02-b73a-25706261b2de,Tesla T4,16106.12736,70.0,GPU-c4a4882e-18ea-46fc-68e3-c7471013fc43,580.159.04,1.0,57,1.0,2,1.0,60,1.0,67
a-mobilenetv4-base-f0-s2,a,mobilenetv4,base,0,2,50,1950,124800,1787889270.1318047,1787889312.8107865,2026-08-28T03:54:30Z,2026-08-28T03:55:12Z,acct2,1,9faf39,Interactive,0338743cfd8a,v2,5.151481141182695e-09,1.0,2.8867100335733243e-12,2.38119700753228e-05,4.087333406433712e-07,8.335574420925695e-06,0.0,2.3042762677505386e-06,6.167234664644624e-06,0.0,371.68603495586524,2.618539617002926e-14,64.0,0,0,42.659618854522705,38.213862895965576,4.444288730621338,27.835299015045166,9.731003284454346,8.801440477371216,0.5178854465484619,0.6524976022399251,0.26438036943093324,0.26335716247558594,0.26714887619018557,0.2945047187805175,65.31661053987595,8437074,8437074,2129.8807237148285,120328.11598403292,60,384,64,coral,coral_bce,0.0,session_balanced,adamw,0.0003,0.05,cosine,5,60,5.0,True,full,raw,full_frame,dataset_v1_1,fp16,2,mobilenetv4,0,2,base,a,0338743cfd8a,1.0,1.0,1.0,1.0,1.0,1.0,1.0,1.0,1.0,1.0,67,1.0,1.0,1.0,57,1.0,1.0,1.0,62,1.0,0.0,1.0,1.0,-0.0,1.999999975690116e-16,1.0,1.0,NA,0.0,0.0,0.0,0.0,24.0,99.0,0.0,6435.30752,6435.30752,77.175,78.0,51.860400000000006,99.763,1299.0,5000.0,4.0,2080.718442741152,12558.217261966698,0.0,0.0,0.0,473.10438400000004,473.104384,40.9,42.0,10.133725,10.651,300.0,405.0,1.0,434.8093226568699,2670.4396285052258,57.855,70.0,3.651180544,3.87135488,15.0,2.9910143999999996,2.991026176,26.81348096,0.0,2515.527765398022,0.6987577126105616,0.49821424909133044,713.0,718,Tesla T4,16106.12736,70.0,GPU-da458f0a-46b4-0f02-b73a-25706261b2de,Tesla T4,16106.12736,70.0,GPU-c4a4882e-18ea-46fc-68e3-c7471013fc43,580.159.04,1.0,57,1.0,2,1.0,60,1.0,67
a-mobilenetv4-base-f0-s2,a,mobilenetv4,base,0,2,51,1989,127296,1787889313.2141185,1787889356.0312583,2026-08-28T03:55:13Z,2026-08-28T03:55:56Z,acct2,1,9faf39,Interactive,0338743cfd8a,v2,1.2763551182988445e-08,1.0,2.840408543277603e-13,1.9388088432033443e-05,7.205577278003334e-06,0.0002740548807196319,0.0,2.4772398774075574e-06,0.0001712795415187422,0.0,371.68537600501725,3.758618941948732e-13,64.0,0,0,42.796058893203735,38.36713171005249,4.427845001220703,27.929502248764038,9.765615701675415,8.868068218231201,0.5304536819458008,0.6526185581354877,0.2656666132119986,0.26271820068359375,0.27571544647216795,0.30341951847076404,65.0556840908185,8437074,8437074,2172.676782608032,122814.52139376481,60,384,64,coral,coral_bce,0.0,session_balanced,adamw,0.0003,0.05,cosine,5,60,5.0,True,full,raw,full_frame,dataset_v1_1,fp16,2,mobilenetv4,0,2,base,a,0338743cfd8a,1.0,1.0,1.0,1.0,1.0,1.0,1.0,1.0,1.0,1.0,67,1.0,1.0,1.0,57,1.0,1.0,1.0,62,1.0,0.0,1.0,1.0,-0.0,1.999999975690116e-16,1.0,1.0,NA,0.0,0.0,0.0,0.0,24.75,99.0,0.0,6435.30752,6435.30752,76.875,79.0,47.961074999999994,72.454,1308.375,5000.0,4.0,2048.7627414667786,14627.710809087046,0.0,0.0,0.0,473.10438400000004,473.104384,40.0,40.0,10.150974999999999,10.849,300.0,405.0,1.0,437.6426682651054,3114.0054545736275,56.532500000000006,69.2,3.715209420800001,3.947053056,15.2,2.9781348352,3.017875456,26.91198976,0.0,2486.405409731884,0.6906681693699678,0.49244640476078705,713.0,720,Tesla T4,16106.12736,70.0,GPU-da458f0a-46b4-0f02-b73a-25706261b2de,Tesla T4,16106.12736,70.0,GPU-c4a4882e-18ea-46fc-68e3-c7471013fc43,580.159.04,1.0,57,1.0,2,1.0,60,1.0,67
a-mobilenetv4-base-f0-s2,a,mobilenetv4,base,0,2,52,2028,129792,1787889356.358545,1787889398.0828943,2026-08-28T03:55:56Z,2026-08-28T03:56:38Z,acct2,1,9faf39,Interactive,0338743cfd8a,v2,2.7990658731501937e-08,1.0,5.640825065297809e-13,1.5390235696296265e-05,2.8951422991259536e-05,0.0011279828613623977,0.0,2.859331232230035e-07,0.0006994928305738284,0.0,371.68485014368304,1.1987823108916335e-12,128.0,0,0,41.70030069351196,37.206470012664795,4.492356300354004,26.81368112564087,9.723467111587524,8.762898445129395,0.5267453193664551,0.6430092992066299,0.26454902917910844,0.2639343738555908,0.2674832344055176,0.2826542425155639,67.08510641161016,8437074,8437074,2214.377083301544,125262.98918632844,60,384,64,coral,coral_bce,0.0,session_balanced,adamw,0.0003,0.05,cosine,5,60,5.0,True,full,raw,full_frame,dataset_v1_1,fp16,2,mobilenetv4,0,2,base,a,0338743cfd8a,1.0,1.0,1.0,1.0,1.0,1.0,1.0,1.0,1.0,1.0,67,1.0,1.0,1.0,57,1.0,1.0,1.0,62,1.0,0.0,1.0,1.0,-0.0,1.999999975690116e-16,1.0,1.0,NA,0.0,0.0,0.0,0.0,29.05128205128205,99.0,0.0,6435.30752,6435.30752,77.28205128205128,79.0,49.400282051282055,75.635,1333.8461538461538,5000.0,4.0,2020.5481611165633,16671.004312571735,0.0,0.0,0.0,473.1043839999998,473.104384,39.743589743589745,40.0,10.137923076923078,10.651,300.0,405.0,1.0,427.91963144707324,3547.3467419497892,57.976923076923086,67.7,3.7830260053333338,4.00177152,15.3,2.9911318317948714,2.991161344,26.814529536,0.0,2448.4677925636365,0.6801299423787879,0.48493264891607574,713.0,702,Tesla T4,16106.12736,70.0,GPU-da458f0a-46b4-0f02-b73a-25706261b2de,Tesla T4,16106.12736,70.0,GPU-c4a4882e-18ea-46fc-68e3-c7471013fc43,580.159.04,1.0,57,1.0,2,1.0,60,1.0,67
a-mobilenetv4-base-f0-s2,a,mobilenetv4,base,0,2,53,2067,132288,1787889398.4073744,1787889440.8183117,2026-08-28T03:56:38Z,2026-08-28T03:57:20Z,acct2,1,9faf39,Interactive,0338743cfd8a,v2,4.030234549378099e-09,1.0,5.83961743502348e-13,1.1831452032772498e-05,4.1632635845900995e-07,9.61878595262533e-06,0.0,1.2593192877830044e-06,7.363908375737067e-06,0.0,371.68443607957687,1.3252492872830524e-14,128.0,0,0,42.389676094055176,37.9984188079834,4.389853477478027,27.614295959472656,9.700841188430786,8.72131896018982,0.5423324108123779,0.6514391829322175,0.2643098586644882,0.26308441162109375,0.26703782081604005,0.2928395175933838,65.68694378081845,8437074,8437074,2256.7667593955994,127751.1573215616,60,384,64,coral,coral_bce,0.0,session_balanced,adamw,0.0003,0.05,cosine,5,60,5.0,True,full,raw,full_frame,dataset_v1_1,fp16,2,mobilenetv4,0,2,base,a,0338743cfd8a,1.0,1.0,1.0,1.0,1.0,1.0,1.0,1.0,1.0,1.0,67,1.0,1.0,1.0,57,1.0,1.0,1.0,62,1.0,0.0,1.0,1.0,-0.0,1.999999975690116e-16,1.0,1.0,NA,0.0,0.0,0.0,0.0,21.525,99.0,0.0,6435.30752,6435.30752,76.875,79.0,48.792424999999994,95.323,1325.25,5000.0,4.0,2057.524989775411,18747.948069800343,0.0,0.0,0.0,473.10438400000004,473.104384,39.025,40.0,10.135925,10.655,300.0,405.0,1.0,430.6431454577414,3982.646874866475,57.315,70.2,3.8540884992000004,4.10646528,15.7,2.9942034432,3.09559296,26.927783936,0.0,2488.1681352331525,0.6911578153425424,0.4927955223392327,713.0,714,Tesla T4,16106.12736,70.0,GPU-da458f0a-46b4-0f02-b73a-25706261b2de,Tesla T4,16106.12736,70.0,GPU-c4a4882e-18ea-46fc-68e3-c7471013fc43,580.159.04,1.0,57,1.0,2,1.0,60,1.0,67
a-mobilenetv4-base-f0-s2,a,mobilenetv4,base,0,2,54,2106,134784,1787889441.1442692,1787889483.1895683,2026-08-28T03:57:21Z,2026-08-28T03:58:03Z,acct2,1,9faf39,Interactive,0338743cfd8a,v2,4.338200019733333e-09,1.0,2.6811795113197274e-13,8.723345454071307e-06,1.8561852754554564e-06,6.897148705320433e-05,0.0,8.758930448493638e-07,4.330335053964501e-05,0.0,371.68412221951274,4.356426442934126e-14,128.0,0,0,42.02280116081238,37.5597448348999,4.461333513259888,27.124332427978516,9.754748582839966,8.674620389938354,0.5415642261505127,0.6454670245369752,0.26573883570157564,0.26515626907348633,0.2691319465637207,0.2886252212524414,66.45412557970195,8437074,8437074,2298.7895605564117,130218.18280355504,60,384,64,coral,coral_bce,0.0,session_balanced,adamw,0.0003,0.05,cosine,5,60,5.0,True,full,raw,full_frame,dataset_v1_1,fp16,2,mobilenetv4,0,2,base,a,0338743cfd8a,1.0,1.0,1.0,1.0,1.0,1.0,1.0,1.0,1.0,1.0,67,1.0,1.0,1.0,57,1.0,1.0,1.0,62,1.0,0.0,1.0,1.0,-0.0,1.999999975690116e-16,1.0,1.0,NA,0.0,0.0,0.0,0.0,26.275,99.0,0.0,6435.30752,6435.30752,77.175,79.0,47.6024,71.129,1353.375,5000.0,4.0,2041.8655293638694,20808.602844379388,0.0,0.0,0.0,473.10438400000004,473.104384,39.0,39.0,9.984675,10.551,300.0,405.0,1.0,425.1599526295736,4412.456122440097,57.02,72.9,3.8853320703999996,4.15936512,15.8,2.9921517568000002,2.995912704,26.927783936,0.0,2467.025481993443,0.6852848561092897,0.4886081024059236,713.0,710,Tesla T4,16106.12736,70.0,GPU-da458f0a-46b4-0f02-b73a-25706261b2de,Tesla T4,16106.12736,70.0,GPU-c4a4882e-18ea-46fc-68e3-c7471013fc43,580.159.04,1.0,57,1.0,2,1.0,60,1.0,67
a-mobilenetv4-base-f0-s2,a,mobilenetv4,base,0,2,55,2145,137280,1787889483.5245068,1787889526.5574186,2026-08-28T03:58:03Z,2026-08-28T03:58:46Z,acct2,1,9faf39,Interactive,0338743cfd8a,v2,3.1705988243059668e-09,1.0,6.231808353891941e-13,6.076053957825411e-06,3.6095398332947343e-07,8.910659744287841e-06,0.0,1.9824069454443827e-06,6.5898818093046275e-06,0.0,371.6838968719414,5.900648097642829e-15,128.0,0,0,43.01071643829346,38.49388909339905,4.515174150466919,28.033842086791992,9.734430074691772,8.76582670211792,0.5796396732330322,0.6517873778506234,0.26616682761754745,0.2639753818511963,0.26748995780944823,0.3064659690856933,64.84146078209633,8437074,8437074,2341.800276994705,132735.81974245314,60,384,64,coral,coral_bce,0.0,session_balanced,adamw,0.0003,0.05,cosine,5,60,5.0,True,full,raw,full_frame,dataset_v1_1,fp16,2,mobilenetv4,0,2,base,a,0338743cfd8a,1.0,1.0,1.0,1.0,1.0,1.0,1.0,1.0,1.0,1.0,67,1.0,1.0,1.0,57,1.0,1.0,1.0,62,1.0,0.0,1.0,1.0,-0.0,1.999999975690116e-16,1.0,1.0,NA,0.0,0.0,0.0,0.0,22.55,99.0,0.0,6435.30752,6435.30752,77.175,79.0,48.287,96.902,1362.75,5000.0,4.0,2085.5995214951,22912.355651614147,0.0,0.0,0.0,473.10438400000004,473.104384,39.0,39.0,9.990075,10.75,300.0,405.0,1.0,432.037417402983,4849.030062226531,57.717499999999994,71.1,3.9794781184000003,4.144074752,16.1,2.9933917184000003,3.027980288,26.928832512,0.0,2517.636938898083,0.6993435941383563,0.4986319826206481,713.0,724,Tesla T4,16106.12736,70.0,GPU-da458f0a-46b4-0f02-b73a-25706261b2de,Tesla T4,16106.12736,70.0,GPU-c4a4882e-18ea-46fc-68e3-c7471013fc43,580.159.04,1.0,57,1.0,2,1.0,60,1.0,67
a-mobilenetv4-base-f0-s2,a,mobilenetv4,base,0,2,56,2184,139776,1787889526.8877177,1787889570.2788815,2026-08-28T03:58:46Z,2026-08-28T03:59:30Z,acct2,1,9faf39,Interactive,0338743cfd8a,v2,1.589589475339667e-09,1.0,1.0434163450653435e-12,3.8982124586499795e-06,1.598279700724211e-07,3.92649826608249e-06,0.0,5.207498276149656e-07,3.1211208897730047e-06,0.0,371.6837444180069,1.6762728893420594e-15,128.0,0,0,43.371949672698975,38.702337980270386,4.6681458950042725,28.281888484954834,9.7560453414917,8.837430715560913,0.5281126499176025,0.6520778682623352,0.2652966059171237,0.2624485492706299,0.2684905529022217,0.31152864456176754,64.4922278667611,8437074,8437074,2385.172226667404,135259.69373668128,60,384,64,coral,coral_bce,0.0,session_balanced,adamw,0.0003,0.05,cosine,5,60,5.0,True,full,raw,full_frame,dataset_v1_1,fp16,2,mobilenetv4,0,2,base,a,0338743cfd8a,1.0,1.0,1.0,1.0,1.0,1.0,1.0,1.0,1.0,1.0,67,1.0,1.0,1.0,57,1.0,1.0,1.0,62,1.0,0.0,1.0,1.0,-0.0,1.999999975690116e-16,1.0,1.0,NA,0.0,0.0,0.0,0.0,25.21951219512195,94.0,0.0,6435.30752,6435.30752,76.73170731707317,78.0,49.225292682926835,79.885,1319.6341463414635,5000.0,4.0,2090.2295583720443,25017.87675536726,0.0,0.0,0.0,473.104384,473.104384,38.926829268292686,39.0,9.894926829268293,10.158,300.0,405.0,1.0,433.64443585610843,5287.173123920443,56.87317073170732,68.9,3.952995752585366,4.19547136,16.0,2.9956031063414637,3.054751744,26.928832512,0.0,2523.8739942281527,0.7010761095078202,0.4998672660790758,713.0,734,Tesla T4,16106.12736,70.0,GPU-da458f0a-46b4-0f02-b73a-25706261b2de,Tesla T4,16106.12736,70.0,GPU-c4a4882e-18ea-46fc-68e3-c7471013fc43,580.159.04,1.0,57,1.0,2,1.0,60,1.0,67
a-mobilenetv4-base-f0-s2,a,mobilenetv4,base,0,2,57,2223,142272,1787889570.6061056,1787889614.175155,2026-08-28T03:59:30Z,2026-08-28T04:00:14Z,acct2,1,9faf39,Interactive,0338743cfd8a,v2,5.7649273006393765e-09,1.0,1.3177643156063309e-12,2.1969246228460523e-06,1.2215763857371123e-05,0.0004719210264738649,0.0,9.84919222446479e-07,0.00029307678817985897,0.0,371.6836517767441,7.220417760330094e-14,128.0,0,0,43.54454946517944,39.027377128601074,4.515595197677612,28.642329454421997,9.721914529800415,8.75144624710083,0.5205919742584229,0.6577707154215923,0.26445902922214604,0.2634730339050293,0.26719188690185547,0.2925164079666137,63.95510494531325,8437074,8437074,2428.7167761325836,137800.2958297201,60,384,64,coral,coral_bce,0.0,session_balanced,adamw,0.0003,0.05,cosine,5,60,5.0,True,full,raw,full_frame,dataset_v1_1,fp16,2,mobilenetv4,0,2,base,a,0338743cfd8a,1.0,1.0,1.0,1.0,1.0,1.0,1.0,1.0,1.0,1.0,67,1.0,1.0,1.0,57,1.0,1.0,1.0,62,1.0,0.0,1.0,1.0,-0.0,1.999999975690116e-16,1.0,1.0,NA,0.0,0.0,0.0,0.0,20.73170731707317,99.0,0.0,6435.30752,6435.30752,76.95121951219512,79.0,48.45582926829268,75.295,1343.4146341463415,5000.0,4.0,2105.381455254799,27138.722822453008,0.0,0.0,0.0,473.104384,473.104384,38.75609756097561,39.0,9.899414634146341,10.452,300.0,405.0,1.0,435.2206377840075,5727.066544171339,56.61463414634146,69.9,3.992824157658537,4.212363264,16.2,2.9956534571707314,3.084468224,26.929881088,0.0,2540.6020930388067,0.7057228036218908,0.5031803589824081,713.0,736,Tesla T4,16106.12736,70.0,GPU-da458f0a-46b4-0f02-b73a-25706261b2de,Tesla T4,16106.12736,70.0,GPU-c4a4882e-18ea-46fc-68e3-c7471013fc43,580.159.04,1.0,57,1.0,2,1.0,60,1.0,67
a-mobilenetv4-base-f0-s2,a,mobilenetv4,base,0,2,58,2262,144768,1787889614.5002332,1787889655.7696152,2026-08-28T04:00:14Z,2026-08-28T04:00:55Z,acct2,1,9faf39,Interactive,0338743cfd8a,v2,1.1827941922086209e-09,1.0,4.488418917948118e-13,9.777396977174666e-07,1.6156957408442489e-07,6.005399427522207e-06,0.0,7.65157039950282e-08,3.7628982967419083e-06,0.0,371.6835940545466,4.250200682854515e-16,128.0,0,0,41.24924325942993,36.78144598007202,4.46663498878479,26.317559719085693,9.750119924545288,8.81359052658081,0.569843053817749,0.6380131522308418,0.2663125563890506,0.264601469039917,0.2695618152618408,0.308204469680786,67.86030112443972,8437074,8437074,2469.9660193920135,140218.90420737586,60,384,64,coral,coral_bce,0.0,session_balanced,adamw,0.0003,0.05,cosine,5,60,5.0,True,full,raw,full_frame,dataset_v1_1,fp16,2,mobilenetv4,0,2,base,a,0338743cfd8a,1.0,1.0,1.0,1.0,1.0,1.0,1.0,1.0,1.0,1.0,67,1.0,1.0,1.0,57,1.0,1.0,1.0,62,1.0,0.0,1.0,1.0,-0.0,1.999999975690116e-16,1.0,1.0,NA,0.0,0.0,0.0,0.0,23.487179487179485,99.0,0.0,6435.30752,6435.30752,77.2051282051282,78.0,49.666589743589746,71.281,1355.7692307692307,5000.0,4.0,2007.1585827355557,29164.585269151692,0.0,0.0,0.0,473.1043839999998,473.104384,38.61538461538461,39.0,9.884256410256413,10.254,300.0,405.0,1.0,411.4497949202041,6143.043925720457,58.02564102564103,69.5,4.05673984,4.30299136,16.2,2.994329127384616,3.008888832,26.929881088,0.0,2418.60837765576,0.6718356604599333,0.4790188259079324,713.0,696,Tesla T4,16106.12736,70.0,GPU-da458f0a-46b4-0f02-b73a-25706261b2de,Tesla T4,16106.12736,70.0,GPU-c4a4882e-18ea-46fc-68e3-c7471013fc43,580.159.04,1.0,57,1.0,2,1.0,60,1.0,67
a-mobilenetv4-base-f0-s2,a,mobilenetv4,base,0,2,59,2301,147264,1787889656.0982978,1787889698.3264616,2026-08-28T04:00:56Z,2026-08-28T04:01:38Z,acct2,1,9faf39,Interactive,0338743cfd8a,v2,3.420189682777442e-09,1.0,2.0543075627119233e-13,2.4463441107965276e-07,3.5397506254916595e-07,1.115961276809685e-05,0.0,3.925125241721644e-07,7.728829418738292e-06,0.0,371.6835699954369,2.32979039037592e-16,128.0,0,0,42.205132722854614,37.77466130256653,4.429071426391602,27.352504014968872,9.699971199035645,8.77206540107727,0.5736205577850342,0.6480847766688137,0.2652530975830861,0.2636287212371826,0.26770844459533694,0.29483715534210203,66.07603917365671,8437074,8437074,2512.171152114868,142679.88200057208,60,384,64,coral,coral_bce,0.0,session_balanced,adamw,0.0003,0.05,cosine,5,60,5.0,True,full,raw,full_frame,dataset_v1_1,fp16,2,mobilenetv4,0,2,base,a,0338743cfd8a,1.0,1.0,1.0,1.0,1.0,1.0,1.0,1.0,1.0,1.0,67,1.0,1.0,1.0,57,1.0,1.0,1.0,62,1.0,0.0,1.0,1.0,-0.0,2.000260841663314e-16,1.0,1.0,NA,0.0,0.0,0.0,0.0,23.15,99.0,0.0,6435.30752,6435.30752,76.9,78.0,49.0178,75.783,1320.0,5000.0,4.0,2039.504762666962,31222.993373157762,0.0,0.0,0.0,473.10438400000004,473.104384,38.275,39.0,9.900424999999998,10.651,300.0,405.0,1.0,421.47303052926054,6569.091710339073,57.63499999999999,70.8,3.9931778047999997,4.19160064,15.9,2.9958751232,3.054993408,26.929881088,0.0,2460.9777931962226,0.6836049425545063,0.48741032404136303,713.0,712,Tesla T4,16106.12736,70.0,GPU-da458f0a-46b4-0f02-b73a-25706261b2de,Tesla T4,16106.12736,70.0,GPU-c4a4882e-18ea-46fc-68e3-c7471013fc43,580.159.04,1.0,57,1.0,2,1.0,60,1.0,67
a-mobilenetv4-base-f0-s2,a,mobilenetv4,base,0,2,60,2340,149760,1787889698.6693685,1787889738.9158397,2026-08-28T04:01:38Z,2026-08-28T04:02:18Z,acct2,1,9faf39,Interactive,0338743cfd8a,v2,1.037207857174346e-09,1.0,4.722132370035665e-12,0.0,1.2836852465333766e-07,1.4320664831757313e-06,0.0,1.0885173310271058e-06,1.3239679083199e-06,0.0,371.6835699954369,0.0,128.0,0,0,40.22497582435608,35.87962460517883,4.344096899032593,25.444700002670288,9.752525091171265,8.817863464355469,0.547605037689209,0.6325597338771702,0.2657931462312356,0.2637958526611328,0.2675923824310303,0.3109113979339599,69.56594522562897,8437074,8437074,2552.3961279392242,145012.9152649947,60,384,64,coral,coral_bce,0.0,session_balanced,adamw,0.0003,0.05,cosine,5,60,5.0,True,full,raw,full_frame,dataset_v1_1,fp16,2,mobilenetv4,0,2,base,a,0338743cfd8a,1.0,1.0,1.0,1.0,1.0,1.0,1.0,1.0,1.0,1.0,67,1.0,1.0,1.0,57,1.0,1.0,1.0,62,1.0,0.0,1.0,1.0,-0.0,1.999999975690116e-16,1.0,1.0,NA,0.0,0.0,0.0,0.0,28.44736842105263,99.0,0.0,6435.30752,6435.30752,77.10526315789474,79.0,48.307684210526325,73.927,1376.842105263158,5000.0,4.0,1930.3886851317584,33170.33743021702,0.0,0.0,0.0,473.1043839999998,473.104384,38.36842105263158,39.0,9.942605263157896,10.456,300.0,405.0,1.0,402.64457929086257,6976.479485899447,58.46315789473684,69.0,4.056561232842106,4.313432064,16.3,2.9972984454736835,3.09061632,26.930929664,0.0,2333.033264422621,0.6480647956729503,0.4620701993148135,713.0,678,Tesla T4,16106.12736,70.0,GPU-da458f0a-46b4-0f02-b73a-25706261b2de,Tesla T4,16106.12736,70.0,GPU-c4a4882e-18ea-46fc-68e3-c7471013fc43,580.159.04,1.0,57,1.0,2,1.0,60,1.0,67
