run_id,stage,arch,technique,fold,seed,epoch,global_step,samples_seen,ts_start,ts_end,iso_start,iso_end,account,worker_id,session_id,host,config_hash,lib_version,train_loss,train_acc,val_loss,lr_group0,grad_norm_mean,grad_norm_max,grad_norm_p50,grad_norm_p95,grad_norm_p99,grad_clip_hit_rate,weight_norm_total,update_to_weight_ratio,amp_scale,amp_scale_decreases,nan_or_inf_batches,epoch_seconds,train_seconds,val_seconds,dataload_seconds,compute_seconds,backward_seconds,optimizer_seconds,dataload_frac,step_time_mean,step_time_p50,step_time_p90,step_time_p99,images_per_second,n_params_total,n_params_trainable,wall_seconds_cumulative,energy_joules_cumulative,epochs_planned,cfg_input_resolution,cfg_batch_size,cfg_head_type,cfg_loss_name,cfg_label_smoothing,cfg_sampler_name,cfg_optimizer_name,cfg_lr_initial,cfg_weight_decay,cfg_scheduler_name,cfg_warmup_epochs,cfg_max_epochs,cfg_grad_clip,cfg_pretrained,cfg_finetune_depth,cfg_preprocessing,cfg_roi_mode,cfg_augment_policy,cfg_precision,cfg_num_workers,cfg_arch,cfg_fold,cfg_seed,cfg_technique,cfg_stage,cfg_config_hash,val_acc,val_balanced_acc,val_f1_macro,val_f1_micro,val_f1_weighted,val_precision_macro,val_recall_macro,val_f1_low,val_recall_low,val_precision_low,val_support_low,val_f1_mid,val_recall_mid,val_precision_mid,val_support_mid,val_f1_high,val_recall_high,val_precision_high,val_support_high,val_qwk,val_mae_class,val_cohen_kappa,val_mcc,val_nll,val_brier,val_mean_confidence,val_mean_confidence_correct,val_mean_confidence_incorrect,val_overconfidence_gap,val_ece,val_mce,val_ace,gpu0_util_mean,gpu0_util_max,gpu0_util_p50,gpu0_mem_used_mb_mean,gpu0_mem_used_mb_peak,gpu0_temp_c_mean,gpu0_temp_c_max,gpu0_power_w_mean,gpu0_power_w_max,gpu0_sm_clock_mhz_mean,gpu0_mem_clock_mhz_mean,gpu0_throttle_reasons,gpu0_energy_joules_epoch,gpu0_energy_joules_cumulative,gpu1_util_mean,gpu1_util_max,gpu1_util_p50,gpu1_mem_used_mb_mean,gpu1_mem_used_mb_peak,gpu1_temp_c_mean,gpu1_temp_c_max,gpu1_power_w_mean,gpu1_power_w_max,gpu1_sm_clock_mhz_mean,gpu1_mem_clock_mhz_mean,gpu1_throttle_reasons,gpu1_energy_joules_epoch,gpu1_energy_joules_cumulative,cpu_percent_mean,cpu_percent_max,ram_used_gb_mean,ram_used_gb_peak,ram_percent_peak,proc_rss_gb_mean,proc_rss_gb_peak,proc_vms_gb_peak,swap_used_gb_peak,energy_joules_epoch,energy_wh_epoch,co2_g_epoch,carbon_intensity_g_per_kwh,power_sample_count,gpu0_name,gpu0_mem_total_mb,gpu0_power_limit_w,gpu0_uuid,gpu1_name,gpu1_mem_total_mb,gpu1_power_limit_w,gpu1_uuid,gpu_driver,val_acc_session_mileage_000100_005000__session_002,val_n_session_mileage_000100_005000__session_002,val_acc_session_mileage_040000__session_001,val_n_session_mileage_040000__session_001,val_acc_session_mileage_100000_plus__session_003,val_n_session_mileage_100000_plus__session_003,val_acc_session_mileage_100000_plus__session_006,val_n_session_mileage_100000_plus__session_006
a-mobilenetv4-base-f1-s3,a,mobilenetv4,base,1,3,1,49,3136,1787889747.8193219,1787889797.7810562,2026-08-28T04:02:27Z,2026-08-28T04:03:17Z,acct2,1,9faf39,Interactive,e8c956070b66,v2,0.6935047550150055,0.7869897959183674,2.8470401763916016,5.9999999999999995e-05,,,,,,0.7959183673469388,371.7096903238798,,128.0,9,0,49.93786096572876,47.33534026145935,2.6008946895599365,33.78171372413635,13.079373598098755,11.76155686378479,0.287250280380249,0.6764749845276711,0.27462300962331343,0.2750213146209717,0.28249411582946776,0.28730762481689454,66.25071210385585,8437074,8437074,49.93786096572876,2904.2290025482157,60,384,64,coral,coral_bce,0.0,session_balanced,adamw,0.0003,0.05,cosine,5,60,5.0,True,full,raw,full_frame,dataset_v1_1,fp16,2,mobilenetv4,1,3,base,a,e8c956070b66,0.46875,0.4650537634408602,0.4055842878590686,0.46875,0.3908357011931288,0.7468043264503442,0.4650537634408602,0.2535211267605634,0.14516129032258066,1.0,62,0.3846153846153846,0.25,0.8333333333333334,20,0.578616352201258,1.0,0.40707964601769914,46,0.125,0.9375,0.17167872097449563,0.3046534507392093,2.383834952263858,0.8128581635996489,0.8754483931697905,0.9233380158742269,0.8331928437246996,0.4066983931697905,0.4066983931697905,0.8324285348256429,0.4066983931697905,25.543478260869566,99.0,0.0,6435.307519999997,6435.30752,77.80434782608695,81.0,48.00569565217392,69.998,1304.6739130434783,5000.0,4.0,2406.3096661314944,2413.5008421058633,0.0,0.0,0.0,473.1043839999998,473.104384,38.84782608695652,39.0,9.959413043478262,10.948,300.0,405.0,1.0,497.9193364167212,500.0941132967471,58.839130434782604,73.6,3.478964045913044,3.967168512,15.2,3.046236427130435,3.11240704,26.91934208,0.0,2904.2290025482157,0.8067302784856155,0.5751986885602438,713.0,836,Tesla T4,16106.12736,70.0,GPU-da458f0a-46b4-0f02-b73a-25706261b2de,Tesla T4,16106.12736,70.0,GPU-c4a4882e-18ea-46fc-68e3-c7471013fc43,580.159.04,0.14516129032258066,62,0.25,20,1.0,5,1.0,41
a-mobilenetv4-base-f1-s3,a,mobilenetv4,base,1,3,2,98,6272,1787889798.3413234,1787889846.8295243,2026-08-28T04:03:18Z,2026-08-28T04:04:06Z,acct2,1,9faf39,Interactive,e8c956070b66,v2,0.0036215759588678472,0.9968112244897959,1.4228687286376953,0.00011999999999999999,35.93540088272945,465.3023376464844,0.07735748589038849,273.3215393066404,455.8326794433593,0.16326530612244897,371.7082564387539,1.1601163092910906e-05,128.0,0,0,48.46811890602112,46.00671601295471,2.4603869915008545,32.97857713699341,12.508749723434448,11.241822719573975,0.3424417972564697,0.6804179299992708,0.2639664971098608,0.2621769905090332,0.27196359634399414,0.28821725845336904,68.1639610859631,8437074,8437074,98.40597987174988,5761.432386866327,60,384,64,coral,coral_bce,0.0,session_balanced,adamw,0.0003,0.05,cosine,5,60,5.0,True,full,raw,full_frame,dataset_v1_1,fp16,2,mobilenetv4,1,3,base,a,e8c956070b66,0.5,0.5881720430107527,0.45477848583438646,0.5,0.4436389180178,0.693019943019943,0.5881720430107527,0.12121212121212122,0.06451612903225806,1.0,62,0.30434782608695654,0.7,0.19444444444444445,20,0.9387755102040816,1.0,0.8846153846153846,46,0.6363636363636364,0.5,0.3342002600780234,0.4459997865516529,2.8457491640353076,0.9431867848589233,0.9628842757083476,0.9650333700701594,0.9607351813465357,0.46288427570834756,0.47966496041044593,0.5098998695611954,0.47966496041044593,29.31111111111111,98.0,0.0,6435.307519999998,6435.30752,76.44444444444444,78.0,49.95597777777779,70.694,1351.6666666666667,5000.0,4.0,2374.9574608988755,4818.389107248542,0.0,0.0,0.0,473.10438399999987,473.104384,38.111111111111114,39.0,9.882444444444443,10.258,300.0,405.0,1.0,482.2459234192363,989.8640962736597,59.89555555555554,72.4,3.9144052963555556,4.116406272,15.7,3.0534152647111115,3.144269824,28.011511808,0.0,2857.2033843181116,0.793667606755031,0.5658850036163371,713.0,820,Tesla T4,16106.12736,70.0,GPU-da458f0a-46b4-0f02-b73a-25706261b2de,Tesla T4,16106.12736,70.0,GPU-c4a4882e-18ea-46fc-68e3-c7471013fc43,580.159.04,0.06451612903225806,62,0.7,20,1.0,5,1.0,41
a-mobilenetv4-base-f1-s3,a,mobilenetv4,base,1,3,3,147,9408,1787889847.3574753,1787889895.9190664,2026-08-28T04:04:07Z,2026-08-28T04:04:55Z,acct2,1,9faf39,Interactive,e8c956070b66,v2,0.007891149390961968,0.9971301020408163,0.8119111768901348,0.00017999999999999998,7.2877678784131845,106.50287628173828,0.05752277374267578,58.346859741210736,100.73224884033198,0.14285714285714285,371.71501792446,3.5290428281295773e-06,128.0,0,0,48.54023098945618,45.9280846118927,2.6111087799072266,32.78960990905762,12.59339165687561,11.338345766067505,0.34781599044799805,0.6755140888427194,0.26611622012391384,0.2645561695098877,0.2743727684020996,0.2913839244842529,68.28066152769537,8437074,8437074,146.94621086120605,8630.10341115855,60,384,64,coral,coral_bce,0.0,session_balanced,adamw,0.0003,0.05,cosine,5,60,5.0,True,full,raw,full_frame,dataset_v1_1,fp16,2,mobilenetv4,1,3,base,a,e8c956070b66,0.703125,0.5698924731182796,0.5661375661375662,0.703125,0.6976686507936507,0.5625,0.5698924731182796,0.6984126984126984,0.7096774193548387,0.6875,62,0.0,0.0,0.0,20,1.0,1.0,1.0,46,0.8220140515222483,0.296875,0.5106639839034205,0.510889602912507,1.623822289388989,0.5020524470011158,0.9275943995453417,0.9460955924457974,0.8837757847811046,0.22446939954534173,0.23796283965930343,0.5710325638453166,0.23796283965930343,24.217391304347824,99.0,0.0,6435.307519999997,6435.30752,77.41304347826087,79.0,48.330869565217384,77.053,1327.8260869565217,5000.0,4.0,2385.003358108039,7224.538337526552,0.0,0.0,0.0,473.1043839999998,473.104384,38.0,38.0,9.867021739130433,10.254,300.0,405.0,1.0,483.66766618418546,1479.662699227569,59.60652173913045,69.8,4.164945207652174,4.352008192,16.4,3.0523922699130437,3.090436096,28.011511808,0.0,2868.6710242922245,0.7968530623033957,0.5681562334223211,713.0,816,Tesla T4,16106.12736,70.0,GPU-da458f0a-46b4-0f02-b73a-25706261b2de,Tesla T4,16106.12736,70.0,GPU-c4a4882e-18ea-46fc-68e3-c7471013fc43,580.159.04,0.7096774193548387,62,0.0,20,1.0,5,1.0,41
a-mobilenetv4-base-f1-s3,a,mobilenetv4,base,1,3,4,196,12544,1787889896.45952,1787889944.817524,2026-08-28T04:04:56Z,2026-08-28T04:05:44Z,acct2,1,9faf39,Interactive,e8c956070b66,v2,0.029311711985686623,0.9910714285714286,3.84130859375,0.00023999999999999998,14.051959401477413,114.3537368774414,0.031412117183208466,83.06848297119122,106.36430328369134,0.2857142857142857,371.7621392017788,9.0715807252339e-06,128.0,0,0,48.33228635787964,45.792786598205566,2.538257122039795,32.686516761779785,12.5992431640625,11.267382144927979,0.3240010738372803,0.6762874100296082,0.26563899371088767,0.26456499099731445,0.27331204414367677,0.2938514041900634,68.48240155192667,8437074,8437074,195.2784972190857,11480.07976615714,60,384,64,coral,coral_bce,0.0,session_balanced,adamw,0.0003,0.05,cosine,5,60,5.0,True,full,raw,full_frame,dataset_v1_1,fp16,2,mobilenetv4,1,3,base,a,e8c956070b66,0.84375,0.6666666666666666,0.6203703703703703,0.84375,0.7764756944444444,0.5853658536585366,0.6666666666666666,0.8611111111111112,1.0,0.7560975609756098,62,0.0,0.0,0.0,20,1.0,1.0,1.0,46,0.9118942731277533,0.15625,0.7212543554006968,0.7617263074577288,2.8782313671921624,0.3124999968750002,1.0,1.0,1.0,0.15625,0.15625,0.15625,0.15625,27.58695652173913,99.0,0.0,6435.307519999997,6435.30752,76.84782608695652,79.0,49.97100000000001,91.649,1280.2173913043478,5000.0,4.0,2367.2310535671713,9621.140907979003,0.0,0.0,0.0,473.1043839999998,473.104384,38.0,38.0,9.933804347826088,10.254,300.0,405.0,1.0,482.7453014314183,1969.3346164619907,59.57608695652174,69.7,4.049112019478261,4.307193856,16.3,3.0509119220869563,3.05094656,27.898257408,0.0,2849.9763549985896,0.7916600986107193,0.5644536503094428,713.0,812,Tesla T4,16106.12736,70.0,GPU-da458f0a-46b4-0f02-b73a-25706261b2de,Tesla T4,16106.12736,70.0,GPU-c4a4882e-18ea-46fc-68e3-c7471013fc43,580.159.04,1.0,62,0.0,20,1.0,5,1.0,41
a-mobilenetv4-base-f1-s3,a,mobilenetv4,base,1,3,5,245,15680,1787889945.3844743,1787889993.321575,2026-08-28T04:05:45Z,2026-08-28T04:06:33Z,acct2,1,9faf39,Interactive,e8c956070b66,v2,0.056306817664811167,0.9929846938775511,5.4894150495529175,0.0003,9.58450467798132,73.19620513916016,0.0007225698791444302,58.42979125976545,72.26248809814453,0.2653061224489796,371.8059452254725,7.733473443117511e-06,128.0,0,0,47.91502642631531,45.37862825393677,2.5348241329193115,32.341593980789185,12.507925271987915,11.309898138046265,0.35387635231018066,0.674978110061668,0.2641408394794075,0.26076316833496094,0.275217866897583,0.2862137413024902,69.10742172396849,8437074,8437074,243.193523645401,14350.178075744381,60,384,64,coral,coral_bce,0.0,session_balanced,adamw,0.0003,0.05,cosine,5,60,5.0,True,full,raw,full_frame,dataset_v1_1,fp16,2,mobilenetv4,1,3,base,a,e8c956070b66,0.359375,0.3333333333333333,0.3333333333333333,0.359375,0.359375,0.3333333333333333,0.3333333333333333,0.0,0.0,0.0,62,0.0,0.0,0.0,20,1.0,1.0,1.0,46,0.5457063711911357,0.640625,0.10960298608754666,0.1288906624102155,9.772618152334426,1.26762240312989,0.996161769144237,0.9999999974084937,0.9940086167033125,0.636786769144237,0.6367867691442372,0.9190633296966553,0.6367867691442372,25.57777777777778,99.0,0.0,6435.307519999998,6435.30752,77.28888888888889,78.0,50.90148888888889,85.336,1318.6666666666667,5000.0,4.0,2385.4967331066127,12037.675282697668,0.0,0.0,0.0,473.10438399999987,473.104384,38.0,38.0,10.024933333333333,10.452,300.0,405.0,1.0,484.60157648062795,2460.984233182191,60.18888888888889,69.7,4.045829916444443,4.25459712,16.1,3.0532537002666675,3.153780736,28.011511808,0.0,2870.0983095872407,0.7972495304409002,0.5684389152043618,713.0,808,Tesla T4,16106.12736,70.0,GPU-da458f0a-46b4-0f02-b73a-25706261b2de,Tesla T4,16106.12736,70.0,GPU-c4a4882e-18ea-46fc-68e3-c7471013fc43,580.159.04,0.0,62,0.0,20,1.0,5,1.0,41
a-mobilenetv4-base-f1-s3,a,mobilenetv4,base,1,3,6,294,18816,1787889993.650524,1787890041.2568908,2026-08-28T04:06:33Z,2026-08-28T04:07:21Z,acct2,1,9faf39,Interactive,e8c956070b66,v2,0.02768013879055825,0.9971301020408163,2.434384286403656,0.0002997553655889203,7.22733562856976,221.0258026123047,0.0,30.890276336669857,135.8480792236321,0.14285714285714285,371.8555006194996,5.8260066879918375e-06,128.0,0,0,47.58454370498657,45.02662134170532,2.5570647716522217,32.159603118896484,12.339449882507324,11.108960628509521,0.35002875328063965,0.6758413681190002,0.26068926830681005,0.2576625347137451,0.27107806205749513,0.29485842704772935,69.64768633651224,8437074,8437074,290.7780673503876,17178.148013239123,60,384,64,coral,coral_bce,0.0,session_balanced,adamw,0.0003,0.05,cosine,5,60,5.0,True,full,raw,full_frame,dataset_v1_1,fp16,2,mobilenetv4,1,3,base,a,e8c956070b66,0.515625,0.6666666666666666,0.4640522875816993,0.515625,0.4206495098039216,0.4146341463414634,0.6666666666666666,0.0,0.0,0.0,62,0.39215686274509803,1.0,0.24390243902439024,20,1.0,1.0,1.0,46,0.6253776435045317,0.484375,0.3715552739942984,0.5395561344492246,4.868218802233021,0.9679952649859456,0.999762091320008,0.9999051103086183,0.9996098452998746,0.48413709132000804,0.48413709132000804,0.48413709132000804,0.48413709132000804,28.822222222222223,99.0,0.0,6435.307519999998,6435.30752,76.93333333333334,78.0,50.62433333333334,89.996,1321.3333333333333,5000.0,4.0,2341.0131004121195,14399.37325950215,0.0,0.0,0.0,473.10438399999987,473.104384,38.0,38.0,10.15297777777778,11.048,300.0,405.0,1.0,486.9568370826223,2952.8817181420295,60.28666666666667,71.0,4.198029630577778,4.3744256,16.5,3.0510303914666665,3.052064768,28.011511808,0.0,2827.9699374947418,0.7855472048596505,0.5600951570649307,713.0,802,Tesla T4,16106.12736,70.0,GPU-da458f0a-46b4-0f02-b73a-25706261b2de,Tesla T4,16106.12736,70.0,GPU-c4a4882e-18ea-46fc-68e3-c7471013fc43,580.159.04,0.0,62,1.0,20,1.0,5,1.0,41
a-mobilenetv4-base-f1-s3,a,mobilenetv4,base,1,3,7,343,21952,1787890041.5341048,1787890089.297575,2026-08-28T04:07:21Z,2026-08-28T04:08:09Z,acct2,1,9faf39,Interactive,e8c956070b66,v2,9.569012737041202e-05,1.0,5.543495178222656,0.00029902226030228247,0.2512581800575672,7.783004283905029,0.0,0.0182264821603893,6.204588680267321,0.02040816326530612,371.8500434568278,2.0204862213220235e-07,128.0,0,0,47.74140191078186,45.19340133666992,2.5469820499420166,32.378050327301025,12.287503480911255,10.985271692276001,0.355832576751709,0.6781964716454798,0.25974593357164033,0.2581186294555664,0.26140336990356444,0.2969293117523191,69.39066118609333,8437074,8437074,338.51946926116943,20023.11189813422,60,384,64,coral,coral_bce,0.0,session_balanced,adamw,0.0003,0.05,cosine,5,60,5.0,True,full,raw,full_frame,dataset_v1_1,fp16,2,mobilenetv4,1,3,base,a,e8c956070b66,0.421875,0.4666666666666666,0.3925925925925926,0.421875,0.3871527777777778,0.37142857142857144,0.4666666666666666,0.0,0.0,0.0,62,0.17777777777777776,0.4,0.11428571428571428,20,1.0,1.0,1.0,46,0.5759312320916905,0.578125,0.2187396898713296,0.275799416867379,9.035921932302458,1.1029423884365595,0.9741218313574791,0.9788070133438816,0.9707029147728069,0.5522468313574791,0.5597531208768487,0.7480572164058685,0.5597531208768487,26.204545454545453,99.0,0.0,6435.3075199999985,6435.30752,77.20454545454545,78.0,49.986204545454534,77.589,1409.659090909091,5000.0,4.0,2359.097063169007,16780.493323328476,0.0,0.0,0.0,473.10438399999987,473.104384,38.0,38.0,10.081545454545454,10.651,300.0,405.0,1.0,485.86682172608835,3444.0580028715144,60.51363636363635,70.5,4.214033966545454,4.48319488,16.8,3.0531523490909085,3.143303168,28.011511808,0.0,2844.9638848950954,0.7902677458041931,0.5634609027583897,713.0,804,Tesla T4,16106.12736,70.0,GPU-da458f0a-46b4-0f02-b73a-25706261b2de,Tesla T4,16106.12736,70.0,GPU-c4a4882e-18ea-46fc-68e3-c7471013fc43,580.159.04,0.0,62,0.4,20,1.0,5,1.0,41
a-mobilenetv4-base-f1-s3,a,mobilenetv4,base,1,3,8,392,25088,1787890089.5915444,1787890135.4150891,2026-08-28T04:08:09Z,2026-08-28T04:08:55Z,acct2,1,9faf39,Interactive,e8c956070b66,v2,8.832034428570513e-08,1.0,4.87006139755249,0.0002978030753771539,0.0001222175300282904,0.005596398375928402,0.0,9.541807230561904e-05,0.003009927151724675,0.0,371.838536391349,9.788322818998522e-11,128.0,0,0,45.802576780319214,43.28429055213928,2.517381429672241,30.55044960975647,12.24949860572815,11.032022953033447,0.3172917366027832,0.667002857858504,0.25825373980463767,0.256697416305542,0.26529698371887206,0.28714686393737776,72.45122791656814,8437074,8437074,384.32204604148865,22783.42941848752,60,384,64,coral,coral_bce,0.0,session_balanced,adamw,0.0003,0.05,cosine,5,60,5.0,True,full,raw,full_frame,dataset_v1_1,fp16,2,mobilenetv4,1,3,base,a,e8c956070b66,0.3828125,0.3833333333333333,0.3568627450980392,0.3828125,0.3704044117647059,0.34871794871794876,0.3833333333333333,0.0,0.0,0.0,62,0.07058823529411765,0.15,0.046153846153846156,20,1.0,1.0,1.0,46,0.5568022440392707,0.6171875,0.15125062951149906,0.18223965393178015,8.771322198398078,1.1997993146173727,0.9829863961786032,0.9844809429986137,0.9820593987839131,0.6001738961786032,0.6080310130491852,0.7269105315208435,0.6080310130491852,23.72093023255814,99.0,0.0,6435.3075199999985,6435.30752,77.04651162790698,78.0,50.07248837209302,70.684,1366.046511627907,5000.0,4.0,2299.2006775331356,19102.25275418779,0.0,0.0,0.0,473.1043839999999,473.104384,38.0,38.0,10.00720930232558,10.849,300.0,405.0,1.0,461.1168428201677,3910.4283046021474,60.87441860465116,71.8,4.178937808372094,4.40604672,16.5,3.0510883006511627,3.051118592,27.898257408,0.0,2760.3175203533033,0.7667548667648064,0.546696220003307,713.0,774,Tesla T4,16106.12736,70.0,GPU-da458f0a-46b4-0f02-b73a-25706261b2de,Tesla T4,16106.12736,70.0,GPU-c4a4882e-18ea-46fc-68e3-c7471013fc43,580.159.04,0.0,62,0.15,20,1.0,5,1.0,41
a-mobilenetv4-base-f1-s3,a,mobilenetv4,base,1,3,9,441,28224,1787890135.685802,1787890182.4546773,2026-08-28T04:08:55Z,2026-08-28T04:09:42Z,acct2,1,9faf39,Interactive,e8c956070b66,v2,0.01572830532533396,0.9968112244897959,3.176147460937508,0.00029610178754135,1.1269108730628168,34.613243103027344,0.0,3.6665569648146286,24.945982513427655,0.061224489795918366,371.82929827582905,8.974019138915565e-07,128.0,0,0,46.74838089942932,44.3186559677124,2.428687572479248,31.605808973312378,12.232177257537842,11.046244382858276,0.317641019821167,0.6760834999035914,0.25776869423535403,0.2564666271209717,0.2604545593261719,0.2792890548706054,70.76026859399073,8437074,8437074,431.07042694091797,25567.437558520523,60,384,64,coral,coral_bce,0.0,session_balanced,adamw,0.0003,0.05,cosine,5,60,5.0,True,full,raw,full_frame,dataset_v1_1,fp16,2,mobilenetv4,1,3,base,a,e8c956070b66,0.84375,0.6666666666666666,0.6203703703703703,0.84375,0.7764756944444444,0.5853658536585366,0.6666666666666666,0.8611111111111112,1.0,0.7560975609756098,62,0.0,0.0,0.0,20,1.0,1.0,1.0,46,0.9118942731277533,0.15625,0.7212543554006968,0.7617263074577288,2.8782313671921624,0.3124999968750002,1.0,1.0,1.0,0.15625,0.15625,0.15625,0.15625,24.522727272727273,99.0,0.0,6435.3075199999985,6435.30752,76.93181818181819,78.0,49.56240909090909,75.779,1343.8636363636363,5000.0,4.0,2316.3437057814554,21433.450061012947,0.0,0.0,0.0,473.10438399999987,473.104384,38.0,38.0,9.895727272727274,10.452,300.0,405.0,1.0,467.6644342515474,4382.109960743191,59.94318181818182,70.8,4.213912855272728,4.504367104,16.8,3.0524091112727274,3.086409728,28.011511808,0.0,2784.0081400330027,0.7733355944536119,0.5513882788454253,713.0,788,Tesla T4,16106.12736,70.0,GPU-da458f0a-46b4-0f02-b73a-25706261b2de,Tesla T4,16106.12736,70.0,GPU-c4a4882e-18ea-46fc-68e3-c7471013fc43,580.159.04,1.0,62,0.0,20,1.0,5,1.0,41
a-mobilenetv4-base-f1-s3,a,mobilenetv4,base,1,3,10,490,31360,1787890182.7269182,1787890230.7903636,2026-08-28T04:09:42Z,2026-08-28T04:10:30Z,acct2,1,9faf39,Interactive,e8c956070b66,v2,0.012769302368700188,0.9974489795918368,0.45851828158046537,0.0002939239460421746,1.8050701481163833,45.87841796875,0.0,9.415089035034153,30.54333908081042,0.10204081632653061,371.8409771668738,1.4268285998484766e-06,128.0,0,0,48.040968894958496,45.46142292022705,2.5786702632904053,32.63907504081726,12.326192855834961,11.135159730911255,0.3201408386230469,0.6794008487252318,0.2598515627335529,0.2581305503845215,0.26675949096679685,0.28577539443969713,68.98156279672246,8437074,8437074,479.11139583587646,28419.85742891904,60,384,64,coral,coral_bce,0.0,session_balanced,adamw,0.0003,0.05,cosine,5,60,5.0,True,full,raw,full_frame,dataset_v1_1,fp16,2,mobilenetv4,1,3,base,a,e8c956070b66,0.84375,0.6666666666666666,0.6203703703703703,0.84375,0.7764756944444444,0.5853658536585366,0.6666666666666666,0.8611111111111112,1.0,0.7560975609756098,62,0.0,0.0,0.0,20,1.0,1.0,1.0,46,0.9118942731277533,0.15625,0.7212543554006968,0.7617263074577288,0.917332907374723,0.308740641338794,0.9990505129098892,0.999999968541993,0.9939234524965286,0.15530051290988922,0.15530051290988922,0.15530051290988922,0.15530051290988922,22.866666666666667,99.0,0.0,6435.307519999998,6435.30752,77.06666666666666,78.0,49.381044444444434,84.219,1365.3333333333333,5000.0,4.0,2373.7444033107786,23827.786037050213,0.0,0.0,0.0,473.10438399999987,473.104384,38.0,38.0,9.908977777777778,10.258,300.0,405.0,1.0,478.675467087739,4865.504422821039,60.18666666666667,70.8,4.216337021155557,4.346548224,16.4,3.051620306488889,3.071094784,28.011511808,0.0,2852.4198703985176,0.792338852888477,0.5649376021094842,713.0,810,Tesla T4,16106.12736,70.0,GPU-da458f0a-46b4-0f02-b73a-25706261b2de,Tesla T4,16106.12736,70.0,GPU-c4a4882e-18ea-46fc-68e3-c7471013fc43,580.159.04,1.0,62,0.0,20,1.0,5,1.0,41
a-mobilenetv4-base-f1-s3,a,mobilenetv4,base,1,3,11,539,34496,1787890231.2054515,1787890278.3956614,2026-08-28T04:10:31Z,2026-08-28T04:11:18Z,acct2,1,9faf39,Interactive,e8c956070b66,v2,0.0030183435968510228,0.9993622448979592,1.2264404515136853,0.0002912766545459287,0.3783639642555027,9.826179504394531,2.145306279999204e-05,0.1344004929065704,9.015876464843743,0.04081632653061224,371.83515974435903,2.963909862231637e-07,128.0,0,0,47.1691517829895,44.63279891014099,2.5355329513549805,31.7277672290802,12.384228706359863,11.145511865615845,0.34008312225341797,0.6726380702169444,0.2614376398981834,0.25852417945861816,0.2711974620819092,0.3030189037322997,70.2622303905631,8437074,8437074,526.280547618866,31189.54517057082,60,384,64,coral,coral_bce,0.0,session_balanced,adamw,0.0003,0.05,cosine,5,60,5.0,True,full,raw,full_frame,dataset_v1_1,fp16,2,mobilenetv4,1,3,base,a,e8c956070b66,0.84375,0.6666666666666666,0.6203703703703703,0.84375,0.7764756944444444,0.5853658536585366,0.6666666666666666,0.8611111111111112,1.0,0.7560975609756098,62,0.0,0.0,0.0,20,1.0,1.0,1.0,46,0.9118942731277533,0.15625,0.7212543554006968,0.7617263074577288,2.453731564455902,0.31249944766644927,0.9999998197890818,0.9999999503294627,0.9999991148710251,0.1562498197890818,0.1562498197890818,0.1562498197890818,0.1562498197890818,28.318181818181817,99.0,0.0,6435.3075199999985,6435.30752,76.93181818181819,78.0,49.00672727272727,81.342,1376.25,5000.0,4.0,2300.6882125713782,26154.87174302646,0.0,0.0,0.0,473.10438399999987,473.104384,38.0,38.0,9.878772727272727,10.357,300.0,405.0,1.0,468.99952908039904,5340.865299483302,61.11136363636365,70.7,4.125700002909091,4.48233472,16.8,3.0521775941818188,3.081216,28.011511808,0.0,2769.6877416517773,0.7693577060143826,0.5485520443882548,713.0,792,Tesla T4,16106.12736,70.0,GPU-da458f0a-46b4-0f02-b73a-25706261b2de,Tesla T4,16106.12736,70.0,GPU-c4a4882e-18ea-46fc-68e3-c7471013fc43,580.159.04,1.0,62,0.0,20,1.0,5,1.0,41
a-mobilenetv4-base-f1-s3,a,mobilenetv4,base,1,3,12,588,37632,1787890278.6728022,1787890326.163082,2026-08-28T04:11:18Z,2026-08-28T04:12:06Z,acct2,1,9faf39,Interactive,e8c956070b66,v2,0.002068384669775592,0.9990433673469388,0.5615374669437045,0.00028816854796722747,0.8338884393047413,21.514673233032227,1.819211320253089e-05,4.99816479682919,15.363033981323191,0.061224489795918366,371.83782704911556,6.462506050772609e-07,128.0,0,0,47.46586227416992,44.97120428085327,2.4933879375457764,32.14052367210388,12.31663966178894,11.106518745422363,0.33110833168029785,0.6771292489422274,0.26004950854243064,0.257936954498291,0.2665552616119385,0.2937804985046385,69.73351170262453,8437074,8437074,573.7464098930359,34017.04810987137,60,384,64,coral,coral_bce,0.0,session_balanced,adamw,0.0003,0.05,cosine,5,60,5.0,True,full,raw,full_frame,dataset_v1_1,fp16,2,mobilenetv4,1,3,base,a,e8c956070b66,0.84375,0.6666666666666666,0.6203703703703703,0.84375,0.7764756944444444,0.5853658536585366,0.6666666666666666,0.8611111111111112,1.0,0.7560975609756098,62,0.0,0.0,0.0,20,1.0,1.0,1.0,46,0.9118942731277533,0.15625,0.7212543554006968,0.7617263074577288,2.929098722260806,0.25746504933779923,0.9583023558370769,0.9999989111114431,0.7331409573554992,0.1145523558370769,0.11455235583707689,0.9062505066394806,0.11455235583707689,26.386363636363637,99.0,0.0,6435.3075199999985,6435.30752,76.93181818181819,78.0,50.26927272727273,76.419,1370.7954545454545,5000.0,4.0,2354.309823305619,28533.902641398166,0.0,0.0,0.0,473.10438399999987,473.104384,38.0,38.0,9.866636363636363,10.158,300.0,405.0,1.0,473.1931159949372,5819.569111243257,60.55681818181818,70.7,4.1499918894545464,4.365328384,16.5,3.0537536232727267,3.12971264,28.011511808,0.0,2827.502939300556,0.7854174831390434,0.5600026654781379,713.0,800,Tesla T4,16106.12736,70.0,GPU-da458f0a-46b4-0f02-b73a-25706261b2de,Tesla T4,16106.12736,70.0,GPU-c4a4882e-18ea-46fc-68e3-c7471013fc43,580.159.04,1.0,62,0.0,20,1.0,5,1.0,41
a-mobilenetv4-base-f1-s3,a,mobilenetv4,base,1,3,13,637,40768,1787890326.4582443,1787890373.3867476,2026-08-28T04:12:06Z,2026-08-28T04:12:53Z,acct2,1,9faf39,Interactive,e8c956070b66,v2,0.0016023319538490657,0.9990433673469388,0.003949257467130707,0.0002846097643037037,0.5744930921242162,10.43386459350586,8.480869269078539e-07,5.543184089660627,8.83304031372069,0.061224489795918366,371.8509317130086,4.3970938244084305e-07,128.0,0,0,46.904709577560425,44.39628720283508,2.506929636001587,31.556076288223267,12.313089847564697,11.044831991195679,0.34712791442871094,0.6727698896854473,0.2601123099424401,0.25835704803466797,0.26621336936950685,0.2892205238342284,70.6365373679207,8437074,8437074,620.6511194705963,36858.53209458636,60,384,64,coral,coral_bce,0.0,session_balanced,adamw,0.0003,0.05,cosine,5,60,5.0,True,full,raw,full_frame,dataset_v1_1,fp16,2,mobilenetv4,1,3,base,a,e8c956070b66,1.0,1.0,1.0,1.0,1.0,1.0,1.0,1.0,1.0,1.0,62,1.0,1.0,1.0,20,1.0,1.0,1.0,46,1.0,0.0,1.0,1.0,0.007933696561760472,0.0007824518913103113,0.9922879259102046,0.9922879259102046,NA,-0.007712074089795351,0.007712074089795347,0.081765870253245,0.007712074089795347,23.40909090909091,99.0,0.0,6435.3075199999985,6435.30752,77.0909090909091,79.0,50.036590909090904,79.493,1388.1818181818182,5000.0,4.0,2372.3821283590805,30924.352301299787,0.0,0.0,0.0,473.10438399999987,473.104384,38.0,38.0,9.887227272727273,10.254,300.0,405.0,1.0,469.1018563559028,6292.770864264733,61.08181818181819,71.3,4.181327034181818,4.388274176,16.5,3.0513082181818176,3.051339776,27.898257408,0.0,2841.4839847149833,0.7893011068652731,0.5627716891949397,713.0,790,Tesla T4,16106.12736,70.0,GPU-da458f0a-46b4-0f02-b73a-25706261b2de,Tesla T4,16106.12736,70.0,GPU-c4a4882e-18ea-46fc-68e3-c7471013fc43,580.159.04,1.0,62,1.0,20,1.0,5,1.0,41
a-mobilenetv4-base-f1-s3,a,mobilenetv4,base,1,3,14,686,43904,1787890373.979254,1787890421.7610712,2026-08-28T04:12:53Z,2026-08-28T04:13:41Z,acct2,1,9faf39,Interactive,e8c956070b66,v2,9.143713809466897e-05,1.0,0.00563199890643773,0.00028061191156796656,0.02869302476004999,0.8026986122131348,4.408042514114641e-06,0.1299421876668924,0.5712123584747295,0.0,371.846851672046,2.1653012497967347e-08,128.0,0,0,47.75819182395935,45.11947011947632,2.6377763748168945,32.274723291397095,12.32806921005249,10.985920190811157,0.34093737602233887,0.6757944984677058,0.260350835566618,0.25856709480285645,0.26625514030456543,0.2933397865295409,69.50436234503363,8437074,8437074,668.4093112945557,39713.13404791875,60,384,64,coral,coral_bce,0.0,session_balanced,adamw,0.0003,0.05,cosine,5,60,5.0,True,full,raw,full_frame,dataset_v1_1,fp16,2,mobilenetv4,1,3,base,a,e8c956070b66,1.0,1.0,1.0,1.0,1.0,1.0,1.0,1.0,1.0,1.0,62,1.0,1.0,1.0,20,1.0,1.0,1.0,46,1.0,0.0,1.0,1.0,0.011270001077245203,0.0018091013432953093,0.989216894377023,0.989216894377023,NA,-0.010783105622977018,0.010783105622976996,0.1400909423828125,0.010783105622976996,27.133333333333333,99.0,0.0,6435.307519999998,6435.30752,77.06666666666666,78.0,50.433111111111096,91.494,1322.3333333333333,5000.0,4.0,2376.62213377473,33325.85077447123,0.0,0.0,0.0,473.10438399999987,473.104384,38.0,38.0,9.97017777777778,11.048,300.0,405.0,1.0,477.979819557665,6777.6045002601195,60.51777777777778,72.9,4.162502564977777,4.348465152,16.4,3.0513993955555563,3.051409408,28.011507712,0.0,2854.601953332395,0.7929449870367764,0.5653697757572216,713.0,806,Tesla T4,16106.12736,70.0,GPU-da458f0a-46b4-0f02-b73a-25706261b2de,Tesla T4,16106.12736,70.0,GPU-c4a4882e-18ea-46fc-68e3-c7471013fc43,580.159.04,1.0,62,1.0,20,1.0,5,1.0,41
a-mobilenetv4-base-f1-s3,a,mobilenetv4,base,1,3,15,735,47040,1787890422.100324,1787890469.467694,2026-08-28T04:13:42Z,2026-08-28T04:14:29Z,acct2,1,9faf39,Interactive,e8c956070b66,v2,5.893073424938194e-07,1.0,0.007054620847696924,0.0002761880299246772,0.00018998687789195895,0.006727742962539196,4.0266593259730143e-07,0.000507894041948019,0.00392363307997582,0.0,371.8361886236096,1.411161772896589e-10,128.0,0,0,47.34197759628296,44.72804617881775,2.612563133239746,32.0297315120697,12.198176860809326,10.929487705230713,0.3322145938873291,0.6765609114433045,0.2573587164586904,0.2563455104827881,0.2598468780517578,0.27831261634826654,70.11260870780318,8437074,8437074,715.7512888908386,42523.01965818352,60,384,64,coral,coral_bce,0.0,session_balanced,adamw,0.0003,0.05,cosine,5,60,5.0,True,full,raw,full_frame,dataset_v1_1,fp16,2,mobilenetv4,1,3,base,a,e8c956070b66,1.0,1.0,1.0,1.0,1.0,1.0,1.0,1.0,1.0,1.0,62,1.0,1.0,1.0,20,1.0,1.0,1.0,46,1.0,0.0,1.0,1.0,0.014121890061172362,0.002747952240252009,0.9866307517513633,0.9866307517513633,NA,-0.013369248248636723,0.013369248248636698,0.15570998191833496,0.013369248248636698,32.044444444444444,99.0,3.0,6435.307519999998,6435.30752,76.95555555555555,79.0,48.93742222222222,98.105,1338.0,5000.0,4.0,2336.488155275576,35683.60993675751,0.0,0.0,0.0,473.10438399999987,473.104384,38.0,38.0,9.9128,10.849,300.0,405.0,1.0,473.3974549891964,7255.636960358626,61.00666666666667,71.6,4.203524096,4.356493312,16.5,3.058888612977778,3.164655616,28.011511808,0.0,2809.8856102647724,0.7805237806291034,0.5565134555885507,713.0,800,Tesla T4,16106.12736,70.0,GPU-da458f0a-46b4-0f02-b73a-25706261b2de,Tesla T4,16106.12736,70.0,GPU-c4a4882e-18ea-46fc-68e3-c7471013fc43,580.159.04,1.0,62,1.0,20,1.0,5,1.0,41
a-mobilenetv4-base-f1-s3,a,mobilenetv4,base,1,3,16,784,50176,1787890469.7953382,1787890519.009701,2026-08-28T04:14:29Z,2026-08-28T04:15:19Z,acct2,1,9faf39,Interactive,e8c956070b66,v2,1.0829052671189587e-07,1.0,0.011923166687608955,0.0002713525491562421,3.6558161017371235e-05,0.0012170637492090464,1.7718410560974007e-07,4.908861737931144e-05,0.0008286576438695161,0.0,371.82561216486164,2.667957736093124e-11,128.0,0,0,49.19290089607239,46.587682485580444,2.603727340698242,33.8910813331604,12.19353723526001,10.93673849105835,0.33457279205322266,0.6889425245476081,0.2574383579954809,0.25652408599853516,0.26059303283691404,0.27795028686523426,67.3139300494425,8437074,8437074,764.944189786911,45425.90436213232,60,384,64,coral,coral_bce,0.0,session_balanced,adamw,0.0003,0.05,cosine,5,60,5.0,True,full,raw,full_frame,dataset_v1_1,fp16,2,mobilenetv4,1,3,base,a,e8c956070b66,1.0,1.0,1.0,1.0,1.0,1.0,1.0,1.0,1.0,1.0,62,1.0,1.0,1.0,20,1.0,1.0,1.0,46,1.0,0.0,1.0,1.0,0.023853845658585553,0.007436651592495751,0.9782971222884953,0.9782971222884953,NA,-0.021702877711504698,0.02170287771150474,0.27672743797302246,0.02170287771150474,22.02173913043478,99.0,0.0,6435.307519999997,6435.30752,76.95652173913044,79.0,49.52926086956522,73.041,1370.5434782608695,5000.0,4.0,2411.8354274163867,38112.04168982816,0.0,0.0,0.0,473.1043839999998,473.104384,38.0,38.0,9.896739130434783,10.353,300.0,405.0,1.0,491.0492765324152,7751.278266928445,59.89565217391304,70.2,4.085985547130435,4.248141824,16.1,3.0540713627826097,3.143401472,28.011511808,0.0,2902.884703948802,0.8063568622080005,0.5749324427543044,713.0,830,Tesla T4,16106.12736,70.0,GPU-da458f0a-46b4-0f02-b73a-25706261b2de,Tesla T4,16106.12736,70.0,GPU-c4a4882e-18ea-46fc-68e3-c7471013fc43,580.159.04,1.0,62,1.0,20,1.0,5,1.0,41
a-mobilenetv4-base-f1-s3,a,mobilenetv4,base,1,3,17,833,53312,1787890519.325463,1787890566.7220361,2026-08-28T04:15:19Z,2026-08-28T04:16:06Z,acct2,1,9faf39,Interactive,e8c956070b66,v2,7.739689037408001e-07,1.0,0.020776298102020974,0.00026612124159586237,0.00035111568733145525,0.00323081249371171,2.7315661554894177e-07,0.002931412402540445,0.003178594689816236,0.0,371.8156631622164,2.5130555787173925e-10,128.0,0,0,47.36943340301514,44.763405323028564,2.605067729949951,32.01635217666626,12.230775356292725,10.989489793777466,0.33991336822509766,0.6758863232387401,0.25843486980516084,0.2569153308868408,0.26030826568603516,0.28954206466674787,70.05722592750742,8437074,8437074,812.3136231899261,48239.06557665925,60,384,64,coral,coral_bce,0.0,session_balanced,adamw,0.0003,0.05,cosine,5,60,5.0,True,full,raw,full_frame,dataset_v1_1,fp16,2,mobilenetv4,1,3,base,a,e8c956070b66,1.0,1.0,1.0,1.0,1.0,1.0,1.0,1.0,1.0,1.0,62,1.0,1.0,1.0,20,1.0,1.0,1.0,46,1.0,0.0,1.0,1.0,0.041566949920242444,0.019264603490738386,0.964552104473114,0.964552104473114,NA,-0.035447895526885986,0.03544789552688597,0.4136614203453064,0.03544789552688597,28.181818181818183,99.0,0.0,6435.3075199999985,6435.30752,77.18181818181819,78.0,48.617181818181805,76.369,1379.659090909091,5000.0,4.0,2342.5960182793497,40474.76582705025,0.0,0.0,0.0,473.10438399999987,473.104384,38.0,38.0,9.912045454545453,10.452,300.0,405.0,1.0,470.56519624757857,8227.076832885039,60.65909090909093,71.4,4.125568279272726,4.303654912,16.2,3.051770321454545,3.051876352,27.899305984,0.0,2813.1612145269282,0.7814336707019245,0.5571622072104722,713.0,800,Tesla T4,16106.12736,70.0,GPU-da458f0a-46b4-0f02-b73a-25706261b2de,Tesla T4,16106.12736,70.0,GPU-c4a4882e-18ea-46fc-68e3-c7471013fc43,580.159.04,1.0,62,1.0,20,1.0,5,1.0,41
a-mobilenetv4-base-f1-s3,a,mobilenetv4,base,1,3,18,882,56448,1787890567.0680895,1787890614.658224,2026-08-28T04:16:07Z,2026-08-28T04:16:54Z,acct2,1,9faf39,Interactive,e8c956070b66,v2,4.911492315099418e-07,1.0,0.009088285091252146,0.0002605111706814607,0.00012187805611688708,0.004020084161311388,7.5441357694217e-07,0.00040930432733148194,0.002449634913355099,0.0,371.8056739656877,8.539567118688228e-11,128.0,0,0,47.566049337387085,44.96273231506348,2.6016650199890137,32.20201086997986,12.229432106018066,11.001070261001587,0.35614919662475586,0.6769957000542604,0.2584587213944416,0.25734949111938477,0.2610169410705566,0.2911854171752927,69.74665102701894,8437074,8437074,859.8796725273132,51049.82541562032,60,384,64,coral,coral_bce,0.0,session_balanced,adamw,0.0003,0.05,cosine,5,60,5.0,True,full,raw,full_frame,dataset_v1_1,fp16,2,mobilenetv4,1,3,base,a,e8c956070b66,1.0,1.0,1.0,1.0,1.0,1.0,1.0,1.0,1.0,1.0,62,1.0,1.0,1.0,20,1.0,1.0,1.0,46,1.0,0.0,1.0,1.0,0.018187456349555008,0.004491639178588128,0.9830704699270427,0.9830704699270427,NA,-0.016929530072957277,0.016929530072957284,0.20807099342346191,0.016929530072957284,28.818181818181817,99.0,0.0,6435.3075199999985,6435.30752,76.95454545454545,78.0,47.384113636363644,69.912,1364.659090909091,5000.0,4.0,2337.2190670933196,42837.310421099406,0.0,0.0,0.0,473.10438399999987,473.104384,38.0,38.0,9.896477272727275,10.353,300.0,405.0,1.0,473.5407718677434,8706.84318833566,61.0,70.8,4.128747799272727,4.326617088,16.5,3.0524221439999994,3.058638848,28.012560384,0.0,2810.759838961063,0.7807666219336286,0.5566866014386772,713.0,798,Tesla T4,16106.12736,70.0,GPU-da458f0a-46b4-0f02-b73a-25706261b2de,Tesla T4,16106.12736,70.0,GPU-c4a4882e-18ea-46fc-68e3-c7471013fc43,580.159.04,1.0,62,1.0,20,1.0,5,1.0,41
a-mobilenetv4-base-f1-s3,a,mobilenetv4,base,1,3,19,931,59584,1787890614.9612048,1787890661.299557,2026-08-28T04:16:54Z,2026-08-28T04:17:41Z,acct2,1,9faf39,Interactive,e8c956070b66,v2,8.69777784332331e-07,1.0,0.016369167134719476,0.00025454063529829405,0.0003559172928616877,0.014925372786819935,2.395283615896915e-07,0.0004903935740003325,0.008522659242153115,0.0,371.7959241376613,2.4366973373575515e-10,128.0,0,0,46.31375002861023,43.79194188117981,2.5207948684692383,31.033037185668945,12.23195195198059,11.002411842346191,0.3452475070953369,0.6700609898032085,0.2584337701602858,0.25745296478271484,0.2602701663970947,0.2904429912567137,71.61134823636901,8437074,8437074,906.1934225559235,53833.78141521022,60,384,64,coral,coral_bce,0.0,session_balanced,adamw,0.0003,0.05,cosine,5,60,5.0,True,full,raw,full_frame,dataset_v1_1,fp16,2,mobilenetv4,1,3,base,a,e8c956070b66,1.0,1.0,1.0,1.0,1.0,1.0,1.0,1.0,1.0,1.0,62,1.0,1.0,1.0,20,1.0,1.0,1.0,46,1.0,0.0,1.0,1.0,0.03275095066839863,0.012978395847116814,0.9711984447203577,0.9711984447203577,NA,-0.028801555279642344,0.02880155527964232,0.3447680175304413,0.02880155527964232,25.302325581395348,99.0,0.0,6435.3075199999985,6435.30752,76.97674418604652,78.0,51.65348837209303,101.024,1345.8139534883721,5000.0,4.0,2316.936718853234,45177.05597880338,0.0,0.0,0.0,473.1043839999999,473.104384,38.0,38.0,10.035488372093024,10.452,300.0,405.0,1.0,467.0192807366675,9179.34609319948,61.54651162790697,70.5,4.072448857302326,4.283547648,16.2,3.052725843348837,3.052777472,27.90035456,0.0,2783.9559995899017,0.7733211109971949,0.5513779521409999,713.0,778,Tesla T4,16106.12736,70.0,GPU-da458f0a-46b4-0f02-b73a-25706261b2de,Tesla T4,16106.12736,70.0,GPU-c4a4882e-18ea-46fc-68e3-c7471013fc43,580.159.04,1.0,62,1.0,20,1.0,5,1.0,41
a-mobilenetv4-base-f1-s3,a,mobilenetv4,base,1,3,20,980,62720,1787890661.614019,1787890708.9823828,2026-08-28T04:17:41Z,2026-08-28T04:18:28Z,acct2,1,9faf39,Interactive,e8c956070b66,v2,3.5922824010618266e-07,1.0,0.012925666314089312,0.00024822911009179276,0.00020643250574732625,0.005012654233723879,2.4549976274101937e-07,0.0008071936201304159,0.004296442400664085,0.0,371.78655104138704,1.3782789359148552e-10,128.0,0,0,47.34468913078308,44.82869362831116,2.5150909423828125,32.10871171951294,12.194547414779663,10.941586017608643,0.34913086891174316,0.6781903590245807,0.25786591549308935,0.2569565773010254,0.26014418601989747,0.280833339691162,69.95519490265688,8437074,8437074,953.5381116867065,56654.19923727295,60,384,64,coral,coral_bce,0.0,session_balanced,adamw,0.0003,0.05,cosine,5,60,5.0,True,full,raw,full_frame,dataset_v1_1,fp16,2,mobilenetv4,1,3,base,a,e8c956070b66,1.0,1.0,1.0,1.0,1.0,1.0,1.0,1.0,1.0,1.0,62,1.0,1.0,1.0,20,1.0,1.0,1.0,46,1.0,0.0,1.0,1.0,0.02586732564813562,0.008450415349527531,0.9765962800011039,0.9765962800011039,NA,-0.023403719998896122,0.023403719998896132,0.27380552887916565,0.023403719998896132,24.533333333333335,99.0,0.0,6435.307519999998,6435.30752,76.82222222222222,78.0,47.713933333333344,90.093,1394.6666666666667,5000.0,4.0,2336.950704786541,47534.61593994187,0.0,0.0,0.0,473.10438399999987,473.104384,38.0,38.0,10.174999999999999,10.948,300.0,405.0,1.0,483.4671172761864,9667.464951771479,60.351111111111116,72.7,4.0805711871999995,4.171780096,16.2,3.055002419199999,3.13491456,28.01360896,0.0,2820.4178220627273,0.7834493950174243,0.5585994186474235,713.0,794,Tesla T4,16106.12736,70.0,GPU-da458f0a-46b4-0f02-b73a-25706261b2de,Tesla T4,16106.12736,70.0,GPU-c4a4882e-18ea-46fc-68e3-c7471013fc43,580.159.04,1.0,62,1.0,20,1.0,5,1.0,41
a-mobilenetv4-base-f1-s3,a,mobilenetv4,base,1,3,21,1029,65856,1787890709.522735,1787890757.1954238,2026-08-28T04:18:29Z,2026-08-28T04:19:17Z,acct2,1,9faf39,Interactive,e8c956070b66,v2,4.328600821971823e-08,1.0,0.0140156543126011,0.00024159718194531572,1.7516394583295477e-05,0.0005786952096968889,1.3062816606179695e-07,5.214295233599816e-05,0.0003628863836638612,0.0,371.7770930698851,1.1382927157297675e-11,128.0,0,0,47.64358973503113,45.07762694358826,2.5647130012512207,32.35727548599243,12.213227033615112,10.907623291015625,0.33837056159973145,0.6791527604436771,0.25793355338427487,0.25673770904541016,0.2599965572357178,0.28495820999145505,69.56887956689694,8437074,8437074,1001.1817014217377,59478.56742743175,60,384,64,coral,coral_bce,0.0,session_balanced,adamw,0.0003,0.05,cosine,5,60,5.0,True,full,raw,full_frame,dataset_v1_1,fp16,2,mobilenetv4,1,3,base,a,e8c956070b66,1.0,1.0,1.0,1.0,1.0,1.0,1.0,1.0,1.0,1.0,62,1.0,1.0,1.0,20,1.0,1.0,1.0,46,1.0,0.0,1.0,1.0,0.0280479076587008,0.009675985061498447,0.9747980013489723,0.9747980013489723,NA,-0.02520199865102768,0.02520199865102772,0.28188133239746094,0.02520199865102772,28.333333333333332,99.0,0.0,6435.307519999998,6435.30752,76.95555555555555,78.0,48.51553333333334,84.077,1384.6666666666667,5000.0,4.0,2340.54094222399,49905.367657950825,0.0,0.0,0.0,473.10438399999987,473.104384,38.0,38.0,10.054111111111109,10.849,300.0,405.0,1.0,483.827247934807,10158.744522551508,60.144444444444446,71.6,4.106391096888889,4.32297984,16.4,3.0564836238222224,3.10218752,28.015706112,0.0,2824.368190158797,0.7845467194885547,0.5593818109953395,713.0,802,Tesla T4,16106.12736,70.0,GPU-da458f0a-46b4-0f02-b73a-25706261b2de,Tesla T4,16106.12736,70.0,GPU-c4a4882e-18ea-46fc-68e3-c7471013fc43,580.159.04,1.0,62,1.0,20,1.0,5,1.0,41
a-mobilenetv4-base-f1-s3,a,mobilenetv4,base,1,3,22,1078,68992,1787890757.5034056,1787890804.3614926,2026-08-28T04:19:17Z,2026-08-28T04:20:04Z,acct2,1,9faf39,Interactive,e8c956070b66,v2,3.06003340188474e-06,1.0,0.02120405979173512,0.00023466648283001538,0.0008514616959319788,0.03357124328613281,9.016971347364233e-08,0.0016682003275491175,0.019916858822107204,0.0,371.7682725774319,5.374571640112758e-10,128.0,0,0,46.835461378097534,44.255953311920166,2.5785892009735107,31.472724199295044,12.283769369125366,11.054869890213013,0.34340691566467285,0.6719849292231628,0.25925130260233975,0.25781941413879395,0.26094632148742675,0.29642791748046865,70.86052305544463,8437074,8437074,1048.0171627998352,62280.30641810772,60,384,64,coral,coral_bce,0.0,session_balanced,adamw,0.0003,0.05,cosine,5,60,5.0,True,full,raw,full_frame,dataset_v1_1,fp16,2,mobilenetv4,1,3,base,a,e8c956070b66,1.0,1.0,1.0,1.0,1.0,1.0,1.0,1.0,1.0,1.0,62,1.0,1.0,1.0,20,1.0,1.0,1.0,46,1.0,0.0,1.0,1.0,0.04245781122602927,0.019840991658335035,0.9638786860741675,0.9638786860741675,NA,-0.03612131392583251,0.03612131392583254,0.41559070348739624,0.03612131392583254,33.45454545454545,99.0,0.0,6435.3075199999985,6435.30752,77.1590909090909,78.0,49.02122727272728,88.105,1399.7727272727273,5000.0,4.0,2328.057253725565,52253.256186174614,0.0,0.0,0.0,473.10438399999987,473.104384,38.0,38.0,10.033613636363635,11.147,300.0,405.0,1.0,473.6817369504097,10637.04919648121,60.584090909090904,70.1,4.100256023272728,4.293820416,16.5,3.05599599709091,3.074326528,28.015706112,0.0,2801.7389906759745,0.7782608307433262,0.5548999723199917,713.0,790,Tesla T4,16106.12736,70.0,GPU-da458f0a-46b4-0f02-b73a-25706261b2de,Tesla T4,16106.12736,70.0,GPU-c4a4882e-18ea-46fc-68e3-c7471013fc43,580.159.04,1.0,62,1.0,20,1.0,5,1.0,41
a-mobilenetv4-base-f1-s3,a,mobilenetv4,base,1,3,23,1127,72128,1787890804.6918502,1787890852.8644621,2026-08-28T04:20:04Z,2026-08-28T04:20:52Z,acct2,1,9faf39,Interactive,e8c956070b66,v2,3.33368117317676e-07,1.0,0.026970201831488794,0.00022745961924584428,0.00013966391091678948,0.006798397284001112,6.626596160685949e-08,1.5239812682921166e-06,0.0035526981920702113,0.0,371.7593659913313,8.545285715884078e-11,128.0,0,0,48.15091419219971,45.576699018478394,2.5726583003997803,32.77812099456787,12.279089450836182,11.007897853851318,0.34970521926879883,0.6807372517109513,0.2594619283870775,0.2578308582305908,0.2635031223297119,0.29117226600646967,68.80708931396184,8437074,8437074,1096.168076992035,65136.35570366191,60,384,64,coral,coral_bce,0.0,session_balanced,adamw,0.0003,0.05,cosine,5,60,5.0,True,full,raw,full_frame,dataset_v1_1,fp16,2,mobilenetv4,1,3,base,a,e8c956070b66,0.9921875,0.9833333333333334,0.9887863247863248,0.9921875,0.9921185897435897,0.9947089947089948,0.9833333333333334,0.9919999999999999,1.0,0.9841269841269841,62,0.9743589743589743,0.95,1.0,20,1.0,1.0,1.0,46,0.9952996474735605,0.0078125,0.9871769184532158,0.9872849863413479,0.053986127337041084,0.0295759376159389,0.9563484434038401,0.9598331517121923,0.513790488243103,-0.035839056596159935,0.0362935168668628,0.46002793312072754,0.0362935168668628,23.91111111111111,96.0,0.0,6435.307519999998,6435.30752,77.08888888888889,78.0,49.032977777777774,83.642,1399.6666666666667,5000.0,4.0,2374.678187338606,54646.41074238825,0.0,0.0,0.0,473.10438399999987,473.104384,38.0,38.0,9.92168888888889,10.651,300.0,405.0,1.0,481.3710982155826,11123.506493549332,62.51111111111111,80.0,4.269835787377778,4.485926912,17.0,3.1517311886222217,3.480141824,28.291059712,0.0,2856.049285554189,0.7933470237650525,0.5656564279444823,713.0,808,Tesla T4,16106.12736,70.0,GPU-da458f0a-46b4-0f02-b73a-25706261b2de,Tesla T4,16106.12736,70.0,GPU-c4a4882e-18ea-46fc-68e3-c7471013fc43,580.159.04,1.0,62,0.95,20,1.0,5,1.0,41
a-mobilenetv4-base-f1-s3,a,mobilenetv4,base,1,3,24,1176,75264,1787890858.6817968,1787890906.0209625,2026-08-28T04:20:58Z,2026-08-28T04:21:46Z,acct2,1,9faf39,Interactive,e8c956070b66,v2,1.4724371112973657e-08,1.0,0.024781876863983143,0.00022000009848385105,2.382803045741335e-06,5.1596340199466795e-05,8.033016740682797e-08,1.4740578262717366e-05,3.913029620889564e-05,0.0,371.7507219157302,1.4101301593424889e-12,128.0,0,0,47.31732130050659,44.72050952911377,2.5952255725860596,31.942667484283447,12.265902757644653,11.00870394706726,0.33602023124694824,0.6750734531530097,0.25901868392010124,0.2577321529388428,0.2616213321685791,0.29221714019775374,70.12442463247011,8437074,8437074,1143.4853982925415,67928.91820770683,60,384,64,coral,coral_bce,0.0,session_balanced,adamw,0.0003,0.05,cosine,5,60,5.0,True,full,raw,full_frame,dataset_v1_1,fp16,2,mobilenetv4,1,3,base,a,e8c956070b66,1.0,1.0,1.0,1.0,1.0,1.0,1.0,1.0,1.0,1.0,62,1.0,1.0,1.0,20,1.0,1.0,1.0,46,1.0,0.0,1.0,1.0,0.049615819154803044,0.026004168388473997,0.9591230996884406,0.9591230996884406,NA,-0.04087690031155944,0.0408769003115594,0.49487119913101196,0.0408769003115594,25.022727272727273,99.0,0.0,6435.3075199999985,6435.30752,77.20454545454545,79.0,48.76311363636364,72.951,1343.1818181818182,5000.0,4.0,2319.8340026637743,57165.512162604486,0.0,0.0,0.0,473.10438399999987,473.104384,38.09090909090909,39.0,9.898522727272727,10.551,300.0,405.0,1.0,472.7285013811488,11654.881614430404,60.50909090909091,70.4,4.344231470545455,4.617650176,17.2,3.202611293090908,3.293646848,28.031721472,0.0,2792.562504044923,0.7757118066791453,0.5530825181622306,713.0,798,Tesla T4,16106.12736,70.0,GPU-da458f0a-46b4-0f02-b73a-25706261b2de,Tesla T4,16106.12736,70.0,GPU-c4a4882e-18ea-46fc-68e3-c7471013fc43,580.159.04,1.0,62,1.0,20,1.0,5,1.0,41
a-mobilenetv4-base-f1-s3,a,mobilenetv4,base,1,3,25,1225,78400,1787890906.303527,1787890953.0085554,2026-08-28T04:21:46Z,2026-08-28T04:22:33Z,acct2,1,9faf39,Interactive,e8c956070b66,v2,3.181909069565928e-08,1.0,0.026679527008056425,0.00021231225195028297,2.1270867921596942e-05,0.0010121602099388838,2.2380211461836552e-08,5.320848867995662e-06,0.000531420578918183,0.0,371.74246866587845,1.2148372193197853e-11,128.0,0,0,46.677504539489746,44.20436954498291,2.4712560176849365,31.476497650146484,12.207365989685059,11.004637241363525,0.3455827236175537,0.6743397694604042,0.25786188183998576,0.25724196434020996,0.2596115589141846,0.27808744430541976,70.9432129058818,8437074,8437074,1190.1629028320312,70715.04494423016,60,384,64,coral,coral_bce,0.0,session_balanced,adamw,0.0003,0.05,cosine,5,60,5.0,True,full,raw,full_frame,dataset_v1_1,fp16,2,mobilenetv4,1,3,base,a,e8c956070b66,0.9921875,0.9833333333333334,0.9887863247863248,0.9921875,0.9921185897435897,0.9947089947089948,0.9833333333333334,0.9919999999999999,1.0,0.9841269841269841,62,0.9743589743589743,0.95,1.0,20,1.0,1.0,1.0,46,0.9952996474735605,0.0078125,0.9871769184532158,0.9872849863413479,0.053409706001440765,0.029145199479180227,0.9567747982218862,0.9602643049608065,0.5136074423789978,-0.03541270177811384,0.03589400835335259,0.4635022282600403,0.03589400835335259,28.093023255813954,99.0,0.0,6435.3075199999985,6435.30752,76.86046511627907,78.0,50.207325581395345,95.711,1411.046511627907,5000.0,4.0,2322.4574237234046,59510.5126346129,0.0,0.0,0.0,473.1043839999999,473.104384,38.0,38.0,9.907046511627907,10.452,300.0,405.0,1.0,463.66931279992605,12124.039980904789,60.490697674418605,71.1,4.392465717581394,4.559163392,17.1,3.2002825287441867,3.227869184,28.031721472,0.0,2786.1267365233307,0.773924093478703,0.5518078786503152,713.0,786,Tesla T4,16106.12736,70.0,GPU-da458f0a-46b4-0f02-b73a-25706261b2de,Tesla T4,16106.12736,70.0,GPU-c4a4882e-18ea-46fc-68e3-c7471013fc43,580.159.04,1.0,62,0.95,20,1.0,5,1.0,41
a-mobilenetv4-base-f1-s3,a,mobilenetv4,base,1,3,26,1274,81536,1787890953.2914355,1787890999.5591166,2026-08-28T04:22:33Z,2026-08-28T04:23:19Z,acct2,1,9faf39,Interactive,e8c956070b66,v2,4.034641708092789e-08,1.0,0.0072660415208716245,0.00020442115580259613,2.420787174925726e-05,0.0008097458630800247,2.2189929893556837e-08,1.7739136092131848e-05,0.0005748379277065377,0.0,371.7345245812882,1.331219134966857e-11,128.0,0,0,46.24333596229553,43.715433835983276,2.5270142555236816,30.968706369400024,12.222804546356201,10.964532375335693,0.34317946434020996,0.6696901450762621,0.25819502558026997,0.2577335834503174,0.2604736328125,0.27622302055358877,71.73667798347867,8437074,8437074,1236.4062387943268,73459.16987532575,60,384,64,coral,coral_bce,0.0,session_balanced,adamw,0.0003,0.05,cosine,5,60,5.0,True,full,raw,full_frame,dataset_v1_1,fp16,2,mobilenetv4,1,3,base,a,e8c956070b66,1.0,1.0,1.0,1.0,1.0,1.0,1.0,1.0,1.0,1.0,62,1.0,1.0,1.0,20,1.0,1.0,1.0,46,1.0,0.0,1.0,1.0,0.014602484208623532,0.002743525929014475,0.9861776367761195,0.9861776367761195,NA,-0.01382236322388053,0.01382236322388049,0.15778100490570068,0.01382236322388049,26.53488372093023,99.0,0.0,6435.3075199999985,6435.30752,77.11627906976744,79.0,49.359558139534876,89.064,1369.1860465116279,5000.0,4.0,2284.315532082779,61813.89762826618,0.0,0.0,0.0,473.1043839999999,473.104384,38.0,38.0,9.86493023255814,10.353,300.0,405.0,1.0,459.80939901280544,12588.762308578942,61.66279069767443,71.2,4.420862714046512,4.530737152,17.2,3.202304904930233,3.253583872,28.032770048,0.0,2744.1249310955845,0.7622569253043291,0.5434891877419866,713.0,778,Tesla T4,16106.12736,70.0,GPU-da458f0a-46b4-0f02-b73a-25706261b2de,Tesla T4,16106.12736,70.0,GPU-c4a4882e-18ea-46fc-68e3-c7471013fc43,580.159.04,1.0,62,1.0,20,1.0,5,1.0,41
a-mobilenetv4-base-f1-s3,a,mobilenetv4,base,1,3,27,1323,84672,1787890999.8322792,1787891046.6988683,2026-08-28T04:23:19Z,2026-08-28T04:24:06Z,acct2,1,9faf39,Interactive,e8c956070b66,v2,2.1642614467862792e-07,1.0,0.016749469484452106,0.0001963525491562421,9.770037051722789e-05,0.003999890759587288,0.0,2.1174443827476233e-05,0.002433347785845386,0.0,371.72704734034875,5.160699750481885e-11,128.0,0,0,46.84512805938721,44.35067701339722,2.4912807941436768,31.605976819992065,12.213570356369019,10.931809186935425,0.34299659729003906,0.6746907977265867,0.25812037623658474,0.256758451461792,0.2611852169036865,0.28516454696655263,70.70917990840802,8437074,8437074,1283.251366853714,76261.21913406877,60,384,64,coral,coral_bce,0.0,session_balanced,adamw,0.0003,0.05,cosine,5,60,5.0,True,full,raw,full_frame,dataset_v1_1,fp16,2,mobilenetv4,1,3,base,a,e8c956070b66,1.0,1.0,1.0,1.0,1.0,1.0,1.0,1.0,1.0,1.0,62,1.0,1.0,1.0,20,1.0,1.0,1.0,46,1.0,0.0,1.0,1.0,0.03356338310167378,0.0135125452270606,0.9706027056090534,0.9706027056090534,NA,-0.029397294390946627,0.029397294390946578,0.35189518332481384,0.029397294390946578,23.681818181818183,99.0,0.0,6435.3075199999985,6435.30752,77.06818181818181,78.0,52.33956818181818,94.994,1380.0,5000.0,4.0,2334.4766363183953,64168.362217639246,0.0,0.0,0.0,473.10438399999987,473.104384,38.0,38.0,9.907681818181818,10.353,300.0,405.0,1.0,467.57262242463,13061.109105490448,60.38181818181818,71.9,4.462111557818182,4.698394624,17.5,3.202039714909091,3.26662144,28.032770048,0.0,2802.0492587430253,0.778347016317507,0.5549614226343825,713.0,790,Tesla T4,16106.12736,70.0,GPU-da458f0a-46b4-0f02-b73a-25706261b2de,Tesla T4,16106.12736,70.0,GPU-c4a4882e-18ea-46fc-68e3-c7471013fc43,580.159.04,1.0,62,1.0,20,1.0,5,1.0,41
a-mobilenetv4-base-f1-s3,a,mobilenetv4,base,1,3,28,1372,87808,1787891046.9815042,1787891094.4491017,2026-08-28T04:24:06Z,2026-08-28T04:24:54Z,acct2,1,9faf39,Interactive,e8c956070b66,v2,1.0285417565249142e-07,1.0,0.033969724035451065,0.00018813275012902306,6.000273397878822e-05,0.0029170806519687176,0.0,3.689441791721037e-06,0.0015207951370393741,0.0,371.7198385004553,3.036824562344627e-11,128.0,0,0,47.44382286071777,44.881449937820435,2.5610411167144775,32.12294578552246,12.252091884613037,11.010342121124268,0.33126235008239746,0.6770733016145587,0.25861609711938977,0.2570610046386719,0.2599684715270996,0.29704801559448224,69.87296543103378,8437074,8437074,1330.6951897144318,79093.23903931055,60,384,64,coral,coral_bce,0.0,session_balanced,adamw,0.0003,0.05,cosine,5,60,5.0,True,full,raw,full_frame,dataset_v1_1,fp16,2,mobilenetv4,1,3,base,a,e8c956070b66,0.9765625,0.9500000000000001,0.9650989572249414,0.9765625,0.9758891519472228,0.9846153846153847,0.9500000000000001,0.9763779527559054,1.0,0.9538461538461539,62,0.9189189189189189,0.85,1.0,20,1.0,1.0,1.0,46,0.9859976662777129,0.0234375,0.9612042836936755,0.9621687389050813,0.06796927465366692,0.04198913296643581,0.9501556274481118,0.9595291147232056,0.559593657652537,-0.026406872551888227,0.026406872551888262,0.356169068813324,0.026406872551888262,34.29545454545455,99.0,0.0,6435.3075199999985,6435.30752,77.18181818181819,78.0,50.320340909090916,93.789,1357.159090909091,5000.0,4.0,2357.2202932694418,66545.02287219818,0.0,0.0,0.0,473.10438399999987,473.104384,38.0,38.0,9.986613636363636,10.551,300.0,405.0,1.0,474.79961197233206,13541.239491980077,60.824999999999996,69.3,4.368209454545455,4.532617216,16.9,3.201084602181818,3.201163264,27.920564224,0.0,2832.019905241774,0.7866721959004928,0.5608972756770513,713.0,796,Tesla T4,16106.12736,70.0,GPU-da458f0a-46b4-0f02-b73a-25706261b2de,Tesla T4,16106.12736,70.0,GPU-c4a4882e-18ea-46fc-68e3-c7471013fc43,580.159.04,1.0,62,0.85,20,1.0,5,1.0,41
a-mobilenetv4-base-f1-s3,a,mobilenetv4,base,1,3,29,1421,90944,1787891094.7424257,1787891141.4942935,2026-08-28T04:24:54Z,2026-08-28T04:25:41Z,acct2,1,9faf39,Interactive,e8c956070b66,v2,1.0622984423594184e-07,1.0,0.031008138641908545,0.0001797885699968618,6.807257341460444e-05,0.0014612482627853751,2.1547048589809492e-08,0.00036879708932246704,0.0013530310755595556,0.0,371.7129711839321,3.292505664044247e-11,128.0,0,0,46.72996282577515,44.2224338054657,2.50612211227417,31.548476696014404,12.187066793441772,11.013723134994507,0.32062602043151855,0.6751230856664198,0.2568941456930978,0.2560703754425049,0.2587737560272217,0.27506558418273913,70.91423357192983,8437074,8437074,1377.425152540207,81911.50613183761,60,384,64,coral,coral_bce,0.0,session_balanced,adamw,0.0003,0.05,cosine,5,60,5.0,True,full,raw,full_frame,dataset_v1_1,fp16,2,mobilenetv4,1,3,base,a,e8c956070b66,0.9765625,0.9500000000000001,0.9650989572249414,0.9765625,0.9758891519472228,0.9846153846153847,0.9500000000000001,0.9763779527559054,1.0,0.9538461538461539,62,0.9189189189189189,0.85,1.0,20,1.0,1.0,1.0,46,0.9859976662777129,0.0234375,0.9612042836936755,0.9621687389050813,0.06206381376082111,0.03656677857691859,0.9522212608717382,0.9624069871902465,0.5278159976005554,-0.024341239128261805,0.04282581573352219,0.518839031457901,0.04282581573352219,26.34090909090909,99.0,0.0,6435.3075199999985,6435.30752,76.9090909090909,78.0,47.955568181818194,94.8,1417.5,5000.0,4.0,2350.8693855430174,68918.09294155859,0.0,0.0,0.0,473.10438399999987,473.104384,38.0,38.0,9.928681818181818,10.75,300.0,405.0,1.0,467.39770698404755,14013.657287458187,60.45,71.4,4.302710783999999,4.514992128,16.9,3.201555456000001,3.201605632,27.920564224,0.0,2818.267092527065,0.782851970146407,0.5581734547143881,713.0,786,Tesla T4,16106.12736,70.0,GPU-da458f0a-46b4-0f02-b73a-25706261b2de,Tesla T4,16106.12736,70.0,GPU-c4a4882e-18ea-46fc-68e3-c7471013fc43,580.159.04,1.0,62,0.85,20,1.0,5,1.0,41
a-mobilenetv4-base-f1-s3,a,mobilenetv4,base,1,3,30,1470,94080,1787891141.7627203,1787891188.646942,2026-08-28T04:25:41Z,2026-08-28T04:26:28Z,acct2,1,9faf39,Interactive,e8c956070b66,v2,2.9110878812113775e-08,1.0,0.013352633800813862,0.00017134722574099276,1.1683312986417257e-05,0.000250809796852991,4.055608116004805e-08,3.470512237981884e-05,0.0002312640997115521,0.0,371.70627380285976,5.385712883468979e-12,128.0,0,0,46.85379242897034,44.40991687774658,2.4426016807556152,31.618503093719482,12.254846572875977,10.951261281967163,0.3640480041503906,0.6748333796384288,0.2593115446518879,0.2574317455291748,0.2613255977630615,0.2898257541656494,70.61485858289058,8437074,8437074,1424.2789449691772,84727.36648737804,60,384,64,coral,coral_bce,0.0,session_balanced,adamw,0.0003,0.05,cosine,5,60,5.0,True,full,raw,full_frame,dataset_v1_1,fp16,2,mobilenetv4,1,3,base,a,e8c956070b66,1.0,1.0,1.0,1.0,1.0,1.0,1.0,1.0,1.0,1.0,62,1.0,1.0,1.0,20,1.0,1.0,1.0,46,1.0,0.0,1.0,1.0,0.02674340176706934,0.008973009149302151,0.975900910794735,0.975900910794735,NA,-0.024099089205265045,0.02409908920526507,0.27937559286753333,0.02409908920526507,25.136363636363637,99.0,0.0,6435.3075199999985,6435.30752,77.06818181818181,78.0,50.35900000000001,91.765,1387.840909090909,5000.0,4.0,2348.481057499317,71278.17221688545,0.0,0.0,0.0,473.10438399999987,473.104384,38.0,38.0,9.847477272727273,10.158,300.0,405.0,1.0,467.37929804110536,14484.391371333606,60.49545454545455,71.6,4.3583995345454545,4.514635776,17.2,3.2034368232727273,3.265896448,28.0348672,0.0,2815.8603555404225,0.7821834320945618,0.5576967870834226,713.0,788,Tesla T4,16106.12736,70.0,GPU-da458f0a-46b4-0f02-b73a-25706261b2de,Tesla T4,16106.12736,70.0,GPU-c4a4882e-18ea-46fc-68e3-c7471013fc43,580.159.04,1.0,62,1.0,20,1.0,5,1.0,41
a-mobilenetv4-base-f1-s3,a,mobilenetv4,base,1,3,31,1519,97216,1787891189.2803698,1787891236.2642617,2026-08-28T04:26:29Z,2026-08-28T04:27:16Z,acct2,1,9faf39,Interactive,e8c956070b66,v2,1.9351750121147387e-08,1.0,0.02243893798231511,0.00016283625127182596,5.4472816934347125e-06,0.000235372906900011,8.600723333529459e-08,3.520162408676693e-06,0.0001282560492109033,0.0,371.6998797543746,2.3863740046585608e-12,128.0,0,0,46.95915389060974,44.38284468650818,2.5754244327545166,31.5548415184021,12.258469820022583,10.957109689712524,0.39301037788391113,0.6719635875873822,0.2599092843581219,0.25796079635620117,0.26607685089111327,0.28832381248474115,70.65793150823666,8437074,8437074,1471.238098859787,87536.06876508355,60,384,64,coral,coral_bce,0.0,session_balanced,adamw,0.0003,0.05,cosine,5,60,5.0,True,full,raw,full_frame,dataset_v1_1,fp16,2,mobilenetv4,1,3,base,a,e8c956070b66,1.0,1.0,1.0,1.0,1.0,1.0,1.0,1.0,1.0,1.0,62,1.0,1.0,1.0,20,1.0,1.0,1.0,46,1.0,0.0,1.0,1.0,0.044909047037117886,0.02183054952004783,0.9621391645632684,0.9621391645632684,NA,-0.03786083543673158,0.037860835436731605,0.4220629036426544,0.037860835436731605,25.363636363636363,99.0,0.0,6435.3075199999985,6435.30752,76.93181818181819,78.0,48.44711363636364,71.726,1371.8181818181818,5000.0,4.0,2342.3015323346626,73654.05235504624,0.0,0.0,0.0,473.10438399999987,473.104384,38.0,38.0,9.856250000000001,10.551,300.0,405.0,1.0,466.4007453708509,14959.421732862465,60.43863636363637,71.0,4.282561442909091,4.522340352,16.9,3.2074499723636354,3.246424064,28.038012928,0.0,2808.7022777055136,0.7801950771404205,0.5562790900011199,713.0,788,Tesla T4,16106.12736,70.0,GPU-da458f0a-46b4-0f02-b73a-25706261b2de,Tesla T4,16106.12736,70.0,GPU-c4a4882e-18ea-46fc-68e3-c7471013fc43,580.159.04,1.0,62,1.0,20,1.0,5,1.0,41
a-mobilenetv4-base-f1-s3,a,mobilenetv4,base,1,3,32,1568,100352,1787891236.541526,1787891283.642985,2026-08-28T04:27:16Z,2026-08-28T04:28:03Z,acct2,1,9faf39,Interactive,e8c956070b66,v2,3.768442380969559e-07,1.0,0.014344113094495015,0.0001542834076190544,0.0001509323863796362,0.0056439670734107494,8.758409109077547e-08,0.00018243570521008198,0.00358259875327347,0.0,371.69409023287744,6.264926858572444e-11,128.0,0,0,47.07494521141052,44.58945369720459,2.4840927124023438,31.834092617034912,12.246844291687012,10.961241006851196,0.3361363410949707,0.6762427969712991,0.25859333544361346,0.25694894790649414,0.26169438362121583,0.29143357276916493,70.3305319974486,8437074,8437074,1518.3130440711975,90321.4118640302,60,384,64,coral,coral_bce,0.0,session_balanced,adamw,0.0003,0.05,cosine,5,60,5.0,True,full,raw,full_frame,dataset_v1_1,fp16,2,mobilenetv4,1,3,base,a,e8c956070b66,1.0,1.0,1.0,1.0,1.0,1.0,1.0,1.0,1.0,1.0,62,1.0,1.0,1.0,20,1.0,1.0,1.0,46,1.0,0.0,1.0,1.0,0.028713946967757153,0.010187396000428185,0.9743076777085662,0.9743076777085662,NA,-0.02569232229143381,0.025692322291433853,0.292351504166921,0.025692322291433853,32.71111111111111,99.0,1.0,6435.307519999998,6435.30752,76.75555555555556,78.0,48.24673333333333,70.792,1416.3333333333333,5000.0,4.0,2317.7220684455388,75992.88928253419,0.0,0.0,0.0,473.10438399999987,473.104384,38.0,38.0,9.849488888888889,10.258,300.0,405.0,1.0,467.6210305011209,15431.48524576782,60.333333333333336,70.4,4.3485937664,4.578779136,17.1,3.2068603448888893,3.264139264,28.038012928,0.0,2785.3430989466597,0.7737064163740721,0.5516526748747135,713.0,792,Tesla T4,16106.12736,70.0,GPU-da458f0a-46b4-0f02-b73a-25706261b2de,Tesla T4,16106.12736,70.0,GPU-c4a4882e-18ea-46fc-68e3-c7471013fc43,580.159.04,1.0,62,1.0,20,1.0,5,1.0,41
a-mobilenetv4-base-f1-s3,a,mobilenetv4,base,1,3,33,1617,103488,1787891283.9263537,1787891330.649117,2026-08-28T04:28:03Z,2026-08-28T04:28:50Z,acct2,1,9faf39,Interactive,e8c956070b66,v2,8.153445158553204e-09,1.0,0.013985404996780915,0.00014571659238094556,1.3599694910351678e-06,5.607626371784136e-05,0.0,1.396364109496058e-06,3.058584887185113e-05,0.0,371.6883830567841,5.33161995394993e-13,128.0,0,0,46.700110912323,44.29802060127258,2.4010682106018066,31.542612552642822,12.239473342895508,11.002562284469604,0.34850454330444336,0.6754290715039718,0.25858508810705066,0.2569458484649658,0.2606791973114014,0.2886862659454344,70.79323088106356,8437074,8437074,1565.0131549835205,93091.03528311444,60,384,64,coral,coral_bce,0.0,session_balanced,adamw,0.0003,0.05,cosine,5,60,5.0,True,full,raw,full_frame,dataset_v1_1,fp16,2,mobilenetv4,1,3,base,a,e8c956070b66,1.0,1.0,1.0,1.0,1.0,1.0,1.0,1.0,1.0,1.0,62,1.0,1.0,1.0,20,1.0,1.0,1.0,46,1.0,0.0,1.0,1.0,0.02801964600734349,0.009753394795444221,0.9748813472688198,0.9748813472688198,NA,-0.02511865273118019,0.025118652731180215,0.29120244582494104,0.025118652731180215,26.454545454545453,99.0,0.0,6435.3075199999985,6435.30752,77.11363636363636,78.0,47.46843181818181,73.83,1371.1363636363637,5000.0,4.0,2297.4834915010288,78315.01350878239,0.0,0.0,0.0,473.10438399999987,473.104384,38.0,38.0,10.047454545454547,10.651,300.0,405.0,1.0,472.13992758321183,15908.988844294052,60.92045454545455,71.0,4.322443450181818,4.526010368,16.9,3.2070501469090904,3.267866624,28.038012928,0.0,2769.6234190842406,0.7693398386345113,0.5485393049464066,713.0,788,Tesla T4,16106.12736,70.0,GPU-da458f0a-46b4-0f02-b73a-25706261b2de,Tesla T4,16106.12736,70.0,GPU-c4a4882e-18ea-46fc-68e3-c7471013fc43,580.159.04,1.0,62,1.0,20,1.0,5,1.0,41
a-mobilenetv4-base-f1-s3,a,mobilenetv4,base,1,3,34,1666,106624,1787891330.9118314,1787891376.718431,2026-08-28T04:28:50Z,2026-08-28T04:29:36Z,acct2,1,9faf39,Interactive,e8c956070b66,v2,6.850134672860294e-08,1.0,0.0224365138046565,0.00013716374872817407,4.198758645987003e-05,0.0016535065369680524,0.0,7.69150983614958e-06,0.001044136337004597,0.0,371.68306517699466,1.5494853810844435e-11,128.0,0,0,45.782390117645264,43.27266979217529,2.508657693862915,30.469483375549316,12.227404117584229,11.00908350944519,0.3987922668457031,0.6655284553133431,0.25937890033332667,0.25662970542907715,0.2672682762145996,0.3020763969421386,72.47068450042946,8437074,8437074,1610.7955451011658,95826.95597736961,60,384,64,coral,coral_bce,0.0,session_balanced,adamw,0.0003,0.05,cosine,5,60,5.0,True,full,raw,full_frame,dataset_v1_1,fp16,2,mobilenetv4,1,3,base,a,e8c956070b66,1.0,1.0,1.0,1.0,1.0,1.0,1.0,1.0,1.0,1.0,62,1.0,1.0,1.0,20,1.0,1.0,1.0,46,1.0,0.0,1.0,1.0,0.04491715654218005,0.021905423989419713,0.9621866070665419,0.9621866070665419,NA,-0.03781339293345809,0.037813392933458125,0.420101006825765,0.037813392933458125,24.767441860465116,99.0,0.0,6435.3075199999985,6435.30752,76.93023255813954,78.0,51.560627906976734,99.855,1316.860465116279,5000.0,4.0,2268.4135413873737,80598.87844915825,0.0,0.0,0.0,473.1043839999999,473.104384,38.0,38.0,10.124116279069767,10.75,300.0,405.0,1.0,467.5071528677945,16379.97488991211,61.083720930232566,72.9,4.352688318511627,4.61817856,17.3,3.208724765767442,3.27968768,28.038012928,0.0,2735.920694255168,0.7599779706264356,0.5418642930566485,713.0,770,Tesla T4,16106.12736,70.0,GPU-da458f0a-46b4-0f02-b73a-25706261b2de,Tesla T4,16106.12736,70.0,GPU-c4a4882e-18ea-46fc-68e3-c7471013fc43,580.159.04,1.0,62,1.0,20,1.0,5,1.0,41
a-mobilenetv4-base-f1-s3,a,mobilenetv4,base,1,3,35,1715,109760,1787891376.9847083,1787891423.687758,2026-08-28T04:29:36Z,2026-08-28T04:30:23Z,acct2,1,9faf39,Interactive,e8c956070b66,v2,8.11876965867077e-09,1.0,0.02396497572489409,0.00012865277425900724,6.944291765475383e-07,1.1817490303656086e-05,4.173407575081001e-08,3.89766610169316e-06,9.024999017128698e-06,0.0,371.677997180772,2.403699997495051e-13,128.0,0,0,46.676796197891235,44.254926919937134,2.4208900928497314,31.526921272277832,12.226149797439575,11.016371965408325,0.33446836471557617,0.6754302745761749,0.25790070027721174,0.25633859634399414,0.25951666831970216,0.28839805603027324,70.8621665034817,8437074,8437074,1657.472341299057,98611.88034675989,60,384,64,coral,coral_bce,0.0,session_balanced,adamw,0.0003,0.05,cosine,5,60,5.0,True,full,raw,full_frame,dataset_v1_1,fp16,2,mobilenetv4,1,3,base,a,e8c956070b66,1.0,1.0,1.0,1.0,1.0,1.0,1.0,1.0,1.0,1.0,62,1.0,1.0,1.0,20,1.0,1.0,1.0,46,1.0,0.0,1.0,1.0,0.047979464342568556,0.024471196571705413,0.9601120068691671,0.9601120068691671,NA,-0.03988799313083291,0.03988799313083291,0.44510885079701745,0.03988799313083291,27.272727272727273,99.0,0.0,6435.3075199999985,6435.30752,77.1590909090909,78.0,47.88884090909091,72.499,1386.4772727272727,5000.0,4.0,2308.7306542647275,82923.61582787428,0.0,0.0,0.0,473.10438399999987,473.104384,38.0,38.0,10.038636363636364,10.651,300.0,405.0,1.0,476.193715125557,16859.55736896441,60.44090909090908,70.9,4.335657704727273,4.519837696,17.0,3.211565428363636,3.29291776,28.038012928,0.0,2784.9243693902845,0.7735901026084123,0.551569743159798,713.0,790,Tesla T4,16106.12736,70.0,GPU-da458f0a-46b4-0f02-b73a-25706261b2de,Tesla T4,16106.12736,70.0,GPU-c4a4882e-18ea-46fc-68e3-c7471013fc43,580.159.04,1.0,62,1.0,20,1.0,5,1.0,41
a-mobilenetv4-base-f1-s3,a,mobilenetv4,base,1,3,36,1764,112896,1787891423.9826844,1787891470.1003776,2026-08-28T04:30:23Z,2026-08-28T04:31:10Z,acct2,1,9faf39,Interactive,e8c956070b66,v2,3.2613479339978424e-08,1.0,0.02237702998176161,0.0001202114300031382,2.133121704694929e-05,0.0006126075750216842,0.0,1.0678214675863225e-05,0.0005125993862748138,0.0,371.67327363490296,6.8992211353888695e-12,128.0,0,0,46.089412689208984,43.566691875457764,2.5215725898742676,30.82880973815918,12.21049690246582,10.983729362487793,0.3475308418273926,0.6688913557229423,0.25809371228120764,0.25710129737854004,0.2602699279785156,0.2765809535980224,71.98159568701587,8437074,8437074,1703.561753988266,101383.65934462061,60,384,64,coral,coral_bce,0.0,session_balanced,adamw,0.0003,0.05,cosine,5,60,5.0,True,full,raw,full_frame,dataset_v1_1,fp16,2,mobilenetv4,1,3,base,a,e8c956070b66,1.0,1.0,1.0,1.0,1.0,1.0,1.0,1.0,1.0,1.0,62,1.0,1.0,1.0,20,1.0,1.0,1.0,46,1.0,0.0,1.0,1.0,0.044817113871706074,0.021898536984669422,0.9623238509520888,0.9623238509520888,NA,-0.03767614904791117,0.03767614904791115,0.42550327380498254,0.03767614904791115,27.302325581395348,96.0,2.0,6435.3075199999985,6435.30752,76.90697674418605,78.0,51.47618604651163,99.409,1334.3023255813953,5000.0,4.0,2306.6219157272135,85242.10025637643,0.0,0.0,0.0,473.1043839999999,473.104384,38.0,38.0,10.019581395348835,11.048,300.0,405.0,1.0,465.1570821335081,17328.099373056844,61.63720930232558,69.0,4.377328806697674,4.58766336,17.2,3.206850893395349,3.224199168,28.038012928,0.0,2771.7789978607216,0.7699386105168671,0.5489662292985262,713.0,776,Tesla T4,16106.12736,70.0,GPU-da458f0a-46b4-0f02-b73a-25706261b2de,Tesla T4,16106.12736,70.0,GPU-c4a4882e-18ea-46fc-68e3-c7471013fc43,580.159.04,1.0,62,1.0,20,1.0,5,1.0,41
a-mobilenetv4-base-f1-s3,a,mobilenetv4,base,1,3,37,1813,116032,1787891470.378775,1787891517.183097,2026-08-28T04:31:10Z,2026-08-28T04:31:57Z,acct2,1,9faf39,Interactive,e8c956070b66,v2,1.545021146648308e-07,1.0,0.020847518722696634,0.00011186724987097698,0.00011190928807701423,0.0031196007039397955,0.0,4.9962020784732544e-05,0.00271018820814788,0.0,371.6690611236928,3.368314880540496e-11,128.0,0,0,46.78098702430725,44.09677529335022,2.6827352046966553,31.36518383026123,12.216439723968506,10.91171646118164,0.34207987785339355,0.6704686203812669,0.25801700475264566,0.2569851875305176,0.26018757820129396,0.2870851612091064,71.11631132068081,8437074,8437074,1750.3427410125732,104171.01726479386,60,384,64,coral,coral_bce,0.0,session_balanced,adamw,0.0003,0.05,cosine,5,60,5.0,True,full,raw,full_frame,dataset_v1_1,fp16,2,mobilenetv4,1,3,base,a,e8c956070b66,1.0,1.0,1.0,1.0,1.0,1.0,1.0,1.0,1.0,1.0,62,1.0,1.0,1.0,20,1.0,1.0,1.0,46,1.0,0.0,1.0,1.0,0.041779161901522,0.01932960472565874,0.964402902405709,0.964402902405709,NA,-0.03559709759429097,0.03559709759429097,0.41193753480911255,0.03559709759429097,21.09090909090909,99.0,0.0,6435.3075199999985,6435.30752,77.0,78.0,49.16040909090909,73.673,1389.2045454545455,5000.0,4.0,2320.2805188322673,87576.24457545327,0.0,0.0,0.0,473.10438399999987,473.104384,38.0,38.0,9.901636363636364,10.258,300.0,405.0,1.0,467.07740134098276,17799.148417633274,60.425,69.3,4.406966644363636,4.635119616,17.5,3.2064487796363634,3.2064512,27.924758528,0.0,2787.35792017325,0.7742660889370139,0.5520517214120909,713.0,790,Tesla T4,16106.12736,70.0,GPU-da458f0a-46b4-0f02-b73a-25706261b2de,Tesla T4,16106.12736,70.0,GPU-c4a4882e-18ea-46fc-68e3-c7471013fc43,580.159.04,1.0,62,1.0,20,1.0,5,1.0,41
a-mobilenetv4-base-f1-s3,a,mobilenetv4,base,1,3,38,1862,119168,1787891517.4661324,1787891564.617436,2026-08-28T04:31:57Z,2026-08-28T04:32:44Z,acct2,1,9faf39,Interactive,e8c956070b66,v2,3.593408132071087e-08,1.0,0.015124115539791205,0.0001036474508437579,1.5907854475435797e-05,0.0006835184758529067,7.954091785222772e-08,2.461397562001355e-05,0.0003728333668550451,0.0,371.6650199041656,4.436275884121496e-12,128.0,0,0,47.12706780433655,44.54212522506714,2.583461046218872,31.740256547927856,12.257220029830933,10.972494840621948,0.36194801330566406,0.6735037426836722,0.2593965870993478,0.2567129135131836,0.2653494834899902,0.3002886199951171,70.40526207840531,8437074,8437074,1797.4698088169098,106907.87787766443,60,384,64,coral,coral_bce,0.0,session_balanced,adamw,0.0003,0.05,cosine,5,60,5.0,True,full,raw,full_frame,dataset_v1_1,fp16,2,mobilenetv4,1,3,base,a,e8c956070b66,1.0,1.0,1.0,1.0,1.0,1.0,1.0,1.0,1.0,1.0,62,1.0,1.0,1.0,20,1.0,1.0,1.0,46,1.0,0.0,1.0,1.0,0.030301798875484426,0.011174404787785485,0.9730607345700264,0.9730607345700264,NA,-0.026939265429973602,0.026939265429973627,0.3098984360694885,0.026939265429973627,26.613636363636363,99.0,0.0,6435.3075199999985,6435.30752,76.95454545454545,78.0,47.44263636363635,72.41,1362.6136363636363,5000.0,4.0,2266.887001325944,89858.82868173464,0.0,0.0,0.0,473.10438399999987,473.104384,38.0,38.0,9.910477272727274,10.353,300.0,405.0,1.0,469.97361154463215,18273.61815315867,60.53863636363637,71.1,4.372054760727273,4.505554944,17.0,3.206458461090909,3.206459392,27.924758528,0.0,2736.860612870576,0.7602390591307155,0.5420504491602002,713.0,794,Tesla T4,16106.12736,70.0,GPU-da458f0a-46b4-0f02-b73a-25706261b2de,Tesla T4,16106.12736,70.0,GPU-c4a4882e-18ea-46fc-68e3-c7471013fc43,580.159.04,1.0,62,1.0,20,1.0,5,1.0,41
a-mobilenetv4-base-f1-s3,a,mobilenetv4,base,1,3,39,1911,122304,1787891564.8868253,1787891612.1416972,2026-08-28T04:32:44Z,2026-08-28T04:33:32Z,acct2,1,9faf39,Interactive,e8c956070b66,v2,2.9254078924737594e-09,1.0,0.01908995429896443,9.557884419740386e-05,1.800969178415174e-07,3.680929012261913e-06,0.0,8.30082797165231e-07,2.471191464792345e-06,0.0,371.6612283729069,4.631490706244959e-14,128.0,0,0,47.2296941280365,44.666407108306885,2.5618488788604736,31.5878803730011,12.544194459915161,11.230710506439209,0.35317015647888184,0.6688139941657996,0.2650198011982198,0.25717639923095703,0.2606526851654053,0.44892628669738655,70.20936321105575,8437074,8437074,1844.6995029449463,109714.74304243145,60,384,64,coral,coral_bce,0.0,session_balanced,adamw,0.0003,0.05,cosine,5,60,5.0,True,full,raw,full_frame,dataset_v1_1,fp16,2,mobilenetv4,1,3,base,a,e8c956070b66,1.0,1.0,1.0,1.0,1.0,1.0,1.0,1.0,1.0,1.0,62,1.0,1.0,1.0,20,1.0,1.0,1.0,46,1.0,0.0,1.0,1.0,0.03825987227487973,0.0167974443411142,0.9670403092168272,0.9670403092168272,NA,-0.032959690783172846,0.03295969078317285,0.3772523800532023,0.03295969078317285,25.772727272727273,99.0,0.0,6435.3075199999985,6435.30752,77.02272727272727,78.0,48.89297727272728,85.866,1414.4318181818182,5000.0,4.0,2334.74833902932,92208.54815603932,0.0,0.0,0.0,473.10438399999987,473.104384,38.0,38.0,9.919772727272727,10.357,300.0,405.0,1.0,472.1168257376994,18749.510787456264,60.80909090909092,71.5,4.499295604363636,4.70622208,17.4,3.208683799272727,3.30397696,28.038012928,0.0,2806.8651647670195,0.7796847679908387,0.555915239577468,713.0,788,Tesla T4,16106.12736,70.0,GPU-da458f0a-46b4-0f02-b73a-25706261b2de,Tesla T4,16106.12736,70.0,GPU-c4a4882e-18ea-46fc-68e3-c7471013fc43,580.159.04,1.0,62,1.0,20,1.0,5,1.0,41
a-mobilenetv4-base-f1-s3,a,mobilenetv4,base,1,3,40,1960,125440,1787891612.4255204,1787891659.7063453,2026-08-28T04:33:32Z,2026-08-28T04:34:19Z,acct2,1,9faf39,Interactive,e8c956070b66,v2,6.446643974269618e-09,1.0,0.031121997798607026,8.768774804971705e-05,5.665655729785032e-07,8.484013960696757e-06,8.409154617083914e-08,3.1806050628801905e-06,6.6233019606442965e-06,0.0,371.65773864349245,1.3367368428358827e-13,128.0,0,0,47.25085663795471,44.79319882392883,2.456641674041748,32.10570240020752,12.205197811126709,10.970495462417603,0.3147306442260742,0.6794734462955387,0.2571642155549964,0.2566368579864502,0.25861010551452634,0.2759074115753173,70.01062845113726,8437074,8437074,1891.950359582901,112542.64841944719,60,384,64,coral,coral_bce,0.0,session_balanced,adamw,0.0003,0.05,cosine,5,60,5.0,True,full,raw,full_frame,dataset_v1_1,fp16,2,mobilenetv4,1,3,base,a,e8c956070b66,0.9765625,0.9500000000000001,0.9650989572249414,0.9765625,0.9758891519472228,0.9846153846153847,0.9500000000000001,0.9763779527559054,1.0,0.9538461538461539,62,0.9189189189189189,0.85,1.0,20,1.0,1.0,1.0,46,0.9859976662777129,0.0234375,0.9612042836936755,0.9621687389050813,0.06228595166830056,0.03684721433295099,0.9522925289347768,0.9623960962295532,0.5313105583190918,-0.024269971065223217,0.042813745327293894,0.5228407084941864,0.042813745327293894,27.31111111111111,99.0,0.0,6435.307519999998,6435.30752,77.02222222222223,79.0,49.223777777777784,90.871,1390.0,5000.0,4.0,2357.1126220620936,94587.27807942794,0.0,0.0,0.0,473.10438399999987,473.104384,38.0,38.0,9.909266666666667,10.75,300.0,405.0,1.0,470.7927549536398,19225.264458317764,60.353333333333325,69.3,4.572771214222223,4.73135104,17.6,3.206556785777776,3.206582272,27.925807104,0.0,2827.9053770157334,0.7855292713932592,0.5600823705033939,713.0,796,Tesla T4,16106.12736,70.0,GPU-da458f0a-46b4-0f02-b73a-25706261b2de,Tesla T4,16106.12736,70.0,GPU-c4a4882e-18ea-46fc-68e3-c7471013fc43,580.159.04,1.0,62,0.85,20,1.0,5,1.0,41
a-mobilenetv4-base-f1-s3,a,mobilenetv4,base,1,3,41,2009,128576,1787891660.5165887,1787891708.15364,2026-08-28T04:34:20Z,2026-08-28T04:35:08Z,acct2,1,9faf39,Interactive,e8c956070b66,v2,1.778446170937538e-07,1.0,0.019110945246787026,7.999990151614894e-05,7.569012904810115e-05,0.003672279417514801,8.882428659262587e-08,5.896090806345429e-06,0.0019152816258428938,0.0,371.65460366150324,1.6292554457653572e-11,128.0,0,0,47.60770606994629,45.11614656448364,2.4900593757629395,32.364707231521606,12.20924973487854,10.917705774307251,0.3597080707550049,0.6798207664946231,0.25821868254213914,0.25728344917297363,0.25965309143066406,0.28295841217041,69.50948249797388,8437074,8437074,1939.5580656528473,115392.01227250567,60,384,64,coral,coral_bce,0.0,session_balanced,adamw,0.0003,0.05,cosine,5,60,5.0,True,full,raw,full_frame,dataset_v1_1,fp16,2,mobilenetv4,1,3,base,a,e8c956070b66,1.0,1.0,1.0,1.0,1.0,1.0,1.0,1.0,1.0,1.0,62,1.0,1.0,1.0,20,1.0,1.0,1.0,46,1.0,0.0,1.0,1.0,0.03826695509708124,0.016839526043045873,0.967021796386689,0.967021796386689,NA,-0.03297820361331105,0.032978203613311066,0.37615968783696496,0.032978203613311066,23.431818181818183,98.0,0.0,6435.3075199999985,6435.30752,76.95454545454545,78.0,50.75986363636363,94.433,1414.7727272727273,5000.0,4.0,2374.668316908268,97005.94932495465,0.0,0.0,0.0,473.10438399999987,473.104384,38.0,38.0,9.95552272727273,10.353,300.0,405.0,1.0,474.6955361502114,19710.03626339364,60.868181818181824,72.0,4.595265256727273,4.876337152,18.0,3.2121451054545456,3.26744064,28.042207232,0.0,2849.3638530584794,0.791489959182911,0.5643323408974156,713.0,798,Tesla T4,16106.12736,70.0,GPU-da458f0a-46b4-0f02-b73a-25706261b2de,Tesla T4,16106.12736,70.0,GPU-c4a4882e-18ea-46fc-68e3-c7471013fc43,580.159.04,1.0,62,1.0,20,1.0,5,1.0,41
a-mobilenetv4-base-f1-s3,a,mobilenetv4,base,1,3,42,2058,131712,1787891708.4373066,1787891755.967022,2026-08-28T04:35:08Z,2026-08-28T04:35:55Z,acct2,1,9faf39,Interactive,e8c956070b66,v2,9.70229748665822e-08,1.0,0.017940137440625392,7.254038075415572e-05,4.9145519437785175e-05,0.0020412933081388474,0.0,2.4110794856824014e-05,0.0012129236618056826,0.0,371.6517748569313,9.592405939000482e-12,256.0,0,0,47.50536251068115,44.91056299209595,2.593729019165039,32.217681646347046,12.197838544845581,10.911516904830933,0.3179004192352295,0.6781904177471163,0.2570735873008261,0.2562241554260254,0.2591540336608887,0.275465850830078,69.82767062064934,8437074,8437074,1987.0634281635284,118217.10328157266,60,384,64,coral,coral_bce,0.0,session_balanced,adamw,0.0003,0.05,cosine,5,60,5.0,True,full,raw,full_frame,dataset_v1_1,fp16,2,mobilenetv4,1,3,base,a,e8c956070b66,1.0,1.0,1.0,1.0,1.0,1.0,1.0,1.0,1.0,1.0,62,1.0,1.0,1.0,20,1.0,1.0,1.0,46,1.0,0.0,1.0,1.0,0.0359390927371427,0.014946225408500177,0.9686777861788869,0.9686777861788869,NA,-0.03132221382111311,0.03132221382111308,0.3495165904362997,0.03132221382111308,26.954545454545453,99.0,0.0,6435.3075199999985,6435.30752,77.1590909090909,79.0,50.937022727272726,88.258,1360.909090909091,5000.0,4.0,2349.7629641844396,99376.50160876494,0.0,0.0,0.0,473.10438399999987,473.104384,38.0,38.0,9.912409090909092,10.75,300.0,405.0,1.0,475.3280448825535,20190.42440286495,60.684090909090905,70.0,4.638360110545455,4.784222208,17.8,3.21075209309091,3.21077248,27.928952832,0.0,2825.091009066993,0.7847475025186093,0.5595249692957683,713.0,800,Tesla T4,16106.12736,70.0,GPU-da458f0a-46b4-0f02-b73a-25706261b2de,Tesla T4,16106.12736,70.0,GPU-c4a4882e-18ea-46fc-68e3-c7471013fc43,580.159.04,1.0,62,1.0,20,1.0,5,1.0,41
a-mobilenetv4-base-f1-s3,a,mobilenetv4,base,1,3,43,2107,134848,1787891756.2563074,1787891803.7049592,2026-08-28T04:35:56Z,2026-08-28T04:36:43Z,acct2,1,9faf39,Interactive,e8c956070b66,v2,9.314697455153076e-07,1.0,0.016508031117281163,6.533351716998465e-05,0.00035635277331436577,0.01599731855094433,0.0,4.2654398384911425e-06,0.00901325894519681,0.0,371.6492222489655,6.264450088989947e-11,256.0,0,0,47.41530966758728,44.927255630493164,2.487079381942749,32.21148657798767,12.216729640960693,10.998944520950317,0.33154821395874023,0.6793478056731365,0.2576393156635518,0.25617122650146484,0.25930123329162597,0.2912218856811522,69.80172627930392,8437074,8437074,2034.4787378311157,121055.54655633816,60,384,64,coral,coral_bce,0.0,session_balanced,adamw,0.0003,0.05,cosine,5,60,5.0,True,full,raw,full_frame,dataset_v1_1,fp16,2,mobilenetv4,1,3,base,a,e8c956070b66,1.0,1.0,1.0,1.0,1.0,1.0,1.0,1.0,1.0,1.0,62,1.0,1.0,1.0,20,1.0,1.0,1.0,46,1.0,0.0,1.0,1.0,0.03311272951639359,0.01303850611165355,0.9708999572321773,0.9708999572321773,NA,-0.029100042767822742,0.029100042767822756,0.35334908962249756,0.029100042767822756,28.931818181818183,99.0,0.0,6435.3075199999985,6435.30752,76.8409090909091,77.0,50.970340909090915,92.038,1388.1818181818182,5000.0,4.0,2365.8327824370936,101766.19113927036,0.0,0.0,0.0,473.10438399999987,473.104384,38.0,38.0,9.872090909090911,10.452,300.0,405.0,1.0,472.61049232840014,20668.37123627902,60.87954545454545,70.8,4.468999726545454,4.669075456,17.4,3.213116136727274,3.3024,28.042207232,0.0,2838.4432747654937,0.7884564652126371,0.5621694596966103,713.0,798,Tesla T4,16106.12736,70.0,GPU-da458f0a-46b4-0f02-b73a-25706261b2de,Tesla T4,16106.12736,70.0,GPU-c4a4882e-18ea-46fc-68e3-c7471013fc43,580.159.04,1.0,62,1.0,20,1.0,5,1.0,41
a-mobilenetv4-base-f1-s3,a,mobilenetv4,base,1,3,44,2156,137984,1787891803.98242,1787891851.5984676,2026-08-28T04:36:43Z,2026-08-28T04:37:31Z,acct2,1,9faf39,Interactive,e8c956070b66,v2,8.052601435950854e-09,1.0,0.016367624181139462,5.840281805468426e-05,6.395571665913329e-07,1.4135326637187973e-05,5.8848517170417836e-08,2.195320757891748e-06,9.68112894042857e-06,0.0,371.6468945991834,1.005038421652537e-13,256.0,0,0,47.58700776100159,45.060073375701904,2.526024341583252,32.29984474182129,12.212355136871338,11.022754669189453,0.37445521354675293,0.6787534300127103,0.2585652117826501,0.2573995590209961,0.2595186710357666,0.2974322605133056,69.59598076666803,8437074,8437074,2082.0657455921173,123881.65564553376,60,384,64,coral,coral_bce,0.0,session_balanced,adamw,0.0003,0.05,cosine,5,60,5.0,True,full,raw,full_frame,dataset_v1_1,fp16,2,mobilenetv4,1,3,base,a,e8c956070b66,1.0,1.0,1.0,1.0,1.0,1.0,1.0,1.0,1.0,1.0,62,1.0,1.0,1.0,20,1.0,1.0,1.0,46,1.0,0.0,1.0,1.0,0.03285739863850433,0.012777035996004653,0.9710787087678909,0.9710787087678909,NA,-0.02892129123210907,0.02892129123210903,0.35003888607025146,0.02892129123210903,26.42222222222222,99.0,0.0,6435.307519999998,6435.30752,77.0,78.0,49.66264444444445,97.399,1367.3333333333333,5000.0,4.0,2351.571808511857,104138.19123103733,0.0,0.0,0.0,473.10438399999987,473.104384,38.0,38.0,9.831911111111113,10.154,300.0,405.0,1.0,474.53728068374767,21147.47649948812,60.155555555555566,69.4,4.468158463999999,4.699250688,17.4,3.2169781930666654,3.322802176,28.042207232,0.0,2826.1090891956046,0.7850303025543346,0.5597266057212406,713.0,800,Tesla T4,16106.12736,70.0,GPU-da458f0a-46b4-0f02-b73a-25706261b2de,Tesla T4,16106.12736,70.0,GPU-c4a4882e-18ea-46fc-68e3-c7471013fc43,580.159.04,1.0,62,1.0,20,1.0,5,1.0,41
a-mobilenetv4-base-f1-s3,a,mobilenetv4,base,1,3,45,2205,141120,1787891851.870929,1787891899.5833387,2026-08-28T04:37:31Z,2026-08-28T04:38:19Z,acct2,1,9faf39,Interactive,e8c956070b66,v2,5.732261617788783e-09,1.0,0.03539998774525799,5.1770889908207245e-05,1.033658884019397e-06,3.562259007594548e-05,7.101437660139709e-08,1.8320706203667199e-06,2.106959931552398e-05,0.0,371.64479849054584,1.4399082270102019e-13,256.0,0,0,47.68657636642456,45.22686433792114,2.4587268829345703,32.44125032424927,12.28056263923645,11.041031122207642,0.33125972747802734,0.6803015187118925,0.25910975495163274,0.25711679458618164,0.260898494720459,0.29568344116210926,69.3393195815827,8437074,8437074,2129.752321958542,126690.2278399991,60,384,64,coral,coral_bce,0.0,session_balanced,adamw,0.0003,0.05,cosine,5,60,5.0,True,full,raw,full_frame,dataset_v1_1,fp16,2,mobilenetv4,1,3,base,a,e8c956070b66,0.9765625,0.9500000000000001,0.9650989572249414,0.9765625,0.9758891519472228,0.9846153846153847,0.9500000000000001,0.9763779527559054,1.0,0.9538461538461539,62,0.9189189189189189,0.85,1.0,20,1.0,1.0,1.0,46,0.9859976662777129,0.0234375,0.9612042836936755,0.9621687389050813,0.07084782550294898,0.04458047382260609,0.9491924177855253,0.9581762866973877,0.5748645464579264,-0.027370082214474678,0.027370082214474713,0.3567957580089569,0.027370082214474713,29.711111111111112,99.0,0.0,6435.307519999998,6435.30752,76.91111111111111,78.0,47.61828888888888,80.273,1378.3333333333333,5000.0,4.0,2333.307893256817,106483.707328863,0.0,0.0,0.0,473.10438399999987,473.104384,38.0,38.0,9.862977777777777,10.353,300.0,405.0,1.0,475.26430120852456,21626.025930382282,60.444444444444436,72.6,4.491164694755555,4.754722816,17.8,3.213132595199999,3.2833536,28.042207232,0.0,2808.5721944653415,0.7801589429070392,0.5562533262927191,713.0,804,Tesla T4,16106.12736,70.0,GPU-da458f0a-46b4-0f02-b73a-25706261b2de,Tesla T4,16106.12736,70.0,GPU-c4a4882e-18ea-46fc-68e3-c7471013fc43,580.159.04,1.0,62,0.85,20,1.0,5,1.0,41
a-mobilenetv4-base-f1-s3,a,mobilenetv4,base,1,3,46,2254,144256,1787891899.8700075,1787891947.2002175,2026-08-28T04:38:19Z,2026-08-28T04:39:07Z,acct2,1,9faf39,Interactive,e8c956070b66,v2,2.988985505684328e-07,1.0,0.012331047261106676,4.5459364701705995e-05,9.208055522180283e-05,0.004056429956108332,0.0,7.488009505323082e-05,0.0022520069358870237,0.0,371.64299595262867,1.1263291888587268e-11,256.0,0,0,47.30512237548828,44.84291625022888,2.461341381072998,32.098140001297,12.208507537841797,10.965720891952515,0.35158395767211914,0.6785341288521649,0.2582524503980364,0.25695037841796875,0.2602053165435791,0.28937799453735336,69.93300753458455,8437074,8437074,2177.05744433403,129494.19207209314,60,384,64,coral,coral_bce,0.0,session_balanced,adamw,0.0003,0.05,cosine,5,60,5.0,True,full,raw,full_frame,dataset_v1_1,fp16,2,mobilenetv4,1,3,base,a,e8c956070b66,1.0,1.0,1.0,1.0,1.0,1.0,1.0,1.0,1.0,1.0,62,1.0,1.0,1.0,20,1.0,1.0,1.0,46,1.0,0.0,1.0,1.0,0.02473422992743429,0.0076398383970095645,0.9775036377832294,0.9775036377832294,NA,-0.02249636221677065,0.022496362216770604,0.2555698355038961,0.022496362216770604,28.044444444444444,99.0,0.0,6435.307519999998,6435.30752,76.95555555555555,78.0,48.62115555555555,75.002,1357.6666666666667,5000.0,4.0,2332.7932450261433,108834.51509175313,0.0,0.0,0.0,473.10438399999987,473.104384,38.0,38.0,9.8626,10.353,300.0,405.0,1.0,471.1709870678933,22101.679305285677,60.46666666666667,72.1,4.532167566222221,4.733980672,17.6,3.2132895175111122,3.310628864,28.042207232,0.0,2803.9642320940366,0.7788789533594546,0.5553406937452912,713.0,792,Tesla T4,16106.12736,70.0,GPU-da458f0a-46b4-0f02-b73a-25706261b2de,Tesla T4,16106.12736,70.0,GPU-c4a4882e-18ea-46fc-68e3-c7471013fc43,580.159.04,1.0,62,1.0,20,1.0,5,1.0,41
a-mobilenetv4-base-f1-s3,a,mobilenetv4,base,1,3,47,2303,147392,1787891947.4818249,1787891994.495767,2026-08-28T04:39:07Z,2026-08-28T04:39:54Z,acct2,1,9faf39,Interactive,e8c956070b66,v2,6.860349391716566e-09,1.0,0.03889629139514028,3.948882931853924e-05,5.814447358961344e-07,7.398944489978021e-06,5.0621618896684595e-08,3.4354208764852877e-06,6.687779296044022e-06,0.0,371.64138145450744,6.178152670755847e-14,256.0,0,0,46.988670349121094,44.32258868217468,2.665153980255127,31.534291982650757,12.240415811538696,11.00614070892334,0.37090015411376953,0.6711041565627233,0.2591572294429857,0.25723862648010254,0.26386594772338867,0.2900245380401611,70.75399008138739,8437074,8437074,2224.0461146831512,132318.18094144439,60,384,64,coral,coral_bce,0.0,session_balanced,adamw,0.0003,0.05,cosine,5,60,5.0,True,full,raw,full_frame,dataset_v1_1,fp16,2,mobilenetv4,1,3,base,a,e8c956070b66,0.9765625,0.9500000000000001,0.9650989572249414,0.9765625,0.9758891519472228,0.9846153846153847,0.9500000000000001,0.9763779527559054,1.0,0.9538461538461539,62,0.9189189189189189,0.85,1.0,20,1.0,1.0,1.0,46,0.9859976662777129,0.0234375,0.9612042836936755,0.9621687389050813,0.07785841389515256,0.05088854522204264,0.9460891634225845,0.954455602645874,0.5974875291188558,-0.030473336577415466,0.030473336577415425,0.48198390007019043,0.030473336577415425,28.15909090909091,99.0,0.0,6435.3075199999985,6435.30752,77.13636363636364,78.0,49.43797727272727,88.967,1347.9545454545455,5000.0,4.0,2350.722337247018,111203.66951543807,0.0,0.0,0.0,473.10438399999987,473.104384,38.0,38.0,10.021181818181818,10.357,300.0,405.0,1.0,473.26653210423683,22579.758178779808,60.718181818181804,72.1,4.539885102545455,4.681474048,17.4,3.213085137454547,3.299160064,28.042207232,0.0,2823.988869351255,0.7844413525975708,0.559306684402068,713.0,792,Tesla T4,16106.12736,70.0,GPU-da458f0a-46b4-0f02-b73a-25706261b2de,Tesla T4,16106.12736,70.0,GPU-c4a4882e-18ea-46fc-68e3-c7471013fc43,580.159.04,1.0,62,0.85,20,1.0,5,1.0,41
a-mobilenetv4-base-f1-s3,a,mobilenetv4,base,1,3,48,2352,150528,1787891994.7730124,1787892042.577932,2026-08-28T04:39:54Z,2026-08-28T04:40:42Z,acct2,1,9faf39,Interactive,e8c956070b66,v2,4.656060093582171e-09,1.0,0.022136493596086382,3.3878758404137624e-05,3.773253467317995e-07,6.8802060013695154e-06,4.9846235583572707e-08,1.8467233530827777e-06,4.667042940127412e-06,0.0,371.6399863838451,3.4397036729198895e-14,256.0,0,0,47.779221296310425,45.259934425354004,2.518400192260742,32.523179054260254,12.208289623260498,10.902138471603394,0.3361985683441162,0.6806971351115707,0.25796335570666257,0.25667333602905273,0.2601340293884277,0.28821800231933586,69.28865540386765,8437074,8437074,2271.8253359794617,135150.72862738336,60,384,64,coral,coral_bce,0.0,session_balanced,adamw,0.0003,0.05,cosine,5,60,5.0,True,full,raw,full_frame,dataset_v1_1,fp16,2,mobilenetv4,1,3,base,a,e8c956070b66,1.0,1.0,1.0,1.0,1.0,1.0,1.0,1.0,1.0,1.0,62,1.0,1.0,1.0,20,1.0,1.0,1.0,46,1.0,0.0,1.0,1.0,0.044339589194295835,0.021437267176635275,0.962607794906944,0.962607794906944,NA,-0.037392205093055964,0.03739220509305592,0.4171574910481771,0.03739220509305592,24.772727272727273,99.0,0.0,6435.3075199999985,6435.30752,76.9090909090909,78.0,47.976068181818185,74.019,1414.7727272727273,5000.0,4.0,2346.5936471401947,113573.87134719196,0.0,0.0,0.0,473.10438399999987,473.104384,38.0,38.0,10.077113636363636,10.754,300.0,405.0,1.0,485.95403879879086,23070.874109814114,60.54318181818182,71.3,4.500906821818183,4.654112768,17.6,3.2126463999999997,3.279572992,28.042207232,0.0,2832.5476859389855,0.7868188016497182,0.561001805576249,713.0,804,Tesla T4,16106.12736,70.0,GPU-da458f0a-46b4-0f02-b73a-25706261b2de,Tesla T4,16106.12736,70.0,GPU-c4a4882e-18ea-46fc-68e3-c7471013fc43,580.159.04,1.0,62,1.0,20,1.0,5,1.0,41
a-mobilenetv4-base-f1-s3,a,mobilenetv4,base,1,3,49,2401,153664,1787892042.8475523,1787892090.2780828,2026-08-28T04:40:42Z,2026-08-28T04:41:30Z,acct2,1,9faf39,Interactive,e8c956070b66,v2,7.1012608739392346e-09,1.0,0.02850181460572543,2.8647450843757897e-05,7.497612595899477e-07,1.340583821729524e-05,0.0,4.459780029719686e-06,1.1401444899092877e-05,0.0,371.6388003673646,5.779468884149155e-14,256.0,0,0,47.40464425086975,44.85095691680908,2.552776575088501,32.08577847480774,12.21742296218872,11.015254497528076,0.3746054172515869,0.6768488400631558,0.2586831608597113,0.2568376064300537,0.2597853660583496,0.3025618076324462,69.92047027707231,8437074,8437074,2319.2299802303314,137982.79351314396,60,384,64,coral,coral_bce,0.0,session_balanced,adamw,0.0003,0.05,cosine,5,60,5.0,True,full,raw,full_frame,dataset_v1_1,fp16,2,mobilenetv4,1,3,base,a,e8c956070b66,0.984375,0.9666666666666667,0.9771651350598719,0.984375,0.9840878237259816,0.9895833333333334,0.9666666666666667,0.9841269841269841,1.0,0.96875,62,0.9473684210526316,0.9,1.0,20,1.0,1.0,1.0,46,0.990632318501171,0.015625,0.9742454728370221,0.9746759091025843,0.05706236374605618,0.03207668933653618,0.95417127199471,0.9613046594082363,0.5047678649425507,-0.03020372800529003,0.03845137171447276,0.3536515633265177,0.03845137171447276,24.681818181818183,98.0,0.0,6435.3075199999985,6435.30752,77.02272727272727,78.0,49.60695454545455,88.898,1327.840909090909,5000.0,4.0,2349.0240355770948,115937.22503997678,0.0,0.0,0.0,473.10438399999987,473.104384,38.0,38.0,10.106454545454548,10.948,300.0,405.0,1.0,483.0408501834936,23557.962346564484,60.13409090909091,70.2,4.6183034880000005,4.766019584,17.7,3.211656098909091,3.235667968,28.042207232,0.0,2832.0648857605884,0.7866846904890523,0.5609061843186943,713.0,800,Tesla T4,16106.12736,70.0,GPU-da458f0a-46b4-0f02-b73a-25706261b2de,Tesla T4,16106.12736,70.0,GPU-c4a4882e-18ea-46fc-68e3-c7471013fc43,580.159.04,1.0,62,0.9,20,1.0,5,1.0,41
a-mobilenetv4-base-f1-s3,a,mobilenetv4,base,1,3,50,2450,156800,1787892090.5552073,1787892136.5836747,2026-08-28T04:41:30Z,2026-08-28T04:42:16Z,acct2,1,9faf39,Interactive,e8c956070b66,v2,5.0881436181541065e-09,1.0,0.022240333282880442,2.38119700753228e-05,5.145754099466594e-07,6.948873306100722e-06,1.4681094562263297e-08,2.8744812425429643e-06,6.424223138310477e-06,0.0,371.6378034825227,3.297041944690928e-14,256.0,0,0,46.00275468826294,43.46716046333313,2.5347437858581543,30.685713529586792,12.268316984176636,10.99269986152649,0.3444075584411621,0.6670407834819485,0.259026795017476,0.25776243209838867,0.26123719215393065,0.286358060836792,72.1464196550263,8437074,8437074,2365.2327349185944,140742.93126828232,60,384,64,coral,coral_bce,0.0,session_balanced,adamw,0.0003,0.05,cosine,5,60,5.0,True,full,raw,full_frame,dataset_v1_1,fp16,2,mobilenetv4,1,3,base,a,e8c956070b66,1.0,1.0,1.0,1.0,1.0,1.0,1.0,1.0,1.0,1.0,62,1.0,1.0,1.0,20,1.0,1.0,1.0,46,1.0,0.0,1.0,1.0,0.044540243675462415,0.021505155450975838,0.9624064285308123,0.9624064285308123,NA,-0.037593571469187737,0.037593571469187764,0.41274185975392663,0.037593571469187764,25.348837209302324,99.0,0.0,6435.3075199999985,6435.30752,77.13953488372093,78.0,49.40816279069768,73.869,1407.906976744186,5000.0,4.0,2296.826229901999,118254.85247887079,0.0,0.0,0.0,473.1043839999999,473.104384,38.0,38.0,10.031906976744187,11.048,300.0,405.0,1.0,463.3115252363641,24026.211044873424,60.28837209302325,69.5,4.567737082046512,4.773736448,17.8,3.212668832744186,3.26674432,28.043255808,0.0,2760.137755138363,0.7667049319828786,0.5466606165037924,713.0,772,Tesla T4,16106.12736,70.0,GPU-da458f0a-46b4-0f02-b73a-25706261b2de,Tesla T4,16106.12736,70.0,GPU-c4a4882e-18ea-46fc-68e3-c7471013fc43,580.159.04,1.0,62,1.0,20,1.0,5,1.0,41
a-mobilenetv4-base-f1-s3,a,mobilenetv4,base,1,3,51,2499,159936,1787892137.4042518,1787892183.0422268,2026-08-28T04:42:17Z,2026-08-28T04:43:03Z,acct2,1,9faf39,Interactive,e8c956070b66,v2,3.013552712118543e-07,1.0,0.03538990278288878,1.9388088432033443e-05,0.0001141629868012545,0.005537292454391718,8.433478626557189e-08,9.466898154641953e-06,0.002888922769925535,0.0,371.63699100762153,5.9558174706091e-12,256.0,0,0,45.61089324951172,43.13845443725586,2.470999240875244,30.39642572402954,12.248581647872925,10.933784246444702,0.323197603225708,0.6664290821437694,0.25825370574484063,0.25695228576660156,0.2610342979431152,0.2905662631988525,72.69616032631068,8437074,8437074,2410.843628168106,143477.3053283707,60,384,64,coral,coral_bce,0.0,session_balanced,adamw,0.0003,0.05,cosine,5,60,5.0,True,full,raw,full_frame,dataset_v1_1,fp16,2,mobilenetv4,1,3,base,a,e8c956070b66,0.9765625,0.9500000000000001,0.9650989572249414,0.9765625,0.9758891519472228,0.9846153846153847,0.9500000000000001,0.9763779527559054,1.0,0.9538461538461539,62,0.9189189189189189,0.85,1.0,20,1.0,1.0,1.0,46,0.9859976662777129,0.0234375,0.9612042836936755,0.9621687389050813,0.07082322190096783,0.044458224843962654,0.9486879203468561,0.9578541765213012,0.5667605797449747,-0.027874579653143883,0.027874579653143855,0.36881043910980227,0.027874579653143855,29.767441860465116,99.0,0.0,6435.3075199999985,6435.30752,77.16279069767442,79.0,49.22551162790698,81.006,1389.4186046511627,5000.0,4.0,2277.953083470333,120570.68578424852,0.0,0.0,0.0,473.1043839999999,473.104384,38.0,38.0,9.961418604651165,10.75,300.0,405.0,1.0,456.42097661805747,24492.99637035342,60.13488372093024,72.9,4.5910977131162785,4.772163584,17.7,3.2162088245581404,3.27835648,28.046401536,0.0,2734.3740600883903,0.7595483500245529,0.5415579735675061,713.0,768,Tesla T4,16106.12736,70.0,GPU-da458f0a-46b4-0f02-b73a-25706261b2de,Tesla T4,16106.12736,70.0,GPU-c4a4882e-18ea-46fc-68e3-c7471013fc43,580.159.04,1.0,62,0.85,20,1.0,5,1.0,41
a-mobilenetv4-base-f1-s3,a,mobilenetv4,base,1,3,52,2548,163072,1787892183.3203833,1787892231.2962885,2026-08-28T04:43:03Z,2026-08-28T04:43:51Z,acct2,1,9faf39,Interactive,e8c956070b66,v2,4.1451744822832947e-07,1.0,0.016587161257785255,1.5390235696296265e-05,0.00015564122247793178,0.00621654000133276,0.0,1.0315137296856827e-05,0.0038963861204683588,0.0,371.63635373321335,6.445427294539135e-12,256.0,0,0,47.947351694107056,45.34804010391235,2.5975801944732666,32.52321529388428,12.295240640640259,11.04342794418335,0.35344696044921875,0.6783109837092739,0.2598564722100083,0.25701260566711426,0.2633657455444336,0.30251044273376454,69.154036046851,8437074,8437074,2458.790979862213,146319.4657841826,60,384,64,coral,coral_bce,0.0,session_balanced,adamw,0.0003,0.05,cosine,5,60,5.0,True,full,raw,full_frame,dataset_v1_1,fp16,2,mobilenetv4,1,3,base,a,e8c956070b66,1.0,1.0,1.0,1.0,1.0,1.0,1.0,1.0,1.0,1.0,62,1.0,1.0,1.0,20,1.0,1.0,1.0,46,1.0,0.0,1.0,1.0,0.033252030127242885,0.013129383094571397,0.9707718905992806,0.9707718905992806,NA,-0.029228109400719404,0.029228109400719376,0.3391354978084564,0.029228109400719376,22.8,99.0,0.0,6435.307519999998,6435.30752,77.02222222222223,78.0,50.7135111111111,89.356,1397.6666666666667,5000.0,4.0,2363.9617848714843,122954.88627002414,0.0,0.0,0.0,473.10438399999987,473.104384,38.0,38.0,9.89611111111111,11.445,300.0,405.0,1.0,478.19867094039,24975.75939009757,60.11555555555555,72.2,4.617893387377778,4.815085568,17.9,3.215876915199999,3.264909312,28.046401536,0.0,2842.1604558118743,0.7894890155032984,0.5629056680538518,713.0,806,Tesla T4,16106.12736,70.0,GPU-da458f0a-46b4-0f02-b73a-25706261b2de,Tesla T4,16106.12736,70.0,GPU-c4a4882e-18ea-46fc-68e3-c7471013fc43,580.159.04,1.0,62,1.0,20,1.0,5,1.0,41
a-mobilenetv4-base-f1-s3,a,mobilenetv4,base,1,3,53,2597,166208,1787892231.5789196,1787892278.8843968,2026-08-28T04:43:51Z,2026-08-28T04:44:38Z,acct2,1,9faf39,Interactive,e8c956070b66,v2,2.182897112111871e-09,1.0,0.03705941658089529,1.1831452032772498e-05,1.2541925036846142e-07,1.2773166417900939e-06,1.1445212777516645e-08,4.624240432349312e-07,1.2669951684074476e-06,0.0,371.63584207607954,3.992865264101627e-15,256.0,0,0,47.277790546417236,44.753262996673584,2.5229663848876953,32.062071084976196,12.18326735496521,10.98494267463684,0.33918333053588867,0.6781634825658301,0.25719722922967403,0.2558763027191162,0.25849666595458987,0.2924393177032468,70.0731028312526,8437074,8437074,2506.0687704086304,149099.1159497732,60,384,64,coral,coral_bce,0.0,session_balanced,adamw,0.0003,0.05,cosine,5,60,5.0,True,full,raw,full_frame,dataset_v1_1,fp16,2,mobilenetv4,1,3,base,a,e8c956070b66,0.9765625,0.9500000000000001,0.9650989572249414,0.9765625,0.9758891519472228,0.9846153846153847,0.9500000000000001,0.9763779527559054,1.0,0.9538461538461539,62,0.9189189189189189,0.85,1.0,20,1.0,1.0,1.0,46,0.9859976662777129,0.0234375,0.9612042836936755,0.9621687389050813,0.07416715815134473,0.04746791643329197,0.9474382507614791,0.9562045793533325,0.582174559434255,-0.02912424923852086,0.029124249238520826,0.3715748310089111,0.029124249238520826,24.318181818181817,99.0,0.0,6435.3075199999985,6435.30752,76.70454545454545,78.0,48.15511363636363,73.732,1335.340909090909,5000.0,4.0,2308.122050196951,125281.77690117946,0.0,0.0,0.0,473.10438399999987,473.104384,38.0,38.0,9.883545454545455,10.353,300.0,405.0,1.0,471.5281153936594,25451.751804764004,60.47954545454545,70.7,4.64594525090909,4.85033984,18.1,3.2148216552727265,3.214843904,28.04639744,0.0,2779.6501655906104,0.7721250459973917,0.5505251577961403,713.0,796,Tesla T4,16106.12736,70.0,GPU-da458f0a-46b4-0f02-b73a-25706261b2de,Tesla T4,16106.12736,70.0,GPU-c4a4882e-18ea-46fc-68e3-c7471013fc43,580.159.04,1.0,62,0.85,20,1.0,5,1.0,41
a-mobilenetv4-base-f1-s3,a,mobilenetv4,base,1,3,54,2646,169344,1787892279.1576254,1787892327.4338112,2026-08-28T04:44:39Z,2026-08-28T04:45:27Z,acct2,1,9faf39,Interactive,e8c956070b66,v2,3.9742981817975486e-08,1.0,0.031782348324231435,8.723345454071307e-06,2.4317927037296592e-05,0.0006645719986408949,0.0,1.713120836939186e-05,0.0005798530299216502,0.0,371.6354553914863,5.708111946686416e-13,256.0,0,0,48.25025248527527,45.63517665863037,2.6141445636749268,32.90028762817383,12.22190237045288,10.985512495040894,0.33296680450439453,0.6818676780647759,0.2581207119688696,0.25754618644714355,0.25971341133117676,0.2841786956787109,68.71891881691512,8437074,8437074,2554.3190228939056,151976.42942675762,60,384,64,coral,coral_bce,0.0,session_balanced,adamw,0.0003,0.05,cosine,5,60,5.0,True,full,raw,full_frame,dataset_v1_1,fp16,2,mobilenetv4,1,3,base,a,e8c956070b66,0.9765625,0.9500000000000001,0.9650989572249414,0.9765625,0.9758891519472228,0.9846153846153847,0.9500000000000001,0.9763779527559054,1.0,0.9538461538461539,62,0.9189189189189189,0.85,1.0,20,1.0,1.0,1.0,46,0.9859976662777129,0.0234375,0.9612042836936755,0.9621687389050813,0.06364806969363404,0.03785783571769729,0.9514268576167524,0.961468044757843,0.5330440600713094,-0.025135642383247614,0.04364067362621427,0.5232962369918823,0.04364067362621427,23.652173913043477,99.0,0.0,6435.307519999997,6435.30752,77.26086956521739,78.0,48.64036956521739,80.663,1372.8260869565217,5000.0,4.0,2396.124634789885,127698.6777010389,0.0,0.0,0.0,473.1043839999998,473.104384,38.0,38.0,9.856347826086957,10.254,300.0,405.0,1.0,481.1888421945405,25937.615252785636,60.2391304347826,69.9,4.63449141426087,4.806598656,17.7,3.2152697099130436,3.233562624,28.046401536,0.0,2877.3134769844255,0.7992537436067849,0.5698679191916376,713.0,814,Tesla T4,16106.12736,70.0,GPU-da458f0a-46b4-0f02-b73a-25706261b2de,Tesla T4,16106.12736,70.0,GPU-c4a4882e-18ea-46fc-68e3-c7471013fc43,580.159.04,1.0,62,0.85,20,1.0,5,1.0,41
a-mobilenetv4-base-f1-s3,a,mobilenetv4,base,1,3,55,2695,172480,1787892327.704615,1787892375.1428072,2026-08-28T04:45:27Z,2026-08-28T04:46:15Z,acct2,1,9faf39,Interactive,e8c956070b66,v2,4.00753557107335e-09,1.0,0.027572877286416997,6.076053957825411e-06,4.0016274633132426e-07,1.0510796528251376e-05,0.0,1.2664396081163412e-06,6.267987537285045e-06,0.0,371.6351742365009,6.5424658567798256e-15,256.0,0,0,47.40756821632385,44.797812938690186,2.6087214946746826,32.02602028846741,12.21806812286377,10.989197492599487,0.3662867546081543,0.6755465739632661,0.2585370881216867,0.25678348541259766,0.261037015914917,0.29561793327331526,70.0034174501308,8437074,8437074,2601.7265911102295,154757.0596681939,60,384,64,coral,coral_bce,0.0,session_balanced,adamw,0.0003,0.05,cosine,5,60,5.0,True,full,raw,full_frame,dataset_v1_1,fp16,2,mobilenetv4,1,3,base,a,e8c956070b66,0.9921875,0.9833333333333334,0.9887863247863248,0.9921875,0.9921185897435897,0.9947089947089948,0.9833333333333334,0.9919999999999999,1.0,0.9841269841269841,62,0.9743589743589743,0.95,1.0,20,1.0,1.0,1.0,46,0.9952996474735605,0.0078125,0.9871769184532158,0.9872849863413479,0.05520835809854104,0.030507267802046364,0.9553113910369575,0.9588700274782856,0.5033645629882812,-0.0368761089630425,0.03687610896304254,0.35010577738285065,0.03687610896304254,24.022222222222222,99.0,0.0,6435.307519999998,6435.30752,76.95555555555555,78.0,50.407266666666665,94.47,1327.6666666666667,5000.0,4.0,2309.4307548890647,130026.45981557405,0.0,0.0,0.0,473.10438399999987,473.104384,38.0,38.0,9.898533333333333,10.551,300.0,405.0,1.0,471.19948654721884,26413.420091485437,60.551111111111105,71.7,4.685633308444445,4.935491584,18.1,3.2164143103999994,3.276361728,28.046401536,0.0,2780.6302414362835,0.7723972892878566,0.5507192672622417,713.0,798,Tesla T4,16106.12736,70.0,GPU-da458f0a-46b4-0f02-b73a-25706261b2de,Tesla T4,16106.12736,70.0,GPU-c4a4882e-18ea-46fc-68e3-c7471013fc43,580.159.04,1.0,62,0.95,20,1.0,5,1.0,41
a-mobilenetv4-base-f1-s3,a,mobilenetv4,base,1,3,56,2744,175616,1787892375.4475179,1787892422.7821262,2026-08-28T04:46:15Z,2026-08-28T04:47:02Z,acct2,1,9faf39,Interactive,e8c956070b66,v2,1.523555332391198e-07,1.0,0.020667129350421476,3.8982124586499795e-06,5.267528138108939e-05,0.002132254187017679,1.1159206003696909e-08,7.405096657748737e-05,0.0012546464195474908,0.0,371.6349848470087,5.525298922737002e-13,256.0,0,0,47.30842995643616,44.740234375,2.5656654834747314,31.902284622192383,12.268636465072632,11.024269104003906,0.37668442726135254,0.6743467211143874,0.2600363565950978,0.25839805603027344,0.26368560791015627,0.29319559097290027,70.0935085345091,8437074,8437074,2649.0350210666656,157537.77188757804,60,384,64,coral,coral_bce,0.0,session_balanced,adamw,0.0003,0.05,cosine,5,60,5.0,True,full,raw,full_frame,dataset_v1_1,fp16,2,mobilenetv4,1,3,base,a,e8c956070b66,1.0,1.0,1.0,1.0,1.0,1.0,1.0,1.0,1.0,1.0,62,1.0,1.0,1.0,20,1.0,1.0,1.0,46,1.0,0.0,1.0,1.0,0.04138365266384935,0.01898317068011259,0.9646355817094445,0.9646355817094445,NA,-0.03536441829055548,0.03536441829055548,0.3888784249623617,0.03536441829055548,27.15909090909091,99.0,0.0,6435.3075199999985,6435.30752,77.22727272727273,79.0,49.26920454545455,82.327,1366.0227272727273,5000.0,4.0,2308.464782213632,132355.44034776886,0.0,0.0,0.0,473.10438399999987,473.104384,38.0,38.0,9.960204545454546,10.651,300.0,405.0,1.0,472.2474371705139,26890.87683658618,60.34090909090909,69.6,4.650734498909092,4.786106368,17.7,3.2206133061818183,3.328864256,28.046401536,0.0,2780.712219384146,0.7724200609400406,0.5507355034502489,713.0,798,Tesla T4,16106.12736,70.0,GPU-da458f0a-46b4-0f02-b73a-25706261b2de,Tesla T4,16106.12736,70.0,GPU-c4a4882e-18ea-46fc-68e3-c7471013fc43,580.159.04,1.0,62,1.0,20,1.0,5,1.0,41
a-mobilenetv4-base-f1-s3,a,mobilenetv4,base,1,3,57,2793,178752,1787892423.055161,1787892471.0668092,2026-08-28T04:47:03Z,2026-08-28T04:47:51Z,acct2,1,9faf39,Interactive,e8c956070b66,v2,4.832302624877858e-09,1.0,0.015492107255518306,2.1969246228460523e-06,3.6387360781629597e-07,5.9426770349091385e-06,7.947496527549447e-08,1.1951558690270743e-06,5.301810688251857e-06,0.0,371.63487076551627,2.1510438107403358e-15,256.0,0,0,47.98254704475403,45.4076247215271,2.5733349323272705,32.69803762435913,12.188188076019287,10.919533729553223,0.3433957099914551,0.6814568971059662,0.25746702661319654,0.2569403648376465,0.2595585823059082,0.2783604717254638,69.06329100524978,8437074,8437074,2697.0175681114197,160388.52107738005,60,384,64,coral,coral_bce,0.0,session_balanced,adamw,0.0003,0.05,cosine,5,60,5.0,True,full,raw,full_frame,dataset_v1_1,fp16,2,mobilenetv4,1,3,base,a,e8c956070b66,1.0,1.0,1.0,1.0,1.0,1.0,1.0,1.0,1.0,1.0,62,1.0,1.0,1.0,20,1.0,1.0,1.0,46,1.0,0.0,1.0,1.0,0.031083498721631513,0.011585694220804025,0.9724375419318676,0.9724375419318676,NA,-0.0275624580681324,0.027562458068132387,0.3153002460797628,0.027562458068132387,24.727272727272727,99.0,0.0,6435.3075199999985,6435.30752,76.93181818181819,78.0,50.66518181818181,82.321,1366.0227272727273,5000.0,4.0,2371.3397458814143,134744.65397169703,0.0,0.0,0.0,473.10438399999987,473.104384,38.0,38.0,9.883477272727275,10.754,300.0,405.0,1.0,479.4094439206019,27374.411674144678,60.395454545454534,69.5,4.5673215069090904,4.703100928,17.4,3.215813818181817,3.215818752,27.933147136,0.0,2850.749189802016,0.7918747749450045,0.5646067145357881,713.0,810,Tesla T4,16106.12736,70.0,GPU-da458f0a-46b4-0f02-b73a-25706261b2de,Tesla T4,16106.12736,70.0,GPU-c4a4882e-18ea-46fc-68e3-c7471013fc43,580.159.04,1.0,62,1.0,20,1.0,5,1.0,41
a-mobilenetv4-base-f1-s3,a,mobilenetv4,base,1,3,58,2842,181888,1787892471.3455093,1787892519.707108,2026-08-28T04:47:51Z,2026-08-28T04:48:39Z,acct2,1,9faf39,Interactive,e8c956070b66,v2,1.2670297783391822e-07,1.0,0.019806487868706313,9.777396977174666e-07,6.320152687204852e-05,0.001868442166596651,7.279918889935288e-08,0.00010535677720326854,0.0014633461833000148,0.0,371.6347979221764,1.6627786774719467e-13,256.0,0,0,48.32628846168518,45.723838090896606,2.6009113788604736,32.98108410835266,12.232008934020996,10.790786504745483,0.3288705348968506,0.6824667310112436,0.25830804571813465,0.2568376064300537,0.259867000579834,0.29506054878234844,68.58566845954172,8437074,8437074,2745.343856573105,163259.58849667123,60,384,64,coral,coral_bce,0.0,session_balanced,adamw,0.0003,0.05,cosine,5,60,5.0,True,full,raw,full_frame,dataset_v1_1,fp16,2,mobilenetv4,1,3,base,a,e8c956070b66,1.0,1.0,1.0,1.0,1.0,1.0,1.0,1.0,1.0,1.0,62,1.0,1.0,1.0,20,1.0,1.0,1.0,46,1.0,0.0,1.0,1.0,0.03968394176222029,0.017851452867821502,0.9659757083281875,0.9659757083281875,NA,-0.034024291671812534,0.03402429167181253,0.38613390922546387,0.03402429167181253,22.511111111111113,99.0,0.0,6435.307519999998,6435.30752,77.02222222222223,78.0,49.0966,93.264,1391.0,5000.0,4.0,2389.875705260929,137149.36272658073,0.0,0.0,0.0,473.10438399999987,473.104384,38.0,38.0,9.853488888888888,10.353,300.0,405.0,1.0,481.19171403026485,27859.561995840006,60.36000000000001,70.0,4.585597610666666,4.803448832,17.8,3.218617412266667,3.318784,28.046401536,0.0,2871.067419291194,0.7975187275808872,0.5686308527651726,713.0,814,Tesla T4,16106.12736,70.0,GPU-da458f0a-46b4-0f02-b73a-25706261b2de,Tesla T4,16106.12736,70.0,GPU-c4a4882e-18ea-46fc-68e3-c7471013fc43,580.159.04,1.0,62,1.0,20,1.0,5,1.0,41
a-mobilenetv4-base-f1-s3,a,mobilenetv4,base,1,3,59,2891,185024,1787892519.9931805,1787892568.792138,2026-08-28T04:48:39Z,2026-08-28T04:49:28Z,acct2,1,9faf39,Interactive,e8c956070b66,v2,3.205758298599432e-07,1.0,0.019342020525236592,2.4463441107965276e-07,0.00012056341051284464,0.005668345373123884,0.0,2.5027897027029916e-05,0.0030354602611623485,0.0,371.63476814631827,7.936275466280362e-14,256.0,0,0,48.77254271507263,46.227975606918335,2.5436208248138428,33.48228716850281,12.20040774345398,10.927958965301514,0.35557055473327637,0.6864986999776713,0.25806118517505877,0.2574589252471924,0.25999107360839846,0.2866570472717283,67.83770993274203,8437074,8437074,2794.1163992881775,166114.55069777276,60,384,64,coral,coral_bce,0.0,session_balanced,adamw,0.0003,0.05,cosine,5,60,5.0,True,full,raw,full_frame,dataset_v1_1,fp16,2,mobilenetv4,1,3,base,a,e8c956070b66,1.0,1.0,1.0,1.0,1.0,1.0,1.0,1.0,1.0,1.0,62,1.0,1.0,1.0,20,1.0,1.0,1.0,46,1.0,0.0,1.0,1.0,0.03876956982150212,0.016936028460977637,0.9665491278283298,0.9665491278283298,NA,-0.0334508721716702,0.033450872171670185,0.37046611309051514,0.033450872171670185,25.644444444444446,99.0,0.0,6435.307519999998,6435.30752,77.0,79.0,48.4796888888889,74.169,1372.3333333333333,5000.0,4.0,2370.85239642355,139541.69218327652,0.0,0.0,0.0,473.10438399999987,473.104384,38.0,38.0,9.867088888888889,10.254,300.0,405.0,1.0,484.10980467796617,28348.857619038517,60.11333333333333,71.4,4.595193901511111,4.742647808,17.7,3.2159612017777772,3.216007168,27.934195712,0.0,2854.9622011015163,0.7930450558615323,0.5654411248292726,713.0,822,Tesla T4,16106.12736,70.0,GPU-da458f0a-46b4-0f02-b73a-25706261b2de,Tesla T4,16106.12736,70.0,GPU-c4a4882e-18ea-46fc-68e3-c7471013fc43,580.159.04,1.0,62,1.0,20,1.0,5,1.0,41
a-mobilenetv4-base-f1-s3,a,mobilenetv4,base,1,3,60,2940,188160,1787892569.074268,1787892617.1072652,2026-08-28T04:49:29Z,2026-08-28T04:50:17Z,acct2,1,9faf39,Interactive,e8c956070b66,v2,2.9937395269401396e-07,1.0,0.029485486961362994,0.0,0.00011493663482122365,0.005244269035756588,8.282379582169597e-08,2.62022763308777e-06,0.002906784927472453,0.0,371.63476798590045,0.0,256.0,0,0,48.004820823669434,45.4582359790802,2.54541277885437,32.72135925292969,12.203004360198975,10.970788717269897,0.351743221282959,0.6816265260758139,0.25798934333178464,0.257396936416626,0.25971179008483886,0.2777362632751464,68.98639888805148,8437074,8437074,2842.121220111847,168974.91987363016,60,384,64,coral,coral_bce,0.0,session_balanced,adamw,0.0003,0.05,cosine,5,60,5.0,True,full,raw,full_frame,dataset_v1_1,fp16,2,mobilenetv4,1,3,base,a,e8c956070b66,0.984375,0.9666666666666667,0.9771651350598719,0.984375,0.9840878237259816,0.9895833333333334,0.9666666666666667,0.9841269841269841,1.0,0.96875,62,0.9473684210526316,0.9,1.0,20,1.0,1.0,1.0,46,0.990632318501171,0.015625,0.9742454728370221,0.9746759091025843,0.05905221182888312,0.03374437450625008,0.9532001288607717,0.960151681824336,0.5152522921562195,-0.031174871139228344,0.03966862242668866,0.3653715352217356,0.03966862242668866,28.57777777777778,99.0,0.0,6435.307519999998,6435.30752,77.08888888888889,78.0,48.805088888888896,95.226,1398.0,5000.0,4.0,2382.913558591914,141945.68250837913,0.0,0.0,0.0,473.10438399999987,473.104384,38.0,38.0,9.876333333333333,10.452,300.0,405.0,1.0,477.4556172654884,28831.504865814648,60.5688888888889,69.5,4.594586874311111,4.798877696,17.7,3.2184330922666673,3.30708992,28.047450112,0.0,2860.3691758574023,0.7945469932937229,0.5665120062184245,713.0,808,Tesla T4,16106.12736,70.0,GPU-da458f0a-46b4-0f02-b73a-25706261b2de,Tesla T4,16106.12736,70.0,GPU-c4a4882e-18ea-46fc-68e3-c7471013fc43,580.159.04,1.0,62,0.9,20,1.0,5,1.0,41
