run_id,stage,arch,technique,fold,seed,epoch,global_step,samples_seen,ts_start,ts_end,iso_start,iso_end,account,worker_id,session_id,host,config_hash,lib_version,train_loss,train_acc,val_loss,lr_group0,grad_norm_mean,grad_norm_max,grad_norm_p50,grad_norm_p95,grad_norm_p99,grad_clip_hit_rate,weight_norm_total,update_to_weight_ratio,amp_scale,amp_scale_decreases,nan_or_inf_batches,epoch_seconds,train_seconds,val_seconds,dataload_seconds,compute_seconds,backward_seconds,optimizer_seconds,dataload_frac,step_time_mean,step_time_p50,step_time_p90,step_time_p99,images_per_second,n_params_total,n_params_trainable,wall_seconds_cumulative,energy_joules_cumulative,epochs_planned,cfg_input_resolution,cfg_batch_size,cfg_head_type,cfg_loss_name,cfg_label_smoothing,cfg_sampler_name,cfg_optimizer_name,cfg_lr_initial,cfg_weight_decay,cfg_scheduler_name,cfg_warmup_epochs,cfg_max_epochs,cfg_grad_clip,cfg_pretrained,cfg_finetune_depth,cfg_preprocessing,cfg_roi_mode,cfg_augment_policy,cfg_precision,cfg_num_workers,cfg_arch,cfg_fold,cfg_seed,cfg_technique,cfg_stage,cfg_config_hash,val_acc,val_balanced_acc,val_f1_macro,val_f1_micro,val_f1_weighted,val_precision_macro,val_recall_macro,val_f1_low,val_recall_low,val_precision_low,val_support_low,val_f1_mid,val_recall_mid,val_precision_mid,val_support_mid,val_f1_high,val_recall_high,val_precision_high,val_support_high,val_qwk,val_mae_class,val_cohen_kappa,val_mcc,val_nll,val_brier,val_mean_confidence,val_mean_confidence_correct,val_mean_confidence_incorrect,val_overconfidence_gap,val_ece,val_mce,val_ace,gpu0_util_mean,gpu0_util_max,gpu0_util_p50,gpu0_mem_used_mb_mean,gpu0_mem_used_mb_peak,gpu0_temp_c_mean,gpu0_temp_c_max,gpu0_power_w_mean,gpu0_power_w_max,gpu0_sm_clock_mhz_mean,gpu0_mem_clock_mhz_mean,gpu0_throttle_reasons,gpu0_energy_joules_epoch,gpu0_energy_joules_cumulative,gpu1_util_mean,gpu1_util_max,gpu1_util_p50,gpu1_mem_used_mb_mean,gpu1_mem_used_mb_peak,gpu1_temp_c_mean,gpu1_temp_c_max,gpu1_power_w_mean,gpu1_power_w_max,gpu1_sm_clock_mhz_mean,gpu1_mem_clock_mhz_mean,gpu1_throttle_reasons,gpu1_energy_joules_epoch,gpu1_energy_joules_cumulative,cpu_percent_mean,cpu_percent_max,ram_used_gb_mean,ram_used_gb_peak,ram_percent_peak,proc_rss_gb_mean,proc_rss_gb_peak,proc_vms_gb_peak,swap_used_gb_peak,energy_joules_epoch,energy_wh_epoch,co2_g_epoch,carbon_intensity_g_per_kwh,power_sample_count,gpu0_name,gpu0_mem_total_mb,gpu0_power_limit_w,gpu0_uuid,gpu1_name,gpu1_mem_total_mb,gpu1_power_limit_w,gpu1_uuid,gpu_driver,val_acc_session_mileage_000100_005000__session_002,val_n_session_mileage_000100_005000__session_002,val_acc_session_mileage_040000__session_001,val_n_session_mileage_040000__session_001,val_acc_session_mileage_100000_plus__session_003,val_n_session_mileage_100000_plus__session_003,val_acc_session_mileage_100000_plus__session_006,val_n_session_mileage_100000_plus__session_006
a-mobilenetv4-base-f1-s2,a,mobilenetv4,base,1,2,1,49,3136,1787859035.6036842,1787859150.7547114,2026-08-27T19:30:35Z,2026-08-27T19:32:30Z,acct1,0,b8aaf6,Interactive,3b0bb49c2f82,v2,1.4368831379825464,0.7646683673469388,1.0086739510297775,5.9999999999999995e-05,,,,,,0.7755102040816326,371.7290232249017,,64.0,10,0,115.12151741981506,112.30619835853577,2.813138723373413,28.24219059944153,83.52511048316956,61.73378038406372,0.35154271125793457,0.24532503768561686,1.7135111604418074,0.2817413806915283,0.28823032379150393,36.77084242820712,27.923659119760867,8437074,8437074,115.12151741981506,7114.971913760186,60,384,64,coral,coral_bce,0.0,session_balanced,adamw,0.0003,0.05,cosine,5,60,5.0,True,full,raw,full_frame,dataset_v1_1,fp16,2,mobilenetv4,1,2,base,a,3b0bb49c2f82,0.8359375,0.6838709677419356,0.6696402877697842,0.8359375,0.7955710431654677,0.7220779220779221,0.6838709677419356,0.8489208633093526,0.9516129032258065,0.7662337662337663,62,0.16000000000000003,0.1,0.4,20,1.0,1.0,1.0,46,0.9059350503919373,0.1640625,0.713859910581222,0.7345781565739414,2.5296168088340507,0.35104380390049345,0.9256193190813065,0.9277951934627283,0.9145327210426331,0.08968181908130646,0.17309230472892528,0.42664265632629395,0.17309230472892528,40.49074074074074,100.0,23.0,4931.999061333335,8614.248448,76.99074074074075,80.0,53.402351851851854,98.992,1233.1944444444443,5000.0,4.0,5967.166337877751,5974.895330284357,0.0,0.0,0.0,473.1043840000001,473.104384,36.23148148148148,37.0,9.932120370370372,11.223,300.0,405.0,1.0,1147.8055758824348,1150.0317197096347,43.24166666666667,80.4,4.045749741037038,4.507328512,18.4,4.19140141511111,4.329414656,33.248751616,0.0,7114.971913760186,1.9763810871556071,1.409159715141948,713.0,1946,Tesla T4,16106.12736,70.0,GPU-4d8859c5-136c-374a-089b-73c32dcd32f0,Tesla T4,16106.12736,70.0,GPU-6d7c29a2-e30e-948b-86cf-75bfa141957f,580.159.04,0.9516129032258065,62,0.1,20,1.0,5,1.0,41
a-mobilenetv4-base-f1-s2,a,mobilenetv4,base,1,2,2,98,6272,1787859156.9718058,1787859204.0223079,2026-08-27T19:32:36Z,2026-08-27T19:33:24Z,acct1,0,b8aaf6,Interactive,3b0bb49c2f82,v2,0.0025479932466485745,0.9987244897959183,0.8279178596567363,0.00011999999999999999,17.77437656449508,341.3657531738281,0.3222787082195282,100.35269470214824,308.33317504882785,0.14285714285714285,371.72880802954734,5.737852815458603e-06,64.0,0,0,47.02758526802063,44.42512035369873,2.6008331775665283,30.629813194274902,13.255521297454834,11.986394882202148,0.34209227561950684,0.651315882363698,0.2795732118645493,0.278674840927124,0.28943614959716796,0.30553712844848624,70.59069227122316,8437074,8437074,162.1491026878357,9898.615780728092,60,384,64,coral,coral_bce,0.0,session_balanced,adamw,0.0003,0.05,cosine,5,60,5.0,True,full,raw,full_frame,dataset_v1_1,fp16,2,mobilenetv4,1,2,base,a,3b0bb49c2f82,0.8515625,0.6833333333333332,0.6541236541236541,0.8515625,0.7942734348984349,0.9218106995884773,0.6833333333333332,0.8671328671328672,1.0,0.7654320987654321,62,0.09523809523809523,0.05,1.0,20,1.0,1.0,1.0,46,0.9160220994475138,0.1484375,0.7363971385215695,0.7730196098938013,1.868111337631463,0.29368151394419206,0.9952060920186341,0.9957995737364532,0.991801381111145,0.14364359201863408,0.14717105822637677,0.3997734487056732,0.14717105822637677,28.636363636363637,99.0,0.0,6426.918912000002,6426.918912,77.88636363636364,81.0,50.16734090909092,97.408,1217.3863636363637,5000.0,4.0,2316.264815927734,8527.780931053388,0.0,0.0,0.0,473.10438399999987,473.104384,37.0,37.0,9.860704545454546,10.138,300.0,405.0,1.0,467.3790510401725,1682.5006177031999,61.406818181818196,71.3,4.447245405090909,4.634947584,18.8,4.258539333818181,4.3480064,29.053923328,0.0,2783.6438669679064,0.7732344074910851,0.5513161325411436,713.0,786,Tesla T4,16106.12736,70.0,GPU-4d8859c5-136c-374a-089b-73c32dcd32f0,Tesla T4,16106.12736,70.0,GPU-6d7c29a2-e30e-948b-86cf-75bfa141957f,580.159.04,1.0,62,0.05,20,1.0,5,1.0,41
a-mobilenetv4-base-f1-s2,a,mobilenetv4,base,1,2,3,147,9408,1787859204.5776417,1787859252.0604885,2026-08-27T19:33:24Z,2026-08-27T19:34:12Z,acct1,0,b8aaf6,Interactive,3b0bb49c2f82,v2,0.0028636842139550408,0.9993622448979592,2.296565626747906,0.00017999999999999998,2.225697617830739,51.81169891357422,0.005494873039424419,6.592835712432851,44.99328338623041,0.08163265306122448,371.7307119688524,1.0777306214158105e-06,64.0,0,0,47.455899238586426,44.9013090133667,2.553478956222534,31.563557147979736,12.82697606086731,11.567567110061646,0.32903194427490234,0.6651134559539731,0.27032257586109393,0.2685239315032959,0.28028554916381837,0.2973902893066406,69.8420618219937,8437074,8437074,209.60500192642212,12712.208077498904,60,384,64,coral,coral_bce,0.0,session_balanced,adamw,0.0003,0.05,cosine,5,60,5.0,True,full,raw,full_frame,dataset_v1_1,fp16,2,mobilenetv4,1,2,base,a,3b0bb49c2f82,0.734375,0.5913978494623656,0.5794871794871795,0.734375,0.7170673076923078,0.5686274509803922,0.5913978494623656,0.7384615384615385,0.7741935483870968,0.7058823529411765,62,0.0,0.0,0.0,20,1.0,1.0,1.0,46,0.8429561200923787,0.265625,0.5546459271387638,0.5569405190640827,3.136157463932146,0.4708047667279065,0.9627475650049746,0.9762430647586254,0.9254364774507635,0.2283725650049746,0.2283725650049746,0.5620447993278503,0.2283725650049746,28.15909090909091,99.0,0.0,6426.918912000002,6426.918912,76.81818181818181,79.0,48.16924999999999,69.49,1344.5454545454545,5000.0,4.0,2345.583208539725,10904.166172270523,0.0,0.0,0.0,473.10438399999987,473.104384,37.0,37.0,9.786590909090911,10.138,300.0,405.0,1.0,468.00908823108625,2158.2421965725425,61.825,71.8,4.500375552,4.643749888,18.9,4.256997748363636,4.311437312,29.053923328,0.0,2813.592296770811,0.7815534157696697,0.5572475854437745,713.0,794,Tesla T4,16106.12736,70.0,GPU-4d8859c5-136c-374a-089b-73c32dcd32f0,Tesla T4,16106.12736,70.0,GPU-6d7c29a2-e30e-948b-86cf-75bfa141957f,580.159.04,0.7741935483870968,62,0.0,20,1.0,5,1.0,41
a-mobilenetv4-base-f1-s2,a,mobilenetv4,base,1,2,4,196,12544,1787859252.332255,1787859299.3191078,2026-08-27T19:34:12Z,2026-08-27T19:34:59Z,acct1,0,b8aaf6,Interactive,3b0bb49c2f82,v2,0.03350715491702064,0.9936224489795918,7.867414325475693,0.00023999999999999998,10.989951182080919,160.32861328125,0.0050720339640975,46.32714385986327,121.09828857421843,0.24489795918367346,371.76748230342895,7.094725626236119e-06,64.0,0,0,46.96445608139038,44.313064098358154,2.6503705978393555,30.849425554275513,12.940475940704346,11.665993928909302,0.3470497131347656,0.6568675148885535,0.2728538075271918,0.2683253288269043,0.2868635654449463,0.30862984657287584,70.76919783834565,8437074,8437074,256.5694580078125,15459.415914381005,60,384,64,coral,coral_bce,0.0,session_balanced,adamw,0.0003,0.05,cosine,5,60,5.0,True,full,raw,full_frame,dataset_v1_1,fp16,2,mobilenetv4,1,2,base,a,3b0bb49c2f82,0.84375,0.6666666666666666,0.6203703703703703,0.84375,0.7764756944444444,0.5853658536585366,0.6666666666666666,0.8611111111111112,1.0,0.7560975609756098,62,0.0,0.0,0.0,20,1.0,1.0,1.0,46,0.9118942731277533,0.15625,0.7212543554006968,0.7617263074577288,3.089358824740929,0.45252172468750324,0.8415327835828066,0.8121870027648078,1.0,-0.0022172164171934128,0.30810417886823416,0.49599180875285975,0.30810417886823416,29.522727272727273,99.0,0.0,6426.918912000002,6426.918912,76.86363636363636,78.0,50.41070454545454,85.219,1235.1136363636363,5000.0,4.0,2284.2108838779805,13205.510192702985,0.0,0.0,0.0,473.10438399999987,473.104384,37.0,37.0,9.790818181818183,10.337,300.0,405.0,1.0,462.9969530041203,2625.436380185126,61.11136363636364,72.0,4.619115333818182,4.877807616,19.5,4.255731712,4.255731712,28.940668928,0.0,2747.2078368821008,0.7631132880228058,0.5440997743602605,713.0,790,Tesla T4,16106.12736,70.0,GPU-4d8859c5-136c-374a-089b-73c32dcd32f0,Tesla T4,16106.12736,70.0,GPU-6d7c29a2-e30e-948b-86cf-75bfa141957f,580.159.04,1.0,62,0.0,20,1.0,5,1.0,41
a-mobilenetv4-base-f1-s2,a,mobilenetv4,base,1,2,5,245,15680,1787859299.5977044,1787859347.376862,2026-08-27T19:34:59Z,2026-08-27T19:35:47Z,acct1,0,b8aaf6,Interactive,3b0bb49c2f82,v2,0.03514253683426806,0.9923469387755102,0.7413834929466248,0.0003,10.940718911109357,76.30017852783203,2.6886924388236366e-05,70.31893463134764,76.1087564086914,0.24489795918367346,371.8119048670922,8.827623942020002e-06,64.0,0,0,47.75672101974487,45.10695767402649,2.64886474609375,31.586302518844604,12.934020042419434,11.695371150970459,0.3656928539276123,0.6614001515260092,0.2738877753822171,0.27002811431884766,0.29052419662475587,0.3012708377838134,69.52364250905295,8437074,8437074,304.3261790275574,18291.239817613357,60,384,64,coral,coral_bce,0.0,session_balanced,adamw,0.0003,0.05,cosine,5,60,5.0,True,full,raw,full_frame,dataset_v1_1,fp16,2,mobilenetv4,1,2,base,a,3b0bb49c2f82,0.84375,0.6666666666666666,0.6203703703703703,0.84375,0.7764756944444444,0.5853658536585366,0.6666666666666666,0.8611111111111112,1.0,0.7560975609756098,62,0.0,0.0,0.0,20,1.0,1.0,1.0,46,0.9118942731277533,0.15625,0.7212543554006968,0.7617263074577288,1.4827706134449095,0.3122187548510086,0.9999296343885362,1.0,0.9995496600866318,0.15617963438853621,0.15617963438853621,0.15617963438853621,0.15617963438853621,23.444444444444443,99.0,0.0,6426.918912000002,6426.918912,77.26666666666667,80.0,48.767488888888884,76.472,1277.0,5000.0,4.0,2363.4745959329794,15593.02523401999,0.0,0.0,0.0,473.10438399999987,473.104384,37.17777777777778,38.0,9.76131111111111,10.233,300.0,405.0,1.0,468.34930729937423,3099.0074208507513,59.92444444444444,70.5,4.725216961422222,4.96990208,19.8,4.255731712,4.255731712,28.940668928,0.0,2831.8239032323536,0.786617750897876,0.5608584563901856,713.0,798,Tesla T4,16106.12736,70.0,GPU-4d8859c5-136c-374a-089b-73c32dcd32f0,Tesla T4,16106.12736,70.0,GPU-6d7c29a2-e30e-948b-86cf-75bfa141957f,580.159.04,1.0,62,0.0,20,1.0,5,1.0,41
a-mobilenetv4-base-f1-s2,a,mobilenetv4,base,1,2,6,294,18816,1787859347.6641417,1787859394.7301974,2026-08-27T19:35:47Z,2026-08-27T19:36:34Z,acct1,0,b8aaf6,Interactive,3b0bb49c2f82,v2,0.04069271815684131,0.9901147959183674,0.12738687079399824,0.0002997553655889203,7.472716193988181,47.47477722167969,5.930352199357003e-05,36.23856277465817,47.12390319824218,0.2857142857142857,371.84460408739113,6.023986229862648e-06,64.0,0,0,47.04391026496887,44.45339584350586,2.589268922805786,31.046892166137695,12.878734350204468,11.56492805480957,0.3483617305755615,0.6599556029945216,0.271676915032523,0.26750683784484863,0.28524465560913087,0.30251328468322747,70.54579162050977,8437074,8437074,351.37008929252625,21054.702969229205,60,384,64,coral,coral_bce,0.0,session_balanced,adamw,0.0003,0.05,cosine,5,60,5.0,True,full,raw,full_frame,dataset_v1_1,fp16,2,mobilenetv4,1,2,base,a,3b0bb49c2f82,0.8515625,0.7397849462365591,0.737668165257582,0.8515625,0.8364173575699301,0.7707070707070707,0.7397849462365591,0.9579831932773109,0.9193548387096774,1.0,62,0.3870967741935483,0.3,0.5454545454545454,20,0.8679245283018869,1.0,0.7666666666666667,46,0.9158361018826136,0.1484375,0.753596757852077,0.765682194680156,0.25303199580928515,0.17673471665318888,0.9374852818436921,0.9729466334395452,0.7340491068990607,0.08592278184369206,0.0935258683748543,0.6568167706330618,0.0935258683748543,24.727272727272727,99.0,0.0,6426.918912000002,6426.918912,76.70454545454545,78.0,49.093340909090905,70.075,1251.4772727272727,5000.0,4.0,2300.940097647179,17915.136413755878,0.0,0.0,0.0,473.10438399999987,473.104384,37.0,37.0,9.712136363636363,10.138,300.0,405.0,1.0,462.52305396866996,3566.1976765017507,61.08636363636364,73.2,4.758393576727273,4.950392832,19.7,4.259109794909091,4.36897792,29.053923328,0.0,2763.463151615849,0.7676286532266247,0.5473192297505834,713.0,790,Tesla T4,16106.12736,70.0,GPU-4d8859c5-136c-374a-089b-73c32dcd32f0,Tesla T4,16106.12736,70.0,GPU-6d7c29a2-e30e-948b-86cf-75bfa141957f,580.159.04,0.9193548387096774,62,0.3,20,1.0,5,1.0,41
a-mobilenetv4-base-f1-s2,a,mobilenetv4,base,1,2,7,343,21952,1787859395.0041902,1787859442.2349777,2026-08-27T19:36:35Z,2026-08-27T19:37:22Z,acct1,0,b8aaf6,Interactive,3b0bb49c2f82,v2,0.01705837043606018,0.9923469387755102,22.12737464904785,0.00029902226030228247,4.018653926462455,30.29471778869629,7.848721907066647e-06,22.443969345092764,29.391068496704094,0.24489795918367346,371.884793126283,3.231288298619376e-06,64.0,0,0,47.2085280418396,44.679577112197876,2.527442216873169,31.290186405181885,12.850808382034302,11.604446411132812,0.3526732921600342,0.6628079227009634,0.2712325903834129,0.2663545608520508,0.2865926265716553,0.28895198822021484,70.18866790356991,8437074,8437074,398.57861733436584,23875.50504997227,60,384,64,coral,coral_bce,0.0,session_balanced,adamw,0.0003,0.05,cosine,5,60,5.0,True,full,raw,full_frame,dataset_v1_1,fp16,2,mobilenetv4,1,2,base,a,3b0bb49c2f82,0.359375,0.3333333333333333,0.19532908704883226,0.359375,0.2105891719745223,0.13813813813813813,0.3333333333333333,0.0,0.0,0.0,62,0.0,0.0,0.0,20,0.5859872611464968,1.0,0.4144144144144144,46,0.12056737588652477,0.9921875,0.040409581276284516,0.07186224696239475,11.800748605487868,1.2719466803304673,0.9941251673735678,1.0,0.99082952955874,0.6347501673735678,0.6347501673735678,0.9064430594444275,0.6347501673735678,26.40909090909091,99.0,0.0,6426.918912000002,6426.918912,77.20454545454545,79.0,51.21968181818182,69.587,1298.5227272727273,5000.0,4.0,2356.121280376192,20283.626137206775,0.0,0.0,0.0,473.10438399999987,473.104384,37.06818181818182,38.0,9.761022727272726,10.431,300.0,405.0,1.0,464.680800366873,4034.2784872600973,60.636363636363626,73.0,4.844524544,5.048336384,20.0,4.257508631272727,4.33391616,29.053923328,0.0,2820.802080743065,0.7835561335397402,0.5586755232138348,713.0,794,Tesla T4,16106.12736,70.0,GPU-4d8859c5-136c-374a-089b-73c32dcd32f0,Tesla T4,16106.12736,70.0,GPU-6d7c29a2-e30e-948b-86cf-75bfa141957f,580.159.04,0.0,62,0.0,20,1.0,5,1.0,41
a-mobilenetv4-base-f1-s2,a,mobilenetv4,base,1,2,8,392,25088,1787859442.5115318,1787859489.3552437,2026-08-27T19:37:22Z,2026-08-27T19:38:09Z,acct1,0,b8aaf6,Interactive,3b0bb49c2f82,v2,0.012124209256745493,0.9974489795918368,0.8279308080673218,0.0002978030753771539,2.598000482294054,34.14751052856445,0.0,26.53113784790038,31.073998260498023,0.10204081632653061,371.8971501232535,2.0803938217920804e-06,64.0,0,0,46.81987118721008,44.25277137756348,2.5653183460235596,31.05251955986023,12.68074917793274,11.341479539871216,0.3462870121002197,0.6632337674680091,0.2675622725973324,0.2645299434661865,0.28020620346069336,0.2926251220703125,70.86561818340665,8437074,8437074,445.3984885215759,26696.941325500935,60,384,64,coral,coral_bce,0.0,session_balanced,adamw,0.0003,0.05,cosine,5,60,5.0,True,full,raw,full_frame,dataset_v1_1,fp16,2,mobilenetv4,1,2,base,a,3b0bb49c2f82,0.7265625,0.8118279569892474,0.7133583021223471,0.7265625,0.7365987827715355,0.787878787878788,0.8118279569892474,0.6067415730337078,0.43548387096774194,1.0,62,0.5333333333333333,1.0,0.36363636363636365,20,1.0,1.0,1.0,46,0.8115746971736204,0.2734375,0.610231425091352,0.683221062171561,1.6539684499565892,0.47941811397284173,0.9595779087394476,0.9745893222029491,0.9196904386792865,0.2330154087394476,0.24658345989882946,0.8133419752120972,0.24658345989882946,23.069767441860463,99.0,0.0,6426.918912000001,6426.918912,76.90697674418605,79.0,51.069325581395354,94.985,1330.8139534883721,5000.0,4.0,2359.016229385845,22657.812654737925,0.0,0.0,0.0,473.1043839999999,473.104384,37.0,37.0,9.787232558139534,10.728,300.0,405.0,1.0,462.42004614281905,4500.585672757145,61.11395348837208,70.2,4.897527284093024,5.068197888,20.1,4.25932247516279,4.352397312,29.053923328,0.0,2821.436275528664,0.7837322987579621,0.558801129014427,713.0,788,Tesla T4,16106.12736,70.0,GPU-4d8859c5-136c-374a-089b-73c32dcd32f0,Tesla T4,16106.12736,70.0,GPU-6d7c29a2-e30e-948b-86cf-75bfa141957f,580.159.04,0.43548387096774194,62,1.0,20,1.0,5,1.0,41
a-mobilenetv4-base-f1-s2,a,mobilenetv4,base,1,2,9,441,28224,1787859489.6335092,1787859536.4430356,2026-08-27T19:38:09Z,2026-08-27T19:38:56Z,acct1,0,b8aaf6,Interactive,3b0bb49c2f82,v2,0.0030303050821145513,0.9990433673469388,3.0161292124539614,0.00029610178754135,0.7780998880566092,26.590362548828125,0.0,0.6955612715333634,18.807006835937436,0.04081632653061224,371.8904778608662,6.195285479330925e-07,64.0,0,0,46.77950644493103,44.31080627441406,2.467881679534912,31.251286268234253,12.547744035720825,11.279478788375854,0.3463618755340576,0.6680550660581115,0.2647348131452288,0.2626934051513672,0.2669125556945801,0.2986154460906981,70.77280382981405,8437074,8437074,492.17799496650696,29468.92920238518,60,384,64,coral,coral_bce,0.0,session_balanced,adamw,0.0003,0.05,cosine,5,60,5.0,True,full,raw,full_frame,dataset_v1_1,fp16,2,mobilenetv4,1,2,base,a,3b0bb49c2f82,0.84375,0.6666666666666666,0.6203703703703703,0.84375,0.7764756944444444,0.5853658536585366,0.6666666666666666,0.8611111111111112,1.0,0.7560975609756098,62,0.0,0.0,0.0,20,1.0,1.0,1.0,46,0.9118942731277533,0.15625,0.7212543554006968,0.7617263074577288,2.8782632386086777,0.3125002557206711,0.9999681934714317,0.9999623033735487,1.0,0.15621819347143173,0.15621819347143173,0.15621819347143173,0.15621819347143173,24.023255813953487,99.0,0.0,6426.918912000001,6426.918912,76.67441860465117,78.0,49.79986046511628,91.825,1335.6976744186047,5000.0,4.0,2313.823972932114,24989.505025501,0.0,0.0,0.0,473.1043839999999,473.104384,37.0,37.0,9.683186046511628,10.039,300.0,405.0,1.0,458.16390395213057,4963.1274713115745,61.141860465116274,69.3,4.878448020837209,5.080170496,20.1,4.263981627534884,4.366749696,29.053923328,0.0,2771.9878768842445,0.7699966324678457,0.549007598949574,713.0,786,Tesla T4,16106.12736,70.0,GPU-4d8859c5-136c-374a-089b-73c32dcd32f0,Tesla T4,16106.12736,70.0,GPU-6d7c29a2-e30e-948b-86cf-75bfa141957f,580.159.04,1.0,62,0.0,20,1.0,5,1.0,41
a-mobilenetv4-base-f1-s2,a,mobilenetv4,base,1,2,10,490,31360,1787859536.729867,1787859583.7587612,2026-08-27T19:38:56Z,2026-08-27T19:39:43Z,acct1,0,b8aaf6,Interactive,3b0bb49c2f82,v2,2.7378458872935665e-09,1.0,3.388305678963661,0.0002939239460421746,8.875316019171175e-07,4.189610626781359e-05,0.0,7.120033842511407e-08,2.2493627257062893e-05,0.0,371.87939573431333,7.014822376956481e-13,64.0,0,0,47.00708985328674,44.54766297340393,2.4585089683532715,31.4758243560791,12.54788851737976,11.281139612197876,0.3464987277984619,0.6695973831674735,0.2648934539483518,0.26407504081726074,0.2676094055175781,0.2864039707183837,70.39650995546658,8437074,8437074,539.1850848197937,32275.158688754098,60,384,64,coral,coral_bce,0.0,session_balanced,adamw,0.0003,0.05,cosine,5,60,5.0,True,full,raw,full_frame,dataset_v1_1,fp16,2,mobilenetv4,1,2,base,a,3b0bb49c2f82,0.84375,0.6666666666666666,0.6203703703703703,0.84375,0.7764756944444444,0.5853658536585366,0.6666666666666666,0.8611111111111112,1.0,0.7560975609756098,62,0.0,0.0,0.0,20,1.0,1.0,1.0,46,0.9118942731277533,0.15625,0.7212543554006968,0.7617263074577288,2.8782313942005637,0.31249999687518637,0.9999999729916453,0.9999999679900982,1.0,0.15624997299164534,0.15624997299164534,0.15624997299164534,0.15624997299164534,25.704545454545453,99.0,0.0,6426.918912000002,6426.918912,77.31818181818181,79.0,49.86452272727272,96.765,1308.0681818181818,5000.0,4.0,2345.4131214409135,27357.772626573813,0.0,0.0,0.0,473.10438399999987,473.104384,37.02272727272727,38.0,9.73684090909091,10.238,300.0,405.0,1.0,460.81636492800226,5429.127819943189,60.47727272727273,72.2,5.001847621818182,5.146718208,20.3,4.255731712,4.255731712,28.940668928,0.0,2806.229486368916,0.7795081906580321,0.5557893399391769,713.0,790,Tesla T4,16106.12736,70.0,GPU-4d8859c5-136c-374a-089b-73c32dcd32f0,Tesla T4,16106.12736,70.0,GPU-6d7c29a2-e30e-948b-86cf-75bfa141957f,580.159.04,1.0,62,0.0,20,1.0,5,1.0,41
a-mobilenetv4-base-f1-s2,a,mobilenetv4,base,1,2,11,539,34496,1787859584.1747673,1787859630.3138096,2026-08-27T19:39:44Z,2026-08-27T19:40:30Z,acct1,0,b8aaf6,Interactive,3b0bb49c2f82,v2,3.0965601392117874e-07,1.0,3.184814505279064,0.0002912766545459287,0.00022773711841509516,0.01115873921662569,0.0,0.0,0.005802726593788022,0.0,371.86795943206664,1.7838188067933563e-10,64.0,0,0,46.1146137714386,43.611974000930786,2.5009427070617676,30.567858695983887,12.541798114776611,11.303205251693726,0.33547258377075195,0.6628670652537547,0.2644390427336401,0.263350248336792,0.26645512580871583,0.2944287395477293,71.90685750507579,8437074,8437074,585.2996985912323,34993.359674012194,60,384,64,coral,coral_bce,0.0,session_balanced,adamw,0.0003,0.05,cosine,5,60,5.0,True,full,raw,full_frame,dataset_v1_1,fp16,2,mobilenetv4,1,2,base,a,3b0bb49c2f82,0.84375,0.6666666666666666,0.6203703703703703,0.84375,0.7764756944444444,0.5853658536585366,0.6666666666666666,0.8611111111111112,1.0,0.7560975609756098,62,0.0,0.0,0.0,20,1.0,1.0,1.0,46,0.9118942731277533,0.15625,0.7212543554006968,0.7617263074577288,2.8782314728979896,0.31249999687785956,0.9999998942948878,0.999999874719867,1.0,0.15624989429488778,0.15624989429488778,0.15624989429488778,0.15624989429488778,24.0,99.0,0.0,6426.918912000001,6426.918912,76.76744186046511,78.0,47.15376744186047,68.904,1409.6511627906978,5000.0,4.0,2266.277209777345,29651.15911370421,0.0,0.0,0.0,473.1043839999999,473.104384,37.0,37.0,9.732069767441859,10.233,300.0,405.0,1.0,451.9237754807482,5887.105144240141,61.665116279069764,71.1,4.974977500279071,5.18813696,20.4,4.25756672,4.334637056,29.053923328,0.0,2718.200985258093,0.7550558292383592,0.5383548062469501,713.0,776,Tesla T4,16106.12736,70.0,GPU-4d8859c5-136c-374a-089b-73c32dcd32f0,Tesla T4,16106.12736,70.0,GPU-6d7c29a2-e30e-948b-86cf-75bfa141957f,580.159.04,1.0,62,0.0,20,1.0,5,1.0,41
a-mobilenetv4-base-f1-s2,a,mobilenetv4,base,1,2,12,588,37632,1787859630.5865803,1787859677.1339285,2026-08-27T19:40:30Z,2026-08-27T19:41:17Z,acct1,0,b8aaf6,Interactive,3b0bb49c2f82,v2,0.00011048960590833063,0.9996811224489796,4.9490966796875,0.00028816854796722747,0.10306755377321827,5.050310134887695,0.0,0.0,2.6261612701415813,0.02040816326530612,371.85678571725117,7.987168300848508e-08,64.0,0,0,46.52470827102661,44.091655015945435,2.4322123527526855,31.03862977027893,12.536376953125,11.28976559638977,0.3386991024017334,0.6671429209070038,0.26445706036626077,0.2635152339935303,0.266601037979126,0.2863390636444091,71.12456991840945,8437074,8437074,631.8244068622589,37804.67031378321,60,384,64,coral,coral_bce,0.0,session_balanced,adamw,0.0003,0.05,cosine,5,60,5.0,True,full,raw,full_frame,dataset_v1_1,fp16,2,mobilenetv4,1,2,base,a,3b0bb49c2f82,0.84375,0.6666666666666666,0.6203703703703703,0.84375,0.7764756944444444,0.5853658536585366,0.6666666666666666,0.8611111111111112,1.0,0.7560975609756098,62,0.0,0.0,0.0,20,1.0,1.0,1.0,46,0.9118942731277533,0.15625,0.7212543554006968,0.7617263074577288,2.8782313671921624,0.3124999968750002,1.0,1.0,1.0,0.15625,0.15625,0.15625,0.15625,23.74418604651163,99.0,0.0,6426.918912000001,6426.918912,77.09302325581395,78.0,49.95802325581395,86.331,1352.7906976744187,5000.0,4.0,2355.3888834092904,32023.842311507495,0.0,0.0,0.0,473.1043839999999,473.104384,37.0,37.0,9.715372093023255,10.233,300.0,405.0,1.0,455.9217563617258,6347.377571819308,61.474418604651156,68.7,5.086925752558139,5.209485312,20.7,4.256472421209303,4.275195904,29.053923328,0.0,2811.310639771016,0.7809196221586157,0.556795690599093,713.0,782,Tesla T4,16106.12736,70.0,GPU-4d8859c5-136c-374a-089b-73c32dcd32f0,Tesla T4,16106.12736,70.0,GPU-6d7c29a2-e30e-948b-86cf-75bfa141957f,580.159.04,1.0,62,0.0,20,1.0,5,1.0,41
a-mobilenetv4-base-f1-s2,a,mobilenetv4,base,1,2,13,637,40768,1787859677.4136078,1787859724.0370207,2026-08-27T19:41:17Z,2026-08-27T19:42:04Z,acct1,0,b8aaf6,Interactive,3b0bb49c2f82,v2,0.0006243686656280848,0.9996811224489796,4.142822265625,0.0002846097643037037,0.45364354018996594,9.589909553527832,0.0,3.4187572956085135,7.866934013366685,0.04081632653061224,371.863352843519,3.4720114274259865e-07,64.0,0,0,46.59816646575928,44.06132793426514,2.535388946533203,30.92159676551819,12.630122184753418,11.323729515075684,0.3346374034881592,0.6635796880171162,0.2663686275482178,0.264359712600708,0.27736964225769045,0.2925560855865478,71.17352442664874,8437074,8437074,678.4225733280182,40606.22733435137,60,384,64,coral,coral_bce,0.0,session_balanced,adamw,0.0003,0.05,cosine,5,60,5.0,True,full,raw,full_frame,dataset_v1_1,fp16,2,mobilenetv4,1,2,base,a,3b0bb49c2f82,0.84375,0.6666666666666666,0.6203703703703703,0.84375,0.7764756944444444,0.5853658536585366,0.6666666666666666,0.8611111111111112,1.0,0.7560975609756098,62,0.0,0.0,0.0,20,1.0,1.0,1.0,46,0.9118942731277533,0.15625,0.7212543554006968,0.7617263074577288,2.878231397504311,0.3124999409957992,0.9999999701976776,0.9999999977924205,0.9999998211860657,0.1562499701976776,0.1562499701976776,0.1562499701976776,0.1562499701976776,27.069767441860463,99.0,0.0,6426.918912000001,6426.918912,77.04651162790698,79.0,51.23030232558139,97.381,1338.4883720930231,5000.0,4.0,2340.921409440307,34382.457458203855,0.0,0.0,0.0,473.1043839999999,473.104384,37.0,37.0,9.745418604651162,10.238,300.0,405.0,1.0,460.6356111278583,6812.151173063763,61.27906976744187,69.6,5.034022864372093,5.33993472,20.9,4.256813818046511,4.302262272,29.053923328,0.0,2801.557020568165,0.778210283491157,0.5548639321291949,713.0,782,Tesla T4,16106.12736,70.0,GPU-4d8859c5-136c-374a-089b-73c32dcd32f0,Tesla T4,16106.12736,70.0,GPU-6d7c29a2-e30e-948b-86cf-75bfa141957f,580.159.04,1.0,62,0.0,20,1.0,5,1.0,41
a-mobilenetv4-base-f1-s2,a,mobilenetv4,base,1,2,14,686,43904,1787859724.3033426,1787859770.9615633,2026-08-27T19:42:04Z,2026-08-27T19:42:50Z,acct1,0,b8aaf6,Interactive,3b0bb49c2f82,v2,0.010978855297939056,0.998405612244898,0.02232393529266119,0.00028061191156796656,3.036564493817935,115.46018981933594,0.0,9.651164245605436,66.49515258789022,0.08163265306122448,371.85978867812196,2.2914447680365655e-06,64.0,0,0,46.63046956062317,44.191519021987915,2.4371273517608643,31.010688543319702,12.672560453414917,11.445490837097168,0.3380136489868164,0.6650305869856927,0.267170001049431,0.2639474868774414,0.28175740242004393,0.2962849617004394,70.96384259702982,8437074,8437074,725.0530428886414,43408.70964092711,60,384,64,coral,coral_bce,0.0,session_balanced,adamw,0.0003,0.05,cosine,5,60,5.0,True,full,raw,full_frame,dataset_v1_1,fp16,2,mobilenetv4,1,2,base,a,3b0bb49c2f82,0.984375,0.9666666666666667,0.9771651350598719,0.984375,0.9840878237259816,0.9895833333333334,0.9666666666666667,0.9841269841269841,1.0,0.96875,62,0.9473684210526316,0.9,1.0,20,1.0,1.0,1.0,46,0.990632318501171,0.015625,0.9742454728370221,0.9746759091025843,0.04465144381093737,0.027345575000206422,0.9925649925135076,0.9939665945749434,0.9042640626430511,0.008189992513507605,0.015157696325331912,0.8637368083000183,0.015157696325331912,29.204545454545453,99.0,0.0,6426.918912000002,6426.918912,77.11363636363636,78.0,53.541022727272725,90.876,1316.590909090909,5000.0,4.0,2336.809146454536,36740.38866136649,0.0,0.0,0.0,473.10438399999987,473.104384,37.0,37.0,9.925045454545453,10.436,300.0,405.0,1.0,465.67316012120045,7282.214832481628,60.375,72.4,5.045058466909091,5.233758208,20.6,4.255731712,4.255731712,28.940668928,0.0,2802.4823065757364,0.778467307382149,0.5550471901634721,713.0,784,Tesla T4,16106.12736,70.0,GPU-4d8859c5-136c-374a-089b-73c32dcd32f0,Tesla T4,16106.12736,70.0,GPU-6d7c29a2-e30e-948b-86cf-75bfa141957f,580.159.04,1.0,62,0.9,20,1.0,5,1.0,41
a-mobilenetv4-base-f1-s2,a,mobilenetv4,base,1,2,15,735,47040,1787859771.494345,1787859818.1982417,2026-08-27T19:42:51Z,2026-08-27T19:43:38Z,acct1,0,b8aaf6,Interactive,3b0bb49c2f82,v2,0.003833672919824843,0.9987244897959183,2.643372192978859,0.0002761880299246772,0.5526840931377565,13.661386489868164,0.0,3.8352056026458436,10.37747138977048,0.061224489795918366,371.8676722091323,4.104813143546903e-07,64.0,0,0,46.68033313751221,44.18902277946472,2.4903597831726074,31.079126119613647,12.599403619766235,11.329161167144775,0.3450636863708496,0.6657862965129213,0.26588899262097415,0.26424264907836914,0.2700638771057129,0.28591190338134764,70.96785135192772,8437074,8437074,771.7333760261536,46171.62394207988,60,384,64,coral,coral_bce,0.0,session_balanced,adamw,0.0003,0.05,cosine,5,60,5.0,True,full,raw,full_frame,dataset_v1_1,fp16,2,mobilenetv4,1,2,base,a,3b0bb49c2f82,0.84375,0.6666666666666666,0.6203703703703703,0.84375,0.7764756944444444,0.5853658536585366,0.6666666666666666,0.8611111111111112,1.0,0.7560975609756098,62,0.0,0.0,0.0,20,1.0,1.0,1.0,46,0.9118942731277533,0.15625,0.7212543554006968,0.7617263074577288,2.8782327260873526,0.31249999725707256,0.9999986412003636,0.9999983895708013,1.0,0.15624864120036364,0.15624864120036364,0.15624864120036364,0.15624864120036364,26.325581395348838,99.0,0.0,6426.918912000001,6426.918912,77.11627906976744,78.0,50.17641860465115,74.964,1327.6744186046512,5000.0,4.0,2290.8937919142845,39064.248412190995,0.0,0.0,0.0,473.1043839999999,473.104384,37.0,37.0,10.080906976744187,10.926,300.0,405.0,1.0,472.02050923848583,7761.779130748282,60.86279069767442,72.0,5.030499351813955,5.210914816,20.6,4.257594153674418,4.335816704,29.053923328,0.0,2762.9143011527703,0.7674761947646584,0.5472105268672014,713.0,784,Tesla T4,16106.12736,70.0,GPU-4d8859c5-136c-374a-089b-73c32dcd32f0,Tesla T4,16106.12736,70.0,GPU-6d7c29a2-e30e-948b-86cf-75bfa141957f,580.159.04,1.0,62,0.0,20,1.0,5,1.0,41
a-mobilenetv4-base-f1-s2,a,mobilenetv4,base,1,2,16,784,50176,1787859818.4677317,1787859865.4852777,2026-08-27T19:43:38Z,2026-08-27T19:44:25Z,acct1,0,b8aaf6,Interactive,3b0bb49c2f82,v2,0.019054580719287884,0.9990433673469388,4.427490234375001,0.0002713525491562421,1.7215036083834905,63.87419891357422,0.0,2.353968548774697,41.1573471069334,0.04081632653061224,371.871588219979,1.2561712357551715e-06,64.0,0,0,46.98451089859009,44.49435591697693,2.4882168769836426,31.349281787872314,12.577580213546753,11.243475437164307,0.38465428352355957,0.6672258833455909,0.2663751718949299,0.26363039016723633,0.27718491554260255,0.29976600646972656,70.48084943293789,8437074,8437074,818.7178869247437,48984.33742546573,60,384,64,coral,coral_bce,0.0,session_balanced,adamw,0.0003,0.05,cosine,5,60,5.0,True,full,raw,full_frame,dataset_v1_1,fp16,2,mobilenetv4,1,2,base,a,3b0bb49c2f82,0.84375,0.6666666666666666,0.6203703703703703,0.84375,0.7764756944444444,0.5853658536585366,0.6666666666666666,0.8611111111111112,1.0,0.7560975609756098,62,0.0,0.0,0.0,20,1.0,1.0,1.0,46,0.9118942731277533,0.15625,0.7212543554006968,0.7617263074577288,2.8782313671921624,0.3124999968750002,1.0,1.0,1.0,0.15625,0.15625,0.15625,0.15625,27.40909090909091,99.0,0.0,6426.918912000002,6426.918912,76.95454545454545,78.0,49.39129545454545,95.47,1387.840909090909,5000.0,4.0,2345.4978063574235,41421.59437693512,0.0,0.0,0.0,473.10438399999987,473.104384,37.0,37.0,9.91893181818182,10.53,300.0,405.0,1.0,467.2156770284246,8232.409383234042,60.75681818181818,71.7,5.001394269090908,5.189926912,20.5,4.255731712,4.255731712,28.940668928,0.0,2812.713483385848,0.7813093009405133,0.557073531570586,713.0,788,Tesla T4,16106.12736,70.0,GPU-4d8859c5-136c-374a-089b-73c32dcd32f0,Tesla T4,16106.12736,70.0,GPU-6d7c29a2-e30e-948b-86cf-75bfa141957f,580.159.04,1.0,62,0.0,20,1.0,5,1.0,41
a-mobilenetv4-base-f1-s2,a,mobilenetv4,base,1,2,17,833,53312,1787859865.7570214,1787859912.2306588,2026-08-27T19:44:25Z,2026-08-27T19:45:12Z,acct1,0,b8aaf6,Interactive,3b0bb49c2f82,v2,0.003106385167110725,0.9987244897959183,1.3285701274871826,0.00026612124159586237,0.47292907901682457,7.93132209777832,1.1546752887170442e-07,3.460276937484735,7.675129165649412,0.04081632653061224,371.87255642158965,3.384398001988142e-07,64.0,0,0,46.451228618621826,44.075546741485596,2.3747477531433105,30.895235300064087,12.662059307098389,11.295467615127563,0.3394184112548828,0.665111262260101,0.26710910213236905,0.2642669677734375,0.2765550136566162,0.29756294250488274,71.15056378979132,8437074,8437074,865.1691155433655,51723.778804042,60,384,64,coral,coral_bce,0.0,session_balanced,adamw,0.0003,0.05,cosine,5,60,5.0,True,full,raw,full_frame,dataset_v1_1,fp16,2,mobilenetv4,1,2,base,a,3b0bb49c2f82,0.84375,0.6666666666666666,0.6203703703703703,0.84375,0.7764756944444444,0.5853658536585366,0.6666666666666666,0.8611111111111112,1.0,0.7560975609756098,62,0.0,0.0,0.0,20,1.0,1.0,1.0,46,0.9118942731277533,0.15625,0.7212543554006968,0.7617263074577288,2.778619646628447,0.3124289021100489,0.9999645352363586,1.0,0.9997730255126953,0.15621453523635864,0.15621453523635864,0.15621453523635864,0.15621453523635864,27.348837209302324,99.0,0.0,6426.918912000001,6426.918912,77.0,79.0,50.404790697674414,90.06,1316.5116279069769,5000.0,4.0,2280.995963691479,43725.93896595156,0.0,0.0,0.0,473.1043839999999,473.104384,37.0,37.0,9.778186046511628,10.238,300.0,405.0,1.0,458.4454148847908,8696.199786864285,60.8906976744186,71.5,4.874303440372094,4.980461568,20.0,4.260386292093023,4.35357696,29.053923328,0.0,2739.44137857627,0.7609559384934084,0.5425615841458001,713.0,780,Tesla T4,16106.12736,70.0,GPU-4d8859c5-136c-374a-089b-73c32dcd32f0,Tesla T4,16106.12736,70.0,GPU-6d7c29a2-e30e-948b-86cf-75bfa141957f,580.159.04,1.0,62,0.0,20,1.0,5,1.0,41
a-mobilenetv4-base-f1-s2,a,mobilenetv4,base,1,2,18,882,56448,1787859912.5006676,1787859958.9576044,2026-08-27T19:45:12Z,2026-08-27T19:45:58Z,acct1,0,b8aaf6,Interactive,3b0bb49c2f82,v2,0.010327280595964562,0.9987244897959183,4.0762939453125,0.0002605111706814607,1.4593524418897723,48.561981201171875,1.7986852185458702e-07,3.6388775348663027,33.24910247802722,0.061224489795918366,371.87219864063655,1.0223340557946426e-06,64.0,0,0,46.42625546455383,43.89601445198059,2.529263496398926,30.82503366470337,12.566276550292969,11.296072244644165,0.32482337951660156,0.6639569217086245,0.26486370028281697,0.26308631896972656,0.2701467037200928,0.2882507705688476,71.44156568999178,8437074,8437074,911.5953710079193,54470.42041597903,60,384,64,coral,coral_bce,0.0,session_balanced,adamw,0.0003,0.05,cosine,5,60,5.0,True,full,raw,full_frame,dataset_v1_1,fp16,2,mobilenetv4,1,2,base,a,3b0bb49c2f82,0.84375,0.6666666666666666,0.6203703703703703,0.84375,0.7764756944444444,0.5853658536585366,0.6666666666666666,0.8611111111111112,1.0,0.7560975609756098,62,0.0,0.0,0.0,20,1.0,1.0,1.0,46,0.9118942731277533,0.15625,0.7212543554006968,0.7617263074577288,2.8782313671921624,0.3124999968750002,1.0,1.0,1.0,0.15625,0.15625,0.15625,0.15625,26.372093023255815,99.0,0.0,6426.918912000001,6426.918912,76.69767441860465,78.0,49.322162790697675,93.919,1315.1162790697674,5000.0,4.0,2291.372284816025,46036.982413442245,0.0,0.0,0.0,473.1043839999999,473.104384,37.0,37.0,9.791651162790698,10.629,300.0,405.0,1.0,455.2693271210064,9156.759630725373,60.97906976744185,69.7,4.925507631627907,5.105844224,20.2,4.255731712,4.255731712,28.940668928,0.0,2746.6416119370315,0.7629560033158421,0.5439876303641954,713.0,776,Tesla T4,16106.12736,70.0,GPU-4d8859c5-136c-374a-089b-73c32dcd32f0,Tesla T4,16106.12736,70.0,GPU-6d7c29a2-e30e-948b-86cf-75bfa141957f,580.159.04,1.0,62,0.0,20,1.0,5,1.0,41
a-mobilenetv4-base-f1-s2,a,mobilenetv4,base,1,2,19,931,59584,1787859959.2398477,1787860005.3480122,2026-08-27T19:45:59Z,2026-08-27T19:46:45Z,acct1,0,b8aaf6,Interactive,3b0bb49c2f82,v2,0.0023141304082626066,0.9993622448979592,0.23092454858124256,0.00025454063529829405,1.586369144632986,67.17024230957031,0.0,0.052258992195129236,39.94085098266579,0.04081632653061224,371.8684388421811,1.0858555545873042e-06,64.0,0,0,46.085256814956665,43.6564679145813,2.427812337875366,30.499480485916138,12.651873111724854,11.391617774963379,0.3391551971435547,0.6618055880295699,0.2667750582403066,0.2654721736907959,0.26954188346862795,0.2925569725036621,71.83357128515138,8437074,8437074,957.680627822876,57218.73954650723,60,384,64,coral,coral_bce,0.0,session_balanced,adamw,0.0003,0.05,cosine,5,60,5.0,True,full,raw,full_frame,dataset_v1_1,fp16,2,mobilenetv4,1,2,base,a,3b0bb49c2f82,0.7890625,0.8548387096774194,0.7728881366364057,0.7890625,0.8022075511617173,0.8085106382978724,0.8548387096774194,0.7216494845360826,0.5645161290322581,1.0,62,0.5970149253731344,1.0,0.425531914893617,20,1.0,1.0,1.0,46,0.8591916558018253,0.2109375,0.690267072952142,0.7390750980483229,0.46184891443102766,0.27654806408034266,0.8972440734505653,0.9376543730792433,0.7460796192840293,0.10818157345056534,0.12553662713617086,0.5646786349160331,0.12553662713617086,25.186046511627907,99.0,0.0,6426.918912000001,6426.918912,77.53488372093024,79.0,50.36523255813953,92.331,1351.3953488372092,5000.0,4.0,2294.087082293736,48349.385857420544,0.0,0.0,0.0,473.1043839999999,473.104384,37.04651162790697,38.0,9.755023255813954,10.728,300.0,405.0,1.0,454.2320482344676,9615.568606442683,61.060465116279076,72.1,4.780187552744186,4.9782784,19.8,4.255731712,4.255731712,29.053915136,0.0,2748.3191305282035,0.7634219807022787,0.5443198722407248,713.0,774,Tesla T4,16106.12736,70.0,GPU-4d8859c5-136c-374a-089b-73c32dcd32f0,Tesla T4,16106.12736,70.0,GPU-6d7c29a2-e30e-948b-86cf-75bfa141957f,580.159.04,0.5645161290322581,62,1.0,20,1.0,5,1.0,41
a-mobilenetv4-base-f1-s2,a,mobilenetv4,base,1,2,20,980,62720,1787860005.6212118,1787860052.1847456,2026-08-27T19:46:45Z,2026-08-27T19:47:32Z,acct1,0,b8aaf6,Interactive,3b0bb49c2f82,v2,2.994591241366392e-06,1.0,0.024353567510843277,0.00024822911009179276,0.0029102853413384804,0.08226776868104935,1.9333616307903867e-07,0.001714654848910856,0.07023324579000463,0.0,371.8595500450344,1.9427161150121094e-09,64.0,0,0,46.53951811790466,44.07735323905945,2.46069073677063,31.056792974472046,12.50684380531311,11.242714643478394,0.34084558486938477,0.667320896958834,0.26389212024455166,0.26198339462280273,0.27033576965332035,0.2879493713378906,71.14764770451353,8437074,8437074,1004.2201459407806,60013.39792265782,60,384,64,coral,coral_bce,0.0,session_balanced,adamw,0.0003,0.05,cosine,5,60,5.0,True,full,raw,full_frame,dataset_v1_1,fp16,2,mobilenetv4,1,2,base,a,3b0bb49c2f82,0.96875,0.9672043010752688,0.9573250065053344,0.96875,0.969237900078064,0.9489898989898989,0.9672043010752688,0.9672131147540983,0.9516129032258065,0.9833333333333333,62,0.9047619047619048,0.95,0.8636363636363636,20,1.0,1.0,1.0,46,0.9809976247030879,0.03125,0.9493470518401267,0.9497526521496293,0.048707126827387495,0.028951445564700702,0.9671325404196978,0.9798754035465179,0.5721037834882736,-0.0016174595803022385,0.031842910684645155,0.550762673219045,0.031842910684645155,24.25581395348837,99.0,0.0,6426.918912000001,6426.918912,76.46511627906976,78.0,51.627465116279076,99.539,1365.0,5000.0,4.0,2339.320993529531,50707.562767042946,0.0,0.0,0.0,473.1043839999999,473.104384,37.0,37.0,9.734186046511631,10.135,300.0,405.0,1.0,455.3373826210627,10075.20736729694,61.46976744186046,73.0,4.895798486325582,5.04408064,20.2,4.259531275906977,4.343681024,29.053923328,0.0,2794.6583761505935,0.7762939933751649,0.5534976172764925,713.0,782,Tesla T4,16106.12736,70.0,GPU-4d8859c5-136c-374a-089b-73c32dcd32f0,Tesla T4,16106.12736,70.0,GPU-6d7c29a2-e30e-948b-86cf-75bfa141957f,580.159.04,0.9516129032258065,62,0.95,20,1.0,5,1.0,41
a-mobilenetv4-base-f1-s2,a,mobilenetv4,base,1,2,21,1029,65856,1787860052.714496,1787860099.747986,2026-08-27T19:47:32Z,2026-08-27T19:48:19Z,acct1,0,b8aaf6,Interactive,3b0bb49c2f82,v2,1.1726898793048497e-05,1.0,0.08996362247398793,0.00024159718194531572,0.017115582911898887,0.8094284534454346,1.176062980334791e-07,0.005627614725381098,0.430164054930207,0.0,371.850151800331,1.1120276753541697e-08,64.0,0,0,47.01038861274719,44.515326261520386,2.494086503982544,31.409259796142578,12.59626317024231,11.296154975891113,0.33888745307922363,0.6681344426841377,0.2657373097478127,0.26351141929626465,0.274852991104126,0.2944338989257812,70.44764721202995,8437074,8437074,1051.2305345535278,62792.954050146174,60,384,64,coral,coral_bce,0.0,session_balanced,adamw,0.0003,0.05,cosine,5,60,5.0,True,full,raw,full_frame,dataset_v1_1,fp16,2,mobilenetv4,1,2,base,a,3b0bb49c2f82,0.953125,0.9,0.9257918552036198,0.953125,0.9500707013574661,0.9705882352941176,0.9,0.9538461538461539,1.0,0.9117647058823529,62,0.8235294117647058,0.7,1.0,20,1.0,1.0,1.0,46,0.9722863741339491,0.046875,0.9214081047891937,0.9252200062090408,0.17992726760173972,0.08905558227929937,0.9868251620791852,0.9889333130883389,0.9439594248930613,0.03370016207918525,0.043759233783930596,0.41525453329086304,0.043759233783930596,31.977272727272727,99.0,0.0,6426.918912000002,6426.918912,77.22727272727273,79.0,49.206909090909086,73.744,1299.8863636363637,5000.0,4.0,2317.9171633371952,53052.92300378398,0.0,0.0,0.0,473.10438399999987,473.104384,37.0,37.0,9.747431818181818,10.431,300.0,405.0,1.0,461.63896415115596,10543.20205120899,60.95454545454547,70.1,4.880799837090908,5.082374144,20.1,4.259304541090908,4.294402048,29.053923328,0.0,2779.556127488351,0.7720989243023197,0.550506533027554,713.0,788,Tesla T4,16106.12736,70.0,GPU-4d8859c5-136c-374a-089b-73c32dcd32f0,Tesla T4,16106.12736,70.0,GPU-6d7c29a2-e30e-948b-86cf-75bfa141957f,580.159.04,1.0,62,0.7,20,1.0,5,1.0,41
a-mobilenetv4-base-f1-s2,a,mobilenetv4,base,1,2,22,1078,68992,1787860100.0181653,1787860146.2743967,2026-08-27T19:48:20Z,2026-08-27T19:49:06Z,acct1,0,b8aaf6,Interactive,3b0bb49c2f82,v2,7.19475665833035e-06,1.0,0.0522307688370347,0.00023466648283001538,0.00841046836372348,0.23147833347320557,0.0,0.03393207937479013,0.17548944473266556,0.0,371.84121988658575,5.307789788528777e-09,64.0,0,0,46.23152542114258,43.79373002052307,2.4367213249206543,30.689016819000244,12.585720777511597,11.348200559616089,0.3430650234222412,0.6638114693262005,0.2655514308384487,0.2640061378479004,0.2703264713287354,0.2962290000915527,71.60842427741083,8437074,8437074,1097.4620599746704,65542.65346888005,60,384,64,coral,coral_bce,0.0,session_balanced,adamw,0.0003,0.05,cosine,5,60,5.0,True,full,raw,full_frame,dataset_v1_1,fp16,2,mobilenetv4,1,2,base,a,3b0bb49c2f82,0.9609375,0.9166666666666666,0.9394610557401255,0.9609375,0.9589043466223699,0.9751243781094527,0.9166666666666666,0.9612403100775194,1.0,0.9253731343283582,62,0.8571428571428571,0.75,1.0,20,1.0,1.0,1.0,46,0.9768250289687138,0.0390625,0.9347870389239862,0.9374445494822329,0.10446153424380954,0.0638208582069111,0.9767807512544096,0.9825221552112238,0.8355422139167785,0.01584325125440955,0.03370920242741707,0.7549149990081787,0.03370920242741707,26.27906976744186,99.0,2.0,6426.918912000001,6426.918912,77.0,78.0,50.384906976744176,93.279,1338.4883720930231,5000.0,4.0,2293.47990058663,55358.36007828075,0.0,0.0,0.0,473.1043839999999,473.104384,37.0,37.0,9.853767441860464,10.634,300.0,405.0,1.0,456.21951814723434,11002.685443854112,61.54418604651163,71.8,4.989929424372093,5.239758848,20.6,4.258488319999999,4.25848832,28.940668928,0.0,2749.699418733864,0.7638053940927401,0.5445932459881236,713.0,778,Tesla T4,16106.12736,70.0,GPU-4d8859c5-136c-374a-089b-73c32dcd32f0,Tesla T4,16106.12736,70.0,GPU-6d7c29a2-e30e-948b-86cf-75bfa141957f,580.159.04,1.0,62,0.75,20,1.0,5,1.0,41
a-mobilenetv4-base-f1-s2,a,mobilenetv4,base,1,2,23,1127,72128,1787860146.5624685,1787860192.52099,2026-08-27T19:49:06Z,2026-08-27T19:49:52Z,acct1,0,b8aaf6,Interactive,3b0bb49c2f82,v2,4.684932084710135e-09,1.0,0.08017218485474586,0.00022745961924584428,4.295683418590392e-07,7.22391177987447e-06,0.0,1.6509326997038436e-06,5.016608847654406e-06,0.0,371.83263152772315,2.62778043653333e-13,64.0,0,0,45.926931858062744,43.47252082824707,2.452714204788208,30.42333674430847,12.530937433242798,11.279595136642456,0.3373863697052002,0.6624291132342967,0.264435811918609,0.2635033130645752,0.26654343605041503,0.2895737552642821,72.13752366442772,8437074,8437074,1143.3889918327332,68312.07818501821,60,384,64,coral,coral_bce,0.0,session_balanced,adamw,0.0003,0.05,cosine,5,60,5.0,True,full,raw,full_frame,dataset_v1_1,fp16,2,mobilenetv4,1,2,base,a,3b0bb49c2f82,0.953125,0.9,0.9257918552036198,0.953125,0.9500707013574661,0.9705882352941176,0.9,0.9538461538461539,1.0,0.9117647058823529,62,0.8235294117647058,0.7,1.0,20,1.0,1.0,1.0,46,0.9722863741339491,0.046875,0.9214081047891937,0.9252200062090408,0.160344354339586,0.08384361258466524,0.9879053561016917,0.9911633324427683,0.9216598371664683,0.03478035610169172,0.04721948597580193,0.710427463054657,0.04721948597580193,24.953488372093023,97.0,0.0,6426.918912000001,6426.918912,76.97674418604652,78.0,49.61555813953488,82.402,1397.4418604651162,5000.0,4.0,2321.298108101888,57702.73210305415,0.0,0.0,0.0,473.1043839999999,473.104384,37.0,37.0,9.773302325581394,10.728,300.0,405.0,1.0,448.12660803627114,11456.2088801272,61.753488372093024,70.1,4.927427226790698,5.182783488,20.4,4.258488319999999,4.25848832,28.940668928,0.0,2769.424716138159,0.7692846433717109,0.5484999507240298,713.0,768,Tesla T4,16106.12736,70.0,GPU-4d8859c5-136c-374a-089b-73c32dcd32f0,Tesla T4,16106.12736,70.0,GPU-6d7c29a2-e30e-948b-86cf-75bfa141957f,580.159.04,1.0,62,0.7,20,1.0,5,1.0,41
a-mobilenetv4-base-f1-s2,a,mobilenetv4,base,1,2,24,1176,75264,1787860192.7900264,1787860238.5864122,2026-08-27T19:49:52Z,2026-08-27T19:50:38Z,acct1,0,b8aaf6,Interactive,3b0bb49c2f82,v2,1.0080491367345144e-08,1.0,0.12502604722976685,0.00022000009848385105,1.785370536146163e-06,4.780200106324628e-05,0.0,3.465099734967221e-06,3.7918363814242104e-05,0.0,371.8239270970893,1.056364760731926e-12,64.0,0,0,45.773059129714966,43.30333733558655,2.468736410140991,30.290157794952393,12.515991449356079,11.239283561706543,0.3366389274597168,0.6617464152682909,0.26390204624253877,0.2632572650909424,0.2654738903045654,0.2853983402252196,72.41936056098949,8437074,8437074,1189.1620509624481,71055.5712463485,60,384,64,coral,coral_bce,0.0,session_balanced,adamw,0.0003,0.05,cosine,5,60,5.0,True,full,raw,full_frame,dataset_v1_1,fp16,2,mobilenetv4,1,2,base,a,3b0bb49c2f82,0.9375,0.8666666666666667,0.8964646464646465,0.9375,0.9315814393939393,0.9619047619047619,0.8666666666666667,0.9393939393939393,1.0,0.8857142857142857,62,0.7499999999999999,0.6,1.0,20,1.0,1.0,1.0,46,0.963302752293578,0.0625,0.8943022295623452,0.9010279591775912,0.25005209541419354,0.10979210007435791,0.9827083684504032,0.9886079693833987,0.894214354455471,0.045208368450403214,0.0575486207380891,0.9139841198921204,0.0575486207380891,28.767441860465116,99.0,0.0,6426.918912000001,6426.918912,76.83720930232558,78.0,47.979093023255814,68.123,1384.1860465116279,5000.0,4.0,2294.8598752491307,60018.58938343367,0.0,0.0,0.0,473.1043839999999,473.104384,37.0,37.0,9.741255813953488,10.238,300.0,405.0,1.0,448.6331860811606,11909.513060877322,61.43255813953488,71.7,4.901603661395349,5.194211328,20.4,4.258488319999999,4.25848832,29.053915136,0.0,2743.4930613302913,0.7620814059250809,0.5433640424245827,713.0,768,Tesla T4,16106.12736,70.0,GPU-4d8859c5-136c-374a-089b-73c32dcd32f0,Tesla T4,16106.12736,70.0,GPU-6d7c29a2-e30e-948b-86cf-75bfa141957f,580.159.04,1.0,62,0.6,20,1.0,5,1.0,41
a-mobilenetv4-base-f1-s2,a,mobilenetv4,base,1,2,25,1225,78400,1787860238.8502495,1787860284.832468,2026-08-27T19:50:38Z,2026-08-27T19:51:24Z,acct1,0,b8aaf6,Interactive,3b0bb49c2f82,v2,1.4162197807254132e-08,1.0,0.2478933073580265,0.00021231225195028297,3.352765408034689e-06,6.981846672715619e-05,0.0,1.3278319966047927e-05,6.588218529941511e-05,0.0,371.8155235242837,1.914479436720892e-12,64.0,0,0,45.95617485046387,43.38800930976868,2.5666229724884033,30.330618381500244,12.538974285125732,11.287926435470581,0.34719347953796387,0.6599900553123188,0.26467116998166457,0.26378464698791504,0.26626157760620117,0.29057470321655254,72.278033721495,8437074,8437074,1235.118225812912,73784.1744398564,60,384,64,coral,coral_bce,0.0,session_balanced,adamw,0.0003,0.05,cosine,5,60,5.0,True,full,raw,full_frame,dataset_v1_1,fp16,2,mobilenetv4,1,2,base,a,3b0bb49c2f82,0.90625,0.7999999999999999,0.8277310924369748,0.90625,0.8902967436974791,0.9459459459459459,0.7999999999999999,0.911764705882353,1.0,0.8378378378378378,62,0.5714285714285715,0.4,1.0,20,1.0,1.0,1.0,46,0.9457013574660633,0.09375,0.838655462184874,0.8535768548998458,0.4957865865416684,0.17956685556468674,0.9863342228345573,0.9889980220589144,0.9605841636657715,0.0800842228345573,0.09570201626047489,0.9047427475452423,0.09570201626047489,27.86046511627907,99.0,0.0,6426.918912000001,6426.918912,77.18604651162791,79.0,49.566767441860456,88.661,1327.6744186046512,5000.0,4.0,2278.5644444560967,62317.65537855443,0.0,0.0,0.0,473.1043839999999,473.104384,37.0,37.0,9.699534883720931,10.629,300.0,405.0,1.0,450.0387490518151,12364.415753823048,60.916279069767434,71.8,4.89858109916279,5.164376064,20.3,4.258488319999999,4.25848832,28.940668928,0.0,2728.603193507912,0.7579453315299755,0.5404150213808725,713.0,772,Tesla T4,16106.12736,70.0,GPU-4d8859c5-136c-374a-089b-73c32dcd32f0,Tesla T4,16106.12736,70.0,GPU-6d7c29a2-e30e-948b-86cf-75bfa141957f,580.159.04,1.0,62,0.4,20,1.0,5,1.0,41
a-mobilenetv4-base-f1-s2,a,mobilenetv4,base,1,2,26,1274,81536,1787860285.1042163,1787860330.71599,2026-08-27T19:51:25Z,2026-08-27T19:52:10Z,acct1,0,b8aaf6,Interactive,3b0bb49c2f82,v2,3.680083715889549e-09,1.0,0.13976017013192177,0.00020442115580259613,2.935304317069105e-07,2.966355623357231e-06,0.0,1.562126067256027e-06,2.5145813015114943e-06,0.0,371.8074323186689,1.6138415990924447e-13,64.0,0,0,45.58758234977722,43.124024629592896,2.4626195430755615,30.076367616653442,12.538880109786987,11.279699563980103,0.33933544158935547,0.6597491261082509,0.2644399672138448,0.2635934352874756,0.2656749725341797,0.2915204715728758,72.72048531963759,8437074,8437074,1280.7058081626892,76511.35707491406,60,384,64,coral,coral_bce,0.0,session_balanced,adamw,0.0003,0.05,cosine,5,60,5.0,True,full,raw,full_frame,dataset_v1_1,fp16,2,mobilenetv4,1,2,base,a,3b0bb49c2f82,0.90625,0.7999999999999999,0.8277310924369748,0.90625,0.8902967436974791,0.9459459459459459,0.7999999999999999,0.911764705882353,1.0,0.8378378378378378,62,0.5714285714285715,0.4,1.0,20,1.0,1.0,1.0,46,0.9457013574660633,0.09375,0.838655462184874,0.8535768548998458,0.2795203450296487,0.13642419841099823,0.9788574925623834,0.9943623481125667,0.8289772222439448,0.07260749256238341,0.07625454897060989,0.6314288179079691,0.07625454897060989,28.674418604651162,99.0,0.0,6426.918912000001,6426.918912,77.02325581395348,78.0,50.63967441860465,68.709,1309.8837209302326,5000.0,4.0,2280.0141835768154,64613.2860374039,0.0,0.0,0.0,473.1043839999999,473.104384,37.0,37.0,9.750023255813954,10.53,300.0,405.0,1.0,447.1684514808476,12815.621084497201,62.00232558139535,71.9,4.993225751813953,5.17666816,20.4,4.261502975999999,4.361838592,29.053923328,0.0,2727.182635057663,0.757550731960462,0.5401336718878094,713.0,766,Tesla T4,16106.12736,70.0,GPU-4d8859c5-136c-374a-089b-73c32dcd32f0,Tesla T4,16106.12736,70.0,GPU-6d7c29a2-e30e-948b-86cf-75bfa141957f,580.159.04,1.0,62,0.4,20,1.0,5,1.0,41
a-mobilenetv4-base-f1-s2,a,mobilenetv4,base,1,2,27,1323,84672,1787860330.9813585,1787860377.5185857,2026-08-27T19:52:10Z,2026-08-27T19:52:57Z,acct1,0,b8aaf6,Interactive,3b0bb49c2f82,v2,8.072614298860154e-05,1.0,0.08597213216125965,0.0001963525491562421,0.06382212930676126,3.0769357681274414,9.207478512962552e-08,4.063897813466592e-06,1.6241662806272386,0.0,371.7994877434596,3.370536591650354e-08,64.0,0,0,46.5096001625061,44.000919818878174,2.507570505142212,30.969593286514282,12.529131650924683,11.304736137390137,0.3332245349884033,0.6658752854960155,0.2641849371851707,0.2632126808166504,0.26667113304138185,0.2865291786193847,71.27123734932762,8437074,8437074,1327.2154083251953,79275.33482860336,60,384,64,coral,coral_bce,0.0,session_balanced,adamw,0.0003,0.05,cosine,5,60,5.0,True,full,raw,full_frame,dataset_v1_1,fp16,2,mobilenetv4,1,2,base,a,3b0bb49c2f82,0.9453125,0.8833333333333333,0.9114812244583237,0.9453125,0.9409734270182744,0.966183574879227,0.8833333333333333,0.9465648854961832,1.0,0.8985507246376812,62,0.787878787878788,0.65,1.0,20,1.0,1.0,1.0,46,0.9677790563866513,0.0546875,0.9079136690647482,0.9130823147600624,0.17194425864386675,0.08912708114289307,0.9835166251286864,0.989941056109657,0.8724657467433384,0.03820412512868643,0.05430867150425906,0.6858443021774292,0.05430867150425906,26.511627906976745,99.0,0.0,6426.918912000001,6426.918912,77.02325581395348,78.0,48.48846511627908,70.378,1346.5116279069769,5000.0,4.0,2307.051755154127,66938.3239855016,0.0,0.0,0.0,473.1043839999999,473.104384,37.0,37.0,9.745651162790699,10.332,300.0,405.0,1.0,456.92599853516913,13276.491670402289,61.07674418604652,71.2,5.01242722827907,5.167648768,20.4,4.260087093581395,4.327235584,29.053923328,0.0,2763.977753689296,0.7677715982470267,0.54742114955013,713.0,782,Tesla T4,16106.12736,70.0,GPU-4d8859c5-136c-374a-089b-73c32dcd32f0,Tesla T4,16106.12736,70.0,GPU-6d7c29a2-e30e-948b-86cf-75bfa141957f,580.159.04,1.0,62,0.65,20,1.0,5,1.0,41
a-mobilenetv4-base-f1-s2,a,mobilenetv4,base,1,2,28,1372,87808,1787860377.821877,1787860423.3096855,2026-08-27T19:52:57Z,2026-08-27T19:53:43Z,acct1,0,b8aaf6,Interactive,3b0bb49c2f82,v2,0.0037701353327239673,0.9987244897959183,0.31179333478212357,0.00018813275012902306,0.6870607290426316,21.356182098388672,0.0,1.7641040742397165,15.562830352783156,0.04081632653061224,371.79716244485115,3.4765898591174653e-07,64.0,0,0,45.46315860748291,43.07979702949524,2.3824546337127686,29.90434741973877,12.634990930557251,11.38230586051941,0.36353063583374023,0.6577710026248974,0.2669187370611697,0.26423048973083496,0.2750841617584229,0.30351361274719224,72.79514334417337,8437074,8437074,1372.6785669326782,82012.35826866083,60,384,64,coral,coral_bce,0.0,session_balanced,adamw,0.0003,0.05,cosine,5,60,5.0,True,full,raw,full_frame,dataset_v1_1,fp16,2,mobilenetv4,1,2,base,a,3b0bb49c2f82,0.8515625,0.6833333333333332,0.6541236541236541,0.8515625,0.7942734348984349,0.9218106995884773,0.6833333333333332,0.8671328671328672,1.0,0.7654320987654321,62,0.09523809523809523,0.05,1.0,20,1.0,1.0,1.0,46,0.9160220994475138,0.1484375,0.7363971385215695,0.7730196098938013,0.6235869452632248,0.27003295316017817,0.9886792283505201,0.9960557287986126,0.9463614099904111,0.13711672835052013,0.14363567065447563,0.9082879622777303,0.14363567065447563,28.714285714285715,99.0,0.0,6426.918912000001,6426.918912,77.19047619047619,78.0,52.48180952380953,88.743,1336.0714285714287,5000.0,4.0,2284.6482389347075,69238.2506031964,0.0,0.0,0.0,473.1043839999999,473.104384,37.0,37.0,9.888809523809524,10.431,300.0,405.0,1.0,452.37520112276434,13732.780965856318,62.08809523809524,72.1,5.017202883047618,5.211209728,20.7,4.260332690285713,4.335951872,29.053923328,0.0,2737.023440057472,0.7602842889048533,0.5420826979891603,713.0,766,Tesla T4,16106.12736,70.0,GPU-4d8859c5-136c-374a-089b-73c32dcd32f0,Tesla T4,16106.12736,70.0,GPU-6d7c29a2-e30e-948b-86cf-75bfa141957f,580.159.04,1.0,62,0.05,20,1.0,5,1.0,41
a-mobilenetv4-base-f1-s2,a,mobilenetv4,base,1,2,29,1421,90944,1787860423.5758033,1787860470.699881,2026-08-27T19:53:43Z,2026-08-27T19:54:30Z,acct1,0,b8aaf6,Interactive,3b0bb49c2f82,v2,1.4660415688657726e-08,1.0,0.5426293015480042,0.0001797885699968618,1.997936466899105e-06,4.056512261740863e-05,0.0,1.0526100959395933e-05,3.756309859454629e-05,0.0,371.79038996268065,9.661522998602214e-13,64.0,0,0,47.096206188201904,44.45039963722229,2.6443018913269043,31.42180371284485,12.507734060287476,11.227616310119629,0.3496971130371094,0.6671833308033279,0.2640620299748012,0.26374244689941406,0.26578760147094727,0.2872299766540526,70.55054680259718,8437074,8437074,1419.7747731208801,84834.64500977586,60,384,64,coral,coral_bce,0.0,session_balanced,adamw,0.0003,0.05,cosine,5,60,5.0,True,full,raw,full_frame,dataset_v1_1,fp16,2,mobilenetv4,1,2,base,a,3b0bb49c2f82,0.84375,0.6666666666666666,0.6203703703703703,0.84375,0.7764756944444444,0.5853658536585366,0.6666666666666666,0.8611111111111112,1.0,0.7560975609756098,62,0.0,0.0,0.0,20,1.0,1.0,1.0,46,0.9118942731277533,0.15625,0.7212543554006968,0.7617263074577288,1.085258657712262,0.3080704052046054,0.9988544755615294,0.9999962620161198,0.9926888287067414,0.1551044755615294,0.15510447556152934,0.9076402187347412,0.15510447556152934,29.204545454545453,99.0,0.0,6426.918912000002,6426.918912,77.02272727272727,79.0,49.78554545454546,75.108,1323.0681818181818,5000.0,4.0,2349.89106657714,71606.54903065678,0.0,0.0,0.0,473.10438399999987,473.104384,37.0,37.0,9.934113636363636,10.827,300.0,405.0,1.0,472.3956745378946,14209.294859820366,60.55227272727273,69.5,5.059497984,5.229441024,20.5,4.2588189789090904,4.273037312,29.053923328,0.0,2822.2867411150346,0.7839685391986208,0.5589695684486166,713.0,790,Tesla T4,16106.12736,70.0,GPU-4d8859c5-136c-374a-089b-73c32dcd32f0,Tesla T4,16106.12736,70.0,GPU-6d7c29a2-e30e-948b-86cf-75bfa141957f,580.159.04,1.0,62,0.0,20,1.0,5,1.0,41
a-mobilenetv4-base-f1-s2,a,mobilenetv4,base,1,2,30,1470,94080,1787860470.9756773,1787860517.9908698,2026-08-27T19:54:30Z,2026-08-27T19:55:17Z,acct1,0,b8aaf6,Interactive,3b0bb49c2f82,v2,1.0792144607394356e-08,1.0,0.275129571557045,0.00017134722574099276,1.3015840505891086e-06,3.2843396184034646e-05,0.0,7.582567150166136e-07,2.9535757494159016e-05,0.0,371.7835928991491,5.998726689309967e-13,64.0,0,0,46.98810625076294,44.457098960876465,2.5299720764160156,31.336984157562256,12.598555564880371,11.315301656723022,0.3526468276977539,0.6669131118058933,0.26603179561848544,0.26375365257263184,0.26878933906555175,0.2929709529876709,70.53991540833042,8437074,8437074,1466.762879371643,87666.7272862686,60,384,64,coral,coral_bce,0.0,session_balanced,adamw,0.0003,0.05,cosine,5,60,5.0,True,full,raw,full_frame,dataset_v1_1,fp16,2,mobilenetv4,1,2,base,a,3b0bb49c2f82,0.8515625,0.6833333333333332,0.6541236541236541,0.8515625,0.7942734348984349,0.9218106995884773,0.6833333333333332,0.8671328671328672,1.0,0.7654320987654321,62,0.09523809523809523,0.05,1.0,20,1.0,1.0,1.0,46,0.9160220994475138,0.1484375,0.7363971385215695,0.7730196098938013,0.5502592307978191,0.25943294982857645,0.987180873285979,0.9973305212248356,0.9289539456367493,0.13561837328597903,0.13561837328597906,0.8935205737749735,0.13561837328597906,25.772727272727273,99.0,0.0,6426.918912000002,6426.918912,77.06818181818181,78.0,50.10836363636363,88.078,1352.3863636363637,5000.0,4.0,2359.9165060280648,73986.32080961858,0.0,0.0,0.0,473.10438399999987,473.104384,37.0,37.0,9.971431818181818,11.124,300.0,405.0,1.0,472.1657704646641,14686.11459773994,61.4590909090909,72.5,5.064543138909091,5.260619776,20.7,4.263282874181818,4.346896384,29.053923328,0.0,2832.082276492729,0.7866895212479802,0.5609096286498099,713.0,788,Tesla T4,16106.12736,70.0,GPU-4d8859c5-136c-374a-089b-73c32dcd32f0,Tesla T4,16106.12736,70.0,GPU-6d7c29a2-e30e-948b-86cf-75bfa141957f,580.159.04,1.0,62,0.05,20,1.0,5,1.0,41
a-mobilenetv4-base-f1-s2,a,mobilenetv4,base,1,2,31,1519,97216,1787860518.6512837,1787860565.4113383,2026-08-27T19:55:18Z,2026-08-27T19:56:05Z,acct1,0,b8aaf6,Interactive,3b0bb49c2f82,v2,2.7749466103993582e-08,1.0,0.5084910653531551,0.00016283625127182596,2.7949012560639506e-06,4.3526652007130906e-05,0.0,2.4567070067860087e-05,3.850242748740125e-05,0.0,371.77712851673164,1.2241507298421382e-12,64.0,0,0,46.732643127441406,44.264368534088135,2.4674184322357178,31.15106177330017,12.576971292495728,11.30289101600647,0.36596059799194336,0.6665803534448123,0.2658438536585594,0.26469969749450684,0.2679781436920166,0.2879512596130371,70.84705156439668,8437074,8437074,1513.4955224990845,90435.14958338422,60,384,64,coral,coral_bce,0.0,session_balanced,adamw,0.0003,0.05,cosine,5,60,5.0,True,full,raw,full_frame,dataset_v1_1,fp16,2,mobilenetv4,1,2,base,a,3b0bb49c2f82,0.84375,0.6666666666666666,0.6203703703703703,0.84375,0.7764756944444444,0.5853658536585366,0.6666666666666666,0.8611111111111112,1.0,0.7560975609756098,62,0.0,0.0,0.0,20,1.0,1.0,1.0,46,0.9118942731277533,0.15625,0.7212543554006968,0.7617263074577288,1.0169820899468518,0.30652255867861095,0.998445135075599,0.9999958635480316,0.9900712013244629,0.15469513507559896,0.15469513507559896,0.8832359910011292,0.15469513507559896,30.75,99.0,0.0,6426.918912000002,6426.918912,77.0909090909091,79.0,50.34077272727272,70.422,1297.5,5000.0,4.0,2304.8873406944767,76318.33212936108,0.0,0.0,0.0,473.10438399999987,473.104384,37.0,37.0,9.9125,10.728,300.0,405.0,1.0,463.5349564211465,15156.90655614282,60.97727272727272,71.8,5.106678784,5.294845952,20.9,4.258820468363636,4.273102848,29.053923328,0.0,2768.422297115623,0.7690061936432286,0.5483014160676221,713.0,784,Tesla T4,16106.12736,70.0,GPU-4d8859c5-136c-374a-089b-73c32dcd32f0,Tesla T4,16106.12736,70.0,GPU-6d7c29a2-e30e-948b-86cf-75bfa141957f,580.159.04,1.0,62,0.0,20,1.0,5,1.0,41
a-mobilenetv4-base-f1-s2,a,mobilenetv4,base,1,2,32,1568,100352,1787860565.6910868,1787860611.430609,2026-08-27T19:56:05Z,2026-08-27T19:56:51Z,acct1,0,b8aaf6,Interactive,3b0bb49c2f82,v2,1.2620762405496195e-08,1.0,0.5605342388153076,0.0001542834076190544,2.3891582344794078e-06,8.016770152607933e-05,0.0,1.5605783346472828e-06,5.620997573714683e-05,0.0,371.77099794952375,9.914906643865038e-13,64.0,0,0,45.71356225013733,43.2771315574646,2.4356131553649902,30.183579683303833,12.545458793640137,11.274035692214966,0.36455297470092773,0.6602762549578634,0.26525324218127194,0.26461219787597656,0.2664803028106689,0.29317161560058574,72.46321295199361,8437074,8437074,1559.2090847492218,93150.27987196758,60,384,64,coral,coral_bce,0.0,session_balanced,adamw,0.0003,0.05,cosine,5,60,5.0,True,full,raw,full_frame,dataset_v1_1,fp16,2,mobilenetv4,1,2,base,a,3b0bb49c2f82,0.84375,0.6666666666666666,0.6203703703703703,0.84375,0.7764756944444444,0.5853658536585366,0.6666666666666666,0.8611111111111112,1.0,0.7560975609756098,62,0.0,0.0,0.0,20,1.0,1.0,1.0,46,0.9118942731277533,0.15625,0.7212543554006968,0.7617263074577288,1.1210685487541174,0.30926707926026187,0.9991731941699982,0.9999981345953765,0.9947185158729553,0.15542319416999817,0.15542319416999817,0.15542319416999817,0.15542319416999817,22.674418604651162,99.0,0.0,6426.918912000001,6426.918912,77.18604651162791,79.0,51.2106511627907,96.281,1289.6511627906978,5000.0,4.0,2265.735377870398,78603.28038197875,0.0,0.0,0.0,473.1043839999999,473.104384,37.04651162790697,38.0,9.792511627906979,10.135,300.0,405.0,1.0,449.3949107129574,15611.463865262283,61.616279069767444,69.2,5.06904671255814,5.35504896,20.9,4.258488319999999,4.25848832,28.940668928,0.0,2715.1302885833557,0.754202857939821,0.5377466377110923,713.0,766,Tesla T4,16106.12736,70.0,GPU-4d8859c5-136c-374a-089b-73c32dcd32f0,Tesla T4,16106.12736,70.0,GPU-6d7c29a2-e30e-948b-86cf-75bfa141957f,580.159.04,1.0,62,0.0,20,1.0,5,1.0,41
a-mobilenetv4-base-f1-s2,a,mobilenetv4,base,1,2,33,1617,103488,1787860611.7006216,1787860656.9702022,2026-08-27T19:56:51Z,2026-08-27T19:57:36Z,acct1,0,b8aaf6,Interactive,3b0bb49c2f82,v2,1.476790036751263e-07,1.0,0.38384367525577545,0.00014571659238094556,0.00015894610705483885,0.007518021855503321,0.0,4.476025164876732e-05,0.00400225967867297,0.0,371.7652087891402,6.230030283814082e-11,64.0,0,0,45.24428582191467,42.55390930175781,2.6895205974578857,29.518678426742554,12.511429786682129,11.256269216537476,0.35302734375,0.6524288734036064,0.2642754924540617,0.2632575035095215,0.2673349380493164,0.28750082969665525,73.69475687326472,8437074,8437074,1604.4533705711365,95867.12633662137,60,384,64,coral,coral_bce,0.0,session_balanced,adamw,0.0003,0.05,cosine,5,60,5.0,True,full,raw,full_frame,dataset_v1_1,fp16,2,mobilenetv4,1,2,base,a,3b0bb49c2f82,0.84375,0.6666666666666666,0.6203703703703703,0.84375,0.7764756944444444,0.5853658536585366,0.6666666666666666,0.8611111111111112,1.0,0.7560975609756098,62,0.0,0.0,0.0,20,1.0,1.0,1.0,46,0.9118942731277533,0.15625,0.7212543554006968,0.7617263074577288,0.7676873603572483,0.2902581767964563,0.9936319668777287,0.9999617007043626,0.9594514042139053,0.1498819668777287,0.14988196687772873,0.9194969832897186,0.14988196687772873,29.595238095238095,99.0,0.0,6426.918912000001,6426.918912,76.88095238095238,78.0,50.431642857142855,90.757,1358.5714285714287,5000.0,4.0,2273.780024489228,80902.75289132982,0.0,0.0,0.0,473.1043839999999,473.104384,37.0,37.0,9.737928571428572,10.135,300.0,405.0,1.0,443.066440164559,16059.673639176614,62.71904761904763,70.7,5.133184048761906,5.401247744,21.1,4.25848832,4.25848832,28.940668928,0.0,2716.846464653787,0.7546795735149407,0.5380865359161527,713.0,762,Tesla T4,16106.12736,70.0,GPU-4d8859c5-136c-374a-089b-73c32dcd32f0,Tesla T4,16106.12736,70.0,GPU-6d7c29a2-e30e-948b-86cf-75bfa141957f,580.159.04,1.0,62,0.0,20,1.0,5,1.0,41
a-mobilenetv4-base-f1-s2,a,mobilenetv4,base,1,2,34,1666,106624,1787860657.2372289,1787860704.4614682,2026-08-27T19:57:37Z,2026-08-27T19:58:24Z,acct1,0,b8aaf6,Interactive,3b0bb49c2f82,v2,7.664220780671424e-09,1.0,0.6206982173025608,0.00013716374872817407,6.755336417599006e-07,1.96224373212317e-05,0.0,2.71820981652126e-06,1.1846815104945498e-05,0.0,371.75977002684715,2.492435550223519e-13,64.0,0,0,47.199244022369385,44.77585983276367,2.4223368167877197,31.75784659385681,12.518999814987183,11.197738409042358,0.32613468170166016,0.6728465095501456,0.26390655186711526,0.26390957832336426,0.265584659576416,0.2757850551605224,70.03773934689036,8437074,8437074,1651.6526145935059,98676.22471741469,60,384,64,coral,coral_bce,0.0,session_balanced,adamw,0.0003,0.05,cosine,5,60,5.0,True,full,raw,full_frame,dataset_v1_1,fp16,2,mobilenetv4,1,2,base,a,3b0bb49c2f82,0.84375,0.6666666666666666,0.6203703703703703,0.84375,0.7764756944444444,0.5853658536585366,0.6666666666666666,0.8611111111111112,1.0,0.7560975609756098,62,0.0,0.0,0.0,20,1.0,1.0,1.0,46,0.9118942731277533,0.15625,0.7212543554006968,0.7617263074577288,1.2413964576729768,0.3106482815864509,0.9995307801291347,0.9999996986654069,0.9969986200332641,0.15578078012913465,0.15578078012913465,0.15578078012913465,0.15578078012913465,29.681818181818183,99.0,0.0,6426.918912000002,6426.918912,77.18181818181819,78.0,49.611340909090906,69.252,1367.3863636363637,5000.0,4.0,2346.237822988958,83272.00312166645,0.0,0.0,0.0,473.10438399999987,473.104384,37.0,37.0,9.748045454545455,10.431,300.0,405.0,1.0,462.8605578043589,16527.444784517545,61.843181818181826,85.4,5.157594018909091,5.376712704,21.0,4.314462673454545,4.580651008,29.210021888,0.0,2809.098380793317,0.7803051057759214,0.556357540418232,713.0,790,Tesla T4,16106.12736,70.0,GPU-4d8859c5-136c-374a-089b-73c32dcd32f0,Tesla T4,16106.12736,70.0,GPU-6d7c29a2-e30e-948b-86cf-75bfa141957f,580.159.04,1.0,62,0.0,20,1.0,5,1.0,41
a-mobilenetv4-base-f1-s2,a,mobilenetv4,base,1,2,35,1715,109760,1787860704.7281077,1787860750.6702263,2026-08-27T19:58:24Z,2026-08-27T19:59:10Z,acct1,0,b8aaf6,Interactive,3b0bb49c2f82,v2,1.0477516455972912e-09,1.0,0.7645626068115234,0.00012865277425900724,5.829008285575453e-08,7.142424465200747e-07,0.0,3.0909118891031514e-07,5.939376205787984e-07,0.0,371.7546429935123,2.0172393304341564e-14,64.0,0,0,45.91595983505249,43.42069149017334,2.4943809509277344,30.414523363113403,12.491976976394653,11.223880052566528,0.33571672439575195,0.6623954605843781,0.2636375573216652,0.26340317726135254,0.26562085151672366,0.27823933601379386,72.22363100112574,8437074,8437074,1697.5685744285583,101443.32268142249,60,384,64,coral,coral_bce,0.0,session_balanced,adamw,0.0003,0.05,cosine,5,60,5.0,True,full,raw,full_frame,dataset_v1_1,fp16,2,mobilenetv4,1,2,base,a,3b0bb49c2f82,0.84375,0.6666666666666666,0.6203703703703703,0.84375,0.7764756944444444,0.5853658536585366,0.6666666666666666,0.8611111111111112,1.0,0.7560975609756098,62,0.0,0.0,0.0,20,1.0,1.0,1.0,46,0.9118942731277533,0.15625,0.7212543554006968,0.7617263074577288,1.5291252926787116,0.312211569383847,0.9999276078306139,0.9999998267050143,0.9995376259088516,0.15617760783061385,0.15617760783061385,0.15617760783061385,0.15617760783061385,28.348837209302324,99.0,0.0,6426.918912000001,6426.918912,77.04651162790698,78.0,51.27006976744185,91.962,1308.139534883721,5000.0,4.0,2317.2106404000806,85611.15821952502,0.0,0.0,0.0,473.1043839999999,473.104384,37.0,37.0,9.757093023255813,10.238,300.0,405.0,1.0,449.88732360771246,16982.82270650201,61.42093023255815,69.5,5.242157294139535,5.407875072,21.1,4.297657129674419,4.32082944,29.063405568,0.0,2767.097964007793,0.7686383233354981,0.5480391245382101,713.0,770,Tesla T4,16106.12736,70.0,GPU-4d8859c5-136c-374a-089b-73c32dcd32f0,Tesla T4,16106.12736,70.0,GPU-6d7c29a2-e30e-948b-86cf-75bfa141957f,580.159.04,1.0,62,0.0,20,1.0,5,1.0,41
a-mobilenetv4-base-f1-s2,a,mobilenetv4,base,1,2,36,1764,112896,1787860750.9278264,1787860796.804125,2026-08-27T19:59:10Z,2026-08-27T19:59:56Z,acct1,0,b8aaf6,Interactive,3b0bb49c2f82,v2,1.1499720684639401e-07,1.0,1.0809335708618164,0.0001202114300031382,0.00013523230616023195,0.005984938703477383,0.0,3.4747327617878657e-06,0.0034155129734426523,0.0,371.74985111301646,4.372959089955765e-11,64.0,0,0,45.846097230911255,43.347776651382446,2.497471332550049,30.28583574295044,12.542550802230835,11.214099884033203,0.35352182388305664,0.6605979041228078,0.26487515897166974,0.26387524604797363,0.2673481464385986,0.2867863368988037,72.34511761054732,8437074,8437074,1743.4146716594696,104181.76371314333,60,384,64,coral,coral_bce,0.0,session_balanced,adamw,0.0003,0.05,cosine,5,60,5.0,True,full,raw,full_frame,dataset_v1_1,fp16,2,mobilenetv4,1,2,base,a,3b0bb49c2f82,0.84375,0.6666666666666666,0.6203703703703703,0.84375,0.7764756944444444,0.5853658536585366,0.6666666666666666,0.8611111111111112,1.0,0.7560975609756098,62,0.0,0.0,0.0,20,1.0,1.0,1.0,46,0.9118942731277533,0.15625,0.7212543554006968,0.7617263074577288,2.1618673680661105,0.3124917118792748,0.9999979068525136,0.9999999751647314,0.9999867379665375,0.15624790685251355,0.15624790685251355,0.15624790685251355,0.15624790685251355,22.511627906976745,97.0,0.0,6426.918912000001,6426.918912,76.86046511627907,78.0,46.872860465116275,77.203,1386.6279069767443,5000.0,4.0,2287.969671037674,87918.7394872331,0.0,0.0,0.0,473.1043839999999,473.104384,37.02325581395349,38.0,9.805813953488373,10.53,300.0,405.0,1.0,450.47136068317195,17437.89312988426,61.34418604651162,69.5,5.252256315534884,5.3919744,21.2,4.299301626046511,4.351762432,29.063405568,0.0,2738.441031720846,0.7606780643669016,0.5423634598936009,713.0,766,Tesla T4,16106.12736,70.0,GPU-4d8859c5-136c-374a-089b-73c32dcd32f0,Tesla T4,16106.12736,70.0,GPU-6d7c29a2-e30e-948b-86cf-75bfa141957f,580.159.04,1.0,62,0.0,20,1.0,5,1.0,41
a-mobilenetv4-base-f1-s2,a,mobilenetv4,base,1,2,37,1813,116032,1787860797.0945415,1787860843.3196187,2026-08-27T19:59:57Z,2026-08-27T20:00:43Z,acct1,0,b8aaf6,Interactive,3b0bb49c2f82,v2,3.52944575940882e-08,1.0,0.7434956170618534,0.00011186724987097698,2.508199708742899e-05,0.001211683382280171,7.919241085119211e-08,3.1976410809875024e-06,0.0006325657479464959,0.0,371.7453933841075,7.547784277567025e-12,64.0,0,0,46.19786596298218,43.798311710357666,2.3987367153167725,30.726728677749634,12.556139469146729,11.276622772216797,0.34465932846069336,0.6651114296571753,0.26498717677836514,0.2638511657714844,0.2669936180114746,0.2889864349365233,71.60093340443488,8437074,8437074,1789.6125376224518,106969.00504871289,60,384,64,coral,coral_bce,0.0,session_balanced,adamw,0.0003,0.05,cosine,5,60,5.0,True,full,raw,full_frame,dataset_v1_1,fp16,2,mobilenetv4,1,2,base,a,3b0bb49c2f82,0.84375,0.6666666666666666,0.6203703703703703,0.84375,0.7764756944444444,0.5853658536585366,0.6666666666666666,0.8611111111111112,1.0,0.7560975609756098,62,0.0,0.0,0.0,20,1.0,1.0,1.0,46,0.9118942731277533,0.15625,0.7212543554006968,0.7617263074577288,1.4869913826788261,0.31205258647732076,0.9998864326626062,0.9999983807404836,0.9992819130420685,0.15613643266260624,0.15613643266260624,0.15613643266260624,0.15613643266260624,25.86046511627907,99.0,0.0,6426.918912000001,6426.918912,77.18604651162791,79.0,50.34306976744186,94.925,1362.906976744186,5000.0,4.0,2330.4762939471693,90269.06593770541,0.0,0.0,0.0,473.1043839999999,473.104384,37.30232558139535,38.0,9.768488372093023,10.827,300.0,405.0,1.0,456.76504162238416,17899.339556206232,60.937209302325584,69.8,5.240928970418605,5.445955584,21.2,4.301331717953488,4.395147264,29.063405568,0.0,2787.2413355695535,0.7742337043248759,0.5520286311836367,713.0,776,Tesla T4,16106.12736,70.0,GPU-4d8859c5-136c-374a-089b-73c32dcd32f0,Tesla T4,16106.12736,70.0,GPU-6d7c29a2-e30e-948b-86cf-75bfa141957f,580.159.04,1.0,62,0.0,20,1.0,5,1.0,41
a-mobilenetv4-base-f1-s2,a,mobilenetv4,base,1,2,38,1862,119168,1787860843.5976791,1787860890.2574277,2026-08-27T20:00:43Z,2026-08-27T20:01:30Z,acct1,0,b8aaf6,Interactive,3b0bb49c2f82,v2,3.8595730444315504e-08,1.0,0.38430990278720856,0.0001036474508437579,6.457527639115921e-05,0.003125289920717478,0.0,3.4393462101434086e-06,0.0016372073354432237,0.0,371.7412565060797,1.800462732703248e-11,64.0,0,0,46.63278150558472,44.04190135002136,2.590034246444702,31.05880117416382,12.47860050201416,11.199530124664307,0.33302903175354004,0.6660293504140266,0.26317600814663633,0.26226377487182617,0.26541686058044434,0.28020916938781726,71.20491858597923,8437074,8437074,1836.2453191280365,109727.0491121734,60,384,64,coral,coral_bce,0.0,session_balanced,adamw,0.0003,0.05,cosine,5,60,5.0,True,full,raw,full_frame,dataset_v1_1,fp16,2,mobilenetv4,1,2,base,a,3b0bb49c2f82,0.84375,0.6666666666666666,0.6203703703703703,0.84375,0.7764756944444444,0.5853658536585366,0.6666666666666666,0.8611111111111112,1.0,0.7560975609756098,62,0.0,0.0,0.0,20,1.0,1.0,1.0,46,0.9118942731277533,0.15625,0.7212543554006968,0.7617263074577288,0.7686198727219842,0.2892186325312981,0.9932929486967623,0.9999984574538691,0.9570832014083862,0.14954294869676232,0.14954294869676232,0.8899121284484863,0.14954294869676232,27.27906976744186,99.0,0.0,6426.918912000001,6426.918912,76.69767441860465,78.0,48.587674418604664,70.129,1359.0697674418604,5000.0,4.0,2299.7218028415955,92582.33930770021,0.0,0.0,0.0,473.1043839999999,473.104384,37.04651162790697,38.0,9.73646511627907,10.332,300.0,405.0,1.0,458.3222606189047,18361.36885137175,60.97441860465116,70.6,5.301932984558139,5.479919616,21.3,4.303099665860465,4.409565184,29.063405568,0.0,2758.0440634605,0.7661233509612501,0.5462459492353713,713.0,786,Tesla T4,16106.12736,70.0,GPU-4d8859c5-136c-374a-089b-73c32dcd32f0,Tesla T4,16106.12736,70.0,GPU-6d7c29a2-e30e-948b-86cf-75bfa141957f,580.159.04,1.0,62,0.0,20,1.0,5,1.0,41
a-mobilenetv4-base-f1-s2,a,mobilenetv4,base,1,2,39,1911,122304,1787860890.5319142,1787860936.7224886,2026-08-27T20:01:30Z,2026-08-27T20:02:16Z,acct1,0,b8aaf6,Interactive,3b0bb49c2f82,v2,1.720271382286477e-08,1.0,0.38558849692344666,9.557884419740386e-05,5.557378698289985e-06,0.0001586403523106128,6.776630101512637e-08,1.4921317415428346e-05,0.00011229677125811538,0.0,371.7374207218562,1.4288791042838365e-12,64.0,0,0,46.161564350128174,43.66641020774841,2.4940543174743652,30.57801342010498,12.585387229919434,11.303112268447876,0.3268313407897949,0.6624128504002936,0.26537431016260266,0.2635631561279297,0.26850380897521975,0.2979334259033202,71.81721568317815,8437074,8437074,1882.4068834781647,112470.3246109241,60,384,64,coral,coral_bce,0.0,session_balanced,adamw,0.0003,0.05,cosine,5,60,5.0,True,full,raw,full_frame,dataset_v1_1,fp16,2,mobilenetv4,1,2,base,a,3b0bb49c2f82,0.84375,0.6666666666666666,0.6203703703703703,0.84375,0.7764756944444444,0.5853658536585366,0.6666666666666666,0.8611111111111112,1.0,0.7560975609756098,62,0.0,0.0,0.0,20,1.0,1.0,1.0,46,0.9118942731277533,0.15625,0.7212543554006968,0.7617263074577288,0.7711770247652192,0.29058778852111466,0.9937522825784981,0.9999976240926318,0.9600274384021759,0.15000228257849813,0.15000228257849815,0.9000037312507629,0.15000228257849815,29.3953488372093,99.0,0.0,6426.918912000001,6426.918912,77.06976744186046,78.0,48.76346511627907,70.963,1358.3720930232557,5000.0,4.0,2290.904410221832,94891.43834283526,0.0,0.0,0.0,473.1043839999999,473.104384,37.30232558139535,38.0,9.690372093023257,10.138,300.0,405.0,1.0,452.37108852887104,18817.853688879477,61.476744186046524,70.7,5.256590359813955,5.471154176,21.4,4.303459351813953,4.402880512,29.063405568,0.0,2743.2754987507033,0.7620209718751954,0.5433209529470142,713.0,776,Tesla T4,16106.12736,70.0,GPU-4d8859c5-136c-374a-089b-73c32dcd32f0,Tesla T4,16106.12736,70.0,GPU-6d7c29a2-e30e-948b-86cf-75bfa141957f,580.159.04,1.0,62,0.0,20,1.0,5,1.0,41
a-mobilenetv4-base-f1-s2,a,mobilenetv4,base,1,2,40,1960,125440,1787860936.9938023,1787860983.3710637,2026-08-27T20:02:16Z,2026-08-27T20:03:03Z,acct1,0,b8aaf6,Interactive,3b0bb49c2f82,v2,1.4318809570219069e-08,1.0,0.6356558799743652,8.768774804971705e-05,3.892323601714257e-06,0.0001833183050621301,0.0,1.3442519730233427e-06,9.650360407249464e-05,0.0,371.7338948086108,9.181543466484588e-13,64.0,0,0,46.34915018081665,43.894253969192505,2.4539945125579834,30.791833877563477,12.5850191116333,11.276991128921509,0.3417949676513672,0.6643451661452002,0.265550963732661,0.26360535621643066,0.27226877212524414,0.286423978805542,71.44443102281734,8437074,8437074,1928.7560336589813,115209.70404501428,60,384,64,coral,coral_bce,0.0,session_balanced,adamw,0.0003,0.05,cosine,5,60,5.0,True,full,raw,full_frame,dataset_v1_1,fp16,2,mobilenetv4,1,2,base,a,3b0bb49c2f82,0.84375,0.6666666666666666,0.6203703703703703,0.84375,0.7764756944444444,0.5853658536585366,0.6666666666666666,0.8611111111111112,1.0,0.7560975609756098,62,0.0,0.0,0.0,20,1.0,1.0,1.0,46,0.9118942731277533,0.15625,0.7212543554006968,0.7617263074577288,1.2713118333368576,0.31108192934620243,0.9996419814415276,0.9999998934842922,0.9977092564105987,0.1558919814415276,0.1558919814415276,0.1558919814415276,0.1558919814415276,29.136363636363637,99.0,0.0,6426.918912000002,6426.918912,76.95454545454545,78.0,50.57136363636362,94.985,1321.0227272727273,5000.0,4.0,2285.630385139535,97198.36524703755,0.0,0.0,0.0,473.10438399999987,473.104384,37.09090909090909,38.0,9.771977272727272,10.332,300.0,405.0,1.0,453.7490489506454,19276.030558714112,61.065909090909095,72.0,5.281562251636363,5.444857856,21.2,4.301734632727272,4.407140352,29.063405568,0.0,2739.3794340901804,0.7609387316917168,0.5425493156961941,713.0,776,Tesla T4,16106.12736,70.0,GPU-4d8859c5-136c-374a-089b-73c32dcd32f0,Tesla T4,16106.12736,70.0,GPU-6d7c29a2-e30e-948b-86cf-75bfa141957f,580.159.04,1.0,62,0.0,20,1.0,5,1.0,41
a-mobilenetv4-base-f1-s2,a,mobilenetv4,base,1,2,41,2009,128576,1787860990.1401436,1787861037.4754047,2026-08-27T20:03:10Z,2026-08-27T20:03:57Z,acct1,0,b8aaf6,Interactive,3b0bb49c2f82,v2,4.690965429910692e-09,1.0,0.28503166511654854,7.999990151614894e-05,2.821099267479514e-07,3.7373877148638712e-06,0.0,2.182299340347515e-06,3.4675189181143626e-06,0.0,371.73067216925364,6.071268271962305e-14,64.0,0,0,47.30703616142273,44.883376359939575,2.4220173358917236,31.620445728302002,12.74337387084961,11.409904718399048,0.34345030784606934,0.6684089364720632,0.26876649564626265,0.2666463851928711,0.2769294738769531,0.3017479896545409,69.86996644038172,8437074,8437074,1976.063069820404,118047.99667869558,60,384,64,coral,coral_bce,0.0,session_balanced,adamw,0.0003,0.05,cosine,5,60,5.0,True,full,raw,full_frame,dataset_v1_1,fp16,2,mobilenetv4,1,2,base,a,3b0bb49c2f82,0.8515625,0.6833333333333332,0.6541236541236541,0.8515625,0.7942734348984349,0.9218106995884773,0.6833333333333332,0.8671328671328672,1.0,0.7654320987654321,62,0.09523809523809523,0.05,1.0,20,1.0,1.0,1.0,46,0.9160220994475138,0.1484375,0.7363971385215695,0.7730196098938013,0.5700633654913055,0.2640341422466016,0.9880012273788452,0.9968671935413955,0.937138579393688,0.13643872737884521,0.14153169002383947,0.8895217974980673,0.14153169002383947,25.8,99.0,0.0,6426.918912000002,6426.918912,77.73333333333333,81.0,48.41728888888888,89.632,1336.3333333333333,5000.0,4.0,2373.773941088002,99814.99310249797,0.0,0.0,0.0,473.10438399999987,473.104384,37.8,38.0,9.74548888888889,10.629,300.0,405.0,1.0,464.51869259330124,19809.47358239573,59.144444444444446,71.0,5.348585380977778,5.594841088,21.7,4.329229971911112,4.402024448,29.063405568,0.0,2838.2926336813034,0.7884146204670287,0.5621396243929915,713.0,794,Tesla T4,16106.12736,70.0,GPU-4d8859c5-136c-374a-089b-73c32dcd32f0,Tesla T4,16106.12736,70.0,GPU-6d7c29a2-e30e-948b-86cf-75bfa141957f,580.159.04,1.0,62,0.05,20,1.0,5,1.0,41
a-mobilenetv4-base-f1-s2,a,mobilenetv4,base,1,2,42,2058,131712,1787861037.750859,1787861084.41988,2026-08-27T20:03:57Z,2026-08-27T20:04:44Z,acct1,0,b8aaf6,Interactive,3b0bb49c2f82,v2,3.3906417488712903e-06,1.0,0.7065238356590271,7.254038075415572e-05,0.0038330347844561115,0.18571345508098602,0.0,0.0001876160647952919,0.09740896176546739,0.0,371.7277007192695,7.47993227758816e-10,128.0,0,0,46.64287710189819,44.1113965511322,2.53069806098938,31.142508506774902,12.461662769317627,11.129981517791748,0.3355579376220703,0.6676798354170892,0.2628759753947355,0.26174283027648926,0.26577205657958985,0.2804948997497558,71.09273895613057,8437074,8437074,2022.7059469223022,120867.9413463179,60,384,64,coral,coral_bce,0.0,session_balanced,adamw,0.0003,0.05,cosine,5,60,5.0,True,full,raw,full_frame,dataset_v1_1,fp16,2,mobilenetv4,1,2,base,a,3b0bb49c2f82,0.84375,0.6666666666666666,0.6203703703703703,0.84375,0.7764756944444444,0.5853658536585366,0.6666666666666666,0.8611111111111112,1.0,0.7560975609756098,62,0.0,0.0,0.0,20,1.0,1.0,1.0,46,0.9118942731277533,0.15625,0.7212543554006968,0.7617263074577288,1.4130477415784046,0.31192548453442603,0.9998556710779667,0.9999998250493297,0.9990772396326065,0.1561056710779667,0.1561056710779667,0.1561056710779667,0.1561056710779667,25.613636363636363,99.0,0.0,6426.918912000002,6426.918912,76.29545454545455,78.0,51.39781818181819,104.155,1330.909090909091,5000.0,4.0,2358.2097397420293,102193.56160777129,0.0,0.0,0.0,473.10438399999987,473.104384,37.09090909090909,38.0,9.832636363636366,10.238,300.0,405.0,1.0,461.73492788028307,20275.716576873954,60.96136363636364,71.9,5.290108648727273,5.407289344,21.1,4.328175802181819,4.35398656,29.063405568,0.0,2819.9446676223124,0.7833179632284201,0.5585057077818636,713.0,780,Tesla T4,16106.12736,70.0,GPU-4d8859c5-136c-374a-089b-73c32dcd32f0,Tesla T4,16106.12736,70.0,GPU-6d7c29a2-e30e-948b-86cf-75bfa141957f,580.159.04,1.0,62,0.0,20,1.0,5,1.0,41
a-mobilenetv4-base-f1-s2,a,mobilenetv4,base,1,2,43,2107,134848,1787861084.6943388,1787861131.2363348,2026-08-27T20:04:44Z,2026-08-27T20:05:31Z,acct1,0,b8aaf6,Interactive,3b0bb49c2f82,v2,1.80432105641563e-07,1.0,0.22694796696305275,6.533351716998465e-05,0.00010259227143419257,0.0038999971002340317,0.0,3.930629100068472e-06,0.0025631415471434483,0.0,371.7250505929391,1.8031375385011145e-11,128.0,0,0,46.51452589035034,44.093031883239746,2.420541524887085,30.992730855941772,12.587201595306396,11.360437393188477,0.3352200984954834,0.666302198349857,0.2654321631606744,0.2644808292388916,0.2675729751586914,0.2888074207305908,71.12234895310134,8437074,8437074,2069.2204728126526,123670.39387795684,60,384,64,coral,coral_bce,0.0,session_balanced,adamw,0.0003,0.05,cosine,5,60,5.0,True,full,raw,full_frame,dataset_v1_1,fp16,2,mobilenetv4,1,2,base,a,3b0bb49c2f82,0.8515625,0.6833333333333332,0.6541236541236541,0.8515625,0.7942734348984349,0.9218106995884773,0.6833333333333332,0.8671328671328672,1.0,0.7654320987654321,62,0.09523809523809523,0.05,1.0,20,1.0,1.0,1.0,46,0.9160220994475138,0.1484375,0.7363971385215695,0.7730196098938013,0.4538959472797893,0.23665281319349918,0.9811808331869543,0.9982985083116304,0.8829794337874964,0.12961833318695426,0.1296183331869543,0.9025013744831085,0.1296183331869543,24.954545454545453,99.0,0.0,6426.918912000002,6426.918912,77.36363636363636,79.0,49.28759090909091,93.085,1342.159090909091,5000.0,4.0,2334.9916083837306,104549.01825773378,0.0,0.0,0.0,473.10438399999987,473.104384,37.36363636363637,38.0,9.992045454545455,10.827,300.0,405.0,1.0,467.46092325522477,20748.004223972755,60.975000000000016,73.0,5.313129844363637,5.577220096,21.6,4.328452840727274,4.35136512,29.063405568,0.0,2802.4525316389554,0.7784590365663765,0.5550412930718264,713.0,780,Tesla T4,16106.12736,70.0,GPU-4d8859c5-136c-374a-089b-73c32dcd32f0,Tesla T4,16106.12736,70.0,GPU-6d7c29a2-e30e-948b-86cf-75bfa141957f,580.159.04,1.0,62,0.05,20,1.0,5,1.0,41
a-mobilenetv4-base-f1-s2,a,mobilenetv4,base,1,2,44,2156,137984,1787861131.496989,1787861178.4025555,2026-08-27T20:05:31Z,2026-08-27T20:06:18Z,acct1,0,b8aaf6,Interactive,3b0bb49c2f82,v2,1.1805466579722215e-07,1.0,0.6701940931379795,5.840281805468426e-05,9.516393177470516e-05,0.004655295051634312,0.0,1.6018480437196502e-06,0.0024220661305662176,0.0,371.7226849978176,1.4951580888422566e-11,128.0,0,0,46.87798190116882,44.3957884311676,2.481358051300049,31.330897092819214,12.522537469863892,11.220237970352173,0.36946868896484375,0.6683499549718891,0.2647701964086416,0.2631492614746094,0.26684794425964353,0.30152974128723137,70.63733094552734,8437074,8437074,2116.0984547138214,126478.30897372626,60,384,64,coral,coral_bce,0.0,session_balanced,adamw,0.0003,0.05,cosine,5,60,5.0,True,full,raw,full_frame,dataset_v1_1,fp16,2,mobilenetv4,1,2,base,a,3b0bb49c2f82,0.84375,0.6666666666666666,0.6203703703703703,0.84375,0.7764756944444444,0.5853658536585366,0.6666666666666666,0.8611111111111112,1.0,0.7560975609756098,62,0.0,0.0,0.0,20,1.0,1.0,1.0,46,0.9118942731277533,0.15625,0.7212543554006968,0.7617263074577288,1.340388143083346,0.31153087711165495,0.9997470485977829,0.9999891166333799,0.9984398812055588,0.15599704859778285,0.15599704859778285,0.15599704859778285,0.15599704859778285,26.613636363636363,99.0,0.0,6426.918912000002,6426.918912,76.9090909090909,79.0,47.80990909090909,73.303,1384.7727272727273,5000.0,4.0,2335.5712770676764,106899.07054286286,0.0,0.0,0.0,473.10438399999987,473.104384,37.06818181818182,38.0,9.906886363636362,10.629,300.0,405.0,1.0,472.34381870174184,21223.92517573829,60.320454545454545,69.6,5.2637802123636375,5.470769152,21.3,4.327575552000001,4.327575552,28.950151168,0.0,2807.9150957694183,0.7799764154915051,0.5561231842454432,713.0,790,Tesla T4,16106.12736,70.0,GPU-4d8859c5-136c-374a-089b-73c32dcd32f0,Tesla T4,16106.12736,70.0,GPU-6d7c29a2-e30e-948b-86cf-75bfa141957f,580.159.04,1.0,62,0.0,20,1.0,5,1.0,41
a-mobilenetv4-base-f1-s2,a,mobilenetv4,base,1,2,45,2205,141120,1787861178.6727514,1787861225.321114,2026-08-27T20:06:18Z,2026-08-27T20:07:05Z,acct1,0,b8aaf6,Interactive,3b0bb49c2f82,v2,1.9605801422942103e-09,1.0,0.6312908418476582,5.1770889908207245e-05,1.141560032171852e-07,2.1652485884260386e-06,0.0,4.2814777998501035e-07,1.745385634421833e-06,0.0,371.7205784347524,1.5898925746332374e-14,128.0,0,0,46.6188747882843,44.15712285041809,2.460827350616455,31.162939071655273,12.487094163894653,11.235851764678955,0.32793664932250977,0.6684618454044449,0.2632854228117028,0.26253628730773926,0.26462926864624026,0.28691022872924793,71.0191198512452,8437074,8437074,2162.7173295021057,129266.07629427366,60,384,64,coral,coral_bce,0.0,session_balanced,adamw,0.0003,0.05,cosine,5,60,5.0,True,full,raw,full_frame,dataset_v1_1,fp16,2,mobilenetv4,1,2,base,a,3b0bb49c2f82,0.84375,0.6666666666666666,0.6203703703703703,0.84375,0.7764756944444444,0.5853658536585366,0.6666666666666666,0.8611111111111112,1.0,0.7560975609756098,62,0.0,0.0,0.0,20,1.0,1.0,1.0,46,0.9118942731277533,0.15625,0.7212543554006968,0.7617263074577288,1.262581583175975,0.3108749559210933,0.9995841882191598,0.9999939087364409,0.9973716974258423,0.15583418821915984,0.15583418821915984,0.15583418821915984,0.15583418821915984,26.227272727272727,99.0,0.0,6426.918912000002,6426.918912,76.75,78.0,49.81163636363636,78.176,1341.4772727272727,5000.0,4.0,2325.53522466046,109238.2106081436,0.0,0.0,0.0,473.10438399999987,473.104384,37.02272727272727,38.0,9.835227272727273,10.337,300.0,405.0,1.0,462.232095886935,21689.512789645854,60.756818181818176,71.3,5.380618891636363,5.57215744,21.6,4.331568779636364,4.42804224,29.063405568,0.0,2787.767320547395,0.7743798112631652,0.5521328054306368,713.0,784,Tesla T4,16106.12736,70.0,GPU-4d8859c5-136c-374a-089b-73c32dcd32f0,Tesla T4,16106.12736,70.0,GPU-6d7c29a2-e30e-948b-86cf-75bfa141957f,580.159.04,1.0,62,0.0,20,1.0,5,1.0,41
a-mobilenetv4-base-f1-s2,a,mobilenetv4,base,1,2,46,2254,144256,1787861225.5985808,1787861271.9237835,2026-08-27T20:07:05Z,2026-08-27T20:07:51Z,acct1,0,b8aaf6,Interactive,3b0bb49c2f82,v2,1.084474917896114e-08,1.0,0.47957446798682213,4.5459364701705995e-05,2.640886193664268e-06,6.153160938993096e-05,0.0,4.2453668356756664e-06,5.96272654365748e-05,0.0,371.718712409998,3.2296735301576144e-13,128.0,0,0,46.29692006111145,43.72507286071777,2.5707225799560547,30.64006996154785,12.5565767288208,11.077220678329468,0.3465244770050049,0.6618165943026724,0.2650963919503348,0.26370716094970703,0.26652703285217283,0.2916324520111083,71.72086390775017,8437074,8437074,2209.014249563217,132032.88748547778,60,384,64,coral,coral_bce,0.0,session_balanced,adamw,0.0003,0.05,cosine,5,60,5.0,True,full,raw,full_frame,dataset_v1_1,fp16,2,mobilenetv4,1,2,base,a,3b0bb49c2f82,0.84375,0.6666666666666666,0.6203703703703703,0.84375,0.7764756944444444,0.5853658536585366,0.6666666666666666,0.8611111111111112,1.0,0.7560975609756098,62,0.0,0.0,0.0,20,1.0,1.0,1.0,46,0.9118942731277533,0.15625,0.7212543554006968,0.7617263074577288,0.9591489466428045,0.3042454644133843,0.9978010882623494,0.9999646141573235,0.9861180484294891,0.15405108826234937,0.15405108826234926,0.842345118522644,0.15405108826234926,23.818181818181817,99.0,0.0,6426.918912000002,6426.918912,77.13636363636364,78.0,50.18743181818183,85.273,1340.7954545454545,5000.0,4.0,2311.2879504509765,111571.39732972228,0.0,0.0,0.0,473.10438399999987,473.104384,37.0,37.0,9.792204545454545,10.332,300.0,405.0,1.0,455.5232407531548,22149.551533803868,60.9840909090909,72.6,5.334881931636364,5.560705024,21.6,4.32858838109091,4.372140032,29.063405568,0.0,2766.8111912041313,0.7685586642233698,0.5479823275912626,713.0,776,Tesla T4,16106.12736,70.0,GPU-4d8859c5-136c-374a-089b-73c32dcd32f0,Tesla T4,16106.12736,70.0,GPU-6d7c29a2-e30e-948b-86cf-75bfa141957f,580.159.04,1.0,62,0.0,20,1.0,5,1.0,41
a-mobilenetv4-base-f1-s2,a,mobilenetv4,base,1,2,47,2303,147392,1787861272.2075267,1787861318.686379,2026-08-27T20:07:52Z,2026-08-27T20:08:38Z,acct1,0,b8aaf6,Interactive,3b0bb49c2f82,v2,1.0516840834857889e-08,1.0,0.5629450939595699,3.948882931853924e-05,2.1973372507474375e-06,7.849340181564912e-05,0.0,6.41123315290315e-06,4.524571675574379e-05,0.0,371.71708047309465,2.334309619014517e-13,128.0,0,0,46.45084285736084,43.83818221092224,2.611783266067505,30.80599880218506,12.503801345825195,11.247728824615479,0.354738712310791,0.6631956904804233,0.26403910286572513,0.26332974433898926,0.26535892486572266,0.283168544769287,71.53581288821479,8437074,8437074,2255.465092420578,134802.97234297797,60,384,64,coral,coral_bce,0.0,session_balanced,adamw,0.0003,0.05,cosine,5,60,5.0,True,full,raw,full_frame,dataset_v1_1,fp16,2,mobilenetv4,1,2,base,a,3b0bb49c2f82,0.84375,0.6666666666666666,0.6203703703703703,0.84375,0.7764756944444444,0.5853658536585366,0.6666666666666666,0.8611111111111112,1.0,0.7560975609756098,62,0.0,0.0,0.0,20,1.0,1.0,1.0,46,0.9118942731277533,0.15625,0.7212543554006968,0.7617263074577288,1.125890188242225,0.30938197811767426,0.9992024740204215,0.9999972603939198,0.9949106276035309,0.1554524740204215,0.1554524740204215,0.1554524740204215,0.1554524740204215,32.116279069767444,99.0,0.0,6426.918912000001,6426.918912,77.02325581395348,78.0,49.35232558139535,88.272,1331.860465116279,5000.0,4.0,2314.0544750634435,113903.98774404741,0.0,0.0,0.0,473.1043839999999,473.104384,37.0,37.0,9.827976744186046,10.238,300.0,405.0,1.0,456.03038243674746,22610.677842000165,61.83255813953489,72.1,5.325983648744185,5.593034752,21.6,4.329701661767443,4.400123904,29.063405568,0.0,2770.084857500191,0.7694680159722753,0.5486306953882323,713.0,782,Tesla T4,16106.12736,70.0,GPU-4d8859c5-136c-374a-089b-73c32dcd32f0,Tesla T4,16106.12736,70.0,GPU-6d7c29a2-e30e-948b-86cf-75bfa141957f,580.159.04,1.0,62,0.0,20,1.0,5,1.0,41
a-mobilenetv4-base-f1-s2,a,mobilenetv4,base,1,2,48,2352,150528,1787861318.9720142,1787861365.4382498,2026-08-27T20:08:38Z,2026-08-27T20:09:25Z,acct1,0,b8aaf6,Interactive,3b0bb49c2f82,v2,2.3966105855620197e-06,1.0,0.7746774554252625,3.3878758404137624e-05,0.002181819864791669,0.10689912736415863,0.0,1.72746540556545e-06,0.05558879700445644,0.0,371.71566611091595,1.9885454076764424e-10,128.0,0,0,46.4366934299469,43.891287088394165,2.5445353984832764,30.837457418441772,12.53200364112854,11.194345712661743,0.3456451892852783,0.6640752202773073,0.26452312177541304,0.2640349864959717,0.2665585994720459,0.28399414062499995,71.44926038929555,8437074,8437074,2301.901785850525,137594.67985904223,60,384,64,coral,coral_bce,0.0,session_balanced,adamw,0.0003,0.05,cosine,5,60,5.0,True,full,raw,full_frame,dataset_v1_1,fp16,2,mobilenetv4,1,2,base,a,3b0bb49c2f82,0.84375,0.6666666666666666,0.6203703703703703,0.84375,0.7764756944444444,0.5853658536585366,0.6666666666666666,0.8611111111111112,1.0,0.7560975609756098,62,0.0,0.0,0.0,20,1.0,1.0,1.0,46,0.9118942731277533,0.15625,0.7212543554006968,0.7617263074577288,1.549354943268923,0.3122251404162565,0.9999311058782041,0.9999999464661987,0.9995593667030335,0.1561811058782041,0.1561811058782041,0.1561811058782041,0.1561811058782041,27.186046511627907,99.0,0.0,6426.918912000001,6426.918912,77.06976744186046,79.0,50.75800000000001,95.918,1327.3255813953488,5000.0,4.0,2335.0746796597086,116253.51099466169,0.0,0.0,0.0,473.1043839999999,473.104384,37.0,37.0,9.775255813953487,10.233,300.0,405.0,1.0,456.6328364045512,23071.242830861713,61.05813953488372,70.6,5.351469437023256,5.471916032,21.4,4.327575552000001,4.327575552,28.950151168,0.0,2791.70751606426,0.7754743100178499,0.5529131830427271,713.0,782,Tesla T4,16106.12736,70.0,GPU-4d8859c5-136c-374a-089b-73c32dcd32f0,Tesla T4,16106.12736,70.0,GPU-6d7c29a2-e30e-948b-86cf-75bfa141957f,580.159.04,1.0,62,0.0,20,1.0,5,1.0,41
a-mobilenetv4-base-f1-s2,a,mobilenetv4,base,1,2,49,2401,153664,1787861365.706656,1787861412.494286,2026-08-27T20:09:25Z,2026-08-27T20:10:12Z,acct1,0,b8aaf6,Interactive,3b0bb49c2f82,v2,2.5331164769935066e-07,1.0,0.8357382528483868,2.8647450843757897e-05,0.00012411206469497887,0.003441315609961748,0.0,0.0006055172183550845,0.0025515426136553214,0.0,371.7144730259655,9.565121969889895e-12,128.0,0,0,46.75876045227051,44.22294735908508,2.5347371101379395,31.160353660583496,12.553076982498169,11.289325714111328,0.33731603622436523,0.666406751573125,0.2648152185946095,0.2633237838745117,0.2667954444885254,0.2977320480346678,70.91341005691123,8437074,8437074,2348.6605463027954,140378.26897334476,60,384,64,coral,coral_bce,0.0,session_balanced,adamw,0.0003,0.05,cosine,5,60,5.0,True,full,raw,full_frame,dataset_v1_1,fp16,2,mobilenetv4,1,2,base,a,3b0bb49c2f82,0.84375,0.6666666666666666,0.6203703703703703,0.84375,0.7764756944444444,0.5853658536585366,0.6666666666666666,0.8611111111111112,1.0,0.7560975609756098,62,0.0,0.0,0.0,20,1.0,1.0,1.0,46,0.9118942731277533,0.15625,0.7212543554006968,0.7617263074577288,1.6714765816035786,0.31238651088065006,0.9999712160788476,0.9999995364083184,0.9998182862997055,0.15622121607884765,0.15622121607884765,0.15622121607884765,0.15622121607884765,23.40909090909091,99.0,0.0,6426.918912000002,6426.918912,77.04545454545455,78.0,48.7673409090909,97.381,1380.0,5000.0,4.0,2323.0022233018244,118596.89779902773,0.0,0.0,0.0,473.10438399999987,473.104384,37.0,37.0,9.794272727272727,10.53,300.0,405.0,1.0,460.5868910007266,23536.517000299573,60.6409090909091,71.8,5.37965353890909,5.54258432,21.5,4.327575552000001,4.327575552,28.950151168,0.0,2783.589114302551,0.7732191984173753,0.5513052884715886,713.0,786,Tesla T4,16106.12736,70.0,GPU-4d8859c5-136c-374a-089b-73c32dcd32f0,Tesla T4,16106.12736,70.0,GPU-6d7c29a2-e30e-948b-86cf-75bfa141957f,580.159.04,1.0,62,0.0,20,1.0,5,1.0,41
a-mobilenetv4-base-f1-s2,a,mobilenetv4,base,1,2,50,2450,156800,1787861412.7665668,1787861459.085193,2026-08-27T20:10:12Z,2026-08-27T20:10:59Z,acct1,0,b8aaf6,Interactive,3b0bb49c2f82,v2,3.138798179459697e-09,1.0,0.49076783284544945,2.38119700753228e-05,1.996923374776441e-07,1.1849858765344834e-06,0.0,9.279063078793111e-07,1.1098774757556378e-06,0.0,371.7134676931107,1.2792294004840151e-14,128.0,0,0,46.29007577896118,43.63852000236511,2.650723695755005,30.515995025634766,12.5592679977417,11.309962511062622,0.3805723190307617,0.659234069335965,0.2658773247076541,0.2636568546295166,0.2712758541107178,0.29427178382873537,71.86311542715096,8437074,8437074,2394.9506220817566,143161.34513851602,60,384,64,coral,coral_bce,0.0,session_balanced,adamw,0.0003,0.05,cosine,5,60,5.0,True,full,raw,full_frame,dataset_v1_1,fp16,2,mobilenetv4,1,2,base,a,3b0bb49c2f82,0.84375,0.6666666666666666,0.6203703703703703,0.84375,0.7764756944444444,0.5853658536585366,0.6666666666666666,0.8611111111111112,1.0,0.7560975609756098,62,0.0,0.0,0.0,20,1.0,1.0,1.0,46,0.9118942731277533,0.15625,0.7212543554006968,0.7617263074577288,0.9815356792786587,0.3056470106516086,0.9982078187167645,0.9999967835567616,0.98854740858078,0.15445781871676445,0.15445781871676437,0.8647679090499878,0.15445781871676437,28.181818181818183,99.0,0.0,6426.918912000002,6426.918912,76.88636363636364,78.0,47.669681818181814,95.313,1362.2727272727273,5000.0,4.0,2326.381520335781,120944.30730729524,0.0,0.0,0.0,473.10438399999987,473.104384,37.0,37.0,9.815,10.53,300.0,405.0,1.0,456.69464483547927,23997.77681090296,61.12272727272728,70.3,5.378317405090909,5.562802176,21.5,4.32858838109091,4.372140032,29.063405568,0.0,2783.07616517126,0.7730767125475723,0.551203696046419,713.0,778,Tesla T4,16106.12736,70.0,GPU-4d8859c5-136c-374a-089b-73c32dcd32f0,Tesla T4,16106.12736,70.0,GPU-6d7c29a2-e30e-948b-86cf-75bfa141957f,580.159.04,1.0,62,0.0,20,1.0,5,1.0,41
a-mobilenetv4-base-f1-s2,a,mobilenetv4,base,1,2,51,2499,159936,1787861459.9805043,1787861507.004122,2026-08-27T20:10:59Z,2026-08-27T20:11:47Z,acct1,0,b8aaf6,Interactive,3b0bb49c2f82,v2,2.931640337879993e-06,1.0,0.7379111796617508,1.9388088432033443e-05,0.0022671117267103287,0.1109497919678688,0.0,2.5016843665071046e-06,0.05775510064326183,0.0,371.7126144525186,1.1824985468276208e-10,128.0,0,0,46.995137214660645,44.46652436256409,2.527730941772461,31.39591884613037,12.567636728286743,11.288830757141113,0.3265416622161865,0.6680673939246649,0.26489865050023914,0.2644798755645752,0.26717448234558105,0.2854950046539306,70.52496332814728,8437074,8437074,2441.9457592964172,145999.21895829737,60,384,64,coral,coral_bce,0.0,session_balanced,adamw,0.0003,0.05,cosine,5,60,5.0,True,full,raw,full_frame,dataset_v1_1,fp16,2,mobilenetv4,1,2,base,a,3b0bb49c2f82,0.84375,0.6666666666666666,0.6203703703703703,0.84375,0.7764756944444444,0.5853658536585366,0.6666666666666666,0.8611111111111112,1.0,0.7560975609756098,62,0.0,0.0,0.0,20,1.0,1.0,1.0,46,0.9118942731277533,0.15625,0.7212543554006968,0.7617263074577288,1.4758223712735479,0.3121678659387891,0.9999163434840739,0.9999994613506176,0.9994675070047379,0.15616634348407388,0.15616634348407388,0.15616634348407388,0.15616634348407388,31.886363636363637,99.0,2.0,6426.918912000002,6426.918912,77.1590909090909,79.0,50.40990909090909,88.702,1311.1363636363637,5000.0,4.0,2374.2539199717576,123351.92089283178,0.0,0.0,0.0,473.10438399999987,473.104384,37.0,37.0,9.796590909090911,10.827,300.0,405.0,1.0,463.6198998095897,24471.09112794578,61.54318181818183,71.4,5.43157974109091,5.589282816,21.6,4.327575552000001,4.327575552,28.950151168,0.0,2837.8738197813473,0.7882982832725964,0.5620566759733613,713.0,788,Tesla T4,16106.12736,70.0,GPU-4d8859c5-136c-374a-089b-73c32dcd32f0,Tesla T4,16106.12736,70.0,GPU-6d7c29a2-e30e-948b-86cf-75bfa141957f,580.159.04,1.0,62,0.0,20,1.0,5,1.0,41
a-mobilenetv4-base-f1-s2,a,mobilenetv4,base,1,2,52,2548,163072,1787861507.2792633,1787861554.4502966,2026-08-27T20:11:47Z,2026-08-27T20:12:34Z,acct1,0,b8aaf6,Interactive,3b0bb49c2f82,v2,5.211248014236342e-09,1.0,0.39880581945180893,1.5390235696296265e-05,9.649935245801901e-07,3.754473800654523e-05,0.0,2.399338382019768e-06,2.1076235279906404e-05,0.0,371.7119475185967,3.9954265360130167e-14,128.0,0,0,47.13657593727112,44.54886293411255,2.5868401527404785,31.460317611694336,12.52189564704895,11.275274515151978,0.3830549716949463,0.6674289972517607,0.26530827794756207,0.26313352584838867,0.2680264472961426,0.29680721282958983,70.39461376686812,8437074,8437074,2489.0823352336884,148822.85061859962,60,384,64,coral,coral_bce,0.0,session_balanced,adamw,0.0003,0.05,cosine,5,60,5.0,True,full,raw,full_frame,dataset_v1_1,fp16,2,mobilenetv4,1,2,base,a,3b0bb49c2f82,0.84375,0.6666666666666666,0.6203703703703703,0.84375,0.7764756944444444,0.5853658536585366,0.6666666666666666,0.8611111111111112,1.0,0.7560975609756098,62,0.0,0.0,0.0,20,1.0,1.0,1.0,46,0.9118942731277533,0.15625,0.7212543554006968,0.7617263074577288,0.7976116497597932,0.29588750728506175,0.9954516468569636,0.9999803315710138,0.9709967494010925,0.15170164685696363,0.15170164685696363,0.7068991661071777,0.15170164685696363,31.272727272727273,99.0,0.0,6426.918912000002,6426.918912,76.88636363636364,78.0,50.88956818181817,85.985,1293.409090909091,5000.0,4.0,2361.3097824028373,125733.05969139963,0.0,0.0,0.0,473.10438399999987,473.104384,37.0,37.0,9.758431818181817,10.238,300.0,405.0,1.0,462.32187789943055,24937.806172730823,60.684090909090905,73.0,5.3896355840000005,5.54133504,21.5,4.329062027636365,4.39298048,29.063405568,0.0,2823.631660302268,0.7843421278617411,0.5592359371654214,713.0,790,Tesla T4,16106.12736,70.0,GPU-4d8859c5-136c-374a-089b-73c32dcd32f0,Tesla T4,16106.12736,70.0,GPU-6d7c29a2-e30e-948b-86cf-75bfa141957f,580.159.04,1.0,62,0.0,20,1.0,5,1.0,41
a-mobilenetv4-base-f1-s2,a,mobilenetv4,base,1,2,53,2597,166208,1787861554.7354221,1787861602.3720975,2026-08-27T20:12:34Z,2026-08-27T20:13:22Z,acct1,0,b8aaf6,Interactive,3b0bb49c2f82,v2,8.692061302011679e-09,1.0,0.48308901861310005,1.1831452032772498e-05,4.26700061037114e-06,0.00018914391694124788,0.0,2.5978641588153526e-06,0.00010208205305389056,0.0,371.71142487192185,1.3581722182150395e-13,128.0,0,0,47.59997296333313,45.08014750480652,2.5182886123657227,32.03943729400635,12.492816925048828,11.226930379867554,0.3737659454345703,0.6730978044606609,0.2643927700665532,0.26392650604248047,0.26717004776000974,0.28210604667663564,69.5649897699566,8437074,8437074,2536.6823081970215,151660.8533398421,60,384,64,coral,coral_bce,0.0,session_balanced,adamw,0.0003,0.05,cosine,5,60,5.0,True,full,raw,full_frame,dataset_v1_1,fp16,2,mobilenetv4,1,2,base,a,3b0bb49c2f82,0.84375,0.6666666666666666,0.6203703703703703,0.84375,0.7764756944444444,0.5853658536585366,0.6666666666666666,0.8611111111111112,1.0,0.7560975609756098,62,0.0,0.0,0.0,20,1.0,1.0,1.0,46,0.9118942731277533,0.15625,0.7212543554006968,0.7617263074577288,0.9661781447047204,0.30551786993363306,0.9981756107881665,0.9999956565874594,0.9883473634719848,0.15442561078816652,0.15442561078816652,0.866245687007904,0.15442561078816652,22.066666666666666,99.0,0.0,6426.918912000002,6426.918912,76.91111111111111,78.0,50.52824444444444,91.555,1362.0,5000.0,4.0,2370.655742227158,128124.41075160158,0.0,0.0,0.0,473.10438399999987,473.104384,37.0,37.0,9.73202222222222,10.238,300.0,405.0,1.0,467.3469790153358,25409.66453112019,60.926666666666655,69.4,5.4420779463111115,5.660393472,21.9,4.327575552000001,4.327575552,28.950151168,0.0,2838.002721242494,0.788334089234026,0.5620822056238606,713.0,802,Tesla T4,16106.12736,70.0,GPU-4d8859c5-136c-374a-089b-73c32dcd32f0,Tesla T4,16106.12736,70.0,GPU-6d7c29a2-e30e-948b-86cf-75bfa141957f,580.159.04,1.0,62,0.0,20,1.0,5,1.0,41
a-mobilenetv4-base-f1-s2,a,mobilenetv4,base,1,2,54,2646,169344,1787861602.6833422,1787861649.4504755,2026-08-27T20:13:22Z,2026-08-27T20:14:09Z,acct1,0,b8aaf6,Interactive,3b0bb49c2f82,v2,2.709170955587648e-08,1.0,0.6885525323450565,8.723345454071307e-06,1.84666123328957e-05,0.0008111752104014158,0.0,5.358494809115619e-06,0.0004614027845673234,0.0,371.7110301730512,4.333759982082496e-13,128.0,0,0,46.738752365112305,44.1273307800293,2.610527753829956,31.00311303138733,12.541409492492676,11.147868394851685,0.4046144485473633,0.6633277839596187,0.2659878828087632,0.26411867141723633,0.2678034782409668,0.3032036018371582,71.06706761015464,8437074,8437074,2583.421060562134,154416.71485274629,60,384,64,coral,coral_bce,0.0,session_balanced,adamw,0.0003,0.05,cosine,5,60,5.0,True,full,raw,full_frame,dataset_v1_1,fp16,2,mobilenetv4,1,2,base,a,3b0bb49c2f82,0.84375,0.6666666666666666,0.6203703703703703,0.84375,0.7764756944444444,0.5853658536585366,0.6666666666666666,0.8611111111111112,1.0,0.7560975609756098,62,0.0,0.0,0.0,20,1.0,1.0,1.0,46,0.9118942731277533,0.15625,0.7212543554006968,0.7617263074577288,1.377105113155881,0.31166288779046264,0.9997882451862097,0.9999985297520956,0.998652708530426,0.15603824518620968,0.15603824518620968,0.15603824518620968,0.15603824518620968,25.11627906976744,99.0,0.0,6426.918912000001,6426.918912,76.95348837209302,78.0,49.12546511627907,73.303,1376.5116279069769,5000.0,4.0,2298.0802263645746,130444.4642341424,0.0,0.0,0.0,473.1043839999999,473.104384,37.0,37.0,9.70960465116279,10.233,300.0,405.0,1.0,457.7812865395863,25872.521199082294,61.8093023255814,71.6,5.400557901395349,5.659455488,21.8,4.329110313674419,4.393570304,29.063405568,0.0,2755.861512904161,0.7655170869178225,0.5458136829724074,713.0,784,Tesla T4,16106.12736,70.0,GPU-4d8859c5-136c-374a-089b-73c32dcd32f0,Tesla T4,16106.12736,70.0,GPU-6d7c29a2-e30e-948b-86cf-75bfa141957f,580.159.04,1.0,62,0.0,20,1.0,5,1.0,41
a-mobilenetv4-base-f1-s2,a,mobilenetv4,base,1,2,55,2695,172480,1787861649.7234833,1787861697.253487,2026-08-27T20:14:09Z,2026-08-27T20:14:57Z,acct1,0,b8aaf6,Interactive,3b0bb49c2f82,v2,1.0939968707668124e-09,1.0,0.49208177253603935,6.076053957825411e-06,7.273608487394642e-08,8.647383538118447e-07,0.0,3.5623938856588193e-07,7.842344029995723e-07,0.0,371.71074622279536,1.1889577604790929e-15,128.0,0,0,47.497740030288696,44.95903396606445,2.5366108417510986,31.910971641540527,12.525788307189941,11.24663496017456,0.3414332866668701,0.671841894397319,0.26437750641180546,0.2637143135070801,0.2677465438842773,0.2821613025665282,69.75238841579838,8437074,8437074,2630.9188005924225,157239.71715686162,60,384,64,coral,coral_bce,0.0,session_balanced,adamw,0.0003,0.05,cosine,5,60,5.0,True,full,raw,full_frame,dataset_v1_1,fp16,2,mobilenetv4,1,2,base,a,3b0bb49c2f82,0.84375,0.6666666666666666,0.6203703703703703,0.84375,0.7764756944444444,0.5853658536585366,0.6666666666666666,0.8611111111111112,1.0,0.7560975609756098,62,0.0,0.0,0.0,20,1.0,1.0,1.0,46,0.9118942731277533,0.15625,0.7212543554006968,0.7617263074577288,0.9841635475989603,0.3051931540360369,0.9980633887462318,0.9999719985105373,0.987756896018982,0.1543133887462318,0.15431338874623174,0.8565725088119507,0.15431338874623174,28.636363636363637,99.0,0.0,6426.918912000002,6426.918912,77.0909090909091,79.0,49.971159090909104,75.695,1321.3636363636363,5000.0,4.0,2358.6280035357922,132817.0763900384,0.0,0.0,0.0,473.10438399999987,473.104384,37.0,37.0,9.71959090909091,10.431,300.0,405.0,1.0,464.3743005795295,26340.72277124538,61.13863636363636,69.2,5.462285963636363,5.631090688,21.7,4.327575552000001,4.327575552,28.950151168,0.0,2823.0023041153217,0.7841673066987005,0.5591112896761735,713.0,796,Tesla T4,16106.12736,70.0,GPU-4d8859c5-136c-374a-089b-73c32dcd32f0,Tesla T4,16106.12736,70.0,GPU-6d7c29a2-e30e-948b-86cf-75bfa141957f,580.159.04,1.0,62,0.0,20,1.0,5,1.0,41
a-mobilenetv4-base-f1-s2,a,mobilenetv4,base,1,2,56,2744,175616,1787861697.5329168,1787861744.7226644,2026-08-27T20:14:57Z,2026-08-27T20:15:44Z,acct1,0,b8aaf6,Interactive,3b0bb49c2f82,v2,9.145822571662594e-06,1.0,0.5304050371050835,3.8982124586499795e-06,0.003185427041324858,0.12696541845798492,0.0,8.76553391208282e-05,0.07992775231599769,0.0,371.71055893357567,3.3406291750867626e-11,128.0,0,0,47.1596474647522,44.695178508758545,2.463033437728882,31.603663444519043,12.56742000579834,11.283480167388916,0.34632039070129395,0.6701420630453202,0.26535418568825236,0.2641105651855469,0.2685215473175049,0.2945355129241942,70.16416769395974,8437074,8437074,2678.0784480571747,160077.03541941152,60,384,64,coral,coral_bce,0.0,session_balanced,adamw,0.0003,0.05,cosine,5,60,5.0,True,full,raw,full_frame,dataset_v1_1,fp16,2,mobilenetv4,1,2,base,a,3b0bb49c2f82,0.84375,0.6666666666666666,0.6203703703703703,0.84375,0.7764756944444444,0.5853658536585366,0.6666666666666666,0.8611111111111112,1.0,0.7560975609756098,62,0.0,0.0,0.0,20,1.0,1.0,1.0,46,0.9118942731277533,0.15625,0.7212543554006968,0.7617263074577288,1.0608100921647523,0.3075924291626139,0.9987275502644479,0.999994405441814,0.9918865323066711,0.15497755026444793,0.15497755026444787,0.9007046222686768,0.15497755026444787,27.533333333333335,99.0,0.0,6426.918912000002,6426.918912,77.06666666666666,79.0,51.38793333333334,90.197,1295.0,5000.0,4.0,2370.1146282551636,135208.22594554583,0.0,0.0,0.0,473.10438399999987,473.104384,37.0,37.0,9.7968,10.332,300.0,405.0,1.0,467.20363429473946,26812.489925233494,60.26444444444444,71.4,5.465599271822223,5.640630272,21.8,4.329195019377779,4.400451584,29.063405568,0.0,2837.318262549903,0.7881439618194175,0.5619466447772447,713.0,794,Tesla T4,16106.12736,70.0,GPU-4d8859c5-136c-374a-089b-73c32dcd32f0,Tesla T4,16106.12736,70.0,GPU-6d7c29a2-e30e-948b-86cf-75bfa141957f,580.159.04,1.0,62,0.0,20,1.0,5,1.0,41
a-mobilenetv4-base-f1-s2,a,mobilenetv4,base,1,2,57,2793,178752,1787861744.992362,1787861791.8328757,2026-08-27T20:15:44Z,2026-08-27T20:16:31Z,acct1,0,b8aaf6,Interactive,3b0bb49c2f82,v2,6.235076653683244e-09,1.0,0.8509812504053116,2.1969246228460523e-06,6.895445042165211e-07,1.5106739738257602e-05,0.0,4.6989697693788695e-06,1.1148184930789251e-05,0.0,371.7104419062535,4.0754230419050365e-15,128.0,0,0,46.81078743934631,44.33326768875122,2.475903272628784,31.26886558532715,12.539581537246704,11.284422159194946,0.34169793128967285,0.6679841826169417,0.2646610298935248,0.2636559009552002,0.2665046215057373,0.2879337596893309,70.73694684580411,8437074,8437074,2724.889235496521,162873.29582827023,60,384,64,coral,coral_bce,0.0,session_balanced,adamw,0.0003,0.05,cosine,5,60,5.0,True,full,raw,full_frame,dataset_v1_1,fp16,2,mobilenetv4,1,2,base,a,3b0bb49c2f82,0.84375,0.6666666666666666,0.6203703703703703,0.84375,0.7764756944444444,0.5853658536585366,0.6666666666666666,0.8611111111111112,1.0,0.7560975609756098,62,0.0,0.0,0.0,20,1.0,1.0,1.0,46,0.9118942731277533,0.15625,0.7212543554006968,0.7617263074577288,1.7019625161691923,0.312391671829902,0.9999723322689533,0.9999993288958514,0.9998265504837036,0.15622233226895332,0.15622233226895332,0.15622233226895332,0.15622233226895332,23.113636363636363,99.0,0.0,6426.918912000002,6426.918912,77.06818181818181,78.0,47.396,69.544,1340.4545454545455,5000.0,4.0,2328.0640023457527,137552.81946291908,0.0,0.0,0.0,473.10438399999987,473.104384,37.0,37.0,9.944045454545455,10.926,300.0,405.0,1.0,468.1964065129614,27285.497760139104,61.25227272727272,73.7,5.4688456145454545,5.669220352,21.8,4.327575552000001,4.327575552,28.950151168,0.0,2796.260408858714,0.7767390024607539,0.5538149087545174,713.0,786,Tesla T4,16106.12736,70.0,GPU-4d8859c5-136c-374a-089b-73c32dcd32f0,Tesla T4,16106.12736,70.0,GPU-6d7c29a2-e30e-948b-86cf-75bfa141957f,580.159.04,1.0,62,0.0,20,1.0,5,1.0,41
a-mobilenetv4-base-f1-s2,a,mobilenetv4,base,1,2,58,2842,181888,1787861792.1152356,1787861839.8278954,2026-08-27T20:16:32Z,2026-08-27T20:17:19Z,acct1,0,b8aaf6,Interactive,3b0bb49c2f82,v2,0.00059157784963065,0.9996811224489796,0.9747808575630188,9.777396977174666e-07,0.1033852733865834,5.065789222717285,0.0,6.432115560528421e-06,2.6342470757930805,0.02040816326530612,371.71038238631957,2.7194259493236043e-10,128.0,0,0,47.68008899688721,45.18082928657532,2.498450994491577,32.12503147125244,12.569824934005737,11.373785972595215,0.3172187805175781,0.6737619863366807,0.2647092293719856,0.2635366916656494,0.2662359714508057,0.30310221672058085,69.4099698814472,8437074,8437074,2772.569324493408,165734.4935314713,60,384,64,coral,coral_bce,0.0,session_balanced,adamw,0.0003,0.05,cosine,5,60,5.0,True,full,raw,full_frame,dataset_v1_1,fp16,2,mobilenetv4,1,2,base,a,3b0bb49c2f82,0.84375,0.6666666666666666,0.6203703703703703,0.84375,0.7764756944444444,0.5853658536585366,0.6666666666666666,0.8611111111111112,1.0,0.7560975609756098,62,0.0,0.0,0.0,20,1.0,1.0,1.0,46,0.9118942731277533,0.15625,0.7212543554006968,0.7617263074577288,1.9495618228464349,0.3124706334180581,0.9999926420859993,0.9999999828912594,0.9999530017375946,0.15624264208599925,0.15624264208599925,0.15624264208599925,0.15624264208599925,26.533333333333335,99.0,0.0,6426.918912000002,6426.918912,76.91111111111111,78.0,50.04444444444444,73.99,1322.0,5000.0,4.0,2380.2718815727276,139944.87649804316,0.0,0.0,0.0,473.10438399999987,473.104384,37.0,37.0,10.051333333333334,11.223,300.0,405.0,1.0,480.9258216283488,27769.86014331974,60.175555555555555,70.2,5.4952600462222225,5.655420928,21.9,4.330397969066667,4.423979008,29.063405568,0.0,2861.1977032010764,0.7947771397780767,0.5666761006617688,713.0,802,Tesla T4,16106.12736,70.0,GPU-4d8859c5-136c-374a-089b-73c32dcd32f0,Tesla T4,16106.12736,70.0,GPU-6d7c29a2-e30e-948b-86cf-75bfa141957f,580.159.04,1.0,62,0.0,20,1.0,5,1.0,41
a-mobilenetv4-base-f1-s2,a,mobilenetv4,base,1,2,59,2891,185024,1787861840.0973625,1787861887.0034416,2026-08-27T20:17:20Z,2026-08-27T20:18:07Z,acct1,0,b8aaf6,Interactive,3b0bb49c2f82,v2,1.2330278419648626e-09,1.0,0.5897502228617668,2.4463441107965276e-07,1.0166397037592941e-07,2.4869650587788783e-06,0.0,2.468846048486728e-07,1.9994204740214585e-06,0.0,371.71035066893177,6.690829425701402e-17,128.0,0,0,46.86866569519043,44.38366937637329,2.4841885566711426,31.35728931427002,12.499218463897705,11.253642559051514,0.3563690185546875,0.6690459147738836,0.2639737080554573,0.2633659839630127,0.26680598258972166,0.27786347389221183,70.65661861813939,8437074,8437074,2819.4379901885986,168504.15221870068,60,384,64,coral,coral_bce,0.0,session_balanced,adamw,0.0003,0.05,cosine,5,60,5.0,True,full,raw,full_frame,dataset_v1_1,fp16,2,mobilenetv4,1,2,base,a,3b0bb49c2f82,0.84375,0.6666666666666666,0.6203703703703703,0.84375,0.7764756944444444,0.5853658536585366,0.6666666666666666,0.8611111111111112,1.0,0.7560975609756098,62,0.0,0.0,0.0,20,1.0,1.0,1.0,46,0.9118942731277533,0.15625,0.7212543554006968,0.7617263074577288,1.1795003973091482,0.31011678971295276,0.9993873913772404,0.9999904312469341,0.9961309760808945,0.15563739137724042,0.15563739137724042,0.15563739137724042,0.15563739137724042,25.818181818181817,99.0,0.0,6426.918912000002,6426.918912,76.95454545454545,78.0,50.30459090909092,85.845,1348.9772727272727,5000.0,4.0,2304.6681106748583,142269.33219098888,0.0,0.0,0.0,473.10438399999987,473.104384,37.04545454545455,38.0,9.84084090909091,10.233,300.0,405.0,1.0,464.99057655453726,28239.42120808734,60.429545454545455,71.0,5.3962965178181825,5.563797504,21.7,4.329565463272727,4.409430016,29.063405568,0.0,2769.6586872293956,0.7693496353414988,0.5485462899984886,713.0,790,Tesla T4,16106.12736,70.0,GPU-4d8859c5-136c-374a-089b-73c32dcd32f0,Tesla T4,16106.12736,70.0,GPU-6d7c29a2-e30e-948b-86cf-75bfa141957f,580.159.04,1.0,62,0.0,20,1.0,5,1.0,41
a-mobilenetv4-base-f1-s2,a,mobilenetv4,base,1,2,60,2940,188160,1787861887.283416,1787861933.8821208,2026-08-27T20:18:07Z,2026-08-27T20:18:53Z,acct1,0,b8aaf6,Interactive,3b0bb49c2f82,v2,4.681316240031868e-06,1.0,0.5593660697340965,0.0,0.0015372035379235577,0.07528853416442871,0.0,6.8734674641745956e-06,0.03915776266017899,0.0,371.7103506628269,0.0,128.0,0,0,46.565789222717285,44.10174584388733,2.4631800651550293,31.04184126853943,12.533681392669678,11.307525396347046,0.34729504585266113,0.6666233255506718,0.26466988544074854,0.2638838291168213,0.26686773300170896,0.2829226875305176,71.10829605478445,8437074,8437074,2866.003779411316,171295.01659603298,60,384,64,coral,coral_bce,0.0,session_balanced,adamw,0.0003,0.05,cosine,5,60,5.0,True,full,raw,full_frame,dataset_v1_1,fp16,2,mobilenetv4,1,2,base,a,3b0bb49c2f82,0.84375,0.6666666666666666,0.6203703703703703,0.84375,0.7764756944444444,0.5853658536585366,0.6666666666666666,0.8611111111111112,1.0,0.7560975609756098,62,0.0,0.0,0.0,20,1.0,1.0,1.0,46,0.9118942731277533,0.15625,0.7212543554006968,0.7617263074577288,1.11873219795898,0.3093415256094601,0.999188594520092,0.9999925356220316,0.9948473125696182,0.155438594520092,0.155438594520092,0.155438594520092,0.155438594520092,26.477272727272727,99.0,0.0,6426.918912000002,6426.918912,77.0,78.0,49.259568181818175,75.155,1376.25,5000.0,4.0,2330.7614564746327,144619.96605571744,0.0,0.0,0.0,473.10438399999987,473.104384,37.09090909090909,38.0,9.774113636363635,10.138,300.0,405.0,1.0,460.10292085766923,28704.1338932022,60.38863636363636,69.9,5.416470807272727,5.60504832,21.7,4.327575552000001,4.327575552,28.950151168,0.0,2790.864377332302,0.7752401048145283,0.5527461947327587,713.0,784,Tesla T4,16106.12736,70.0,GPU-4d8859c5-136c-374a-089b-73c32dcd32f0,Tesla T4,16106.12736,70.0,GPU-6d7c29a2-e30e-948b-86cf-75bfa141957f,580.159.04,1.0,62,0.0,20,1.0,5,1.0,41
