run_id,stage,arch,technique,fold,seed,epoch,global_step,samples_seen,ts_start,ts_end,iso_start,iso_end,account,worker_id,session_id,host,config_hash,lib_version,train_loss,train_acc,val_loss,lr_group0,grad_norm_mean,grad_norm_max,grad_norm_p50,grad_norm_p95,grad_norm_p99,grad_clip_hit_rate,weight_norm_total,update_to_weight_ratio,amp_scale,amp_scale_decreases,nan_or_inf_batches,epoch_seconds,train_seconds,val_seconds,dataload_seconds,compute_seconds,backward_seconds,optimizer_seconds,dataload_frac,step_time_mean,step_time_p50,step_time_p90,step_time_p99,images_per_second,n_params_total,n_params_trainable,wall_seconds_cumulative,energy_joules_cumulative,epochs_planned,cfg_input_resolution,cfg_batch_size,cfg_head_type,cfg_loss_name,cfg_label_smoothing,cfg_sampler_name,cfg_optimizer_name,cfg_lr_initial,cfg_weight_decay,cfg_scheduler_name,cfg_warmup_epochs,cfg_max_epochs,cfg_grad_clip,cfg_pretrained,cfg_finetune_depth,cfg_preprocessing,cfg_roi_mode,cfg_augment_policy,cfg_precision,cfg_num_workers,cfg_arch,cfg_fold,cfg_seed,cfg_technique,cfg_stage,cfg_config_hash,val_acc,val_balanced_acc,val_f1_macro,val_f1_micro,val_f1_weighted,val_precision_macro,val_recall_macro,val_f1_low,val_recall_low,val_precision_low,val_support_low,val_f1_mid,val_recall_mid,val_precision_mid,val_support_mid,val_f1_high,val_recall_high,val_precision_high,val_support_high,val_qwk,val_mae_class,val_cohen_kappa,val_mcc,val_nll,val_brier,val_mean_confidence,val_mean_confidence_correct,val_mean_confidence_incorrect,val_overconfidence_gap,val_ece,val_mce,val_ace,gpu0_util_mean,gpu0_util_max,gpu0_util_p50,gpu0_mem_used_mb_mean,gpu0_mem_used_mb_peak,gpu0_temp_c_mean,gpu0_temp_c_max,gpu0_power_w_mean,gpu0_power_w_max,gpu0_sm_clock_mhz_mean,gpu0_mem_clock_mhz_mean,gpu0_throttle_reasons,gpu0_energy_joules_epoch,gpu0_energy_joules_cumulative,gpu1_util_mean,gpu1_util_max,gpu1_util_p50,gpu1_mem_used_mb_mean,gpu1_mem_used_mb_peak,gpu1_temp_c_mean,gpu1_temp_c_max,gpu1_power_w_mean,gpu1_power_w_max,gpu1_sm_clock_mhz_mean,gpu1_mem_clock_mhz_mean,gpu1_throttle_reasons,gpu1_energy_joules_epoch,gpu1_energy_joules_cumulative,cpu_percent_mean,cpu_percent_max,ram_used_gb_mean,ram_used_gb_peak,ram_percent_peak,proc_rss_gb_mean,proc_rss_gb_peak,proc_vms_gb_peak,swap_used_gb_peak,energy_joules_epoch,energy_wh_epoch,co2_g_epoch,carbon_intensity_g_per_kwh,power_sample_count,gpu0_name,gpu0_mem_total_mb,gpu0_power_limit_w,gpu0_uuid,gpu1_name,gpu1_mem_total_mb,gpu1_power_limit_w,gpu1_uuid,gpu_driver,val_acc_session_mileage_000100_005000__session_001,val_n_session_mileage_000100_005000__session_001,val_acc_session_mileage_070000__session_001,val_n_session_mileage_070000__session_001,val_acc_session_mileage_100000_plus__session_001,val_n_session_mileage_100000_plus__session_001,val_acc_session_mileage_100000_plus__session_005,val_n_session_mileage_100000_plus__session_005
a-mobilenetv4-base-f2-s2,a,mobilenetv4,base,2,2,1,53,3392,1787895522.6269069,1787895591.0205512,2026-08-28T05:38:42Z,2026-08-28T05:39:51Z,acct1,0,30333c,Interactive,64ea3b69c044,v2,1.1239452621897348,0.7797759433962265,0.1467602413434248,6e-05,,,,,,0.8113207547169812,371.7287656197872,,64.0,10,0,68.36918640136719,49.71778416633606,18.649853467941284,35.358574867248535,13.851859092712402,12.558927536010742,0.3115293979644775,0.5171712101365809,0.2689166248969312,0.2686684131622314,0.2764123916625977,0.2971091651916503,68.22508397903873,8437074,8437074,68.36918640136719,4005.9823451361663,60,384,64,coral,coral_bce,0.0,session_balanced,adamw,0.0003,0.05,cosine,5,60,5.0,True,full,raw,full_frame,dataset_v1_1,fp16,2,mobilenetv4,2,2,base,a,64ea3b69c044,0.903846153846154,0.9083333333333332,0.8842592592592594,0.903846153846154,0.906517094017094,0.8824404761904763,0.9083333333333332,0.8611111111111113,0.775,0.96875,40,0.7916666666666667,0.95,0.6785714285714286,20,1.0,1.0,1.0,44,0.937137330754352,0.0961538461538461,0.8522727272727273,0.860173195914887,0.2935004289906101,0.1522432997742749,0.9628364695952488,0.9759784480358692,0.839301872253418,0.058990315749095,0.0899057262218915,0.8537904818852743,0.0899057262218915,26.5625,100.0,0.0,5237.342208,6458.376192,77.78125,81.0,48.59935937499999,95.234,1278.28125,5000.0,4.0,3274.8078714609146,3282.04884186101,0.0,0.0,0.0,473.1043840000001,473.104384,51.78125,52.0,10.645390625,11.156,300.0,405.0,1.0,731.1744736752518,733.5713345692166,52.5125,69.6,3.53885952,3.82234624,15.9,3.655859136,3.724177408,28.432986112,0.0,4005.9823451361663,1.112772873648935,0.7934070589116907,713.0,1150,Tesla T4,16106.12736,70.0,GPU-43a5895b-4634-8fcf-71c5-c56fc6b5bfe4,Tesla T4,16106.12736,70.0,GPU-7e83d3c6-6dae-dba4-092f-d17286ffce95,580.159.04,0.775,40,0.95,20,1.0,3,1.0,41
a-mobilenetv4-base-f2-s2,a,mobilenetv4,base,2,2,2,106,6784,1787895591.4336796,1787895641.7749538,2026-08-28T05:39:51Z,2026-08-28T05:40:41Z,acct1,0,30333c,Interactive,64ea3b69c044,v2,0.0015875057312151,0.999115566037736,0.3800314275118021,0.0001199999999999,6.127969250900725,106.01738739013672,0.0716172978281974,28.829354858398403,98.48504425048824,0.1320754716981132,371.7276110038784,1.9782127782281275e-06,64.0,0,0,50.320947885513306,47.67195463180542,2.648035287857056,33.8193793296814,13.27402949333191,11.914843320846558,0.3819019794464111,0.6720735747391897,0.2595007464570819,0.2570469379425049,0.2652107238769531,0.3111949729919432,71.15294571406038,8437074,8437074,118.6901342868805,6993.331172944075,60,384,64,coral,coral_bce,0.0,session_balanced,adamw,0.0003,0.05,cosine,5,60,5.0,True,full,raw,full_frame,dataset_v1_1,fp16,2,mobilenetv4,2,2,base,a,64ea3b69c044,0.8557692307692307,0.8757575757575756,0.8345524207593172,0.8557692307692307,0.8611044128285509,0.8571428571428571,0.8757575757575756,0.787878787878788,0.65,1.0,40,0.7272727272727273,1.0,0.5714285714285714,20,0.9885057471264368,0.9772727272727272,1.0,44,0.9011156186612576,0.1442307692307692,0.7828507795100222,0.8066112526406214,0.7600843823602769,0.2458076708499972,0.9640044277677168,0.9767793651377216,0.8882064660390218,0.1082351969984861,0.1209823426145773,0.6590760946273804,0.1209823426145773,27.14583333333333,99.0,0.0,6215.630847999998,6445.79328,76.58333333333333,79.0,48.429229166666666,81.107,1376.25,5000.0,4.0,2445.908999739413,5752.617408141141,0.0,0.0,0.0,473.104384,473.104384,51.833333333333336,52.0,10.6883125,11.355,300.0,405.0,1.0,541.4398280684952,1281.168772351743,60.04791666666667,71.4,3.635962709333333,3.790266368,15.8,3.724242944,3.724242944,28.509360128,0.0,2987.3488278079085,0.8298191188355302,0.591661031729733,713.0,846,Tesla T4,16106.12736,70.0,GPU-43a5895b-4634-8fcf-71c5-c56fc6b5bfe4,Tesla T4,16106.12736,70.0,GPU-7e83d3c6-6dae-dba4-092f-d17286ffce95,580.159.04,0.65,40,1.0,20,1.0,3,0.975609756097561,41
a-mobilenetv4-base-f2-s2,a,mobilenetv4,base,2,2,3,159,10176,1787895642.047009,1787895692.5747938,2026-08-28T05:40:42Z,2026-08-28T05:41:32Z,acct1,0,30333c,Interactive,64ea3b69c044,v2,0.0038120241222615,0.9973466981132076,1.4668680355848426e-07,0.0001799999999999,7.664521275881213,116.8796157836914,0.0062331110239028,60.4930824279785,92.66630249023424,0.1509433962264151,371.7342085877805,3.711291018654903e-06,64.0,0,0,50.49959397315979,47.941964626312256,2.555125951766968,34.141907930374146,13.245510578155518,11.929175615310667,0.3642551898956299,0.6760828205573366,0.2585056817756508,0.2564327716827392,0.2650190830230713,0.2866895961761474,70.752211062672,8437074,8437074,169.18972826004028,9971.355504934076,60,384,64,coral,coral_bce,0.0,session_balanced,adamw,0.0003,0.05,cosine,5,60,5.0,True,full,raw,full_frame,dataset_v1_1,fp16,2,mobilenetv4,2,2,base,a,64ea3b69c044,1.0,1.0,1.0,1.0,1.0,1.0,1.0,1.0,1.0,1.0,40,1.0,1.0,1.0,20,1.0,1.0,1.0,44,1.0,0.0,1.0,1.0,2.922956104817438e-07,1.440972981001738e-11,0.999999707707992,0.999999707707992,,-2.9229200804170574e-07,2.9229200804170574e-07,2.9229200804170574e-07,2.9229200804170574e-07,25.31914893617021,99.0,0.0,6445.793279999997,6445.79328,77.06382978723404,78.0,47.16623404255319,73.124,1371.7021276595744,5000.0,4.0,2435.9642038612355,8200.676386287454,0.0,0.0,0.0,473.1043839999998,473.104384,52.0,52.0,10.641702127659574,11.256,300.0,405.0,1.0,542.0601281287663,1827.0063586010936,60.76382978723404,71.6,3.61232497293617,3.760193536,15.9,3.725811624851063,3.79377664,28.622614528,0.0,2978.024331990002,0.8272289811083339,0.589814263530242,713.0,850,Tesla T4,16106.12736,70.0,GPU-43a5895b-4634-8fcf-71c5-c56fc6b5bfe4,Tesla T4,16106.12736,70.0,GPU-7e83d3c6-6dae-dba4-092f-d17286ffce95,580.159.04,1.0,40,1.0,20,1.0,3,1.0,41
a-mobilenetv4-base-f2-s2,a,mobilenetv4,base,2,2,4,212,13568,1787895693.0946712,1787895742.3557546,2026-08-28T05:41:33Z,2026-08-28T05:42:22Z,acct1,0,30333c,Interactive,64ea3b69c044,v2,0.0547543532813907,0.9879127358490566,0.0028940189916353,0.0002399999999999,19.16823372551352,108.2805404663086,0.028285289183259,71.54019165039061,105.4029455566406,0.4150943396226415,371.78043284432295,1.2373905907117974e-05,64.0,0,0,49.24100279808045,46.74165105819702,2.497852087020874,32.855016231536865,13.316390752792358,11.960488557815552,0.3752844333648681,0.6672288207911486,0.2600479305915112,0.258955717086792,0.2675877094268798,0.2787643146514892,72.56910963150818,8437074,8437074,218.43073105812076,12877.579658306591,60,384,64,coral,coral_bce,0.0,session_balanced,adamw,0.0003,0.05,cosine,5,60,5.0,True,full,raw,full_frame,dataset_v1_1,fp16,2,mobilenetv4,2,2,base,a,64ea3b69c044,1.0,1.0,1.0,1.0,1.0,1.0,1.0,1.0,1.0,1.0,40,1.0,1.0,1.0,20,1.0,1.0,1.0,44,1.0,0.0,1.0,1.0,0.0057880299515465,0.0036152208237831,0.9955071228054854,0.9955071228054854,,-0.0044928771945146,0.0044928771945146,0.4331420660018921,0.0044928771945146,27.58695652173913,99.0,0.0,6445.793279999997,6445.79328,77.0,79.0,48.11889130434783,92.093,1332.0652173913045,5000.0,4.0,2378.696567463865,10607.900594399682,0.0,0.0,0.0,473.1043839999998,473.104384,52.0,52.0,10.641326086956523,10.962,300.0,405.0,1.0,527.5275859086519,2362.6638803141127,60.51739130434782,69.7,3.711384086260869,3.962998784,16.4,3.7258870427826087,3.799871488,28.622614528,0.0,2906.224153372517,0.8072844870479213,0.5755938392651679,713.0,830,Tesla T4,16106.12736,70.0,GPU-43a5895b-4634-8fcf-71c5-c56fc6b5bfe4,Tesla T4,16106.12736,70.0,GPU-7e83d3c6-6dae-dba4-092f-d17286ffce95,580.159.04,1.0,40,1.0,20,1.0,3,1.0,41
a-mobilenetv4-base-f2-s2,a,mobilenetv4,base,2,2,5,265,16960,1787895742.6545205,1787895792.1490698,2026-08-28T05:42:22Z,2026-08-28T05:43:12Z,acct1,0,30333c,Interactive,64ea3b69c044,v2,0.0697771790690712,0.992629716981132,9.990394195674287e-11,0.0003,12.35475707160568,95.8122329711914,6.423111335607246e-05,58.7941535949707,93.83928222656247,0.2641509433962264,371.8120374532793,9.968550633456672e-06,64.0,0,0,49.47135305404663,46.99910712242127,2.470839738845825,33.232043743133545,13.199829578399658,11.913895845413208,0.3829808235168457,0.6717431744150618,0.2578922487654776,0.2550854682922363,0.2659690856933593,0.2902171993255615,72.17158383806449,8437074,8437074,267.90208411216736,15748.157613566636,60,384,64,coral,coral_bce,0.0,session_balanced,adamw,0.0003,0.05,cosine,5,60,5.0,True,full,raw,full_frame,dataset_v1_1,fp16,2,mobilenetv4,2,2,base,a,64ea3b69c044,1.0,1.0,1.0,1.0,1.0,1.0,1.0,1.0,1.0,1.0,40,1.0,1.0,1.0,20,1.0,1.0,1.0,44,1.0,0.0,1.0,1.0,-0.0,1.999999975690116e-16,1.0,1.0,,0.0,0.0,0.0,0.0,25.51063829787234,99.0,0.0,6445.793279999997,6445.79328,76.74468085106383,78.0,47.43204255319149,71.217,1344.2553191489362,5000.0,4.0,2340.367470416788,12959.742530092712,0.0,0.0,0.0,473.1043839999998,473.104384,52.0,52.0,10.656404255319147,11.161,300.0,405.0,1.0,530.2104848432541,2896.706175155402,59.58510638297872,70.1,3.719183163914894,3.95751424,16.5,3.724242944,3.724242944,28.509360128,0.0,2870.577955260042,0.7973827653500116,0.5685339116945584,713.0,832,Tesla T4,16106.12736,70.0,GPU-43a5895b-4634-8fcf-71c5-c56fc6b5bfe4,Tesla T4,16106.12736,70.0,GPU-7e83d3c6-6dae-dba4-092f-d17286ffce95,580.159.04,1.0,40,1.0,20,1.0,3,1.0,41
a-mobilenetv4-base-f2-s2,a,mobilenetv4,base,2,2,6,318,20352,1787895792.4371328,1787895840.9132545,2026-08-28T05:43:12Z,2026-08-28T05:44:00Z,acct1,0,30333c,Interactive,64ea3b69c044,v2,0.044193424814098,0.991745283018868,6.83493103467223e-16,0.0002997553655889,9.982920479325069,62.63721084594727,0.3984267711639404,49.429763031005855,62.51015655517578,0.3396226415094339,371.859051789949,8.047226398069594e-06,64.0,0,0,48.45612359046936,45.9067165851593,2.548628807067871,32.02680492401123,13.32191562652588,11.932072877883911,0.3667769432067871,0.6609444287101508,0.2601023799968215,0.2592041492462158,0.2663909435272217,0.2884285926818847,73.88896990068255,8437074,8437074,316.3582077026367,18656.048358460903,60,384,64,coral,coral_bce,0.0,session_balanced,adamw,0.0003,0.05,cosine,5,60,5.0,True,full,raw,full_frame,dataset_v1_1,fp16,2,mobilenetv4,2,2,base,a,64ea3b69c044,1.0,1.0,1.0,1.0,1.0,1.0,1.0,1.0,1.0,1.0,40,1.0,1.0,1.0,20,1.0,1.0,1.0,44,1.0,0.0,1.0,1.0,-0.0,1.999999975690116e-16,1.0,1.0,,0.0,0.0,0.0,0.0,25.42222222222222,99.0,0.0,6445.793279999998,6445.79328,77.31111111111112,79.0,47.94702222222222,82.476,1405.0,5000.0,4.0,2383.969138309003,15366.288493734834,0.0,0.0,0.0,473.1043839999999,473.104384,52.0,52.0,10.75337777777778,11.36,300.0,405.0,1.0,523.9216065852638,3426.2703841490747,60.81555555555555,70.3,3.6695558826666654,3.860180992,16.0,3.7295193201777774,3.82523392,28.622614528,0.0,2907.890744894267,0.8077474291372964,0.5759239169748923,713.0,818,Tesla T4,16106.12736,70.0,GPU-43a5895b-4634-8fcf-71c5-c56fc6b5bfe4,Tesla T4,16106.12736,70.0,GPU-7e83d3c6-6dae-dba4-092f-d17286ffce95,580.159.04,1.0,40,1.0,20,1.0,3,1.0,41
a-mobilenetv4-base-f2-s2,a,mobilenetv4,base,2,2,7,371,23744,1787895841.1917944,1787895889.90699,2026-08-28T05:44:01Z,2026-08-28T05:44:49Z,acct1,0,30333c,Interactive,64ea3b69c044,v2,0.0384521033158134,0.9946933962264152,1.3957004394832611e-24,0.0002990222603022,7.241246381077876,143.89071655273438,3.6173119610793947e-07,29.67818450927734,96.65693954467744,0.2830188679245283,371.88300909315046,5.822513552194207e-06,64.0,0,0,48.695695638656616,46.21551561355591,2.479366540908813,32.53661274909973,13.125979900360107,11.771638870239258,0.3577427864074707,0.6681619868527117,0.2563609357150095,0.2539613246917724,0.2628056049346924,0.277244472503662,73.39526466313102,8437074,8437074,365.0539033412933,21528.869841003896,60,384,64,coral,coral_bce,0.0,session_balanced,adamw,0.0003,0.05,cosine,5,60,5.0,True,full,raw,full_frame,dataset_v1_1,fp16,2,mobilenetv4,2,2,base,a,64ea3b69c044,1.0,1.0,1.0,1.0,1.0,1.0,1.0,1.0,1.0,1.0,40,1.0,1.0,1.0,20,1.0,1.0,1.0,44,1.0,0.0,1.0,1.0,-0.0,1.999999975690116e-16,1.0,1.0,,0.0,0.0,0.0,0.0,25.75555555555556,99.0,0.0,6445.793279999998,6445.79328,76.95555555555555,78.0,49.046200000000006,81.94,1378.0,5000.0,4.0,2341.186825861454,17722.43817787671,0.0,0.0,0.0,473.1043839999999,473.104384,52.0,52.0,10.828733333333334,11.256,300.0,405.0,1.0,531.6346566815391,3962.403801263573,60.28222222222222,69.2,3.7124508330666672,3.948937216,16.3,3.724242944,3.724242944,28.509360128,0.0,2872.821482542993,0.7980059673730536,0.5689782547369873,713.0,820,Tesla T4,16106.12736,70.0,GPU-43a5895b-4634-8fcf-71c5-c56fc6b5bfe4,Tesla T4,16106.12736,70.0,GPU-7e83d3c6-6dae-dba4-092f-d17286ffce95,580.159.04,1.0,40,1.0,20,1.0,3,1.0,41
a-mobilenetv4-base-f2-s2,a,mobilenetv4,base,2,2,8,424,27136,1787895890.5421605,1787895938.2670827,2026-08-28T05:44:50Z,2026-08-28T05:45:38Z,acct1,0,30333c,Interactive,64ea3b69c044,v2,0.0145578365372064,0.9979363207547168,0.0277166527051192,0.0002978030753771,1.850243247674548,24.15322494506836,0.0,14.76153354644775,21.882252731323227,0.1320754716981132,371.88492326536607,1.481662995410304e-06,64.0,0,0,47.70603013038635,45.26782822608948,2.437427043914795,31.635746002197266,13.075823783874512,11.74789261817932,0.3611931800842285,0.663139353992209,0.2553874456657554,0.2534961700439453,0.2624895095825195,0.2774547386169433,74.93180328993712,8437074,8437074,412.7599334716797,24385.072411514266,60,384,64,coral,coral_bce,0.0,session_balanced,adamw,0.0003,0.05,cosine,5,60,5.0,True,full,raw,full_frame,dataset_v1_1,fp16,2,mobilenetv4,2,2,base,a,64ea3b69c044,0.9903846153846154,0.9924242424242424,0.9880385010746658,0.9903846153846154,0.9904466153414848,0.9841269841269842,0.9924242424242424,1.0,1.0,1.0,40,0.975609756097561,1.0,0.9523809523809524,20,0.9885057471264368,0.9772727272727272,1.0,44,0.9940036900369004,0.0096153846153846,0.984936268829664,0.985084419131279,0.0554333031385609,0.0191103490510407,0.9999678862782624,0.9999980197369474,0.996864140033722,0.009583270893647,0.009583270893647,0.009583270893647,0.009583270893647,24.568181818181817,96.0,0.0,6445.793279999998,6445.79328,77.18181818181819,78.0,47.35095454545456,76.312,1382.0454545454545,5000.0,4.0,2330.838566165192,20078.877393104533,0.0,0.0,0.0,473.1043839999999,473.104384,52.0,52.0,10.900886363636364,11.554,300.0,405.0,1.0,525.3640043451769,4496.011604915619,60.95227272727273,70.8,3.820668183272728,4.094357504,16.7,3.724245085090908,3.724251136,28.509360128,0.0,2856.202570510369,0.7933896029195469,0.565686786881637,713.0,804,Tesla T4,16106.12736,70.0,GPU-43a5895b-4634-8fcf-71c5-c56fc6b5bfe4,Tesla T4,16106.12736,70.0,GPU-7e83d3c6-6dae-dba4-092f-d17286ffce95,580.159.04,1.0,40,1.0,20,0.6666666666666666,3,1.0,41
a-mobilenetv4-base-f2-s2,a,mobilenetv4,base,2,2,9,477,30528,1787895938.5358565,1787895987.0811343,2026-08-28T05:45:38Z,2026-08-28T05:46:27Z,acct1,0,30333c,Interactive,64ea3b69c044,v2,0.0054816204189854,0.9988207547169812,1.2530010227959301e-18,0.0002961017875413,1.2734141788545927,31.58524703979492,0.0,5.2184558153152345,27.55520339965818,0.0566037735849056,371.8780314118454,1.013935169033313e-06,64.0,0,0,48.52569580078125,46.13241672515869,2.392505168914795,32.51698136329651,13.039664030075071,11.684863328933716,0.3795771598815918,0.6700981990406203,0.2549302712926324,0.2538988590240478,0.2584452152252197,0.2780470943450927,73.52747245409637,8437074,8437074,461.28562927246094,27279.827302694808,60,384,64,coral,coral_bce,0.0,session_balanced,adamw,0.0003,0.05,cosine,5,60,5.0,True,full,raw,full_frame,dataset_v1_1,fp16,2,mobilenetv4,2,2,base,a,64ea3b69c044,1.0,1.0,1.0,1.0,1.0,1.0,1.0,1.0,1.0,1.0,40,1.0,1.0,1.0,20,1.0,1.0,1.0,44,1.0,0.0,1.0,1.0,-0.0,1.999999975690116e-16,1.0,1.0,,0.0,0.0,0.0,0.0,26.355555555555554,99.0,0.0,6445.793279999998,6445.79328,76.97777777777777,78.0,50.58140000000001,77.49,1383.3333333333333,5000.0,4.0,2360.853836783441,22456.247401099696,0.0,0.0,0.0,473.1043839999999,473.104384,52.0,52.0,10.928222222222225,11.648,300.0,405.0,1.0,533.9010543971035,5034.137073771473,60.94444444444446,72.3,3.85512607288889,4.065275904,16.6,3.725119396977777,3.76205312,28.622614528,0.0,2894.7548911805443,0.8040985808834845,0.5733222881699245,713.0,818,Tesla T4,16106.12736,70.0,GPU-43a5895b-4634-8fcf-71c5-c56fc6b5bfe4,Tesla T4,16106.12736,70.0,GPU-7e83d3c6-6dae-dba4-092f-d17286ffce95,580.159.04,1.0,40,1.0,20,1.0,3,1.0,41
a-mobilenetv4-base-f2-s2,a,mobilenetv4,base,2,2,10,530,33920,1787895987.3562188,1787896034.7299178,2026-08-28T05:46:27Z,2026-08-28T05:47:14Z,acct1,0,30333c,Interactive,64ea3b69c044,v2,0.0157445388570715,0.9976415094339622,2.4574113248296858e-17,0.0002939239460421,1.7138136106202202,18.72218894958496,9.536487596051302e-06,11.977842712402332,18.116980590820308,0.1509433962264151,371.8817101555688,1.3545459361353286e-06,64.0,0,0,47.35446810722351,44.94481253623962,2.408910036087036,31.281468391418457,13.137108325958252,11.851874351501465,0.3529448509216308,0.660581137150324,0.2560654946093289,0.2539482116699219,0.2634032249450683,0.2806045532226561,75.47033369568476,8437074,8437074,508.6400973796845,30082.087484941483,60,384,64,coral,coral_bce,0.0,session_balanced,adamw,0.0003,0.05,cosine,5,60,5.0,True,full,raw,full_frame,dataset_v1_1,fp16,2,mobilenetv4,2,2,base,a,64ea3b69c044,1.0,1.0,1.0,1.0,1.0,1.0,1.0,1.0,1.0,1.0,40,1.0,1.0,1.0,20,1.0,1.0,1.0,44,1.0,0.0,1.0,1.0,-0.0,1.999999975690116e-16,1.0,1.0,,0.0,0.0,0.0,0.0,26.681818181818183,99.0,0.0,6445.793279999998,6445.79328,77.04545454545455,78.0,49.88013636363637,79.495,1351.3636363636365,5000.0,4.0,2289.35719586943,24763.071323084117,0.0,0.0,0.0,473.1043839999999,473.104384,52.0,52.0,10.783090909090909,11.251,300.0,405.0,1.0,512.9029863772448,5552.56602304721,60.45454545454543,69.7,3.8974591534545455,4.134866944,16.8,3.724960023272726,3.752882176,28.622614528,0.0,2802.260182246675,0.778405606179632,0.5550031972060776,713.0,796,Tesla T4,16106.12736,70.0,GPU-43a5895b-4634-8fcf-71c5-c56fc6b5bfe4,Tesla T4,16106.12736,70.0,GPU-7e83d3c6-6dae-dba4-092f-d17286ffce95,580.159.04,1.0,40,1.0,20,1.0,3,1.0,41
a-mobilenetv4-base-f2-s2,a,mobilenetv4,base,2,2,11,583,37312,1787896035.112991,1787896082.096352,2026-08-28T05:47:15Z,2026-08-28T05:48:02Z,acct1,0,30333c,Interactive,64ea3b69c044,v2,0.0062054285003041,0.9988207547169812,7.41839315356539e-22,0.0002912766545459,0.8320226749804276,16.305452346801758,0.0,5.840131878852827,14.940506401062004,0.0566037735849056,371.8749700237445,6.516942542790105e-07,64.0,0,0,46.96170353889465,44.55346751213074,2.4074079990386963,30.981240272521973,13.040125370025637,11.76446771621704,0.3459532260894775,0.6597128710814902,0.2542629376897272,0.2528963088989258,0.25812668800354,0.2822863388061522,76.1332437049136,8437074,8437074,555.6018009185791,32868.23702759766,60,384,64,coral,coral_bce,0.0,session_balanced,adamw,0.0003,0.05,cosine,5,60,5.0,True,full,raw,full_frame,dataset_v1_1,fp16,2,mobilenetv4,2,2,base,a,64ea3b69c044,1.0,1.0,1.0,1.0,1.0,1.0,1.0,1.0,1.0,1.0,40,1.0,1.0,1.0,20,1.0,1.0,1.0,44,1.0,0.0,1.0,1.0,-0.0,1.999999975690116e-16,1.0,1.0,,0.0,0.0,0.0,0.0,27.295454545454547,99.0,0.0,6445.793279999998,6445.79328,76.9090909090909,78.0,48.59843181818182,81.353,1403.1818181818182,5000.0,4.0,2279.428429018022,27060.25288838458,0.0,0.0,0.0,473.1043839999999,473.104384,51.88636363636363,52.0,10.694931818181818,11.057,300.0,405.0,1.0,506.72111363815566,6064.452878590817,61.24999999999998,68.9,3.883522699636363,4.049883136,16.5,3.724416372363637,3.728453632,28.622614528,0.0,2786.149542656178,0.7739304285156049,0.5518123955316263,713.0,792,Tesla T4,16106.12736,70.0,GPU-43a5895b-4634-8fcf-71c5-c56fc6b5bfe4,Tesla T4,16106.12736,70.0,GPU-7e83d3c6-6dae-dba4-092f-d17286ffce95,580.159.04,1.0,40,1.0,20,1.0,3,1.0,41
a-mobilenetv4-base-f2-s2,a,mobilenetv4,base,2,2,12,636,40704,1787896082.3660357,1787896129.6616182,2026-08-28T05:48:02Z,2026-08-28T05:48:49Z,acct1,0,30333c,Interactive,64ea3b69c044,v2,0.007931430756944,0.9994103773584906,5.987815078261984e-14,0.0002881685479672,0.4605831366734281,13.568387031555176,5.629504471471591e-07,1.404181265830993,10.587860164642317,0.0377358490566037,371.8738989812019,3.569101624959221e-07,64.0,0,0,47.27597975730896,44.88264274597168,2.392586231231689,31.27939796447754,13.05547547340393,11.809062242507936,0.3682136535644531,0.6616340502100685,0.2548828035030724,0.2533187866210937,0.25877685546875,0.2858094882965086,75.57487243338495,8437074,8437074,602.8777806758881,35649.01993486189,60,384,64,coral,coral_bce,0.0,session_balanced,adamw,0.0003,0.05,cosine,5,60,5.0,True,full,raw,full_frame,dataset_v1_1,fp16,2,mobilenetv4,2,2,base,a,64ea3b69c044,1.0,1.0,1.0,1.0,1.0,1.0,1.0,1.0,1.0,1.0,40,1.0,1.0,1.0,20,1.0,1.0,1.0,44,1.0,0.0,1.0,1.0,-0.0,1.999999975690116e-16,1.0,1.0,,0.0,0.0,0.0,0.0,28.772727272727277,99.0,0.0,6445.793279999998,6445.79328,76.97727272727273,78.0,47.31963636363636,73.523,1347.2727272727273,5000.0,4.0,2281.286729001993,29362.412619809624,0.0,0.0,0.0,473.1043839999999,473.104384,49.45454545454545,51.0,10.536590909090908,11.251,300.0,405.0,1.0,499.4961782622431,6569.52710456634,61.3409090909091,70.3,3.872710004363636,4.056313856,16.6,3.724373829818183,3.724378112,28.509360128,0.0,2780.782907264236,0.7724396964622878,0.5507495035776112,713.0,794,Tesla T4,16106.12736,70.0,GPU-43a5895b-4634-8fcf-71c5-c56fc6b5bfe4,Tesla T4,16106.12736,70.0,GPU-7e83d3c6-6dae-dba4-092f-d17286ffce95,580.159.04,1.0,40,1.0,20,1.0,3,1.0,41
a-mobilenetv4-base-f2-s2,a,mobilenetv4,base,2,2,13,689,44096,1787896129.931609,1787896177.018414,2026-08-28T05:48:49Z,2026-08-28T05:49:37Z,acct1,0,30333c,Interactive,64ea3b69c044,v2,0.0079620676550104,0.9961674528301888,4.049091717910952e-25,0.0002846097643037,1.8185961451054644,28.649789810180664,0.0,11.126816558837888,22.040181159973105,0.1320754716981132,371.8820676422712,1.3918127956629031e-06,64.0,0,0,47.066452503204346,44.66429090499878,2.401407480239868,31.011137008666992,13.11017370223999,11.827229976654053,0.3619041442871094,0.658879846671166,0.2557784071508444,0.2542836666107178,0.2609377384185791,0.2820997524261474,75.94433788761597,8437074,8437074,649.9442331790924,38450.74477351381,60,384,64,coral,coral_bce,0.0,session_balanced,adamw,0.0003,0.05,cosine,5,60,5.0,True,full,raw,full_frame,dataset_v1_1,fp16,2,mobilenetv4,2,2,base,a,64ea3b69c044,1.0,1.0,1.0,1.0,1.0,1.0,1.0,1.0,1.0,1.0,40,1.0,1.0,1.0,20,1.0,1.0,1.0,44,1.0,0.0,1.0,1.0,-0.0,1.999999975690116e-16,1.0,1.0,,0.0,0.0,0.0,0.0,34.44444444444444,99.0,14.0,6445.793279999998,6445.79328,77.0,78.0,50.250688888888895,89.205,1371.3333333333333,5000.0,4.0,2306.74554671027,31687.24480039073,0.0,0.0,0.0,473.1043839999999,473.104384,48.53333333333333,49.0,10.455288888888887,10.854,300.0,405.0,1.0,494.9792919416477,7069.4853082265945,60.64888888888888,69.8,3.844482480355556,4.123099136,16.8,3.726701181155555,3.828404224,28.622614528,0.0,2801.7248386519177,0.7782568996255327,0.5548971694330048,713.0,792,Tesla T4,16106.12736,70.0,GPU-43a5895b-4634-8fcf-71c5-c56fc6b5bfe4,Tesla T4,16106.12736,70.0,GPU-7e83d3c6-6dae-dba4-092f-d17286ffce95,580.159.04,1.0,40,1.0,20,1.0,3,1.0,41
a-mobilenetv4-base-f2-s2,a,mobilenetv4,base,2,2,14,742,47488,1787896177.2806468,1787896225.0585015,2026-08-28T05:49:37Z,2026-08-28T05:50:25Z,acct1,0,30333c,Interactive,64ea3b69c044,v2,0.006110861454422,0.9985259433962264,3.0532248852950307e-16,0.0002806119115679,0.804849434066751,17.83049964904785,0.0,2.4956113100051853,17.81474754333496,0.0377358490566037,371.8782443309269,6.073233421444451e-07,64.0,0,0,47.74605345726013,45.37473034858704,2.369114875793457,31.76260781288147,13.063823938369753,11.771327018737791,0.3729612827301025,0.6652404861338699,0.2551040064613774,0.2532708644866943,0.2584507942199707,0.2912466526031492,74.75526518706081,8437074,8437074,697.6902866363525,41243.77667125463,60,384,64,coral,coral_bce,0.0,session_balanced,adamw,0.0003,0.05,cosine,5,60,5.0,True,full,raw,full_frame,dataset_v1_1,fp16,2,mobilenetv4,2,2,base,a,64ea3b69c044,1.0,1.0,1.0,1.0,1.0,1.0,1.0,1.0,1.0,1.0,40,1.0,1.0,1.0,20,1.0,1.0,1.0,44,1.0,0.0,1.0,1.0,-0.0,1.999999975690116e-16,1.0,1.0,,0.0,0.0,0.0,0.0,29.59090909090909,99.0,0.0,6445.793279999998,6445.79328,76.97727272727273,78.0,47.0613409090909,68.319,1367.7272727272727,5000.0,4.0,2295.402092727403,34005.042667754875,0.0,0.0,0.0,473.1043839999999,473.104384,47.54545454545455,48.0,10.330659090909087,11.057,300.0,405.0,1.0,497.6298050134119,7572.563422423127,62.443181818181806,85.0,3.939481693090909,4.305809408,17.4,3.8058611432727263,4.102729728,28.78439424,0.0,2793.031897740815,0.7758421938168931,0.5531754841914448,713.0,803,Tesla T4,16106.12736,70.0,GPU-43a5895b-4634-8fcf-71c5-c56fc6b5bfe4,Tesla T4,16106.12736,70.0,GPU-7e83d3c6-6dae-dba4-092f-d17286ffce95,580.159.04,1.0,40,1.0,20,1.0,3,1.0,41
a-mobilenetv4-base-f2-s2,a,mobilenetv4,base,2,2,15,795,50880,1787896225.3455424,1787896272.4877305,2026-08-28T05:50:25Z,2026-08-28T05:51:12Z,acct1,0,30333c,Interactive,64ea3b69c044,v2,0.0003239239034564,0.9997051886792452,1.1300565242457192e-14,0.0002761880299246,0.093737549848044,4.944437503814697,0.0,0.0019281185115687,2.383120770528897,0.0,371.8701297938618,6.961889957886271e-08,64.0,0,0,47.12252593040466,44.72566342353821,2.3961095809936523,31.170528650283813,13.015166282653809,11.722793102264404,0.3471770286560058,0.6614783064965494,0.2539300558702001,0.252695083618164,0.2544673442840576,0.2876988506317137,75.84012712967069,8437074,8437074,744.8128125667572,44021.45974267334,60,384,64,coral,coral_bce,0.0,session_balanced,adamw,0.0003,0.05,cosine,5,60,5.0,True,full,raw,full_frame,dataset_v1_1,fp16,2,mobilenetv4,2,2,base,a,64ea3b69c044,1.0,1.0,1.0,1.0,1.0,1.0,1.0,1.0,1.0,1.0,40,1.0,1.0,1.0,20,1.0,1.0,1.0,44,1.0,0.0,1.0,1.0,-0.0,1.999999975690116e-16,1.0,1.0,,0.0,0.0,0.0,0.0,29.045454545454547,99.0,0.0,6445.793279999998,6445.79328,76.9090909090909,78.0,47.93111363636364,81.987,1380.6818181818182,5000.0,4.0,2285.5152497934832,36304.0547198264,0.0,0.0,0.0,473.1043839999999,473.104384,46.97727272727273,47.0,10.407704545454544,10.957,300.0,405.0,1.0,492.1678216252294,8070.146303342342,60.868181818181824,69.9,4.078545454545455,4.248551424,17.4,3.8531199534545455,3.860811776,28.638629888,0.0,2777.6830714187126,0.7715786309496424,0.5501355638670951,713.0,794,Tesla T4,16106.12736,70.0,GPU-43a5895b-4634-8fcf-71c5-c56fc6b5bfe4,Tesla T4,16106.12736,70.0,GPU-7e83d3c6-6dae-dba4-092f-d17286ffce95,580.159.04,1.0,40,1.0,20,1.0,3,1.0,41
a-mobilenetv4-base-f2-s2,a,mobilenetv4,base,2,2,16,848,54272,1787896272.771091,1787896320.0039155,2026-08-28T05:51:12Z,2026-08-28T05:52:00Z,acct1,0,30333c,Interactive,64ea3b69c044,v2,6.677696833532673e-08,1.0,3.5452486715572304e-15,0.0002713525491562,0.0001503132646129,0.0079403752461075,0.0,4.677402375818926e-06,0.0038194953306083,0.0,371.85858827039976,1.0968655508113584e-10,64.0,0,0,47.21215581893921,44.78409814834595,2.4272797107696533,31.25119638442993,12.9625403881073,11.682629823684692,0.357097864151001,0.6619311455354784,0.2534582659883319,0.2518625259399414,0.2549582004547119,0.2925580692291259,75.74117019760239,8437074,8437074,792.0249683856964,46795.22494610041,60,384,64,coral,coral_bce,0.0,session_balanced,adamw,0.0003,0.05,cosine,5,60,5.0,True,full,raw,full_frame,dataset_v1_1,fp16,2,mobilenetv4,2,2,base,a,64ea3b69c044,1.0,1.0,1.0,1.0,1.0,1.0,1.0,1.0,1.0,1.0,40,1.0,1.0,1.0,20,1.0,1.0,1.0,44,1.0,0.0,1.0,1.0,-0.0,1.999999975690116e-16,1.0,1.0,,0.0,0.0,0.0,0.0,31.844444444444445,99.0,0.0,6445.793279999998,6445.79328,76.02222222222223,77.0,48.31335555555556,91.18,1374.0,5000.0,4.0,2282.7211164200344,38603.89372455519,0.0,0.0,0.0,473.1043839999999,473.104384,46.82222222222222,47.0,10.329377777777776,10.953,300.0,405.0,1.0,491.0440870070343,8566.276320744026,60.43111111111112,70.8,4.185236366222222,4.354248704,17.5,3.853431148088889,3.87432448,28.638629888,0.0,2773.7652034270686,0.7704903342852969,0.5493596083454166,713.0,796,Tesla T4,16106.12736,70.0,GPU-43a5895b-4634-8fcf-71c5-c56fc6b5bfe4,Tesla T4,16106.12736,70.0,GPU-7e83d3c6-6dae-dba4-092f-d17286ffce95,580.159.04,1.0,40,1.0,20,1.0,3,1.0,41
a-mobilenetv4-base-f2-s2,a,mobilenetv4,base,2,2,17,901,57664,1787897658.1821175,1787897799.4034266,2026-08-28T06:14:18Z,2026-08-28T06:16:39Z,acct1,0,fbe40e,Interactive,64ea3b69c044,v2,0.001892408024632583,0.9994103773584906,2.8365174040719616e-09,0.00026612124159586237,0.3618105875784054,8.235280990600586,0.0,1.4785999476909595,7.7376688766479464,0.03773584905660377,371.8517470228327,2.5893513627349333e-07,64.0,0,0,141.19633984565735,121.99913907051086,19.195536136627197,39.20037364959717,81.83448433876038,60.104538440704346,0.7785730361938477,0.27763023951220944,1.5605269513040219,0.25353336334228516,0.26287355422973635,33.45101690292337,27.803474892060944,8437074,8437074,933.2213082313538,54964.5344629864,60,384,64,coral,coral_bce,0.0,session_balanced,adamw,0.0003,0.05,cosine,5,60,5.0,True,full,raw,full_frame,dataset_v1_1,fp16,2,mobilenetv4,2,2,base,a,64ea3b69c044,1.0,1.0,1.0,1.0,1.0,1.0,1.0,1.0,1.0,1.0,40,1.0,1.0,1.0,20,1.0,1.0,1.0,44,1.0,0.0,1.0,1.0,3.4387298478796695e-09,1.5645052586695016e-15,0.9999999965612705,0.9999999965612705,NA,-3.4387295233528903e-09,3.4387295233528903e-09,3.4387295233528903e-09,3.4387295233528903e-09,31.105263157894736,100.0,0.0,4506.274577323309,6431.113216,63.31578947368421,75.0,49.07175187969924,88.437,1384.9624060150377,5000.0,4.0,6734.167118519776,6740.21596594619,0.0,0.0,0.0,473.10438400000004,473.104384,44.0,45.0,10.071473684210527,10.953,300.0,405.0,1.0,1435.142398366211,1437.3289723818284,40.380451127819555,66.5,2.6899406416842107,3.123924992,13.0,2.7256880659248117,3.011407872,26.803007488,0.0,8169.309516885986,2.2692526435794407,1.6179771348721412,713.0,2390,Tesla T4,16106.12736,70.0,GPU-80251202-305b-68eb-9626-4d65ca92e0f8,Tesla T4,16106.12736,70.0,GPU-2b820e7f-b3f5-57f9-0af1-1d4eb501eded,580.159.04,1.0,40,1.0,20,1.0,3,1.0,41
a-mobilenetv4-base-f2-s2,a,mobilenetv4,base,2,2,18,954,61056,1787897799.7349024,1787897855.051836,2026-08-28T06:16:39Z,2026-08-28T06:17:35Z,acct1,0,fbe40e,Interactive,64ea3b69c044,v2,0.011288433830834672,0.9982311320754716,1.5727814306627346e-12,0.0002605111706814607,1.1937976414628586,16.745718002319336,6.032281589796185e-07,10.116693782806388,15.530141830444329,0.09433962264150944,371.8558847882271,8.36339113770836e-07,64.0,0,0,55.295727491378784,52.654749393463135,2.6400814056396484,38.34776544570923,13.442190408706665,12.133350372314453,0.6861374378204346,0.693503226839507,0.26822668651364884,0.26738882064819336,0.27638912200927734,0.2887046909332275,64.41963999587666,8437074,8437074,988.5170357227325,58195.38753910271,60,384,64,coral,coral_bce,0.0,session_balanced,adamw,0.0003,0.05,cosine,5,60,5.0,True,full,raw,full_frame,dataset_v1_1,fp16,2,mobilenetv4,2,2,base,a,64ea3b69c044,1.0,1.0,1.0,1.0,1.0,1.0,1.0,1.0,1.0,1.0,40,1.0,1.0,1.0,20,1.0,1.0,1.0,44,1.0,0.0,1.0,1.0,-0.0,1.9999999756901162e-16,1.0,1.0,NA,0.0,0.0,0.0,0.0,27.807692307692307,99.0,0.0,6220.752738461537,6433.210368,77.1923076923077,79.0,46.82780769230769,79.007,1380.0,5000.0,4.0,2677.1882806777876,9439.75099189137,0.0,0.0,0.0,473.1043839999999,473.104384,42.73076923076923,43.0,9.942576923076926,10.655,300.0,405.0,1.0,553.6647954385282,1996.1612511517988,58.29230769230769,68.5,3.1752240049230767,3.413475328,13.6,2.9931547569230768,3.099037696,26.92808704,0.0,3230.8530761163156,0.8974591878100877,0.6398884009085924,713.0,928,Tesla T4,16106.12736,70.0,GPU-80251202-305b-68eb-9626-4d65ca92e0f8,Tesla T4,16106.12736,70.0,GPU-2b820e7f-b3f5-57f9-0af1-1d4eb501eded,580.159.04,1.0,40,1.0,20,1.0,3,1.0,41
a-mobilenetv4-base-f2-s2,a,mobilenetv4,base,2,2,19,1007,64448,1787897855.3562276,1787897910.4871657,2026-08-28T06:17:35Z,2026-08-28T06:18:30Z,acct1,0,fbe40e,Interactive,64ea3b69c044,v2,0.00040508625596619423,0.9997051886792453,1.2715621320325e-06,0.00025454063529829405,0.34418424482766824,16.69510269165039,1.2910539226140827e-05,0.20946612954139698,8.530833294391583,0.018867924528301886,371.85588497542324,2.355990045549192e-07,64.0,0,0,55.109193325042725,52.532530784606934,2.5753018856048584,38.36455178260803,13.295652151107788,12.019566059112549,0.6944465637207031,0.696155205109388,0.2656300922609725,0.26452207565307617,0.2702127456665039,0.2995189285278319,64.56951434355649,8437074,8437074,1043.6262290477753,61439.91327801459,60,384,64,coral,coral_bce,0.0,session_balanced,adamw,0.0003,0.05,cosine,5,60,5.0,True,full,raw,full_frame,dataset_v1_1,fp16,2,mobilenetv4,2,2,base,a,64ea3b69c044,1.0,1.0,1.0,1.0,1.0,1.0,1.0,1.0,1.0,1.0,40,1.0,1.0,1.0,20,1.0,1.0,1.0,44,1.0,0.0,1.0,1.0,2.524628386236897e-06,1.1121194449898808e-10,0.9999974753994209,0.9999974753994209,NA,-2.5246005791457193e-06,2.5246005791457193e-06,2.5246005791457193e-06,2.5246005791457193e-06,23.692307692307693,99.0,0.0,6433.210367999998,6433.210368,76.59615384615384,78.0,48.013384615384616,77.392,1374.2307692307693,5000.0,4.0,2693.3605248243894,12157.247114292139,0.0,0.0,0.0,473.1043839999999,473.104384,42.0,42.0,9.918346153846155,10.456,300.0,405.0,1.0,551.165214087489,2552.434413815261,57.84423076923077,68.9,3.324883101538461,3.490885632,14.0,2.988025540923078,3.014381568,26.92808704,0.0,3244.5257389118783,0.901257149697744,0.6425963477344914,713.0,928,Tesla T4,16106.12736,70.0,GPU-80251202-305b-68eb-9626-4d65ca92e0f8,Tesla T4,16106.12736,70.0,GPU-2b820e7f-b3f5-57f9-0af1-1d4eb501eded,580.159.04,1.0,40,1.0,20,1.0,3,1.0,41
a-mobilenetv4-base-f2-s2,a,mobilenetv4,base,2,2,20,1060,67840,1787897910.7940824,1787897963.973305,2026-08-28T06:18:30Z,2026-08-28T06:19:23Z,acct1,0,fbe40e,Interactive,64ea3b69c044,v2,0.00892639192419424,0.9979363207547169,1.868557618039481e-12,0.00024822911009179276,1.5248645941059147,67.16899108886719,4.5377024093795626e-07,3.0713440179824762,35.64038705825787,0.05660377358490566,371.84975973100353,1.017926652633076e-06,64.0,0,0,53.15832734107971,50.564085960388184,2.593419313430786,36.29060912132263,13.41008186340332,12.150789737701416,0.6871762275695801,0.6826890712431797,0.2676138383037639,0.2652316093444824,0.27683324813842775,0.30212077140808097,67.08318632828222,8437074,8437074,1096.784556388855,64627.398059361614,60,384,64,coral,coral_bce,0.0,session_balanced,adamw,0.0003,0.05,cosine,5,60,5.0,True,full,raw,full_frame,dataset_v1_1,fp16,2,mobilenetv4,2,2,base,a,64ea3b69c044,1.0,1.0,1.0,1.0,1.0,1.0,1.0,1.0,1.0,1.0,40,1.0,1.0,1.0,20,1.0,1.0,1.0,44,1.0,0.0,1.0,1.0,-0.0,1.9999999756901162e-16,1.0,1.0,NA,0.0,0.0,0.0,0.0,22.4,99.0,0.0,6433.210367999999,6433.210368,77.12,79.0,49.58684000000001,97.049,1348.8,5000.0,4.0,2654.7041666579153,14834.137653238042,0.0,0.0,0.0,473.104384,473.104384,41.36,42.0,9.87562,10.262,300.0,405.0,1.0,532.7806146891126,3090.724172732355,59.04800000000001,70.8,3.29260654592,3.63986944,14.3,2.9917927833599998,3.088510976,26.929135616,0.0,3187.484781347028,0.8854124392630632,0.6312990691945641,713.0,896,Tesla T4,16106.12736,70.0,GPU-80251202-305b-68eb-9626-4d65ca92e0f8,Tesla T4,16106.12736,70.0,GPU-2b820e7f-b3f5-57f9-0af1-1d4eb501eded,580.159.04,1.0,40,1.0,20,1.0,3,1.0,41
a-mobilenetv4-base-f2-s2,a,mobilenetv4,base,2,2,21,1113,71232,1787897964.353642,1787898015.8870378,2026-08-28T06:19:24Z,2026-08-28T06:20:15Z,acct1,0,fbe40e,Interactive,64ea3b69c044,v2,0.000245335365733858,0.9997051886792453,1.2393123205018268e-09,0.00024159718194531572,0.09524689188679167,3.6952056884765625,5.735711511078989e-06,0.2139721065759654,2.0817452192306423,0.0,371.8415438204683,6.1884910525246e-08,64.0,0,0,51.51254749298096,49.000200033187866,2.5114729404449463,34.675705671310425,13.407977819442749,12.024876356124878,0.7373075485229492,0.673150666369884,0.2686342653238548,0.26624131202697754,0.27558002471923826,0.31025734901428215,69.22420720124808,8437074,8437074,1148.297103881836,67673.20118438046,60,384,64,coral,coral_bce,0.0,session_balanced,adamw,0.0003,0.05,cosine,5,60,5.0,True,full,raw,full_frame,dataset_v1_1,fp16,2,mobilenetv4,2,2,base,a,64ea3b69c044,1.0,1.0,1.0,1.0,1.0,1.0,1.0,1.0,1.0,1.0,40,1.0,1.0,1.0,20,1.0,1.0,1.0,44,1.0,0.0,1.0,1.0,2.292486610800735e-09,1.2921811295193145e-15,0.9999999977075137,0.9999999977075137,NA,-2.2924863118944927e-09,2.2924863118944927e-09,2.2924863118944927e-09,2.2924863118944927e-09,26.791666666666668,99.0,0.0,6433.210368,6433.210368,77.10416666666667,79.0,48.22189583333333,75.234,1350.625,5000.0,4.0,2524.3921557722206,17373.88729338455,0.0,0.0,0.0,473.10438400000004,473.104384,41.0,41.0,10.064208333333333,10.46,300.0,405.0,1.0,521.4109692466245,3616.6811846575742,60.34791666666666,71.5,3.3445027839999995,3.599253504,14.3,2.990135125333333,3.04058368,26.930184192,0.0,3045.803125018845,0.8460564236163458,0.6032382300384546,713.0,864,Tesla T4,16106.12736,70.0,GPU-80251202-305b-68eb-9626-4d65ca92e0f8,Tesla T4,16106.12736,70.0,GPU-2b820e7f-b3f5-57f9-0af1-1d4eb501eded,580.159.04,1.0,40,1.0,20,1.0,3,1.0,41
a-mobilenetv4-base-f2-s2,a,mobilenetv4,base,2,2,22,1166,74624,1787898016.1944203,1787898068.337134,2026-08-28T06:20:16Z,2026-08-28T06:21:08Z,acct1,0,fbe40e,Interactive,64ea3b69c044,v2,5.057135904016683e-07,1.0,1.4196443860214048e-10,0.00023466648283001538,0.00019625408232161966,0.008105648681521416,1.6567929606026155e-07,7.060005282255586e-06,0.005060018179938178,0.0,371.8315971205283,1.2385783133034393e-10,64.0,0,0,52.11855697631836,49.584566593170166,2.532099485397339,35.425015687942505,13.271144151687622,11.948219776153564,0.7078070640563965,0.6797006237920005,0.26541785474093454,0.2644047737121582,0.2690165042877197,0.2921554279327392,68.40838254835563,8437074,8437074,1200.4156608581543,70752.87272292534,60,384,64,coral,coral_bce,0.0,session_balanced,adamw,0.0003,0.05,cosine,5,60,5.0,True,full,raw,full_frame,dataset_v1_1,fp16,2,mobilenetv4,2,2,base,a,64ea3b69c044,1.0,1.0,1.0,1.0,1.0,1.0,1.0,1.0,1.0,1.0,40,1.0,1.0,1.0,20,1.0,1.0,1.0,44,1.0,0.0,1.0,1.0,-0.0,1.9999999756901162e-16,1.0,1.0,NA,0.0,0.0,0.0,0.0,23.9375,97.0,0.0,6433.210368,6433.210368,76.85416666666667,78.0,47.62912500000001,91.002,1419.6875,5000.0,4.0,2550.845139711124,19942.22311043451,0.0,0.0,0.0,473.10438400000004,473.104384,41.0,41.0,10.1286875,10.754,300.0,405.0,1.0,528.8263988337526,4150.862672153951,59.729166666666664,70.3,3.276535978666667,3.505987584,14.1,2.9934658560000003,3.10243328,26.930184192,0.0,3079.6715385448765,0.8554643162624657,0.609946057495138,713.0,872,Tesla T4,16106.12736,70.0,GPU-80251202-305b-68eb-9626-4d65ca92e0f8,Tesla T4,16106.12736,70.0,GPU-2b820e7f-b3f5-57f9-0af1-1d4eb501eded,580.159.04,1.0,40,1.0,20,1.0,3,1.0,41
a-mobilenetv4-base-f2-s2,a,mobilenetv4,base,2,2,23,1219,78016,1787898068.6398065,1787898119.2938654,2026-08-28T06:21:08Z,2026-08-28T06:21:59Z,acct1,0,fbe40e,Interactive,64ea3b69c044,v2,1.0208242554782681e-07,1.0,9.160650170049788e-09,0.00022745961924584428,9.138381126453187e-05,0.00474632577970624,9.638250020316264e-08,2.1381006081355736e-05,0.0022897218065918274,0.0,371.82191539431466,5.590344747006364e-11,64.0,0,0,50.632922410964966,48.091357946395874,2.540698289871216,33.88520431518555,13.321273803710938,11.99528694152832,0.7080931663513184,0.669232639588811,0.26631700767661043,0.2655370235443115,0.26885552406311036,0.29826022148132314,70.53242297256045,8437074,8437074,1251.0485832691193,73781.51942237273,60,384,64,coral,coral_bce,0.0,session_balanced,adamw,0.0003,0.05,cosine,5,60,5.0,True,full,raw,full_frame,dataset_v1_1,fp16,2,mobilenetv4,2,2,base,a,64ea3b69c044,1.0,1.0,1.0,1.0,1.0,1.0,1.0,1.0,1.0,1.0,40,1.0,1.0,1.0,20,1.0,1.0,1.0,44,1.0,0.0,1.0,1.0,1.8339908190425157e-08,7.016016936472907e-14,0.9999999816601093,0.9999999816601093,NA,-1.8339890717200547e-08,1.8339890717200547e-08,1.8339890717200547e-08,1.8339890717200547e-08,26.914893617021278,96.0,7.0,6433.2103679999955,6433.210368,76.93617021276596,78.0,49.7705319148936,88.661,1345.531914893617,5000.0,4.0,2511.7054421422436,22474.513508330318,0.0,0.0,0.0,473.1043839999998,473.104384,40.5531914893617,41.0,10.171978723404253,10.858,300.0,405.0,1.0,516.9412573051468,4673.051330017332,61.15106382978722,70.5,3.3983465341276595,3.60718336,14.3,2.989957119999999,3.002998784,26.930184192,0.0,3028.6466994473903,0.8412907498464973,0.5998403046405526,713.0,850,Tesla T4,16106.12736,70.0,GPU-80251202-305b-68eb-9626-4d65ca92e0f8,Tesla T4,16106.12736,70.0,GPU-2b820e7f-b3f5-57f9-0af1-1d4eb501eded,580.159.04,1.0,40,1.0,20,1.0,3,1.0,41
a-mobilenetv4-base-f2-s2,a,mobilenetv4,base,2,2,24,1272,81408,1787898119.5946567,1787898171.172386,2026-08-28T06:21:59Z,2026-08-28T06:22:51Z,acct1,0,fbe40e,Interactive,64ea3b69c044,v2,5.337128007725156e-06,1.0,7.949571279031176e-10,0.00022000009848385105,0.0027924275502235834,0.14426764845848083,1.5934338648548874e-07,0.00017157621696242077,0.07094352629035668,0.0,371.81267585160344,1.6522684027679525e-09,64.0,0,0,51.55551838874817,48.9752140045166,2.578300952911377,34.61954092979431,13.392975330352783,12.03882884979248,0.7819337844848633,0.6715002004004661,0.2691161632537842,0.2657966613769531,0.27731614112854003,0.31246536254882806,69.25952380090024,8437074,8437074,1302.6041016578674,76899.94726525033,60,384,64,coral,coral_bce,0.0,session_balanced,adamw,0.0003,0.05,cosine,5,60,5.0,True,full,raw,full_frame,dataset_v1_1,fp16,2,mobilenetv4,2,2,base,a,64ea3b69c044,1.0,1.0,1.0,1.0,1.0,1.0,1.0,1.0,1.0,1.0,40,1.0,1.0,1.0,20,1.0,1.0,1.0,44,1.0,0.0,1.0,1.0,1.1462432370789342e-09,4.72324126719199e-16,0.9999999988537568,0.9999999988537568,NA,-1.1462432114583976e-09,1.1462432114583976e-09,1.1462432114583976e-09,1.1462432114583976e-09,25.770833333333332,99.0,0.0,6433.210368,6433.210368,77.08333333333333,78.0,50.07322916666667,102.674,1363.75,5000.0,4.0,2596.593570717072,25088.80199192471,0.0,0.0,0.0,473.10438400000004,473.104384,40.0,40.0,10.0231875,10.56,300.0,405.0,1.0,521.8342721605295,5199.721069003347,59.71666666666667,69.8,3.2943096319999996,3.49165568,14.0,2.993142869333333,3.10212608,26.931232768,0.0,3118.4278428776015,0.8662299563548893,0.6176219588810361,713.0,867,Tesla T4,16106.12736,70.0,GPU-80251202-305b-68eb-9626-4d65ca92e0f8,Tesla T4,16106.12736,70.0,GPU-2b820e7f-b3f5-57f9-0af1-1d4eb501eded,580.159.04,1.0,40,1.0,20,1.0,3,1.0,41
a-mobilenetv4-base-f2-s2,a,mobilenetv4,base,2,2,25,1325,84800,1787898171.4802177,1787898223.5253565,2026-08-28T06:22:51Z,2026-08-28T06:23:43Z,acct1,0,fbe40e,Interactive,64ea3b69c044,v2,1.5160872892054685e-08,1.0,2.1553606474386746e-09,0.00021231225195028297,1.0409522934865752e-06,1.5885505490587093e-05,1.0863912791592156e-07,6.874451901239804e-06,1.2535745845525505e-05,0.0,371.8036558777785,5.944183767671111e-13,64.0,0,0,52.02432894706726,49.469802379608154,2.553100347518921,35.30304431915283,13.269885301589966,11.837681770324707,0.7234764099121094,0.6785872116692233,0.26565707854504855,0.26531386375427246,0.2683892726898193,0.2900066280364989,68.56708207506827,8437074,8437074,1354.6284306049347,80004.5561034628,60,384,64,coral,coral_bce,0.0,session_balanced,adamw,0.0003,0.05,cosine,5,60,5.0,True,full,raw,full_frame,dataset_v1_1,fp16,2,mobilenetv4,2,2,base,a,64ea3b69c044,1.0,1.0,1.0,1.0,1.0,1.0,1.0,1.0,1.0,1.0,40,1.0,1.0,1.0,20,1.0,1.0,1.0,44,1.0,0.0,1.0,1.0,4.5849737681730655e-09,4.5716091407197736e-15,0.9999999954150274,0.9999999954150274,NA,-4.584972623788985e-09,4.584972623788985e-09,4.584972623788985e-09,4.584972623788985e-09,26.693877551020407,99.0,0.0,6433.210367999999,6433.210368,76.91836734693878,78.0,49.80916326530612,90.864,1350.0,5000.0,4.0,2585.9853606638862,27689.236281028687,0.0,0.0,0.0,473.10438400000004,473.104384,40.0,40.0,9.93473469387755,10.659,300.0,405.0,1.0,518.6234775485909,5723.578805949684,60.31428571428572,71.7,3.3087530631836732,3.481694208,14.0,2.990731681959183,2.99085824,26.817978368,0.0,3104.608838212477,0.8623913439479103,0.61488502823486,713.0,872,Tesla T4,16106.12736,70.0,GPU-80251202-305b-68eb-9626-4d65ca92e0f8,Tesla T4,16106.12736,70.0,GPU-2b820e7f-b3f5-57f9-0af1-1d4eb501eded,580.159.04,1.0,40,1.0,20,1.0,3,1.0,41
a-mobilenetv4-base-f2-s2,a,mobilenetv4,base,2,2,26,1378,88192,1787898223.8338792,1787898275.2944,2026-08-28T06:23:43Z,2026-08-28T06:24:35Z,acct1,0,fbe40e,Interactive,64ea3b69c044,v2,3.4718481623454924e-06,1.0,1.729285902508392e-10,0.00020442115580259613,0.0018758306488312316,0.051212113350629807,6.681028708044323e-08,0.0072868769057095025,0.039214348569512295,0.0,371.7950143126167,1.0313733497286483e-09,64.0,0,0,51.438892126083374,48.84488582611084,2.5929319858551025,34.650723457336426,13.316348552703857,11.974020719528198,0.6986982822418213,0.6736288832271703,0.2660657909681212,0.26474952697753906,0.26923384666442873,0.29090027809143065,69.44432242252782,8437074,8437074,1406.067322731018,83049.12611674273,60,384,64,coral,coral_bce,0.0,session_balanced,adamw,0.0003,0.05,cosine,5,60,5.0,True,full,raw,full_frame,dataset_v1_1,fp16,2,mobilenetv4,2,2,base,a,64ea3b69c044,1.0,1.0,1.0,1.0,1.0,1.0,1.0,1.0,1.0,1.0,40,1.0,1.0,1.0,20,1.0,1.0,1.0,44,1.0,0.0,1.0,1.0,-0.0,1.9999999756901162e-16,1.0,1.0,NA,0.0,0.0,0.0,0.0,25.645833333333332,99.0,0.0,6433.210368,6433.210368,76.91666666666667,78.0,49.38150000000001,80.817,1356.25,5000.0,4.0,2532.7724111654898,30246.64823478289,0.0,0.0,0.0,473.10438400000004,473.104384,40.0,40.0,9.907562500000001,10.361,300.0,405.0,1.0,511.797602114435,6240.769972296706,61.17083333333333,69.6,3.286468352,3.486404608,13.9,2.993356032,3.05952768,26.931232768,0.0,3044.5700132799248,0.8457138925777569,0.6029940054079406,713.0,862,Tesla T4,16106.12736,70.0,GPU-80251202-305b-68eb-9626-4d65ca92e0f8,Tesla T4,16106.12736,70.0,GPU-2b820e7f-b3f5-57f9-0af1-1d4eb501eded,580.159.04,1.0,40,1.0,20,1.0,3,1.0,41
a-mobilenetv4-base-f2-s2,a,mobilenetv4,base,2,2,27,1431,91584,1787898275.6024141,1787898327.8321743,2026-08-28T06:24:35Z,2026-08-28T06:25:27Z,acct1,0,fbe40e,Interactive,64ea3b69c044,v2,5.372520081304669e-08,1.0,2.9037932315089367e-11,0.0001963525491562421,1.3380888901993884e-05,0.0004255173553247005,1.17029657076273e-07,5.069643011665893e-05,0.00026749311597086393,0.0,371.78664949452127,7.0668800223330395e-12,64.0,0,0,52.20924234390259,49.66607689857483,2.542304039001465,35.50344705581665,13.263512372970581,11.913269519805908,0.7149562835693359,0.6800222616132836,0.26540506560847443,0.2653191089630127,0.26976318359375,0.2804381084442138,68.29611299734717,8437074,8437074,1458.2765650749207,86190.28796629439,60,384,64,coral,coral_bce,0.0,session_balanced,adamw,0.0003,0.05,cosine,5,60,5.0,True,full,raw,full_frame,dataset_v1_1,fp16,2,mobilenetv4,2,2,base,a,64ea3b69c044,1.0,1.0,1.0,1.0,1.0,1.0,1.0,1.0,1.0,1.0,40,1.0,1.0,1.0,20,1.0,1.0,1.0,44,1.0,0.0,1.0,1.0,-0.0,2.0061998599905178e-16,1.0,1.0,NA,0.0,0.0,0.0,0.0,28.79591836734694,99.0,0.0,6433.210367999999,6433.210368,77.20408163265306,79.0,48.16008163265306,72.785,1428.9795918367347,5000.0,4.0,2621.7347935004145,32889.24912184924,0.0,0.0,0.0,473.10438400000004,473.104384,40.0,40.0,9.866020408163266,10.46,300.0,405.0,1.0,519.4270560512505,6764.94447076677,60.724489795918366,70.1,3.367269522285714,3.644346368,14.3,2.992216440163265,3.014074368,26.932281344,0.0,3141.161849551665,0.8725449582087959,0.6221245552028714,713.0,876,Tesla T4,16106.12736,70.0,GPU-80251202-305b-68eb-9626-4d65ca92e0f8,Tesla T4,16106.12736,70.0,GPU-2b820e7f-b3f5-57f9-0af1-1d4eb501eded,580.159.04,1.0,40,1.0,20,1.0,3,1.0,41
a-mobilenetv4-base-f2-s2,a,mobilenetv4,base,2,2,28,1484,94976,1787898328.1249955,1787898378.3492289,2026-08-28T06:25:28Z,2026-08-28T06:26:18Z,acct1,0,fbe40e,Interactive,64ea3b69c044,v2,2.1144549725444907e-07,1.0,7.39463127482546e-11,0.00018813275012902306,0.00017601751156871506,0.009142882190644741,8.02709720915118e-08,2.0042450705659564e-05,0.00443833660479865,0.0,371.7786609071277,8.907089621951626e-11,64.0,0,0,50.2009961605072,47.61834907531738,2.581110715866089,33.34256911277771,13.374597072601318,12.060390949249268,0.7162966728210449,0.6641814239337365,0.2676270547902809,0.2657468318939209,0.27086963653564455,0.301348009109497,71.2330449473356,8437074,8437074,1508.4775612354279,89167.54786847642,60,384,64,coral,coral_bce,0.0,session_balanced,adamw,0.0003,0.05,cosine,5,60,5.0,True,full,raw,full_frame,dataset_v1_1,fp16,2,mobilenetv4,2,2,base,a,64ea3b69c044,1.0,1.0,1.0,1.0,1.0,1.0,1.0,1.0,1.0,1.0,40,1.0,1.0,1.0,20,1.0,1.0,1.0,44,1.0,0.0,1.0,1.0,-0.0,1.9999999756901162e-16,1.0,1.0,NA,0.0,0.0,0.0,0.0,23.891304347826086,99.0,0.0,6433.210367999996,6433.210368,77.06521739130434,79.0,48.266239130434776,96.343,1370.5434782608695,5000.0,4.0,2477.5377644688415,35384.56917515599,0.0,0.0,0.0,473.1043839999998,473.104384,40.0,40.0,9.844565217391304,10.262,300.0,405.0,1.0,499.7221377131964,7268.578518214454,61.68695652173913,71.9,3.3489265530434777,3.577192448,14.3,2.99328663373913,3.0368768,26.932281344,0.0,2977.259902182038,0.8270166394950105,0.5896628639599425,713.0,842,Tesla T4,16106.12736,70.0,GPU-80251202-305b-68eb-9626-4d65ca92e0f8,Tesla T4,16106.12736,70.0,GPU-2b820e7f-b3f5-57f9-0af1-1d4eb501eded,580.159.04,1.0,40,1.0,20,1.0,3,1.0,41
a-mobilenetv4-base-f2-s2,a,mobilenetv4,base,2,2,29,1537,98368,1787898378.6447961,1787898429.1479108,2026-08-28T06:26:18Z,2026-08-28T06:27:09Z,acct1,0,fbe40e,Interactive,64ea3b69c044,v2,6.441370461071525e-08,1.0,7.582054103151014e-10,0.0001797885699968618,7.600750422948788e-06,0.00018447931506671011,1.0874178713038418e-07,4.2349051363998935e-05,0.0001357247820124027,0.0,371.7709757633207,3.67572548297846e-12,64.0,0,0,50.48155617713928,47.884790897369385,2.595773458480835,33.726954221725464,13.277247905731201,11.935940504074097,0.7094013690948486,0.6681044875751831,0.2655289712941872,0.26395750045776367,0.26845622062683105,0.30761189460754385,70.83668815156805,8437074,8437074,1558.9591174125671,92139.18142491694,60,384,64,coral,coral_bce,0.0,session_balanced,adamw,0.0003,0.05,cosine,5,60,5.0,True,full,raw,full_frame,dataset_v1_1,fp16,2,mobilenetv4,2,2,base,a,64ea3b69c044,1.0,1.0,1.0,1.0,1.0,1.0,1.0,1.0,1.0,1.0,40,1.0,1.0,1.0,20,1.0,1.0,1.0,44,1.0,0.0,1.0,1.0,1.1462432370789342e-09,4.72324126719199e-16,0.9999999988537568,0.9999999988537568,NA,-1.1462432114583976e-09,1.1462432114583976e-09,1.1462432114583976e-09,1.1462432114583976e-09,32.8936170212766,99.0,0.0,6433.2103679999955,6433.210368,76.70212765957447,78.0,49.5363829787234,79.593,1331.8085106382978,5000.0,4.0,2470.290402946397,37868.74692368964,0.0,0.0,0.0,473.1043839999998,473.104384,39.91489361702128,40.0,9.819638297872341,10.262,300.0,405.0,1.0,501.3431534941128,7773.893159980995,60.738297872340425,69.5,3.3806783945531915,3.585101824,14.1,2.992855170723404,2.992951296,26.82007552,0.0,2971.63355644051,0.8254537656779194,0.5885485349283565,713.0,848,Tesla T4,16106.12736,70.0,GPU-80251202-305b-68eb-9626-4d65ca92e0f8,Tesla T4,16106.12736,70.0,GPU-2b820e7f-b3f5-57f9-0af1-1d4eb501eded,580.159.04,1.0,40,1.0,20,1.0,3,1.0,41
a-mobilenetv4-base-f2-s2,a,mobilenetv4,base,2,2,30,1590,101760,1787898429.4567716,1787898479.833607,2026-08-28T06:27:09Z,2026-08-28T06:27:59Z,acct1,0,fbe40e,Interactive,64ea3b69c044,v2,9.275901235417375e-09,1.0,1.9631652711846835e-08,0.00017134722574099276,6.640216055667173e-07,9.978564776247367e-06,0.0,4.234631705912761e-06,7.550899863417712e-06,0.0,371.7636477407907,3.0604998804312297e-13,64.0,0,0,50.35361337661743,47.73243498802185,2.619492292404175,33.50262141227722,13.34106993675232,12.046674489974976,0.7105777263641357,0.6653469168477737,0.2667390085616202,0.26622605323791504,0.26985702514648435,0.2934712409973144,71.06278992159525,8437074,8437074,1609.3127307891846,95129.88990760369,60,384,64,coral,coral_bce,0.0,session_balanced,adamw,0.0003,0.05,cosine,5,60,5.0,True,full,raw,full_frame,dataset_v1_1,fp16,2,mobilenetv4,2,2,base,a,64ea3b69c044,1.0,1.0,1.0,1.0,1.0,1.0,1.0,1.0,1.0,1.0,40,1.0,1.0,1.0,20,1.0,1.0,1.0,44,1.0,0.0,1.0,1.0,3.8972346717526756e-08,3.161172702047637e-13,0.9999999610277323,0.9999999610277323,NA,-3.8972267746295586e-08,3.8972267746295586e-08,3.8972267746295586e-08,3.8972267746295586e-08,24.574468085106382,99.0,0.0,6433.2103679999955,6433.210368,77.08510638297872,79.0,48.557382978723396,92.855,1396.276595744681,5000.0,4.0,2489.4686853921376,40374.53592173032,0.0,0.0,0.0,473.1043839999998,473.104384,39.638297872340424,40.0,9.876617021276594,10.659,300.0,405.0,1.0,501.23979729461826,8279.499239100916,61.159574468085104,69.6,3.4099012629787238,3.570241536,14.3,2.9933222890212767,2.993426432,26.82007552,0.0,2990.708482686756,0.8307523563018766,0.592326430043238,713.0,846,Tesla T4,16106.12736,70.0,GPU-80251202-305b-68eb-9626-4d65ca92e0f8,Tesla T4,16106.12736,70.0,GPU-2b820e7f-b3f5-57f9-0af1-1d4eb501eded,580.159.04,1.0,40,1.0,20,1.0,3,1.0,41
a-mobilenetv4-base-f2-s2,a,mobilenetv4,base,2,2,31,1643,105152,1787898480.3313408,1787898532.3511276,2026-08-28T06:28:00Z,2026-08-28T06:28:52Z,acct1,0,fbe40e,Interactive,64ea3b69c044,v2,4.748110290554383e-08,1.0,3.360648725115622e-11,0.00016283625127182596,6.451925279589406e-06,0.00012310981401242316,6.298208887756118e-08,3.146637100144284e-05,0.0001080623469897545,0.0,371.75668183499016,2.8260617154975426e-12,64.0,0,0,51.9972620010376,49.48280954360962,2.513596296310425,35.23461413383484,13.322305679321289,12.00236463546753,0.7444188594818115,0.6776244128610414,0.2670347510643725,0.265399694442749,0.26946043968200684,0.30069905281066894,68.54905837572949,8437074,8437074,1661.3099927902222,98228.29936379593,60,384,64,coral,coral_bce,0.0,session_balanced,adamw,0.0003,0.05,cosine,5,60,5.0,True,full,raw,full_frame,dataset_v1_1,fp16,2,mobilenetv4,2,2,base,a,64ea3b69c044,1.0,1.0,1.0,1.0,1.0,1.0,1.0,1.0,1.0,1.0,40,1.0,1.0,1.0,20,1.0,1.0,1.0,44,1.0,0.0,1.0,1.0,-0.0,1.9999999756901162e-16,1.0,1.0,NA,0.0,0.0,0.0,0.0,20.4375,99.0,0.0,6433.210368,6433.210368,77.0625,79.0,49.35508333333333,91.254,1404.0625,5000.0,4.0,2582.818320595725,42980.737851614016,0.0,0.0,0.0,473.10438400000004,473.104384,39.645833333333336,40.0,9.834895833333333,10.46,300.0,405.0,1.0,515.5911355965181,8801.812638225065,61.00208333333334,68.7,3.374400597333333,3.548745728,14.0,2.998527402666667,3.074822144,26.936475648,0.0,3098.409456192243,0.8606692933867341,0.6136572061847415,713.0,870,Tesla T4,16106.12736,70.0,GPU-80251202-305b-68eb-9626-4d65ca92e0f8,Tesla T4,16106.12736,70.0,GPU-2b820e7f-b3f5-57f9-0af1-1d4eb501eded,580.159.04,1.0,40,1.0,20,1.0,3,1.0,41
a-mobilenetv4-base-f2-s2,a,mobilenetv4,base,2,2,32,1696,108544,1787898532.6276426,1787898584.4770212,2026-08-28T06:28:52Z,2026-08-28T06:29:44Z,acct1,0,fbe40e,Interactive,64ea3b69c044,v2,2.4930580075981943e-07,1.0,2.9298695407565117e-10,0.0001542834076190544,0.00015474820221744002,0.0066162520088255405,6.242350281127074e-08,3.938990857932366e-06,0.003991606542840584,0.0,371.7501095688732,6.422346448994357e-11,64.0,0,0,51.82716679573059,49.25532579421997,2.5709691047668457,35.08090281486511,13.267602682113647,11.936079263687134,0.7220933437347412,0.6768825113117123,0.26559419901865833,0.2642543315887451,0.2683256149291992,0.29665717124938956,68.86564945628774,8437074,8437074,1713.1371595859528,101312.8936318392,60,384,64,coral,coral_bce,0.0,session_balanced,adamw,0.0003,0.05,cosine,5,60,5.0,True,full,raw,full_frame,dataset_v1_1,fp16,2,mobilenetv4,2,2,base,a,64ea3b69c044,1.0,1.0,1.0,1.0,1.0,1.0,1.0,1.0,1.0,1.0,40,1.0,1.0,1.0,20,1.0,1.0,1.0,44,1.0,0.0,1.0,1.0,-0.0,1.9999999756901162e-16,1.0,1.0,NA,0.0,0.0,0.0,0.0,26.104166666666668,99.0,0.0,6433.210368,6433.210368,76.91666666666667,78.0,50.932125000000006,95.893,1327.8125,5000.0,4.0,2571.6079451696787,45570.65769962145,0.0,0.0,0.0,473.10438400000004,473.104384,39.145833333333336,40.0,9.795729166666668,10.361,300.0,405.0,1.0,512.9863228735921,9318.760363067136,60.72291666666667,71.1,3.408267434666667,3.612073984,14.2,2.9964790613333334,2.996625408,26.823221248,0.0,3084.594268043271,0.8568317411231308,0.6109210314207922,713.0,872,Tesla T4,16106.12736,70.0,GPU-80251202-305b-68eb-9626-4d65ca92e0f8,Tesla T4,16106.12736,70.0,GPU-2b820e7f-b3f5-57f9-0af1-1d4eb501eded,580.159.04,1.0,40,1.0,20,1.0,3,1.0,41
a-mobilenetv4-base-f2-s2,a,mobilenetv4,base,2,2,33,1749,111936,1787898584.74178,1787898635.9131198,2026-08-28T06:29:44Z,2026-08-28T06:30:35Z,acct1,0,fbe40e,Interactive,64ea3b69c044,v2,2.756268350405475e-08,1.0,4.0139957659540276e-08,0.00014571659238094556,1.539204994632048e-05,0.0007720944122411311,0.0,8.520175106241349e-06,0.0003795580568112177,0.0,371.7438791284863,6.033393402988428e-12,64.0,0,0,51.14761757850647,48.59864664077759,2.547989845275879,34.421329975128174,13.288501262664795,11.977094411849976,0.7070841789245605,0.6729801231170714,0.2657341237338084,0.2650327682495117,0.2672746658325195,0.2915486812591551,69.79618229026732,8437074,8437074,1764.2847771644592,104365.38295453516,60,384,64,coral,coral_bce,0.0,session_balanced,adamw,0.0003,0.05,cosine,5,60,5.0,True,full,raw,full_frame,dataset_v1_1,fp16,2,mobilenetv4,2,2,base,a,64ea3b69c044,1.0,1.0,1.0,1.0,1.0,1.0,1.0,1.0,1.0,1.0,40,1.0,1.0,1.0,20,1.0,1.0,1.0,44,1.0,0.0,1.0,1.0,8.023735658983105e-08,1.3392988096993065e-12,0.9999999197629782,0.9999999197629782,NA,-8.023702180448566e-08,8.023702180448566e-08,8.023702180448566e-08,8.023702180448566e-08,28.5,99.0,0.0,6433.210368,6433.210368,77.0625,78.0,50.449437499999995,93.928,1369.0625,5000.0,4.0,2547.2228557899143,48134.55038886145,0.0,0.0,0.0,473.10438400000004,473.104384,39.041666666666664,40.0,9.847458333333334,10.46,300.0,405.0,1.0,505.2664669060541,9828.668742456885,60.35,72.0,3.409043882666667,3.676450816,14.5,2.999148288,3.106250752,26.936475648,0.0,3052.4893226959684,0.8479137007488802,0.6045624686339515,713.0,857,Tesla T4,16106.12736,70.0,GPU-80251202-305b-68eb-9626-4d65ca92e0f8,Tesla T4,16106.12736,70.0,GPU-2b820e7f-b3f5-57f9-0af1-1d4eb501eded,580.159.04,1.0,40,1.0,20,1.0,3,1.0,41
a-mobilenetv4-base-f2-s2,a,mobilenetv4,base,2,2,34,1802,115328,1787898636.1924787,1787898687.7267833,2026-08-28T06:30:36Z,2026-08-28T06:31:27Z,acct1,0,fbe40e,Interactive,64ea3b69c044,v2,1.2733832836422094e-07,1.0,8.656296174516584e-09,0.00013716374872817407,0.00016108935639307543,0.008010496385395527,9.84987167385043e-08,8.348680566996319e-05,0.003975720284506655,0.0,371.73810194092755,5.943867439930671e-11,64.0,0,0,51.512911319732666,48.97379112243652,2.538167715072632,34.78407287597656,13.312879085540771,11.987670421600342,0.6998982429504395,0.6752496021837556,0.26600555203995613,0.26462721824645996,0.26837859153747556,0.30021162033081045,69.26153606364389,8437074,8437074,1815.797688484192,107418.81378985761,60,384,64,coral,coral_bce,0.0,session_balanced,adamw,0.0003,0.05,cosine,5,60,5.0,True,full,raw,full_frame,dataset_v1_1,fp16,2,mobilenetv4,2,2,base,a,64ea3b69c044,1.0,1.0,1.0,1.0,1.0,1.0,1.0,1.0,1.0,1.0,40,1.0,1.0,1.0,20,1.0,1.0,1.0,44,1.0,0.0,1.0,1.0,1.719366290369981e-08,6.168831366912787e-14,0.9999999828063525,0.9999999828063525,NA,-1.719364750574215e-08,1.719364750574215e-08,1.719364750574215e-08,1.719364750574215e-08,26.5,99.0,0.0,6433.210368,6433.210368,76.95833333333333,78.0,48.38964583333333,76.018,1376.875,5000.0,4.0,2535.8975811844502,50685.197178915594,0.0,0.0,0.0,473.10438400000004,473.104384,39.0,39.0,9.946750000000002,10.56,300.0,405.0,1.0,517.5332541379939,10351.2874193773,59.88958333333333,70.3,3.4125124266666664,3.66444544,14.3,2.9974814720000005,3.02481408,26.936475648,0.0,3053.430835322444,0.8481752320340122,0.6047489404402507,713.0,864,Tesla T4,16106.12736,70.0,GPU-80251202-305b-68eb-9626-4d65ca92e0f8,Tesla T4,16106.12736,70.0,GPU-2b820e7f-b3f5-57f9-0af1-1d4eb501eded,580.159.04,1.0,40,1.0,20,1.0,3,1.0,41
a-mobilenetv4-base-f2-s2,a,mobilenetv4,base,2,2,35,1855,118720,1787898687.9990273,1787898738.3561718,2026-08-28T06:31:27Z,2026-08-28T06:32:18Z,acct1,0,fbe40e,Interactive,64ea3b69c044,v2,2.9258837894341916e-08,1.0,1.662199371199602e-11,0.00012865277425900724,2.552401442302361e-06,3.572529021766968e-05,9.888046292871877e-08,2.2567032647202713e-05,3.348823462147264e-05,0.0,371.7325766485341,8.833595633060722e-13,64.0,0,0,50.33510112762451,47.796366691589355,2.537914991378784,33.55142283439636,13.342229843139648,12.05160641670227,0.7125506401062012,0.6665611488358159,0.2668622574716244,0.2655818462371826,0.26853604316711427,0.3088673877716063,70.96773739910411,8437074,8437074,1866.1327896118164,110403.33582885742,60,384,64,coral,coral_bce,0.0,session_balanced,adamw,0.0003,0.05,cosine,5,60,5.0,True,full,raw,full_frame,dataset_v1_1,fp16,2,mobilenetv4,2,2,base,a,64ea3b69c044,1.0,1.0,1.0,1.0,1.0,1.0,1.0,1.0,1.0,1.0,40,1.0,1.0,1.0,20,1.0,1.0,1.0,44,1.0,0.0,1.0,1.0,-0.0,1.9999999756901162e-16,1.0,1.0,NA,0.0,0.0,0.0,0.0,28.574468085106382,99.0,0.0,6433.2103679999955,6433.210368,77.08510638297872,78.0,48.07051063829787,71.555,1364.6808510638298,5000.0,4.0,2474.691749048732,53171.61771541678,0.0,0.0,0.0,473.1043839999998,473.104384,39.0,39.0,10.081638297872338,10.659,300.0,405.0,1.0,509.83028995108543,10864.604838920564,60.97446808510639,72.1,3.4999756146382976,3.72785152,14.5,3.0003464061276595,3.110166528,26.936475648,0.0,2984.5220389998176,0.8290338997221716,0.5911011705019082,713.0,846,Tesla T4,16106.12736,70.0,GPU-80251202-305b-68eb-9626-4d65ca92e0f8,Tesla T4,16106.12736,70.0,GPU-2b820e7f-b3f5-57f9-0af1-1d4eb501eded,580.159.04,1.0,40,1.0,20,1.0,3,1.0,41
a-mobilenetv4-base-f2-s2,a,mobilenetv4,base,2,2,36,1908,122112,1787898738.63675,1787898788.401249,2026-08-28T06:32:18Z,2026-08-28T06:33:08Z,acct1,0,fbe40e,Interactive,64ea3b69c044,v2,1.0143331982542305e-06,1.0,3.653224605839099e-10,0.0001202114300031382,0.0008797736006791414,0.04582960903644562,7.19544743787992e-08,5.042082084401033e-05,0.02233717643422992,0.0,371.7274760937682,2.8450639088613355e-10,64.0,0,0,49.74056148529053,47.16255712509155,2.5771079063415527,32.9452588558197,13.294316053390503,11.998411417007446,0.7455205917358398,0.6623419171808586,0.2664681515603695,0.2656545639038086,0.2708439826965332,0.28830168724060057,71.9214607257879,8437074,8437074,1915.873351097107,113372.06787936164,60,384,64,coral,coral_bce,0.0,session_balanced,adamw,0.0003,0.05,cosine,5,60,5.0,True,full,raw,full_frame,dataset_v1_1,fp16,2,mobilenetv4,2,2,base,a,64ea3b69c044,1.0,1.0,1.0,1.0,1.0,1.0,1.0,1.0,1.0,1.0,40,1.0,1.0,1.0,20,1.0,1.0,1.0,44,1.0,0.0,1.0,1.0,1.1462432370789342e-09,4.72324126719199e-16,0.9999999988537568,0.9999999988537568,NA,-1.1462432114583976e-09,1.1462432114583976e-09,1.1462432114583976e-09,1.1462432114583976e-09,28.217391304347824,99.0,0.0,6433.210367999996,6433.210368,77.17391304347827,78.0,52.69686956521738,93.869,1327.5,5000.0,4.0,2465.4724724416883,55654.7901513182,0.0,0.0,0.0,473.1043839999998,473.104384,39.0,39.0,10.060326086956522,10.759,300.0,405.0,1.0,503.259578062527,11372.088025509083,61.665217391304346,69.2,3.5073072973913044,3.785654272,14.7,2.99698532173913,2.997006336,26.936471552,0.0,2968.7320505042153,0.8246477918067264,0.587973875558196,713.0,836,Tesla T4,16106.12736,70.0,GPU-80251202-305b-68eb-9626-4d65ca92e0f8,Tesla T4,16106.12736,70.0,GPU-2b820e7f-b3f5-57f9-0af1-1d4eb501eded,580.159.04,1.0,40,1.0,20,1.0,3,1.0,41
a-mobilenetv4-base-f2-s2,a,mobilenetv4,base,2,2,37,1961,125504,1787898788.6746836,1787898837.8148417,2026-08-28T06:33:08Z,2026-08-28T06:33:57Z,acct1,0,fbe40e,Interactive,64ea3b69c044,v2,1.2545229768345563e-07,1.0,5.223141507979192e-10,0.00011186724987097698,8.661831892312852e-05,0.0027456404641270638,1.5563156807729683e-07,5.107175911689397e-05,0.002192612257786092,0.0,371.7226833327863,2.6067155868728088e-11,64.0,0,0,49.118346214294434,46.60356783866882,2.513181686401367,32.452951431274414,13.275511503219604,11.954570531845093,0.6941959857940674,0.6607093669173647,0.26539197507894263,0.26436519622802734,0.26840953826904296,0.29746624946594236,72.78412699521952,8437074,8437074,1964.9916973114014,116309.49186346559,60,384,64,coral,coral_bce,0.0,session_balanced,adamw,0.0003,0.05,cosine,5,60,5.0,True,full,raw,full_frame,dataset_v1_1,fp16,2,mobilenetv4,2,2,base,a,64ea3b69c044,1.0,1.0,1.0,1.0,1.0,1.0,1.0,1.0,1.0,1.0,40,1.0,1.0,1.0,20,1.0,1.0,1.0,44,1.0,0.0,1.0,1.0,1.1462432370789342e-09,4.72324126719199e-16,0.9999999988537568,0.9999999988537568,NA,-1.1462432114583976e-09,1.1462432114583976e-09,1.1462432114583976e-09,1.1462432114583976e-09,25.51063829787234,99.0,0.0,6433.2103679999955,6433.210368,76.91489361702128,78.0,50.14610638297873,74.548,1371.7021276595744,5000.0,4.0,2445.5595671241535,58118.71808318344,0.0,0.0,0.0,473.1043839999998,473.104384,39.0,39.0,9.984723404255318,11.057,300.0,405.0,1.0,491.86441697979717,11868.78296132681,60.165957446808505,73.2,3.4828551189787236,3.7146624,14.5,2.9988018655319153,3.058819072,26.937524224,0.0,2937.4239841039507,0.8159511066955418,0.5817731390739214,713.0,824,Tesla T4,16106.12736,70.0,GPU-80251202-305b-68eb-9626-4d65ca92e0f8,Tesla T4,16106.12736,70.0,GPU-2b820e7f-b3f5-57f9-0af1-1d4eb501eded,580.159.04,1.0,40,1.0,20,1.0,3,1.0,41
a-mobilenetv4-base-f2-s2,a,mobilenetv4,base,2,2,38,2014,128896,1787898838.0984933,1787898889.0647893,2026-08-28T06:33:58Z,2026-08-28T06:34:49Z,acct1,0,fbe40e,Interactive,64ea3b69c044,v2,2.3170545719960734e-08,1.0,7.61642489195157e-11,0.0001036474508437579,1.968958952174472e-06,2.276515260746237e-05,6.367377380911421e-08,1.5425434321514326e-05,2.0522448248811984e-05,0.0,371.718218107122,5.490114992159718e-13,128.0,0,0,50.93042039871216,48.36408305168152,2.564385414123535,34.204158544540405,13.280974388122559,11.943953275680542,0.6979749202728271,0.6715860241633761,0.26542945178049915,0.26410412788391113,0.2685053825378418,0.28941205024719224,70.13469057968767,8437074,8437074,2015.9221177101135,119334.28565050411,60,384,64,coral,coral_bce,0.0,session_balanced,adamw,0.0003,0.05,cosine,5,60,5.0,True,full,raw,full_frame,dataset_v1_1,fp16,2,mobilenetv4,2,2,base,a,64ea3b69c044,1.0,1.0,1.0,1.0,1.0,1.0,1.0,1.0,1.0,1.0,40,1.0,1.0,1.0,20,1.0,1.0,1.0,44,1.0,0.0,1.0,1.0,-0.0,1.9999999756901162e-16,1.0,1.0,NA,0.0,0.0,0.0,0.0,24.51063829787234,99.0,0.0,6433.2103679999955,6433.210368,77.02127659574468,78.0,49.89568085106382,90.376,1396.276595744681,5000.0,4.0,2518.1991936575796,60654.668274430136,0.0,0.0,0.0,473.1043839999998,473.104384,39.0,39.0,9.840787234042551,10.361,300.0,405.0,1.0,506.5945933809344,12380.512287639358,60.55531914893617,72.3,3.502277479489362,3.69815552,14.6,3.004979766468085,3.097985024,26.937524224,0.0,3024.793787038514,0.8402204963995872,0.5990772139329057,713.0,856,Tesla T4,16106.12736,70.0,GPU-80251202-305b-68eb-9626-4d65ca92e0f8,Tesla T4,16106.12736,70.0,GPU-2b820e7f-b3f5-57f9-0af1-1d4eb501eded,580.159.04,1.0,40,1.0,20,1.0,3,1.0,41
a-mobilenetv4-base-f2-s2,a,mobilenetv4,base,2,2,39,2067,132288,1787898889.3588276,1787898939.2180905,2026-08-28T06:34:49Z,2026-08-28T06:35:39Z,acct1,0,fbe40e,Interactive,64ea3b69c044,v2,4.3413496113319885e-08,1.0,1.4548178895542523e-09,9.557884419740386e-05,2.9993797000464224e-05,0.0010138570796698332,9.0594461710225e-08,0.00012987343361601218,0.0006261372088920301,0.0,371.7140977753255,7.712304880426373e-12,128.0,0,0,49.83297419548035,47.25515174865723,2.5769855976104736,33.05785417556763,13.283736944198608,11.908030271530151,0.7244136333465576,0.6633730919991093,0.2659917192639045,0.26538872718811035,0.2690030574798584,0.2811395359039306,71.78053343350834,8437074,8437074,2065.755091905594,122300.89297959709,60,384,64,coral,coral_bce,0.0,session_balanced,adamw,0.0003,0.05,cosine,5,60,5.0,True,full,raw,full_frame,dataset_v1_1,fp16,2,mobilenetv4,2,2,base,a,64ea3b69c044,1.0,1.0,1.0,1.0,1.0,1.0,1.0,1.0,1.0,1.0,40,1.0,1.0,1.0,20,1.0,1.0,1.0,44,1.0,0.0,1.0,1.0,2.292486610800735e-09,1.2921811295193145e-15,0.9999999977075137,0.9999999977075137,NA,-2.2924863118944927e-09,2.2924863118944927e-09,2.2924863118944927e-09,2.2924863118944927e-09,24.23913043478261,95.0,0.0,6433.210367999996,6433.210368,77.23913043478261,79.0,50.28380434782607,92.212,1316.4130434782608,5000.0,4.0,2472.685307749023,63141.571792318915,0.0,0.0,0.0,473.1043839999998,473.104384,39.02173913043478,40.0,9.788347826086959,10.262,300.0,405.0,1.0,493.9220213439621,12878.46299846744,61.728260869565226,74.6,3.436598227478261,3.72434944,14.5,2.9992941300869567,3.023245312,26.937524224,0.0,2966.6073290929853,0.8240575914147181,0.587553062678694,713.0,834,Tesla T4,16106.12736,70.0,GPU-80251202-305b-68eb-9626-4d65ca92e0f8,Tesla T4,16106.12736,70.0,GPU-2b820e7f-b3f5-57f9-0af1-1d4eb501eded,580.159.04,1.0,40,1.0,20,1.0,3,1.0,41
a-mobilenetv4-base-f2-s2,a,mobilenetv4,base,2,2,40,2120,135680,1787898939.4919357,1787898989.2134957,2026-08-28T06:35:39Z,2026-08-28T06:36:29Z,acct1,0,fbe40e,Interactive,64ea3b69c044,v2,5.466001623117804e-08,1.0,6.892040968113313e-09,8.768774804971705e-05,2.6805234936756398e-05,0.0013855582801625133,6.466078872335856e-08,4.761228046845643e-06,0.0006701878781677763,0.0,371.71030803911924,6.323447686848652e-12,128.0,0,0,49.696754693984985,47.10060930252075,2.5952377319335938,32.89675211906433,13.281500101089478,11.988312005996704,0.7404930591583252,0.6619497051996831,0.2661070688715521,0.26549792289733887,0.2695472717285156,0.2894341659545898,72.01605351246413,8437074,8437074,2115.451846599579,125269.39145460683,60,384,64,coral,coral_bce,0.0,session_balanced,adamw,0.0003,0.05,cosine,5,60,5.0,True,full,raw,full_frame,dataset_v1_1,fp16,2,mobilenetv4,2,2,base,a,64ea3b69c044,1.0,1.0,1.0,1.0,1.0,1.0,1.0,1.0,1.0,1.0,40,1.0,1.0,1.0,20,1.0,1.0,1.0,44,1.0,0.0,1.0,1.0,1.375492786338356e-08,3.9552174593524745e-14,0.999999986245082,0.999999986245082,NA,-1.3754917982389259e-08,1.3754917982389259e-08,1.3754917982389259e-08,1.3754917982389259e-08,26.869565217391305,98.0,0.0,6433.210367999996,6433.210368,76.91304347826087,78.0,49.44623913043478,84.189,1375.7608695652175,5000.0,4.0,2475.367551815558,65633.57956755867,0.0,0.0,0.0,473.1043839999998,473.104384,39.0,39.0,9.820826086956522,10.262,300.0,405.0,1.0,493.13092319417774,13375.795410119772,61.713043478260886,71.8,3.4656475046956516,3.743752192,14.6,3.0015183471304345,3.104874496,26.9385728,0.0,2968.4984750097356,0.8245829097249265,0.5879276146338726,713.0,834,Tesla T4,16106.12736,70.0,GPU-80251202-305b-68eb-9626-4d65ca92e0f8,Tesla T4,16106.12736,70.0,GPU-2b820e7f-b3f5-57f9-0af1-1d4eb501eded,580.159.04,1.0,40,1.0,20,1.0,3,1.0,41
a-mobilenetv4-base-f2-s2,a,mobilenetv4,base,2,2,41,2173,139072,1787898989.7959917,1787899040.0442667,2026-08-28T06:36:29Z,2026-08-28T06:37:20Z,acct1,0,fbe40e,Interactive,64ea3b69c044,v2,7.415885803251164e-08,1.0,6.849106911696388e-09,7.999990151614894e-05,4.763884892979936e-05,0.0024981016758829355,3.481605403976573e-08,1.983682000172847e-06,0.001208051370995228,0.0,371.70687836647903,1.02529800887062e-11,128.0,0,0,50.22535943984985,47.630186319351196,2.593775510787964,33.44961071014404,13.303820848464966,11.892457962036133,0.6947059631347656,0.6659904694202033,0.2658234767194064,0.2651631832122803,0.2681643009185791,0.29652685165405257,71.21534182665789,8437074,8437074,2165.6772060394287,128289.43973197963,60,384,64,coral,coral_bce,0.0,session_balanced,adamw,0.0003,0.05,cosine,5,60,5.0,True,full,raw,full_frame,dataset_v1_1,fp16,2,mobilenetv4,2,2,base,a,64ea3b69c044,1.0,1.0,1.0,1.0,1.0,1.0,1.0,1.0,1.0,1.0,40,1.0,1.0,1.0,20,1.0,1.0,1.0,44,1.0,0.0,1.0,1.0,1.375492786338356e-08,3.9552174593524745e-14,0.999999986245082,0.999999986245082,NA,-1.3754917982389259e-08,1.3754917982389259e-08,1.3754917982389259e-08,1.3754917982389259e-08,26.95744680851064,99.0,0.0,6433.2103679999955,6433.210368,77.0,78.0,51.43082978723404,89.065,1332.127659574468,5000.0,4.0,2523.386854161232,68189.51402795468,0.0,0.0,0.0,473.1043839999998,473.104384,39.0,39.0,9.800638297872341,10.162,300.0,405.0,1.0,496.6614232115753,13880.349265810251,61.21276595744682,70.5,3.575091635744681,3.71685376,14.7,3.000883940765957,3.000922112,26.827415552,0.0,3020.048277372807,0.8389022992702242,0.5981373393796698,713.0,842,Tesla T4,16106.12736,70.0,GPU-80251202-305b-68eb-9626-4d65ca92e0f8,Tesla T4,16106.12736,70.0,GPU-2b820e7f-b3f5-57f9-0af1-1d4eb501eded,580.159.04,1.0,40,1.0,20,1.0,3,1.0,41
a-mobilenetv4-base-f2-s2,a,mobilenetv4,base,2,2,42,2226,142464,1787899040.352806,1787899091.9826977,2026-08-28T06:37:20Z,2026-08-28T06:38:11Z,acct1,0,fbe40e,Interactive,64ea3b69c044,v2,1.3850036014083157e-07,1.0,4.587219589223214e-09,7.254038075415572e-05,0.00015543931587846528,0.004409988410770893,6.706272870360408e-08,2.6933763365377608e-05,0.004060506038367746,0.0,371.7037821781967,3.033498096767754e-11,128.0,0,0,51.60747456550598,49.024051666259766,2.5827276706695557,34.80122923851013,13.33076810836792,11.924875736236572,0.6922333240509033,0.6743447442741365,0.26638138968989533,0.2650167942047119,0.2687410354614258,0.30689112663269025,69.19052760248506,8437074,8437074,2217.2846806049347,131382.65750423336,60,384,64,coral,coral_bce,0.0,session_balanced,adamw,0.0003,0.05,cosine,5,60,5.0,True,full,raw,full_frame,dataset_v1_1,fp16,2,mobilenetv4,2,2,base,a,64ea3b69c044,1.0,1.0,1.0,1.0,1.0,1.0,1.0,1.0,1.0,1.0,40,1.0,1.0,1.0,20,1.0,1.0,1.0,44,1.0,0.0,1.0,1.0,9.169949722633557e-09,1.768932118552161e-14,0.9999999908300546,0.9999999908300546,NA,-9.169945358600273e-09,9.169945358600273e-09,9.169945358600273e-09,9.169945358600273e-09,23.93877551020408,99.0,0.0,6433.210367999999,6433.210368,77.0,78.0,48.53222448979592,77.833,1389.795918367347,5000.0,4.0,2582.350707945574,70788.36486981185,0.0,0.0,0.0,473.10438400000004,473.104384,39.0,39.0,9.837551020408162,10.162,300.0,405.0,1.0,510.86706430814775,14395.746921462282,60.063265306122446,71.8,3.46252852244898,3.613208576,14.2,3.003448758857143,3.106869248,26.940669952,0.0,3093.2177722537217,0.8592271589593672,0.6126289643380287,713.0,868,Tesla T4,16106.12736,70.0,GPU-80251202-305b-68eb-9626-4d65ca92e0f8,Tesla T4,16106.12736,70.0,GPU-2b820e7f-b3f5-57f9-0af1-1d4eb501eded,580.159.04,1.0,40,1.0,20,1.0,3,1.0,41
a-mobilenetv4-base-f2-s2,a,mobilenetv4,base,2,2,43,2279,145856,1787899092.296719,1787899142.9538562,2026-08-28T06:38:12Z,2026-08-28T06:39:02Z,acct1,0,fbe40e,Interactive,64ea3b69c044,v2,1.9709809857655493e-08,1.0,1.7259146110145589e-09,6.533351716998465e-05,1.4403947803219914e-06,1.530488589196466e-05,8.422182418144075e-08,1.0632545490807383e-05,1.3931080757174632e-05,0.0,371.7009295630905,2.5317681401103423e-13,128.0,0,0,50.63342308998108,48.0599422454834,2.5726912021636963,33.90791463851929,13.254537582397461,11.790964126586914,0.7079994678497314,0.6696745463616246,0.2652796979220408,0.2649874687194824,0.2681448936462402,0.2872442722320556,70.57852842756537,8437074,8437074,2267.9181036949158,134391.53376450564,60,384,64,coral,coral_bce,0.0,session_balanced,adamw,0.0003,0.05,cosine,5,60,5.0,True,full,raw,full_frame,dataset_v1_1,fp16,2,mobilenetv4,2,2,base,a,64ea3b69c044,1.0,1.0,1.0,1.0,1.0,1.0,1.0,1.0,1.0,1.0,40,1.0,1.0,1.0,20,1.0,1.0,1.0,44,1.0,0.0,1.0,1.0,3.438730121165435e-09,2.6586094675195106e-15,0.9999999965612705,0.9999999965612705,NA,-3.4387295233528903e-09,3.4387295233528903e-09,3.4387295233528903e-09,3.4387295233528903e-09,26.625,99.0,0.0,6433.210368,6433.210368,76.875,78.0,49.49864583333334,87.448,1387.1875,5000.0,4.0,2503.43334743382,73311.8011551126,0.0,0.0,0.0,473.10438400000004,473.104384,39.0,39.0,9.897187500000001,10.858,300.0,405.0,1.0,505.4429128384745,14905.753445223569,60.210416666666674,69.8,3.5017732266666663,3.668598784,14.4,3.0012636159999997,3.001352192,26.827415552,0.0,3008.8762602722945,0.8357989611867485,0.5959246593261517,713.0,848,Tesla T4,16106.12736,70.0,GPU-80251202-305b-68eb-9626-4d65ca92e0f8,Tesla T4,16106.12736,70.0,GPU-2b820e7f-b3f5-57f9-0af1-1d4eb501eded,580.159.04,1.0,40,1.0,20,1.0,3,1.0,41
a-mobilenetv4-base-f2-s2,a,mobilenetv4,base,2,2,44,2332,149248,1787899143.2559009,1787899193.336075,2026-08-28T06:39:03Z,2026-08-28T06:39:53Z,acct1,0,fbe40e,Interactive,64ea3b69c044,v2,1.0728354402158578e-08,1.0,6.9516102497788274e-09,5.840281805468426e-05,4.653336018231224e-06,0.0002370930596953258,5.0826461261976874e-08,7.388394010376935e-07,0.00011536355009411563,0.0,371.6983702660471,7.31151811684152e-13,128.0,0,0,50.055622577667236,47.54849886894226,2.505972385406494,33.3291335105896,13.306061506271362,11.947966575622559,0.7206625938415527,0.6658419532965651,0.2663534452330391,0.26569533348083496,0.26769442558288575,0.3000877666473387,71.33768847991092,8437074,8437074,2317.973726272583,137389.1031155183,60,384,64,coral,coral_bce,0.0,session_balanced,adamw,0.0003,0.05,cosine,5,60,5.0,True,full,raw,full_frame,dataset_v1_1,fp16,2,mobilenetv4,2,2,base,a,64ea3b69c044,1.0,1.0,1.0,1.0,1.0,1.0,1.0,1.0,1.0,1.0,40,1.0,1.0,1.0,20,1.0,1.0,1.0,44,1.0,0.0,1.0,1.0,1.375492786338356e-08,3.9552174593524745e-14,0.999999986245082,0.999999986245082,NA,-1.3754917982389259e-08,1.3754917982389259e-08,1.3754917982389259e-08,1.3754917982389259e-08,28.23404255319149,99.0,0.0,6433.2103679999955,6433.210368,77.04255319148936,78.0,50.257212765957455,88.411,1328.6170212765958,5000.0,4.0,2501.914384703079,75833.7276074033,0.0,0.0,0.0,473.1043839999998,473.104384,39.0,39.0,9.8301914893617,10.262,300.0,405.0,1.0,495.6549663095557,15405.906859944587,61.03617021276595,71.7,3.5234257375319156,3.918635008,15.2,3.0024646481702124,3.04185344,26.940669952,0.0,2997.569351012635,0.8326581530590652,0.5936852631311135,713.0,836,Tesla T4,16106.12736,70.0,GPU-80251202-305b-68eb-9626-4d65ca92e0f8,Tesla T4,16106.12736,70.0,GPU-2b820e7f-b3f5-57f9-0af1-1d4eb501eded,580.159.04,1.0,40,1.0,20,1.0,3,1.0,41
a-mobilenetv4-base-f2-s2,a,mobilenetv4,base,2,2,45,2385,152640,1787899193.6372342,1787899242.9366217,2026-08-28T06:39:53Z,2026-08-28T06:40:42Z,acct1,0,fbe40e,Interactive,64ea3b69c044,v2,1.2151436762500124e-06,1.0,9.273620722567177e-09,5.1770889908207245e-05,0.0014670403912440122,0.07716070860624313,9.512056919902534e-08,0.0001398150605382398,0.037180377597687525,0.0,371.6960536724803,2.043335834092829e-10,128.0,0,0,49.275620460510254,46.76609921455383,2.5078916549682617,32.51317358016968,13.306414127349854,11.870394945144653,0.7545008659362793,0.6598227130640781,0.2671222686767578,0.26492738723754883,0.27225790023803714,0.29485958099365234,72.53117230150325,8437074,8437074,2367.2493467330933,140332.87335265634,60,384,64,coral,coral_bce,0.0,session_balanced,adamw,0.0003,0.05,cosine,5,60,5.0,True,full,raw,full_frame,dataset_v1_1,fp16,2,mobilenetv4,2,2,base,a,64ea3b69c044,1.0,1.0,1.0,1.0,1.0,1.0,1.0,1.0,1.0,1.0,40,1.0,1.0,1.0,20,1.0,1.0,1.0,44,1.0,0.0,1.0,1.0,1.8339908190425157e-08,7.016016936472907e-14,0.9999999816601093,0.9999999816601093,NA,-1.8339890717200547e-08,1.8339890717200547e-08,1.8339890717200547e-08,1.8339890717200547e-08,25.67391304347826,99.0,0.0,6433.210367999996,6433.210368,77.06521739130434,79.0,49.27008695652174,85.159,1376.7391304347825,5000.0,4.0,2454.596682396703,78308.57662872154,0.0,0.0,0.0,473.1043839999998,473.104384,39.0,39.0,9.855347826086955,10.46,300.0,405.0,1.0,489.17355474136093,15899.81917232631,61.22173913043477,73.0,3.484823195826087,3.744608256,14.6,3.0034595840000007,3.085520896,26.940669952,0.0,2943.7702371380637,0.8177139547605733,0.5830300497442887,713.0,829,Tesla T4,16106.12736,70.0,GPU-80251202-305b-68eb-9626-4d65ca92e0f8,Tesla T4,16106.12736,70.0,GPU-2b820e7f-b3f5-57f9-0af1-1d4eb501eded,580.159.04,1.0,40,1.0,20,1.0,3,1.0,41
a-mobilenetv4-base-f2-s2,a,mobilenetv4,base,2,2,46,2438,156032,1787899243.2462416,1787899292.2829812,2026-08-28T06:40:43Z,2026-08-28T06:41:32Z,acct1,0,fbe40e,Interactive,64ea3b69c044,v2,8.786633164408672e-07,1.0,8.912431049578319e-11,4.5459364701705995e-05,0.0016416017989424267,0.08683784306049347,1.2078285749339557e-07,2.7046246941608775e-05,0.041720429075648734,0.0,371.694038872215,2.0077312808009873e-10,128.0,0,0,49.012386322021484,46.46524691581726,2.5457305908203125,32.31346249580383,13.241058826446533,11.949101209640503,0.7158374786376953,0.6592917611376382,0.26515252185317706,0.2643287181854248,0.26790571212768555,0.286195421218872,73.00079575914891,8437074,8437074,2416.2617330551147,143239.404088969,60,384,64,coral,coral_bce,0.0,session_balanced,adamw,0.0003,0.05,cosine,5,60,5.0,True,full,raw,full_frame,dataset_v1_1,fp16,2,mobilenetv4,2,2,base,a,64ea3b69c044,1.0,1.0,1.0,1.0,1.0,1.0,1.0,1.0,1.0,1.0,40,1.0,1.0,1.0,20,1.0,1.0,1.0,44,1.0,0.0,1.0,1.0,-0.0,1.9999999756901162e-16,1.0,1.0,NA,0.0,0.0,0.0,0.0,24.304347826086957,99.0,0.0,6433.210367999996,6433.210368,76.97826086956522,78.0,48.133043478260866,67.913,1368.2608695652175,5000.0,4.0,2421.688072349556,80746.0748405791,0.0,0.0,0.0,473.1043839999998,473.104384,39.0,39.0,9.84458695652174,10.262,300.0,405.0,1.0,484.8426639631034,16390.076636545902,60.44347826086957,70.9,3.537457152,3.80147712,14.8,3.00562788173913,3.106369536,26.941718528,0.0,2906.5307363126594,0.8073696489757387,0.5756545597197017,713.0,822,Tesla T4,16106.12736,70.0,GPU-80251202-305b-68eb-9626-4d65ca92e0f8,Tesla T4,16106.12736,70.0,GPU-2b820e7f-b3f5-57f9-0af1-1d4eb501eded,580.159.04,1.0,40,1.0,20,1.0,3,1.0,41
a-mobilenetv4-base-f2-s2,a,mobilenetv4,base,2,2,47,2491,159424,1787899292.5817401,1787899341.5810049,2026-08-28T06:41:32Z,2026-08-28T06:42:21Z,acct1,0,fbe40e,Interactive,64ea3b69c044,v2,1.7830888958659234e-08,1.0,3.920856893885114e-08,3.948882931853924e-05,1.1196585907481341e-05,0.0005297415191307664,3.668904113851568e-08,3.4477485314710062e-06,0.0002773425636405576,0.0,371.6922830649142,1.1895325515102906e-12,128.0,0,0,48.96837258338928,46.36659622192383,2.6009702682495117,32.06214785575867,13.401270627975464,12.11837100982666,0.7214741706848145,0.6547521627589186,0.26811814308166504,0.2662210464477539,0.27143163681030275,0.3036131858825683,73.15611402150192,8437074,8437074,2465.230105638504,146169.2797154819,60,384,64,coral,coral_bce,0.0,session_balanced,adamw,0.0003,0.05,cosine,5,60,5.0,True,full,raw,full_frame,dataset_v1_1,fp16,2,mobilenetv4,2,2,base,a,64ea3b69c044,1.0,1.0,1.0,1.0,1.0,1.0,1.0,1.0,1.0,1.0,40,1.0,1.0,1.0,20,1.0,1.0,1.0,44,1.0,0.0,1.0,1.0,7.794485139544984e-08,1.2638719654416959e-12,0.9999999220554645,0.9999999220554645,NA,-7.794453549259117e-08,7.794453549259117e-08,7.794453549259117e-08,7.794453549259117e-08,27.782608695652176,99.0,0.0,6433.210367999996,6433.210368,77.15217391304348,78.0,50.61371739130434,86.233,1361.7391304347825,5000.0,4.0,2442.317222286598,83212.87087624331,0.0,0.0,0.0,473.1043839999998,473.104384,39.02173913043478,40.0,9.984869565217389,10.759,300.0,405.0,1.0,487.5584042263363,16883.095326863328,61.22608695652174,70.3,3.6497968083478263,3.8086656,14.8,3.0025673683478256,3.02016512,26.941718528,0.0,2929.875626512934,0.8138543406980373,0.5802781449177006,713.0,822,Tesla T4,16106.12736,70.0,GPU-80251202-305b-68eb-9626-4d65ca92e0f8,Tesla T4,16106.12736,70.0,GPU-2b820e7f-b3f5-57f9-0af1-1d4eb501eded,580.159.04,1.0,40,1.0,20,1.0,3,1.0,41
a-mobilenetv4-base-f2-s2,a,mobilenetv4,base,2,2,48,2544,162816,1787899341.8882742,1787899391.4101732,2026-08-28T06:42:21Z,2026-08-28T06:43:11Z,acct1,0,fbe40e,Interactive,64ea3b69c044,v2,2.2272954857643546e-08,1.0,5.188645677641682e-10,3.3878758404137624e-05,4.444875942028229e-06,0.00015536377031821758,7.347302499738362e-08,1.6148281429195773e-05,9.136125241639053e-05,0.0,371.69076644564376,4.0514021808061217e-13,128.0,0,0,49.497793197631836,46.89108061790466,2.6056907176971436,32.69700360298157,13.272865772247314,11.889058113098145,0.7270543575286865,0.660574976998084,0.2660484313964844,0.2644495964050293,0.26851692199707033,0.29374912261962877,72.33785093672623,8437074,8437074,2514.727898836136,149143.19367301915,60,384,64,coral,coral_bce,0.0,session_balanced,adamw,0.0003,0.05,cosine,5,60,5.0,True,full,raw,full_frame,dataset_v1_1,fp16,2,mobilenetv4,2,2,base,a,64ea3b69c044,1.0,1.0,1.0,1.0,1.0,1.0,1.0,1.0,1.0,1.0,40,1.0,1.0,1.0,20,1.0,1.0,1.0,44,1.0,0.0,1.0,1.0,1.1462432370789342e-09,4.72324126719199e-16,0.9999999988537568,0.9999999988537568,NA,-1.1462432114583976e-09,1.1462432114583976e-09,1.1462432114583976e-09,1.1462432114583976e-09,23.043478260869566,99.0,0.0,6433.210367999996,6433.210368,76.93478260869566,78.0,49.764891304347834,94.416,1365.0,5000.0,4.0,2473.418918746771,85709.50929621865,0.0,0.0,0.0,473.1043839999998,473.104384,39.108695652173914,40.0,10.013043478260869,10.659,300.0,405.0,1.0,500.49503879045733,17388.751585308106,62.891304347826086,85.4,3.531724532869565,3.932020736,15.1,3.049884449391304,3.340230656,27.165417472,0.0,2973.9139575372283,0.8260872104270078,0.5890001810344566,713.0,830,Tesla T4,16106.12736,70.0,GPU-80251202-305b-68eb-9626-4d65ca92e0f8,Tesla T4,16106.12736,70.0,GPU-2b820e7f-b3f5-57f9-0af1-1d4eb501eded,580.159.04,1.0,40,1.0,20,1.0,3,1.0,41
a-mobilenetv4-base-f2-s2,a,mobilenetv4,base,2,2,49,2597,166208,1787899391.6941338,1787899441.1719193,2026-08-28T06:43:11Z,2026-08-28T06:44:01Z,acct1,0,fbe40e,Interactive,64ea3b69c044,v2,1.7770484137469297e-08,1.0,1.0460951416e-09,2.8647450843757897e-05,1.4264573540481038e-06,4.362171966931783e-05,7.820269587455186e-08,2.8731524707836796e-06,2.601620981295117e-05,0.0,371.68947533272114,1.0994222231939687e-13,128.0,0,0,49.45269584655762,46.90696930885315,2.544975757598877,32.624008655548096,13.356712341308594,11.89537262916565,0.7364895343780518,0.659701318544377,0.26761184098585594,0.2657294273376465,0.27200608253479003,0.3078199577331542,72.31334810112746,8437074,8437074,2564.1805946826935,152116.62364651964,60,384,64,coral,coral_bce,0.0,session_balanced,adamw,0.0003,0.05,cosine,5,60,5.0,True,full,raw,full_frame,dataset_v1_1,fp16,2,mobilenetv4,2,2,base,a,64ea3b69c044,1.0,1.0,1.0,1.0,1.0,1.0,1.0,1.0,1.0,1.0,40,1.0,1.0,1.0,20,1.0,1.0,1.0,44,1.0,0.0,1.0,1.0,2.292486610800735e-09,1.2921811295193145e-15,0.9999999977075137,0.9999999977075137,NA,-2.2924863118944927e-09,2.2924863118944927e-09,2.2924863118944927e-09,2.2924863118944927e-09,28.82608695652174,99.0,0.0,6433.210367999996,6433.210368,76.82608695652173,78.0,49.709956521739116,77.832,1396.6304347826087,5000.0,4.0,2472.18267542409,88196.18116495539,0.0,0.0,0.0,473.1043839999998,473.104384,39.108695652173914,40.0,10.106086956521738,10.759,300.0,405.0,1.0,501.2472980763923,17894.092214426313,60.89782608695653,71.7,3.600397890782608,3.878633472,15.1,3.024713460869565,3.055169536,26.950774784,0.0,2973.4299735004824,0.8259527704168007,0.5889043253071788,713.0,832,Tesla T4,16106.12736,70.0,GPU-80251202-305b-68eb-9626-4d65ca92e0f8,Tesla T4,16106.12736,70.0,GPU-2b820e7f-b3f5-57f9-0af1-1d4eb501eded,580.159.04,1.0,40,1.0,20,1.0,3,1.0,41
a-mobilenetv4-base-f2-s2,a,mobilenetv4,base,2,2,50,2650,169600,1787899448.9872024,1787899497.9043376,2026-08-28T06:44:08Z,2026-08-28T06:44:57Z,acct1,0,fbe40e,Interactive,64ea3b69c044,v2,1.3740436030700206e-08,1.0,3.5732468746705837e-09,2.38119700753228e-05,3.6145776700300516e-06,0.00016136435442604125,9.896615438265144e-08,2.6825150598597247e-06,8.254966760432534e-05,0.0,371.68839039917174,2.315655197657672e-13,128.0,0,0,48.89334678649902,46.38972330093384,2.5028433799743652,32.011687994003296,13.420594930648804,12.055575847625732,0.7621212005615234,0.6547248265451675,0.2693510505388368,0.26679110527038574,0.27573719024658205,0.3026821136474609,73.11964285701437,8437074,8437074,2613.0739414691925,155044.104124067,60,384,64,coral,coral_bce,0.0,session_balanced,adamw,0.0003,0.05,cosine,5,60,5.0,True,full,raw,full_frame,dataset_v1_1,fp16,2,mobilenetv4,2,2,base,a,64ea3b69c044,1.0,1.0,1.0,1.0,1.0,1.0,1.0,1.0,1.0,1.0,40,1.0,1.0,1.0,20,1.0,1.0,1.0,44,1.0,0.0,1.0,1.0,6.877461472117254e-09,1.0037322492720557e-14,0.999999993122541,0.999999993122541,NA,-6.8774590467057806e-09,6.8774590467057806e-09,6.8774590467057806e-09,6.8774590467057806e-09,26.31111111111111,99.0,0.0,6433.210367999996,6433.210368,77.88888888888889,80.0,49.66288888888889,73.967,1347.6666666666667,5000.0,4.0,2436.4771180135867,90908.57551359887,0.0,0.0,0.0,473.10438399999987,473.104384,39.08888888888889,40.0,10.003177777777777,11.256,300.0,405.0,1.0,491.00335953378817,18467.057211491614,61.28666666666667,69.7,3.729887140977777,3.950514176,15.2,3.133111591822222,3.133227008,26.83856896,0.0,2927.480477547375,0.8131890215409374,0.5798037723586884,713.0,822,Tesla T4,16106.12736,70.0,GPU-80251202-305b-68eb-9626-4d65ca92e0f8,Tesla T4,16106.12736,70.0,GPU-2b820e7f-b3f5-57f9-0af1-1d4eb501eded,580.159.04,1.0,40,1.0,20,1.0,3,1.0,41
a-mobilenetv4-base-f2-s2,a,mobilenetv4,base,2,2,51,2703,172992,1787899498.5961049,1787899548.355346,2026-08-28T06:44:58Z,2026-08-28T06:45:48Z,acct1,0,fbe40e,Interactive,64ea3b69c044,v2,3.3236257153913904e-05,1.0,4.953113143994022e-10,1.9388088432033443e-05,0.021854767736012738,0.8930672407150269,3.507408408154333e-08,0.00047892681322991734,0.5659984254837016,0.0,371.68750220596144,1.1399957410797501e-09,128.0,0,0,49.73550081253052,47.20503115653992,2.52970290184021,33.06555366516113,13.231178760528564,11.851429462432861,0.7278051376342773,0.664828002633292,0.26496607402585587,0.263822078704834,0.2694842338562012,0.2925772666931151,71.8567474037153,8437074,8437074,2662.809442281723,158012.4822108837,60,384,64,coral,coral_bce,0.0,session_balanced,adamw,0.0003,0.05,cosine,5,60,5.0,True,full,raw,full_frame,dataset_v1_1,fp16,2,mobilenetv4,2,2,base,a,64ea3b69c044,1.0,1.0,1.0,1.0,1.0,1.0,1.0,1.0,1.0,1.0,40,1.0,1.0,1.0,20,1.0,1.0,1.0,44,1.0,0.0,1.0,1.0,1.1462432370789342e-09,4.723522823802914e-16,0.9999999988537568,0.9999999988537568,NA,-1.1462432114583976e-09,1.1462432114583976e-09,1.1462432114583976e-09,1.1462432114583976e-09,25.659574468085108,97.0,0.0,6433.2103679999955,6433.210368,76.42553191489361,79.0,48.182659574468076,94.005,1386.063829787234,5000.0,4.0,2474.1883147403423,93413.41817241085,0.0,0.0,0.0,473.1043839999998,473.104384,39.08510638297872,40.0,9.887361702127661,10.361,300.0,405.0,1.0,494.1897720763591,18969.87414502074,60.14042553191488,72.0,3.7191920531063825,3.969204224,15.3,3.1435539826382977,3.2425984,26.954969088,0.0,2968.3780868167014,0.8245494685601948,0.587903771083419,713.0,832,Tesla T4,16106.12736,70.0,GPU-80251202-305b-68eb-9626-4d65ca92e0f8,Tesla T4,16106.12736,70.0,GPU-2b820e7f-b3f5-57f9-0af1-1d4eb501eded,580.159.04,1.0,40,1.0,20,1.0,3,1.0,41
a-mobilenetv4-base-f2-s2,a,mobilenetv4,base,2,2,52,2756,176384,1787899548.6281435,1787899597.6161852,2026-08-28T06:45:48Z,2026-08-28T06:46:37Z,acct1,0,fbe40e,Interactive,64ea3b69c044,v2,1.3349602445883468e-08,1.0,8.66851857389123e-11,1.5390235696296265e-05,9.300037842723011e-07,1.4951469893276226e-05,3.265493120352403e-08,4.9579338337935e-06,1.4042223920114334e-05,0.0,371.68678762728393,3.850816847638607e-14,128.0,0,0,48.962809562683105,46.46698069572449,2.4944167137145996,32.16188383102417,13.340605020523071,11.946491956710815,0.7770044803619385,0.6568635280181364,0.2680638421256587,0.26491212844848633,0.27199292182922363,0.3200567913055419,72.99807194729362,8437074,8437074,2711.772251844406,160946.82168166176,60,384,64,coral,coral_bce,0.0,session_balanced,adamw,0.0003,0.05,cosine,5,60,5.0,True,full,raw,full_frame,dataset_v1_1,fp16,2,mobilenetv4,2,2,base,a,64ea3b69c044,1.0,1.0,1.0,1.0,1.0,1.0,1.0,1.0,1.0,1.0,40,1.0,1.0,1.0,20,1.0,1.0,1.0,44,1.0,0.0,1.0,1.0,-0.0,2.0122911188980673e-16,1.0,1.0,NA,0.0,0.0,0.0,0.0,25.652173913043477,99.0,0.0,6433.210367999996,6433.210368,77.19565217391305,79.0,52.82354347826087,95.451,1289.6739130434783,5000.0,4.0,2449.263345816653,95883.36547677795,0.0,0.0,0.0,473.1043839999998,473.104384,39.0,39.0,9.811934782608695,10.46,300.0,405.0,1.0,485.07612496141155,19459.72018080979,61.08695652173915,72.2,3.791543518608696,3.983286272,15.4,3.14049990121739,3.223212032,26.954969088,0.0,2934.3394707780644,0.8150942974383513,0.5811622340735444,713.0,822,Tesla T4,16106.12736,70.0,GPU-80251202-305b-68eb-9626-4d65ca92e0f8,Tesla T4,16106.12736,70.0,GPU-2b820e7f-b3f5-57f9-0af1-1d4eb501eded,580.159.04,1.0,40,1.0,20,1.0,3,1.0,41
a-mobilenetv4-base-f2-s2,a,mobilenetv4,base,2,2,53,2809,179776,1787899597.8807328,1787899646.7848759,2026-08-28T06:46:37Z,2026-08-28T06:47:26Z,acct1,0,fbe40e,Interactive,64ea3b69c044,v2,3.125775566017026e-09,1.0,1.768162351470157e-08,1.1831452032772498e-05,2.193904740895848e-07,2.461960775690386e-06,3.421708427708836e-08,1.0583337484604263e-06,2.3841642541810864e-06,0.0,371.6862251219789,6.9835998624546505e-15,128.0,0,0,48.87490200996399,46.47622561454773,2.396977663040161,32.2268853187561,13.342532396316528,12.004557371139526,0.7234315872192383,0.6593749346481779,0.267018660059515,0.2644221782684326,0.2749840259552002,0.29476207733154297,72.9835513781105,8437074,8437074,2760.64715385437,163837.77773560246,60,384,64,coral,coral_bce,0.0,session_balanced,adamw,0.0003,0.05,cosine,5,60,5.0,True,full,raw,full_frame,dataset_v1_1,fp16,2,mobilenetv4,2,2,base,a,64ea3b69c044,1.0,1.0,1.0,1.0,1.0,1.0,1.0,1.0,1.0,1.0,40,1.0,1.0,1.0,20,1.0,1.0,1.0,44,1.0,0.0,1.0,1.0,3.553360388852627e-08,2.6282656502275626e-13,0.9999999644664618,0.9999999644664618,NA,-3.5533538222942695e-08,3.5533538222942695e-08,3.5533538222942695e-08,3.5533538222942695e-08,22.869565217391305,99.0,0.0,6433.210367999996,6433.210368,76.78260869565217,78.0,50.62821739130436,98.645,1350.3260869565217,5000.0,4.0,2407.235288701442,98311.42211807352,0.0,0.0,0.0,473.1043839999998,473.104384,39.02173913043478,40.0,9.86613043478261,10.361,300.0,405.0,1.0,483.720765239239,19948.142128898915,61.34565217391304,70.6,3.743283645217392,3.894976512,15.0,3.137359871999999,3.137359872,26.841714688,0.0,2890.956053940681,0.8030433483168559,0.5725699073499182,713.0,816,Tesla T4,16106.12736,70.0,GPU-80251202-305b-68eb-9626-4d65ca92e0f8,Tesla T4,16106.12736,70.0,GPU-2b820e7f-b3f5-57f9-0af1-1d4eb501eded,580.159.04,1.0,40,1.0,20,1.0,3,1.0,41
a-mobilenetv4-base-f2-s2,a,mobilenetv4,base,2,2,54,2862,183168,1787899647.0700686,1787899695.307147,2026-08-28T06:47:27Z,2026-08-28T06:48:15Z,acct1,0,fbe40e,Interactive,64ea3b69c044,v2,3.5860561528779457e-08,1.0,9.181810381987143e-09,8.723345454071307e-06,2.6343025875559506e-05,0.001383354770950973,3.4811066029760696e-08,1.1203733379261376e-06,0.000666654643937359,0.0,371.68580083015854,6.182622917119489e-13,128.0,0,0,48.20927166938782,45.72519063949585,2.4827725887298584,31.473511934280396,13.285878419876099,11.938607692718506,0.769763708114624,0.6528518445605478,0.2669539676522309,0.26567792892456055,0.2688051700592041,0.30222314834594705,74.1823041645256,8437074,8437074,2808.856425523758,166701.37270236437,60,384,64,coral,coral_bce,0.0,session_balanced,adamw,0.0003,0.05,cosine,5,60,5.0,True,full,raw,full_frame,dataset_v1_1,fp16,2,mobilenetv4,2,2,base,a,64ea3b69c044,1.0,1.0,1.0,1.0,1.0,1.0,1.0,1.0,1.0,1.0,40,1.0,1.0,1.0,20,1.0,1.0,1.0,44,1.0,0.0,1.0,1.0,1.8339908190425157e-08,7.016016936472907e-14,0.9999999816601093,0.9999999816601093,NA,-1.8339890717200547e-08,1.8339890717200547e-08,1.8339890717200547e-08,1.8339890717200547e-08,27.466666666666665,99.0,0.0,6433.210367999996,6433.210368,77.13333333333334,78.0,47.88766666666667,90.766,1367.3333333333333,5000.0,4.0,2387.0281425048306,100720.08511082787,0.0,0.0,0.0,473.10438399999987,473.104384,39.0,39.0,9.830866666666667,10.56,300.0,405.0,1.0,476.56682425708277,20429.964935533288,61.83111111111111,71.1,3.8158098432,3.952119808,15.2,3.1373598719999993,3.137359872,26.841714688,0.0,2863.5949667619134,0.7954430463227538,0.5671508920281234,713.0,808,Tesla T4,16106.12736,70.0,GPU-80251202-305b-68eb-9626-4d65ca92e0f8,Tesla T4,16106.12736,70.0,GPU-2b820e7f-b3f5-57f9-0af1-1d4eb501eded,580.159.04,1.0,40,1.0,20,1.0,3,1.0,41
a-mobilenetv4-base-f2-s2,a,mobilenetv4,base,2,2,55,2915,186560,1787899695.5811791,1787899744.6192946,2026-08-28T06:48:15Z,2026-08-28T06:49:04Z,acct1,0,fbe40e,Interactive,64ea3b69c044,v2,1.2646370818502614e-08,1.0,2.3060279380482385e-11,6.076053957825411e-06,8.103684441472447e-07,1.2226172657392453e-05,7.759135201013123e-08,3.872086608680546e-06,8.487971444992558e-06,0.0,371.6854952599929,1.324733532825507e-14,128.0,0,0,49.011908769607544,46.58910536766052,2.4219419956207275,32.37008094787598,13.285968780517578,11.973875284194946,0.74485182762146,0.6604533828714865,0.2663867878464033,0.26477670669555664,0.26796751022338866,0.3049837017059326,72.80672108279056,8437074,8437074,2857.8683342933655,169606.55824720074,60,384,64,coral,coral_bce,0.0,session_balanced,adamw,0.0003,0.05,cosine,5,60,5.0,True,full,raw,full_frame,dataset_v1_1,fp16,2,mobilenetv4,2,2,base,a,64ea3b69c044,1.0,1.0,1.0,1.0,1.0,1.0,1.0,1.0,1.0,1.0,40,1.0,1.0,1.0,20,1.0,1.0,1.0,44,1.0,0.0,1.0,1.0,-0.0,2.028737243418505e-16,1.0,1.0,NA,0.0,0.0,0.0,0.0,28.02173913043478,98.0,0.0,6433.210367999996,6433.210368,76.91304347826087,78.0,49.644608695652174,80.426,1367.2826086956522,5000.0,4.0,2418.6104875677556,103157.63878286057,0.0,0.0,0.0,473.1043839999998,473.104384,39.02173913043478,40.0,9.835999999999999,10.262,300.0,405.0,1.0,486.57505726860836,20921.148771181335,61.0195652173913,72.9,3.7818541634782608,3.960254464,15.5,3.1401252062608687,3.204337664,26.954969088,0.0,2905.185544836364,0.8069959846767678,0.5753881370745354,713.0,822,Tesla T4,16106.12736,70.0,GPU-80251202-305b-68eb-9626-4d65ca92e0f8,Tesla T4,16106.12736,70.0,GPU-2b820e7f-b3f5-57f9-0af1-1d4eb501eded,580.159.04,1.0,40,1.0,20,1.0,3,1.0,41
a-mobilenetv4-base-f2-s2,a,mobilenetv4,base,2,2,56,2968,189952,1787899744.900419,1787899793.7899914,2026-08-28T06:49:04Z,2026-08-28T06:49:53Z,acct1,0,fbe40e,Interactive,64ea3b69c044,v2,2.346115720881002e-08,1.0,2.401592274407035e-10,3.8982124586499795e-06,4.59210708207938e-06,0.00013749973732046783,4.7450235740598146e-08,1.8298653867532225e-05,8.720585785340488e-05,0.0,371.6852875621214,4.81617369259599e-14,128.0,0,0,48.86436915397644,46.40223693847656,2.4612348079681396,32.15382409095764,13.33093810081482,11.981847524642944,0.7276997566223145,0.6580218807212629,0.26692093543286594,0.26554179191589355,0.27036356925964355,0.2993078041076659,73.0999241372212,8437074,8437074,2906.732703447342,172529.30860723509,60,384,64,coral,coral_bce,0.0,session_balanced,adamw,0.0003,0.05,cosine,5,60,5.0,True,full,raw,full_frame,dataset_v1_1,fp16,2,mobilenetv4,2,2,base,a,64ea3b69c044,1.0,1.0,1.0,1.0,1.0,1.0,1.0,1.0,1.0,1.0,40,1.0,1.0,1.0,20,1.0,1.0,1.0,44,1.0,0.0,1.0,1.0,-0.0,1.9999999756901162e-16,1.0,1.0,NA,0.0,0.0,0.0,0.0,24.347826086956523,99.0,0.0,6433.210367999996,6433.210368,77.08695652173913,78.0,50.18630434782609,96.877,1363.0434782608695,5000.0,4.0,2434.912293984293,105612.3418130819,0.0,0.0,0.0,473.1043839999998,473.104384,39.08695652173913,40.0,9.907217391304346,10.361,300.0,405.0,1.0,487.83806605005884,21413.573939634796,61.11086956521739,71.5,3.7841137307826087,3.969138688,15.4,3.138687688347825,3.198439424,26.954969088,0.0,2922.7503600343516,0.8118751000095421,0.5788669463068035,713.0,818,Tesla T4,16106.12736,70.0,GPU-80251202-305b-68eb-9626-4d65ca92e0f8,Tesla T4,16106.12736,70.0,GPU-2b820e7f-b3f5-57f9-0af1-1d4eb501eded,580.159.04,1.0,40,1.0,20,1.0,3,1.0,41
a-mobilenetv4-base-f2-s2,a,mobilenetv4,base,2,2,57,3021,193344,1787899794.0736854,1787899843.526507,2026-08-28T06:49:54Z,2026-08-28T06:50:43Z,acct1,0,fbe40e,Interactive,64ea3b69c044,v2,1.2976788214473993e-08,1.0,1.627821997495483e-08,2.1969246228460523e-06,8.420065093296131e-07,1.566619539516978e-05,5.84391131042139e-08,4.919326056551652e-06,1.0662512486305757e-05,0.0,371.6851614835702,4.9768595161543736e-15,128.0,0,0,49.42684078216553,47.014777183532715,2.410656213760376,32.75722408294678,13.34719204902649,12.047269821166992,0.7252964973449707,0.6627416109258276,0.2672384325063454,0.2654855251312256,0.2708139419555664,0.2965338706970214,72.14752899409835,8437074,8437074,2956.1595442295074,175495.7012270125,60,384,64,coral,coral_bce,0.0,session_balanced,adamw,0.0003,0.05,cosine,5,60,5.0,True,full,raw,full_frame,dataset_v1_1,fp16,2,mobilenetv4,2,2,base,a,64ea3b69c044,1.0,1.0,1.0,1.0,1.0,1.0,1.0,1.0,1.0,1.0,40,1.0,1.0,1.0,20,1.0,1.0,1.0,44,1.0,0.0,1.0,1.0,3.2094862289320375e-08,2.1445500185754942e-13,0.9999999679051913,0.9999999679051913,NA,-3.2094808699589805e-08,3.2094808699589805e-08,3.2094808699589805e-08,3.2094808699589805e-08,24.851063829787233,99.0,0.0,6433.2103679999955,6433.210368,76.87234042553192,78.0,49.69602127659574,95.136,1375.212765957447,5000.0,4.0,2474.806565758452,108098.63300836124,0.0,0.0,0.0,473.1043839999998,473.104384,39.1063829787234,40.0,9.874574468085104,10.957,300.0,405.0,1.0,491.58605401894965,21908.550255890343,60.32553191489361,73.0,3.8065626961702135,3.913392128,15.2,3.139049864170212,3.216789504,26.954969088,0.0,2966.3926197774017,0.8239979499381671,0.5875105383059132,713.0,828,Tesla T4,16106.12736,70.0,GPU-80251202-305b-68eb-9626-4d65ca92e0f8,Tesla T4,16106.12736,70.0,GPU-2b820e7f-b3f5-57f9-0af1-1d4eb501eded,580.159.04,1.0,40,1.0,20,1.0,3,1.0,41
a-mobilenetv4-base-f2-s2,a,mobilenetv4,base,2,2,58,3074,196736,1787899843.8111892,1787899892.554309,2026-08-28T06:50:43Z,2026-08-28T06:51:32Z,acct1,0,fbe40e,Interactive,64ea3b69c044,v2,8.933245822992474e-06,1.0,7.963322616172813e-11,9.777396977174666e-07,0.006224679533875843,0.32926446199417114,0.0,4.363487878435978e-05,0.15831729572033407,0.0,371.6850828914717,1.637438941184775e-11,128.0,0,0,48.71694827079773,46.18002367019653,2.535268783569336,32.05807685852051,13.243662595748901,11.894181489944458,0.6935441493988037,0.6580477225363682,0.2646576458553098,0.26369261741638184,0.26743474006652834,0.28429543495178217,73.4516730486025,8437074,8437074,3004.876492500305,178440.82323473686,60,384,64,coral,coral_bce,0.0,session_balanced,adamw,0.0003,0.05,cosine,5,60,5.0,True,full,raw,full_frame,dataset_v1_1,fp16,2,mobilenetv4,2,2,base,a,64ea3b69c044,1.0,1.0,1.0,1.0,1.0,1.0,1.0,1.0,1.0,1.0,40,1.0,1.0,1.0,20,1.0,1.0,1.0,44,1.0,0.0,1.0,1.0,-0.0,1.9999999756901162e-16,1.0,1.0,NA,0.0,0.0,0.0,0.0,23.0,99.0,0.0,6433.210367999996,6433.210368,77.06666666666666,79.0,49.89097777777778,80.521,1382.0,5000.0,4.0,2463.476291760482,110576.73570353573,0.0,0.0,0.0,473.10438399999987,473.104384,39.044444444444444,40.0,9.868400000000001,10.46,300.0,405.0,1.0,481.6457159638703,22394.184850454098,61.26666666666666,69.7,3.8212108288000004,4.086980608,15.6,3.1377933198222205,3.156504576,26.954969088,0.0,2945.1220077243524,0.8180894465900979,0.5832977754187398,713.0,819,Tesla T4,16106.12736,70.0,GPU-80251202-305b-68eb-9626-4d65ca92e0f8,Tesla T4,16106.12736,70.0,GPU-2b820e7f-b3f5-57f9-0af1-1d4eb501eded,580.159.04,1.0,40,1.0,20,1.0,3,1.0,41
a-mobilenetv4-base-f2-s2,a,mobilenetv4,base,2,2,59,3127,200128,1787899892.8251069,1787899941.6986048,2026-08-28T06:51:32Z,2026-08-28T06:52:21Z,acct1,0,fbe40e,Interactive,64ea3b69c044,v2,3.571033519117163e-08,1.0,8.109686079722682e-11,2.4463441107965276e-07,8.861994294856561e-06,0.00031942635541781783,8.114549387983061e-08,6.636717171204505e-06,0.0002151983114890748,0.0,371.68505067413787,5.8327574686724546e-15,128.0,0,0,48.84864640235901,46.41984987258911,2.4272327423095703,32.08482313156128,13.338748216629028,12.005991697311401,0.8006951808929443,0.6568211300530905,0.2685104046227797,0.26486778259277344,0.28226213455200194,0.3021762084960937,73.07218806847054,8437074,8437074,3053.725138902664,181364.2963901269,60,384,64,coral,coral_bce,0.0,session_balanced,adamw,0.0003,0.05,cosine,5,60,5.0,True,full,raw,full_frame,dataset_v1_1,fp16,2,mobilenetv4,2,2,base,a,64ea3b69c044,1.0,1.0,1.0,1.0,1.0,1.0,1.0,1.0,1.0,1.0,40,1.0,1.0,1.0,20,1.0,1.0,1.0,44,1.0,0.0,1.0,1.0,-0.0,1.9999999756901162e-16,1.0,1.0,NA,0.0,0.0,0.0,0.0,28.26086956521739,99.0,0.0,6433.210367999996,6433.210368,76.80434782608695,78.0,48.80786956521739,88.717,1341.5217391304348,5000.0,4.0,2439.5065551750595,113027.42380895035,0.0,0.0,0.0,473.1043839999998,473.104384,39.02173913043478,40.0,9.753804347826085,10.162,300.0,405.0,1.0,483.9666002149643,22882.708878191486,60.99565217391306,70.7,3.8485926066086953,4.061097984,15.5,3.139546512695652,3.236990976,26.956017664,0.0,2923.4731553900237,0.8120758764972288,0.5790100999425242,713.0,818,Tesla T4,16106.12736,70.0,GPU-80251202-305b-68eb-9626-4d65ca92e0f8,Tesla T4,16106.12736,70.0,GPU-2b820e7f-b3f5-57f9-0af1-1d4eb501eded,580.159.04,1.0,40,1.0,20,1.0,3,1.0,41
a-mobilenetv4-base-f2-s2,a,mobilenetv4,base,2,2,60,3180,203520,1787899941.9742324,1787899991.434751,2026-08-28T06:52:21Z,2026-08-28T06:53:11Z,acct1,0,fbe40e,Interactive,64ea3b69c044,v2,8.266536749180911e-08,1.0,1.2900230990269096e-10,0.0,8.059049698885351e-05,0.004144817590713501,2.8957384046179868e-08,2.5251557417504904e-05,0.0020201579976128286,0.0,371.6850506319082,0.0,128.0,0,0,49.43546724319458,46.948399782180786,2.4862868785858154,32.73579001426697,13.298481941223145,11.999427795410156,0.7220649719238281,0.6621923861511285,0.26614468502548505,0.26572418212890625,0.269422721862793,0.2843596363067626,72.24953386563412,8437074,8437074,3103.1606061458588,184296.9289482973,60,384,64,coral,coral_bce,0.0,session_balanced,adamw,0.0003,0.05,cosine,5,60,5.0,True,full,raw,full_frame,dataset_v1_1,fp16,2,mobilenetv4,2,2,base,a,64ea3b69c044,1.0,1.0,1.0,1.0,1.0,1.0,1.0,1.0,1.0,1.0,40,1.0,1.0,1.0,20,1.0,1.0,1.0,44,1.0,0.0,1.0,1.0,-0.0,1.9999999756901162e-16,1.0,1.0,NA,0.0,0.0,0.0,0.0,25.17391304347826,99.0,0.0,6433.210367999996,6433.210368,77.15217391304348,78.0,50.356195652173916,91.1,1339.891304347826,5000.0,4.0,2442.4429455671925,115493.25992324516,0.0,0.0,0.0,473.1043839999998,473.104384,39.02173913043478,40.0,9.865978260869564,10.262,300.0,405.0,1.0,490.1896126032152,23378.334822350065,61.65,69.2,3.8248555742608694,4.029472768,15.4,3.139625316173913,3.180900352,26.956017664,0.0,2932.6325581704077,0.8146201550473354,0.5808241705487502,713.0,830,Tesla T4,16106.12736,70.0,GPU-80251202-305b-68eb-9626-4d65ca92e0f8,Tesla T4,16106.12736,70.0,GPU-2b820e7f-b3f5-57f9-0af1-1d4eb501eded,580.159.04,1.0,40,1.0,20,1.0,3,1.0,41
