run_id,stage,arch,technique,fold,seed,epoch,global_step,samples_seen,ts_start,ts_end,iso_start,iso_end,account,worker_id,session_id,host,config_hash,lib_version,train_loss,train_acc,val_loss,lr_group0,grad_norm_mean,grad_norm_max,grad_norm_p50,grad_norm_p95,grad_norm_p99,grad_clip_hit_rate,weight_norm_total,update_to_weight_ratio,amp_scale,amp_scale_decreases,nan_or_inf_batches,epoch_seconds,train_seconds,val_seconds,dataload_seconds,compute_seconds,backward_seconds,optimizer_seconds,dataload_frac,step_time_mean,step_time_p50,step_time_p90,step_time_p99,images_per_second,n_params_total,n_params_trainable,wall_seconds_cumulative,energy_joules_cumulative,epochs_planned,cfg_input_resolution,cfg_batch_size,cfg_head_type,cfg_loss_name,cfg_label_smoothing,cfg_sampler_name,cfg_optimizer_name,cfg_lr_initial,cfg_weight_decay,cfg_scheduler_name,cfg_warmup_epochs,cfg_max_epochs,cfg_grad_clip,cfg_pretrained,cfg_finetune_depth,cfg_preprocessing,cfg_roi_mode,cfg_augment_policy,cfg_precision,cfg_num_workers,cfg_arch,cfg_fold,cfg_seed,cfg_technique,cfg_stage,cfg_config_hash,val_acc,val_balanced_acc,val_f1_macro,val_f1_micro,val_f1_weighted,val_precision_macro,val_recall_macro,val_f1_low,val_recall_low,val_precision_low,val_support_low,val_f1_mid,val_recall_mid,val_precision_mid,val_support_mid,val_f1_high,val_recall_high,val_precision_high,val_support_high,val_qwk,val_mae_class,val_cohen_kappa,val_mcc,val_nll,val_brier,val_mean_confidence,val_mean_confidence_correct,val_mean_confidence_incorrect,val_overconfidence_gap,val_ece,val_mce,val_ace,gpu0_util_mean,gpu0_util_max,gpu0_util_p50,gpu0_mem_used_mb_mean,gpu0_mem_used_mb_peak,gpu0_temp_c_mean,gpu0_temp_c_max,gpu0_power_w_mean,gpu0_power_w_max,gpu0_sm_clock_mhz_mean,gpu0_mem_clock_mhz_mean,gpu0_throttle_reasons,gpu0_energy_joules_epoch,gpu0_energy_joules_cumulative,gpu1_util_mean,gpu1_util_max,gpu1_util_p50,gpu1_mem_used_mb_mean,gpu1_mem_used_mb_peak,gpu1_temp_c_mean,gpu1_temp_c_max,gpu1_power_w_mean,gpu1_power_w_max,gpu1_sm_clock_mhz_mean,gpu1_mem_clock_mhz_mean,gpu1_throttle_reasons,gpu1_energy_joules_epoch,gpu1_energy_joules_cumulative,cpu_percent_mean,cpu_percent_max,ram_used_gb_mean,ram_used_gb_peak,ram_percent_peak,proc_rss_gb_mean,proc_rss_gb_peak,proc_vms_gb_peak,swap_used_gb_peak,energy_joules_epoch,energy_wh_epoch,co2_g_epoch,carbon_intensity_g_per_kwh,power_sample_count,gpu0_name,gpu0_mem_total_mb,gpu0_power_limit_w,gpu0_uuid,gpu1_name,gpu1_mem_total_mb,gpu1_power_limit_w,gpu1_uuid,gpu_driver,val_acc_session_mileage_000100_005000__session_001,val_n_session_mileage_000100_005000__session_001,val_acc_session_mileage_070000__session_001,val_n_session_mileage_070000__session_001,val_acc_session_mileage_100000_plus__session_001,val_n_session_mileage_100000_plus__session_001,val_acc_session_mileage_100000_plus__session_005,val_n_session_mileage_100000_plus__session_005
a-mobilenetv4-base-f2-s1,a,mobilenetv4,base,2,1,1,53,3392,1787890310.0456991,1787890375.9790955,2026-08-28T04:11:50Z,2026-08-28T04:12:55Z,acct3,2,ecce7d,Interactive,2f3537740755,v2,0.6730593214172346,0.8301886792452831,0.00012726797229753665,5.9999999999999995e-05,,,,,,0.7924528301886793,371.73300600023424,,64.0,10,0,65.90642499923706,47.57518768310547,18.32932758331299,32.43786382675171,14.673927307128906,13.341837882995605,0.2772092819213867,0.49218060040621553,0.28393502055474046,0.28484511375427246,0.2960836887359619,0.2995916366577148,71.29766933540739,8437074,8437074,65.90642499923706,3905.830241487502,60,384,64,coral,coral_bce,0.0,session_balanced,adamw,0.0003,0.05,cosine,5,60,5.0,True,full,raw,full_frame,dataset_v1_1,fp16,2,mobilenetv4,2,1,base,a,2f3537740755,1.0,1.0,1.0,1.0,1.0,1.0,1.0,1.0,1.0,1.0,40,1.0,1.0,1.0,20,1.0,1.0,1.0,44,1.0,0.0,1.0,1.0,0.00025449371585218764,5.765294277130565e-06,0.9997469605161593,0.9997469605161593,NA,-0.0002530394838407002,0.0002530394838407002,0.0002530394838407002,0.0002530394838407002,36.622950819672134,100.0,0.0,5160.479760786886,6435.30752,77.42622950819673,81.0,49.054426229508195,80.471,1266.8852459016393,5000.0,4.0,3289.08633265233,3296.086526136636,0.0,0.0,0.0,473.1043839999999,473.104384,38.36065573770492,39.0,9.294475409836068,9.665,300.0,405.0,1.0,616.7439088351722,619.1748222820754,51.66557377049181,68.7,3.6214185715409832,3.967238144,15.2,3.0488986942950826,3.090014208,26.913705984,0.0,3905.830241487502,1.0849528448576395,0.773571378383497,713.0,1108,Tesla T4,16106.12736,70.0,GPU-ebb034dc-0b3b-1c3c-d046-c48876f98f58,Tesla T4,16106.12736,70.0,GPU-a83d4ee2-e765-2411-f12f-266bb2f84198,580.159.04,1.0,40,1.0,20,1.0,3,1.0,41
a-mobilenetv4-base-f2-s1,a,mobilenetv4,base,2,1,2,106,6784,1787890376.4614346,1787890426.7235062,2026-08-28T04:12:56Z,2026-08-28T04:13:46Z,acct3,2,ecce7d,Interactive,2f3537740755,v2,0.006328043465853632,0.9961674528301887,0.07290088348711904,0.00011999999999999999,30.556428874846468,483.708740234375,0.8423854112625122,185.6451797485349,384.11414062499944,0.2830188679245283,371.7338221153384,9.863970526318913e-06,64.0,0,0,50.24124193191528,47.67010450363159,2.5702290534973145,32.975510358810425,14.146074056625366,12.718541622161865,0.35079121589660645,0.6563434559101342,0.27550552026280817,0.2738037109375,0.2839946269989014,0.3149248123168945,71.15570723663069,8437074,8437074,116.14766693115234,6827.614819885965,60,384,64,coral,coral_bce,0.0,session_balanced,adamw,0.0003,0.05,cosine,5,60,5.0,True,full,raw,full_frame,dataset_v1_1,fp16,2,mobilenetv4,2,1,base,a,2f3537740755,0.9423076923076923,0.9545454545454546,0.9321314952279959,0.9423076923076923,0.9439595399298475,0.923076923076923,0.9545454545454546,1.0,1.0,1.0,40,0.8695652173913044,1.0,0.7692307692307693,20,0.9268292682926829,0.8636363636363636,1.0,44,0.9629981024667932,0.057692307692307696,0.9111617312072893,0.9159651525396579,0.14580178014421705,0.085891388802452,0.974075599358632,0.9850500840313581,0.79482568303744,0.03176790705093968,0.05509161261411815,0.8447103798389435,0.05509161261411815,27.04255319148936,99.0,0.0,6319.874919489359,6437.404672,77.61702127659575,80.0,47.116106382978714,69.355,1339.468085106383,5000.0,4.0,2452.9228123633825,5779.038331689831,0.0,0.0,0.0,473.1043839999998,473.104384,38.0,38.0,9.263000000000002,9.662,300.0,405.0,1.0,468.8617660350802,1094.2062472827433,59.9936170212766,70.7,3.834968804765957,4.278943744,16.2,3.1116448354042547,3.192635392,28.134252544,0.0,2921.7845783984626,0.8116068273329062,0.5786756678883622,713.0,844,Tesla T4,16106.12736,70.0,GPU-ebb034dc-0b3b-1c3c-d046-c48876f98f58,Tesla T4,16106.12736,70.0,GPU-a83d4ee2-e765-2411-f12f-266bb2f84198,580.159.04,1.0,40,1.0,20,1.0,3,0.8536585365853658,41
a-mobilenetv4-base-f2-s1,a,mobilenetv4,base,2,1,3,159,10176,1787890426.9867194,1787890478.6903925,2026-08-28T04:13:46Z,2026-08-28T04:14:38Z,acct3,2,ecce7d,Interactive,2f3537740755,v2,0.00880111707439163,0.9973466981132075,2.1116430887629505e-07,0.00017999999999999998,10.333324344119173,122.48773193359375,0.04245472699403763,55.45064392089843,121.86392791748047,0.22641509433962265,371.7421963925875,5.003463152666031e-06,64.0,0,0,51.68443560600281,49.10657548904419,2.576892137527466,34.76526975631714,13.782055377960205,12.449237823486328,0.3715198040008545,0.6726448562065633,0.2687209597173727,0.267287015914917,0.2817721366882324,0.2905515480041504,69.07425260710278,8437074,8437074,167.83210253715515,9859.123317413101,60,384,64,coral,coral_bce,0.0,session_balanced,adamw,0.0003,0.05,cosine,5,60,5.0,True,full,raw,full_frame,dataset_v1_1,fp16,2,mobilenetv4,2,1,base,a,2f3537740755,1.0,1.0,1.0,1.0,1.0,1.0,1.0,1.0,1.0,1.0,40,1.0,1.0,1.0,20,1.0,1.0,1.0,44,1.0,0.0,1.0,1.0,4.258359341445535e-07,2.637834238232741e-11,0.9999995741706628,0.9999995741706628,NA,-4.258293372361166e-07,4.258293372361166e-07,4.258293372361166e-07,4.258293372361166e-07,26.520833333333332,99.0,0.0,6437.404672,6437.404672,76.70833333333333,80.0,48.628625,70.684,1316.875,5000.0,4.0,2547.9977497697037,8348.722395138275,0.0,0.0,0.0,473.10438400000004,473.104384,37.979166666666664,38.0,9.277145833333334,9.662,300.0,405.0,1.0,483.51074775743245,1582.8106773331142,60.07083333333333,70.2,3.962499413333333,4.222808064,16.0,3.1117955413333327,3.161309184,28.134252544,0.0,3031.508497527136,0.8420856937575378,0.6004070996491244,713.0,866,Tesla T4,16106.12736,70.0,GPU-ebb034dc-0b3b-1c3c-d046-c48876f98f58,Tesla T4,16106.12736,70.0,GPU-a83d4ee2-e765-2411-f12f-266bb2f84198,580.159.04,1.0,40,1.0,20,1.0,3,1.0,41
a-mobilenetv4-base-f2-s1,a,mobilenetv4,base,2,1,4,212,13568,1787890478.9807312,1787890528.549828,2026-08-28T04:14:38Z,2026-08-28T04:15:28Z,acct3,2,ecce7d,Interactive,2f3537740755,v2,0.013004094488851646,0.9973466981132075,2.363605038187171e-10,0.00023999999999999998,6.36663823980494,50.22890090942383,0.010917841456830502,40.36406555175781,46.19652252197263,0.22641509433962265,371.76229261306884,4.110134911244279e-06,64.0,0,0,49.54939651489258,46.92904210090637,2.619462490081787,32.69516348838806,13.699579954147339,12.393543481826782,0.3573007583618164,0.6598498829054598,0.2668800219049994,0.26384639739990234,0.27855587005615234,0.2900311374664306,72.2793359537694,8437074,8437074,217.38149905204773,12750.782262673614,60,384,64,coral,coral_bce,0.0,session_balanced,adamw,0.0003,0.05,cosine,5,60,5.0,True,full,raw,full_frame,dataset_v1_1,fp16,2,mobilenetv4,2,1,base,a,2f3537740755,1.0,1.0,1.0,1.0,1.0,1.0,1.0,1.0,1.0,1.0,40,1.0,1.0,1.0,20,1.0,1.0,1.0,44,1.0,0.0,1.0,1.0,-0.0,1.9999999756901162e-16,1.0,1.0,NA,0.0,0.0,0.0,0.0,27.282608695652176,99.0,0.0,6437.404671999997,6437.404672,76.6304347826087,78.0,49.431717391304346,75.486,1311.195652173913,5000.0,4.0,2426.3685469698758,10792.992583708998,0.0,0.0,0.0,473.1043839999998,473.104384,38.0,38.0,9.299065217391304,9.662,300.0,405.0,1.0,465.2903982906371,2052.094113472224,60.01956521739132,72.1,3.991410688,4.314103808,16.3,3.108858123130435,3.108892672,28.020998144,0.0,2891.658945260513,0.8032385959056981,0.5727091188807627,713.0,832,Tesla T4,16106.12736,70.0,GPU-ebb034dc-0b3b-1c3c-d046-c48876f98f58,Tesla T4,16106.12736,70.0,GPU-a83d4ee2-e765-2411-f12f-266bb2f84198,580.159.04,1.0,40,1.0,20,1.0,3,1.0,41
a-mobilenetv4-base-f2-s1,a,mobilenetv4,base,2,1,5,265,16960,1787890528.816555,1787890576.426055,2026-08-28T04:15:28Z,2026-08-28T04:16:16Z,acct3,2,ecce7d,Interactive,2f3537740755,v2,0.045423963894861336,0.9926297169811321,0.0007233465663515604,0.0003,10.702654493040198,58.88818359375,0.06403422355651855,46.95045166015625,56.43903961181639,0.33962264150943394,371.81039219973013,8.635574516667287e-06,64.0,0,0,47.587697982788086,45.11780023574829,2.4686150550842285,30.693681240081787,13.9041006565094,12.649699449539185,0.3412172794342041,0.6449919315530525,0.270423542778447,0.2682957649230957,0.2806349277496338,0.30595536231994613,75.18097031052523,8437074,8437074,264.9691970348358,15575.829639125348,60,384,64,coral,coral_bce,0.0,session_balanced,adamw,0.0003,0.05,cosine,5,60,5.0,True,full,raw,full_frame,dataset_v1_1,fp16,2,mobilenetv4,2,1,base,a,2f3537740755,1.0,1.0,1.0,1.0,1.0,1.0,1.0,1.0,1.0,1.0,40,1.0,1.0,1.0,20,1.0,1.0,1.0,44,1.0,0.0,1.0,1.0,0.0014466486784804693,4.2509249562458124e-05,0.9985641332773062,0.9985641332773062,NA,-0.0014358667226938016,0.0014358667226938016,0.0014358667226938016,0.0014358667226938016,27.727272727272727,99.0,3.0,6437.404671999998,6437.404672,77.3409090909091,79.0,49.266431818181815,95.054,1316.590909090909,5000.0,4.0,2378.1655500333345,13191.17655671525,0.0,0.0,0.0,473.10438399999987,473.104384,37.88636363636363,38.0,9.343409090909093,9.864,300.0,405.0,1.0,446.8818264183992,2503.176201709509,61.25454545454546,70.0,4.003635386181818,4.32166912,16.3,3.1096045381818187,3.139981312,28.134248448,0.0,2825.0473764517337,0.7847353823477038,0.5595163276139128,713.0,798,Tesla T4,16106.12736,70.0,GPU-ebb034dc-0b3b-1c3c-d046-c48876f98f58,Tesla T4,16106.12736,70.0,GPU-a83d4ee2-e765-2411-f12f-266bb2f84198,580.159.04,1.0,40,1.0,20,1.0,3,1.0,41
a-mobilenetv4-base-f2-s1,a,mobilenetv4,base,2,1,6,318,20352,1787890576.6869488,1787890624.344768,2026-08-28T04:16:16Z,2026-08-28T04:17:04Z,acct3,2,ecce7d,Interactive,2f3537740755,v2,0.0259910758752695,0.9932193396226415,0.004596275349075978,0.0002997553655889203,5.003269936159113,60.813209533691406,0.007541805040091276,30.518701553344716,56.993687896728495,0.16981132075471697,371.8385236996353,4.033355645702022e-06,64.0,0,0,47.63820147514343,45.21597456932068,2.420426368713379,30.927575826644897,13.725168943405151,12.453227043151855,0.3831930160522461,0.6492179567858418,0.2678722975389013,0.26552724838256836,0.27616300582885744,0.3020562934875488,75.01773504405439,8437074,8437074,312.60739850997925,18417.102257362596,60,384,64,coral,coral_bce,0.0,session_balanced,adamw,0.0003,0.05,cosine,5,60,5.0,True,full,raw,full_frame,dataset_v1_1,fp16,2,mobilenetv4,2,1,base,a,2f3537740755,1.0,1.0,1.0,1.0,1.0,1.0,1.0,1.0,1.0,1.0,40,1.0,1.0,1.0,20,1.0,1.0,1.0,44,1.0,0.0,1.0,1.0,0.009192553530503403,0.002461028073487232,0.9915055598203952,0.9915055598203952,NA,-0.008494440179604767,0.008494440179604797,0.20212805271148682,0.008494440179604797,28.5,99.0,0.0,6437.404671999998,6437.404672,77.04545454545455,79.0,52.166000000000004,97.937,1336.0227272727273,5000.0,4.0,2392.892108755106,15597.78560478496,0.0,0.0,0.0,473.10438399999987,473.104384,37.79545454545455,38.0,9.305250000000003,10.258,300.0,405.0,1.0,448.3805094821405,2955.375112623449,61.73863636363637,69.7,3.9161660509090908,4.127059968,15.7,3.1119183127272723,3.20188416,28.134252544,0.0,2841.2726182372467,0.7892423939547908,0.5627298268897658,713.0,800,Tesla T4,16106.12736,70.0,GPU-ebb034dc-0b3b-1c3c-d046-c48876f98f58,Tesla T4,16106.12736,70.0,GPU-a83d4ee2-e765-2411-f12f-266bb2f84198,580.159.04,1.0,40,1.0,20,1.0,3,1.0,41
a-mobilenetv4-base-f2-s1,a,mobilenetv4,base,2,1,7,371,23744,1787890624.6112485,1787890672.8110688,2026-08-28T04:17:04Z,2026-08-28T04:17:52Z,acct3,2,ecce7d,Interactive,2f3537740755,v2,0.01969391661695415,0.995872641509434,2.2818915843963623,0.00029902226030228247,3.6714507743032496,48.4858512878418,0.00013543738168664277,26.917570495605446,45.23912033081053,0.1509433962264151,371.8444458318502,2.95243218347592e-06,64.0,0,0,48.17951703071594,45.728827714920044,2.4498162269592285,31.547068119049072,13.64326810836792,12.395839929580688,0.35648059844970703,0.6547817426010484,0.26580740370840394,0.26170825958251953,0.278169059753418,0.30236918449401845,74.17640402124904,8437074,8437074,360.7869155406952,21248.891843199697,60,384,64,coral,coral_bce,0.0,session_balanced,adamw,0.0003,0.05,cosine,5,60,5.0,True,full,raw,full_frame,dataset_v1_1,fp16,2,mobilenetv4,2,1,base,a,2f3537740755,0.6153846153846154,0.6666666666666666,0.5,0.6153846153846154,0.5192307692307693,0.4444444444444444,0.6666666666666666,0.0,0.0,0.0,40,0.5,1.0,0.3333333333333333,20,1.0,1.0,1.0,44,0.6790123456790124,0.38461538461538464,0.45833333333333337,0.5840250605220888,4.564222723418335,0.7692063546431174,0.9999938962551264,1.0,0.9999841302633286,0.38460928087051094,0.38460928087051094,0.38460928087051094,0.38460928087051094,28.822222222222223,99.0,0.0,6437.404671999997,6437.404672,76.73333333333333,78.0,49.75351111111111,93.421,1292.6666666666667,5000.0,4.0,2380.5753663279756,17991.89972276756,0.0,0.0,0.0,473.10438399999987,473.104384,37.06666666666667,38.0,9.278066666666668,9.765,300.0,405.0,1.0,451.214219509126,3410.3055845117538,60.682222222222215,71.1,4.008708687644445,4.273168384,16.2,3.1135520995555566,3.21820672,28.134252544,0.0,2831.7895858371016,0.7866082182880838,0.5608516596394038,713.0,808,Tesla T4,16106.12736,70.0,GPU-ebb034dc-0b3b-1c3c-d046-c48876f98f58,Tesla T4,16106.12736,70.0,GPU-a83d4ee2-e765-2411-f12f-266bb2f84198,580.159.04,0.0,40,1.0,20,1.0,3,1.0,41
a-mobilenetv4-base-f2-s1,a,mobilenetv4,base,2,1,8,424,27136,1787890673.0778565,1787890720.3863673,2026-08-28T04:17:53Z,2026-08-28T04:18:40Z,acct3,2,ecce7d,Interactive,2f3537740755,v2,0.022211641755673535,0.9938089622641509,8.71146732186809e-08,0.0002978030753771539,3.123830682296931,38.12099838256836,1.0438404387969058e-05,18.372978782653796,30.88168983459468,0.20754716981132076,371.8523756823217,2.501762648251291e-06,64.0,0,0,47.2884886264801,44.8702073097229,2.4175496101379395,30.738425731658936,13.601659059524536,12.313325881958008,0.3491077423095703,0.6500192039219955,0.2648410032380302,0.26148462295532227,0.2750887393951416,0.2909821605682372,75.59581743374271,8437074,8437074,408.0754041671753,24047.21053407023,60,384,64,coral,coral_bce,0.0,session_balanced,adamw,0.0003,0.05,cosine,5,60,5.0,True,full,raw,full_frame,dataset_v1_1,fp16,2,mobilenetv4,2,1,base,a,2f3537740755,1.0,1.0,1.0,1.0,1.0,1.0,1.0,1.0,1.0,1.0,40,1.0,1.0,1.0,20,1.0,1.0,1.0,44,1.0,0.0,1.0,1.0,1.9142290118917667e-07,1.1415459221966815e-12,0.9999998085773908,0.9999998085773908,NA,-1.9142260920812504e-07,1.9142260920812504e-07,1.9142260920812504e-07,1.9142260920812504e-07,23.272727272727273,99.0,0.0,6437.404671999998,6437.404672,77.11363636363636,78.0,49.01440909090908,95.698,1296.8181818181818,5000.0,4.0,2350.4190167458073,20362.371134810895,0.0,0.0,0.0,473.10438399999987,473.104384,37.0,37.0,9.446818181818184,10.063,300.0,405.0,1.0,447.8996741247247,3862.571659852508,61.57272727272727,70.0,4.023651700363637,4.218785792,16.0,3.1100298705454548,3.152883712,28.134252544,0.0,2798.318690870532,0.7773107474640367,0.5542225629418581,713.0,792,Tesla T4,16106.12736,70.0,GPU-ebb034dc-0b3b-1c3c-d046-c48876f98f58,Tesla T4,16106.12736,70.0,GPU-a83d4ee2-e765-2411-f12f-266bb2f84198,580.159.04,1.0,40,1.0,20,1.0,3,1.0,41
a-mobilenetv4-base-f2-s1,a,mobilenetv4,base,2,1,9,477,30528,1787890720.6519735,1787890767.6267247,2026-08-28T04:18:40Z,2026-08-28T04:19:27Z,acct3,2,ecce7d,Interactive,2f3537740755,v2,0.015388892585036272,0.9961674528301887,5.519831730769231,0.00029610178754135,2.4063138424363673,42.40127944946289,8.075242590166454e-07,11.977972412109372,31.668988571166928,0.1509433962264151,371.8605573527745,1.9160779922538528e-06,64.0,0,0,46.95588946342468,44.34703588485718,2.6080636978149414,30.272233963012695,13.545446157455444,12.292858123779297,0.3508641719818115,0.6446951449315559,0.26375623469082815,0.26172852516174316,0.27451248168945314,0.28536445617675776,76.48763738814478,8437074,8437074,455.0312936306,26824.170809650856,60,384,64,coral,coral_bce,0.0,session_balanced,adamw,0.0003,0.05,cosine,5,60,5.0,True,full,raw,full_frame,dataset_v1_1,fp16,2,mobilenetv4,2,1,base,a,2f3537740755,0.6153846153846154,0.6666666666666666,0.5,0.6153846153846154,0.5192307692307693,0.4444444444444444,0.6666666666666666,0.0,0.0,0.0,40,0.5,1.0,0.3333333333333333,20,1.0,1.0,1.0,44,0.6790123456790124,0.38461538461538464,0.45833333333333337,0.5840250605220888,7.084877211549938,0.7692306778627197,0.9999999581621244,1.0,0.9999998912215233,0.384615342777509,0.384615342777509,0.384615342777509,0.384615342777509,21.441860465116278,99.0,0.0,6437.404671999998,6437.404672,77.06976744186046,78.0,49.988813953488375,102.35,1267.6744186046512,5000.0,4.0,2327.5271793670436,22712.101410047482,0.0,0.0,0.0,473.1043839999999,473.104384,37.0,37.0,9.529744186046512,10.258,300.0,405.0,1.0,449.43309621358185,4316.97506022907,62.039534883720926,69.7,4.1164473272558135,4.29729792,16.3,3.109078706604651,3.109117952,28.020998144,0.0,2776.9602755806254,0.7713778543279515,0.5499924101358294,713.0,786,Tesla T4,16106.12736,70.0,GPU-ebb034dc-0b3b-1c3c-d046-c48876f98f58,Tesla T4,16106.12736,70.0,GPU-a83d4ee2-e765-2411-f12f-266bb2f84198,580.159.04,0.0,40,1.0,20,1.0,3,1.0,41
a-mobilenetv4-base-f2-s1,a,mobilenetv4,base,2,1,10,530,33920,1787890767.880308,1787890815.43528,2026-08-28T04:19:27Z,2026-08-28T04:20:15Z,acct3,2,ecce7d,Interactive,2f3537740755,v2,0.002328558076489017,0.9985259433962265,2.8790192237267127,0.0002939239460421746,1.3638946901102635,32.72388458251953,0.0,7.853949832916253,24.191156768798777,0.07547169811320754,371.85897317979146,1.0780466204034666e-06,64.0,0,0,47.52730107307434,45.08839130401611,2.4381697177886963,31.07835364341736,13.482184171676636,12.205309867858887,0.3462643623352051,0.6539052911006594,0.2626484789938297,0.2602977752685547,0.27332377433776855,0.29299872398376453,75.23000714593842,8437074,8437074,502.5585947036743,29624.251858593172,60,384,64,coral,coral_bce,0.0,session_balanced,adamw,0.0003,0.05,cosine,5,60,5.0,True,full,raw,full_frame,dataset_v1_1,fp16,2,mobilenetv4,2,1,base,a,2f3537740755,0.6153846153846154,0.6666666666666666,0.5,0.6153846153846154,0.5192307692307693,0.4444444444444444,0.6666666666666666,0.0,0.0,0.0,40,0.5,1.0,0.3333333333333333,20,1.0,1.0,1.0,44,0.6790123456790124,0.38461538461538464,0.45833333333333337,0.5840250605220888,5.802987799624313,0.7692286798179473,0.999999157511271,0.9999999981373549,0.9999978125095368,0.3846145421266556,0.3846145421266556,0.3846145421266556,0.3846145421266556,28.8,99.0,0.0,6437.404671999997,6437.404672,77.11111111111111,79.0,48.17102222222222,93.206,1348.3333333333333,5000.0,4.0,2349.270308575622,25072.968530937138,0.0,0.0,0.0,473.10438399999987,473.104384,37.0,37.0,9.44568888888889,10.059,300.0,405.0,1.0,450.8107403666954,4771.052596483951,60.52444444444444,70.7,4.071897679644445,4.265435136,16.1,3.111972317866667,3.17356032,28.134252544,0.0,2800.0810489423175,0.777800291372866,0.5545716077488534,713.0,800,Tesla T4,16106.12736,70.0,GPU-ebb034dc-0b3b-1c3c-d046-c48876f98f58,Tesla T4,16106.12736,70.0,GPU-a83d4ee2-e765-2411-f12f-266bb2f84198,580.159.04,0.0,40,1.0,20,1.0,3,1.0,41
a-mobilenetv4-base-f2-s1,a,mobilenetv4,base,2,1,11,583,37312,1787890815.8315077,1787890863.6872635,2026-08-28T04:20:15Z,2026-08-28T04:21:03Z,acct3,2,ecce7d,Interactive,2f3537740755,v2,2.5289919159042233e-07,1.0,4.166691706730769,0.0002912766545459287,0.00039946482078977505,0.021170098334550858,0.0,2.584878188827131e-07,0.01016186599314772,0.0,371.8477143847905,3.1290975339444993e-10,64.0,0,0,47.83342099189758,45.36905860900879,2.4635941982269287,31.431167602539062,13.4132719039917,12.141037940979004,0.35219240188598633,0.65709637635709,0.26125025299360166,0.26026391983032227,0.2643474578857422,0.2794395923614501,74.76461059578745,8437074,8437074,550.3920156955719,32448.68555052872,60,384,64,coral,coral_bce,0.0,session_balanced,adamw,0.0003,0.05,cosine,5,60,5.0,True,full,raw,full_frame,dataset_v1_1,fp16,2,mobilenetv4,2,1,base,a,2f3537740755,0.6153846153846154,0.6666666666666666,0.5,0.6153846153846154,0.5192307692307693,0.4444444444444444,0.6666666666666666,0.0,0.0,0.0,40,0.5,1.0,0.3333333333333333,20,1.0,1.0,1.0,44,0.6790123456790124,0.38461538461538464,0.45833333333333337,0.5840250605220888,7.084877211549938,0.7692305173887821,0.9999998779251025,1.0,0.9999996826052666,0.38461526254048706,0.38461526254048706,0.38461526254048706,0.38461526254048706,29.066666666666666,99.0,0.0,6437.404671999997,6437.404672,77.35555555555555,79.0,50.75913333333334,92.154,1313.0,5000.0,4.0,2373.6794813711786,27466.695937607485,0.0,0.0,0.0,473.10438399999987,473.104384,37.0,37.0,9.368244444444448,10.158,300.0,405.0,1.0,450.7542105643688,5226.404513323544,61.67111111111111,75.2,4.110316248177778,4.540235776,16.9,3.144733764266666,3.502493696,28.288688128,0.0,2824.4336919355474,0.784564914426541,0.5593947839861237,713.0,802,Tesla T4,16106.12736,70.0,GPU-ebb034dc-0b3b-1c3c-d046-c48876f98f58,Tesla T4,16106.12736,70.0,GPU-a83d4ee2-e765-2411-f12f-266bb2f84198,580.159.04,0.0,40,1.0,20,1.0,3,1.0,41
a-mobilenetv4-base-f2-s1,a,mobilenetv4,base,2,1,12,636,40704,1787890863.9573958,1787890910.5740185,2026-08-28T04:21:03Z,2026-08-28T04:21:50Z,acct3,2,ecce7d,Interactive,2f3537740755,v2,6.449773955796651e-09,1.0,4.059119664705717,0.00028816854796722747,2.312780895300326e-05,0.0012212891597300768,0.0,6.357221991493127e-07,0.0005873914936364561,0.0,371.8354878673609,1.792380593330508e-11,64.0,0,0,46.59648418426514,44.18540334701538,2.4103174209594727,30.28831386566162,13.35031270980835,11.97714638710022,0.36249518394470215,0.6500128581780314,0.26045057908544,0.2594468593597412,0.2634063720703125,0.28217432975769036,76.76743320323502,8437074,8437074,596.988499879837,35211.27064200849,60,384,64,coral,coral_bce,0.0,session_balanced,adamw,0.0003,0.05,cosine,5,60,5.0,True,full,raw,full_frame,dataset_v1_1,fp16,2,mobilenetv4,2,1,base,a,2f3537740755,0.6153846153846154,0.6666666666666666,0.5,0.6153846153846154,0.5192307692307693,0.4444444444444444,0.6666666666666666,0.0,0.0,0.0,40,0.5,1.0,0.3333333333333333,20,1.0,1.0,1.0,44,0.6790123456790124,0.38461538461538464,0.45833333333333337,0.5840250605220888,7.084877211549938,0.7692303947408969,0.999999816601093,1.0,0.9999995231628418,0.38461520121647763,0.38461520121647763,0.38461520121647763,0.38461520121647763,30.272727272727273,99.0,0.5,6437.404671999998,6437.404672,76.77272727272727,79.0,50.483068181818176,95.211,1324.7727272727273,5000.0,4.0,2327.362706120013,29813.661799451787,0.0,0.0,0.0,473.10438399999987,473.104384,37.0,37.0,9.298500000000002,9.765,300.0,405.0,1.0,435.2223853597534,5666.0692251541495,61.51590909090908,83.8,4.3040689803636365,4.627165184,17.2,3.295650071272728,3.637436416,28.423020544,0.0,2762.5850914797666,0.7673847476332685,0.5471453250625204,713.0,777,Tesla T4,16106.12736,70.0,GPU-ebb034dc-0b3b-1c3c-d046-c48876f98f58,Tesla T4,16106.12736,70.0,GPU-a83d4ee2-e765-2411-f12f-266bb2f84198,580.159.04,0.0,40,1.0,20,1.0,3,1.0,41
a-mobilenetv4-base-f2-s1,a,mobilenetv4,base,2,1,13,689,44096,1787890910.8295422,1787890957.6939719,2026-08-28T04:21:50Z,2026-08-28T04:22:37Z,acct3,2,ecce7d,Interactive,2f3537740755,v2,1.1071963028611621e-07,1.0,3.562349796295166,0.0002846097643037037,0.0002469628082710449,0.013057093136012554,0.0,9.5967878905867e-07,0.006282348070308176,0.0,371.8235386774571,1.8903597901254733e-10,64.0,0,0,46.84274482727051,44.38301968574524,2.4583983421325684,30.49191927909851,13.357144117355347,12.117622137069702,0.3627755641937256,0.6509421980188271,0.2604122206849872,0.2594161033630371,0.26470651626586916,0.2797730922698974,76.42562457482876,8437074,8437074,643.8312447071075,38019.65499537537,60,384,64,coral,coral_bce,0.0,session_balanced,adamw,0.0003,0.05,cosine,5,60,5.0,True,full,raw,full_frame,dataset_v1_1,fp16,2,mobilenetv4,2,1,base,a,2f3537740755,0.6153846153846154,0.6666666666666666,0.5,0.6153846153846154,0.5192307692307693,0.4444444444444444,0.6666666666666666,0.0,0.0,0.0,40,0.5,1.0,0.3333333333333333,20,1.0,1.0,1.0,44,0.6790123456790124,0.38461538461538464,0.45833333333333337,0.5840250605220888,7.084877211549938,0.7692302686543069,0.9999997535577188,1.0,0.9999993592500687,0.38461513817310333,0.38461513817310333,0.38461513817310333,0.38461513817310333,32.02272727272727,99.0,0.0,6437.404671999998,6437.404672,76.86363636363636,78.0,51.52036363636364,82.182,1333.2954545454545,5000.0,4.0,2369.2089623055726,32195.63392224072,0.0,0.0,0.0,473.10438399999987,473.104384,37.0,37.0,9.298545454545456,10.158,300.0,405.0,1.0,439.1753910613088,6109.5927767350595,61.46363636363637,69.2,4.255876747636363,4.428816384,16.7,3.2548603345454548,3.302916096,28.142260224,0.0,2808.3843533668814,0.7801067648241338,0.5562161233196073,713.0,788,Tesla T4,16106.12736,70.0,GPU-ebb034dc-0b3b-1c3c-d046-c48876f98f58,Tesla T4,16106.12736,70.0,GPU-a83d4ee2-e765-2411-f12f-266bb2f84198,580.159.04,0.0,40,1.0,20,1.0,3,1.0,41
a-mobilenetv4-base-f2-s1,a,mobilenetv4,base,2,1,14,742,47488,1787890971.090245,1787891018.1413386,2026-08-28T04:22:51Z,2026-08-28T04:23:38Z,acct3,2,ecce7d,Interactive,2f3537740755,v2,2.2644380426913922e-09,1.0,3.48497618161715,0.00028061191156796656,2.266290750535003e-07,3.0253481781983282e-06,0.0,1.4425407471208011e-06,2.4881426634237835e-06,0.0,371.8118733557986,1.7104030969658408e-13,64.0,0,0,47.030919551849365,44.604904651641846,2.4247372150421143,30.54852819442749,13.532547950744629,12.229593515396118,0.35146450996398926,0.649541375876123,0.26347812166753803,0.26258158683776855,0.2683145523071289,0.286988706588745,76.04544895883204,8437074,8437074,690.8621642589569,40831.09720906257,60,384,64,coral,coral_bce,0.0,session_balanced,adamw,0.0003,0.05,cosine,5,60,5.0,True,full,raw,full_frame,dataset_v1_1,fp16,2,mobilenetv4,2,1,base,a,2f3537740755,0.6153846153846154,0.6666666666666666,0.5,0.6153846153846154,0.5192307692307693,0.4444444444444444,0.6666666666666666,0.0,0.0,0.0,40,0.5,1.0,0.3333333333333333,20,1.0,1.0,1.0,44,0.6790123456790124,0.38461538461538464,0.45833333333333337,0.5840250605220888,7.084877211549938,0.7692294639939928,0.9999993512263665,1.0,0.9999983131885528,0.3846147358417511,0.3846147358417511,0.3846147358417511,0.3846147358417511,32.25,99.0,0.0,6437.404671999998,6437.404672,78.20454545454545,82.0,50.1525,82.815,1337.0454545454545,5000.0,4.0,2371.9207104058623,35016.238631768014,0.0,0.0,0.0,473.10438399999987,473.104384,37.40909090909091,38.0,9.298386363636364,9.761,300.0,405.0,1.0,439.5215032813385,6675.895623045897,61.27727272727273,71.7,4.356078312727273,4.619358208,17.2,3.254131898181818,3.280408576,28.142260224,0.0,2811.442213687201,0.7809561704686669,0.5568217495441595,713.0,790,Tesla T4,16106.12736,70.0,GPU-ebb034dc-0b3b-1c3c-d046-c48876f98f58,Tesla T4,16106.12736,70.0,GPU-a83d4ee2-e765-2411-f12f-266bb2f84198,580.159.04,0.0,40,1.0,20,1.0,3,1.0,41
a-mobilenetv4-base-f2-s1,a,mobilenetv4,base,2,1,15,795,50880,1787891018.40046,1787891065.3034167,2026-08-28T04:23:38Z,2026-08-28T04:24:25Z,acct3,2,ecce7d,Interactive,2f3537740755,v2,1.8984939920308073e-09,1.0,3.8816108336815467,0.0002761880299246772,5.904262529956865e-07,1.4997124708315823e-05,0.0,2.2444631667894956e-06,1.1656667265924604e-05,0.0,371.8001830815364,4.3859220907087735e-13,64.0,0,0,46.88161492347717,44.39829230308533,2.4820563793182373,30.589476585388184,13.26071834564209,11.940104246139526,0.36908960342407227,0.6524834230927851,0.25880142427840325,0.2572643756866455,0.2615986347198486,0.28664248466491693,76.39933484027905,8437074,8437074,737.7437791824341,43619.29814689017,60,384,64,coral,coral_bce,0.0,session_balanced,adamw,0.0003,0.05,cosine,5,60,5.0,True,full,raw,full_frame,dataset_v1_1,fp16,2,mobilenetv4,2,1,base,a,2f3537740755,0.6153846153846154,0.6666666666666666,0.5,0.6153846153846154,0.5192307692307693,0.4444444444444444,0.6666666666666666,0.0,0.0,0.0,40,0.5,1.0,0.3333333333333333,20,1.0,1.0,1.0,44,0.6790123456790124,0.38461538461538464,0.45833333333333337,0.5840250605220888,7.084877211549938,0.769230038259976,0.9999996383602803,1.0,0.9999990597367286,0.38461502297566486,0.38461502297566486,0.38461502297566486,0.38461502297566486,26.204545454545453,98.0,1.0,6437.404671999998,6437.404672,75.79545454545455,78.0,50.74850000000001,87.284,1337.0454545454545,5000.0,4.0,2352.0989335668273,37381.32056174497,0.0,0.0,0.0,473.10438399999987,473.104384,37.0,37.0,9.273750000000001,9.864,300.0,405.0,1.0,436.10200426077336,7115.443017356367,61.01818181818182,69.6,4.433682711272727,4.59145216,17.1,3.253609937454544,3.253620736,28.029005824,0.0,2788.2009378276007,0.7745002605076668,0.5522186857419665,713.0,788,Tesla T4,16106.12736,70.0,GPU-ebb034dc-0b3b-1c3c-d046-c48876f98f58,Tesla T4,16106.12736,70.0,GPU-a83d4ee2-e765-2411-f12f-266bb2f84198,580.159.04,0.0,40,1.0,20,1.0,3,1.0,41
a-mobilenetv4-base-f2-s1,a,mobilenetv4,base,2,1,16,848,54272,1787891065.5843236,1787891112.2134662,2026-08-28T04:24:25Z,2026-08-28T04:25:12Z,acct3,2,ecce7d,Interactive,2f3537740755,v2,1.4360216420877735e-10,1.0,4.334435059474065,0.0002713525491562421,4.0822701864598e-08,7.246089239743014e-07,0.0,2.8312634867688754e-07,6.9679255830124e-07,0.0,371.78870256265384,2.97947305500419e-14,64.0,0,0,46.6068115234375,44.212515354156494,2.3932442665100098,30.28786015510559,13.413508653640747,12.185450077056885,0.34200072288513184,0.6498590906583369,0.26109800248775844,0.2608625888824463,0.26426143646240235,0.28363834381103503,76.72035786312964,8437074,8437074,784.3505907058716,46381.26929978141,60,384,64,coral,coral_bce,0.0,session_balanced,adamw,0.0003,0.05,cosine,5,60,5.0,True,full,raw,full_frame,dataset_v1_1,fp16,2,mobilenetv4,2,1,base,a,2f3537740755,0.6153846153846154,0.6666666666666666,0.5,0.6153846153846154,0.5192307692307693,0.4444444444444444,0.6666666666666666,0.0,0.0,0.0,40,0.5,1.0,0.3333333333333333,20,1.0,1.0,1.0,44,0.6790123456790124,0.38461538461538464,0.45833333333333337,0.5840250605220888,7.084877211549938,0.7692306297205301,0.9999999340910178,1.0,0.9999998286366463,0.3846153187064024,0.3846153187064024,0.3846153187064024,0.3846153187064024,23.227272727272727,99.0,0.0,6437.404671999998,6437.404672,77.47727272727273,80.0,50.83584090909091,99.758,1343.1818181818182,5000.0,4.0,2327.5058262508755,39728.62283550085,0.0,0.0,0.0,473.10438399999987,473.104384,37.0,37.0,9.273568181818183,9.761,300.0,405.0,1.0,434.46532664036295,7554.181552342143,61.104545454545466,70.8,4.221865332363637,4.536598528,16.9,3.2536218530909107,3.253628928,28.029005824,0.0,2761.9711528912385,0.7672142091364551,0.5470237311142925,713.0,780,Tesla T4,16106.12736,70.0,GPU-ebb034dc-0b3b-1c3c-d046-c48876f98f58,Tesla T4,16106.12736,70.0,GPU-a83d4ee2-e765-2411-f12f-266bb2f84198,580.159.04,0.0,40,1.0,20,1.0,3,1.0,41
a-mobilenetv4-base-f2-s1,a,mobilenetv4,base,2,1,17,901,57664,1787891112.468357,1787891159.7140636,2026-08-28T04:25:12Z,2026-08-28T04:25:59Z,acct3,2,ecce7d,Interactive,2f3537740755,v2,6.821941305660013e-13,1.0,4.007587322821984,0.00026612124159586237,9.851581990434805e-09,3.3528920084791025e-07,0.0,3.718353127624128e-08,2.0975944096335222e-07,0.0,371.77744910659703,7.0518403880549575e-15,64.0,0,0,47.22195100784302,44.76032328605652,2.460736036300659,30.805984497070312,13.405349969863892,12.157773733139038,0.36703062057495117,0.6523657714174875,0.2616005393694032,0.261185884475708,0.2652920722961426,0.27983063697814936,75.78140082506188,8437074,8437074,831.5725417137146,49167.15530789361,60,384,64,coral,coral_bce,0.0,session_balanced,adamw,0.0003,0.05,cosine,5,60,5.0,True,full,raw,full_frame,dataset_v1_1,fp16,2,mobilenetv4,2,1,base,a,2f3537740755,0.6153846153846154,0.6666666666666666,0.5,0.6153846153846154,0.5192307692307693,0.4444444444444444,0.6666666666666666,0.0,0.0,0.0,40,0.5,1.0,0.3333333333333333,20,1.0,1.0,1.0,44,0.6790123456790124,0.38461538461538464,0.45833333333333337,0.5840250605220888,7.084877211549938,0.7692302090498537,0.9999997237553964,1.0,0.9999992817640304,0.38461510837078094,0.38461510837078094,0.38461510837078094,0.38461510837078094,29.477272727272727,99.0,0.0,6437.404671999998,6437.404672,77.20454545454545,80.0,48.319250000000004,69.9,1313.8636363636363,5000.0,4.0,2345.672476511965,42098.08928694453,0.0,0.0,0.0,473.10438399999987,473.104384,37.0,37.0,9.269204545454546,9.761,300.0,405.0,1.0,440.2135316002423,7999.180800557107,61.28181818181816,71.3,4.335110702545454,4.509032448,17.1,3.257620759272727,3.366821888,28.142260224,0.0,2785.8860081122075,0.7738572244756132,0.5517602010511122,713.0,791,Tesla T4,16106.12736,70.0,GPU-ebb034dc-0b3b-1c3c-d046-c48876f98f58,Tesla T4,16106.12736,70.0,GPU-a83d4ee2-e765-2411-f12f-266bb2f84198,580.159.04,0.0,40,1.0,20,1.0,3,1.0,41
a-mobilenetv4-base-f2-s1,a,mobilenetv4,base,2,1,18,954,61056,1787891159.982892,1787891207.0022688,2026-08-28T04:25:59Z,2026-08-28T04:26:47Z,acct3,2,ecce7d,Interactive,2f3537740755,v2,1.6408694609819372e-09,1.0,3.831280158116267,0.0002605111706814607,9.458714264662016e-07,4.7026223910506815e-05,0.0,4.048945925205767e-07,2.3219355762193884e-05,0.0,371.7664371662002,6.628088175498597e-13,64.0,0,0,46.9981689453125,44.52891826629639,2.4684348106384277,30.711545705795288,13.280812740325928,11.977484941482544,0.35463547706604004,0.653462600671348,0.2590448001645646,0.2588329315185547,0.26105804443359376,0.278328628540039,76.17521673701604,8437074,8437074,878.5707106590271,51936.23258140832,60,384,64,coral,coral_bce,0.0,session_balanced,adamw,0.0003,0.05,cosine,5,60,5.0,True,full,raw,full_frame,dataset_v1_1,fp16,2,mobilenetv4,2,1,base,a,2f3537740755,0.6153846153846154,0.6666666666666666,0.5,0.6153846153846154,0.5192307692307693,0.4444444444444444,0.6666666666666666,0.0,0.0,0.0,40,0.5,1.0,0.3333333333333333,20,1.0,1.0,1.0,44,0.6790123456790124,0.38461538461538464,0.45833333333333337,0.5840250605220888,7.084877211549938,0.7692300703546828,0.9999996544076846,1.0,0.99999910145998,0.38461503902306915,0.38461503902306915,0.38461503902306915,0.38461503902306915,24.75,99.0,0.0,6437.404671999998,6437.404672,76.61363636363636,78.0,49.768999999999984,94.492,1352.7272727272727,5000.0,4.0,2330.2248695485177,44440.239529396866,0.0,0.0,0.0,473.10438399999987,473.104384,37.0,37.0,9.27568181818182,9.765,300.0,405.0,1.0,438.85240396619065,8442.347241128895,61.3681818181818,71.9,4.232466990545455,4.443713536,16.9,3.256187345454545,3.315503104,28.142260224,0.0,2769.0772735147084,0.7691881315318635,0.5484311377822186,713.0,790,Tesla T4,16106.12736,70.0,GPU-ebb034dc-0b3b-1c3c-d046-c48876f98f58,Tesla T4,16106.12736,70.0,GPU-a83d4ee2-e765-2411-f12f-266bb2f84198,580.159.04,0.0,40,1.0,20,1.0,3,1.0,41
a-mobilenetv4-base-f2-s1,a,mobilenetv4,base,2,1,19,1007,64448,1787891207.2539847,1787891254.2954617,2026-08-28T04:26:47Z,2026-08-28T04:27:34Z,acct3,2,ecce7d,Interactive,2f3537740755,v2,2.671051027240143e-08,1.0,3.821664883540227,0.00025454063529829405,9.795624723860976e-05,0.005186605267226696,0.0,7.859791367081921e-07,0.0024906312427992656,0.0,371.7556814695509,6.70705160577209e-11,64.0,0,0,47.02017140388489,44.56165313720703,2.457582473754883,30.614612102508545,13.37399697303772,12.034003734588623,0.39643096923828125,0.6510952892864,0.2614319144554858,0.25984930992126465,0.26410531997680664,0.2872700595855712,76.11925862705098,8437074,8437074,925.590882062912,54737.560997704946,60,384,64,coral,coral_bce,0.0,session_balanced,adamw,0.0003,0.05,cosine,5,60,5.0,True,full,raw,full_frame,dataset_v1_1,fp16,2,mobilenetv4,2,1,base,a,2f3537740755,0.6153846153846154,0.6666666666666666,0.5,0.6153846153846154,0.5192307692307693,0.4444444444444444,0.6666666666666666,0.0,0.0,0.0,40,0.5,1.0,0.3333333333333333,20,1.0,1.0,1.0,44,0.6790123456790124,0.38461538461538464,0.45833333333333337,0.5840250605220888,7.084877211549938,0.7692298365217186,0.9999995374908814,1.0,0.9999987974762916,0.384614922106266,0.384614922106266,0.384614922106266,0.384614922106266,26.133333333333333,99.0,0.0,6437.404671999997,6437.404672,77.15555555555555,78.0,51.16226666666669,93.187,1305.6666666666667,5000.0,4.0,2361.407783352988,46817.309274421445,0.0,0.0,0.0,473.10438399999987,473.104384,37.0,37.0,9.262466666666667,9.765,300.0,405.0,1.0,439.92063294363106,8885.554093864655,60.00666666666667,70.8,4.356889713777778,4.576346112,17.2,3.2553941219555567,3.32220416,28.099792896,0.0,2801.3284162966193,0.7781467823046164,0.5548186557831916,713.0,790,Tesla T4,16106.12736,70.0,GPU-ebb034dc-0b3b-1c3c-d046-c48876f98f58,Tesla T4,16106.12736,70.0,GPU-a83d4ee2-e765-2411-f12f-266bb2f84198,580.159.04,0.0,40,1.0,20,1.0,3,1.0,41
a-mobilenetv4-base-f2-s1,a,mobilenetv4,base,2,1,20,1060,67840,1787891254.5620053,1787891301.2333627,2026-08-28T04:27:34Z,2026-08-28T04:28:21Z,acct3,2,ecce7d,Interactive,2f3537740755,v2,7.058394543917563e-10,1.0,4.090369628025935,0.00024822911009179276,1.0780123661660119e-07,2.4138239496096503e-06,0.0,4.6373287432288613e-07,1.5040944867905581e-06,0.0,371.7451961670815,7.198318985164946e-14,64.0,0,0,46.64382815361023,44.165353298187256,2.4777231216430664,30.226420640945435,13.394588232040405,12.105061769485474,0.37259411811828613,0.6480261556020228,0.2613049183251723,0.260333776473999,0.26380186080932616,0.28418835639953605,76.80228384223574,8437074,8437074,972.2347102165222,57509.92873946493,60,384,64,coral,coral_bce,0.0,session_balanced,adamw,0.0003,0.05,cosine,5,60,5.0,True,full,raw,full_frame,dataset_v1_1,fp16,2,mobilenetv4,2,1,base,a,2f3537740755,0.6153846153846154,0.6666666666666666,0.5,0.6153846153846154,0.5192307692307693,0.4444444444444444,0.6666666666666666,0.0,0.0,0.0,40,0.5,1.0,0.3333333333333333,20,1.0,1.0,1.0,44,0.6790123456790124,0.38461538461538464,0.45833333333333337,0.5840250605220888,7.084877211549938,0.7692305804321056,0.9999999094467896,1.0,0.9999997645616532,0.3846152940621742,0.3846152940621742,0.3846152940621742,0.3846152940621742,29.558139534883722,97.0,0.0,6437.404671999998,6437.404672,76.93023255813954,79.0,47.57155813953488,91.902,1394.6511627906978,5000.0,4.0,2335.190339008557,49166.717445408794,0.0,0.0,0.0,473.1043839999999,473.104384,37.0,37.0,9.24425581395349,10.059,300.0,405.0,1.0,437.1774027514257,9326.530791562753,62.3232558139535,69.2,4.283986110511627,4.46349312,16.7,3.253968610232558,3.253972992,28.029005824,0.0,2772.367741759983,0.7701021504888841,0.5490828332985743,713.0,782,Tesla T4,16106.12736,70.0,GPU-ebb034dc-0b3b-1c3c-d046-c48876f98f58,Tesla T4,16106.12736,70.0,GPU-a83d4ee2-e765-2411-f12f-266bb2f84198,580.159.04,0.0,40,1.0,20,1.0,3,1.0,41
a-mobilenetv4-base-f2-s1,a,mobilenetv4,base,2,1,21,1113,71232,1787891301.739603,1787891348.8694925,2026-08-28T04:28:21Z,2026-08-28T04:29:08Z,acct3,2,ecce7d,Interactive,2f3537740755,v2,0.0237328388439736,0.9985259433962265,2.576961498994094,0.00024159718194531572,1.212936196919252,49.07072067260742,0.0,2.535877090692512,28.187672500610226,0.05660377358490566,371.73753513750233,7.883034112946552e-07,64.0,0,0,47.10909819602966,44.69238328933716,2.4159018993377686,30.75307273864746,13.395717859268188,12.098029851913452,0.36752963066101074,0.6528053797735257,0.26129511617264656,0.2597513198852539,0.2651036262512207,0.28345629692077634,75.89660139716186,8437074,8437074,1019.3438084125519,60335.888616095945,60,384,64,coral,coral_bce,0.0,session_balanced,adamw,0.0003,0.05,cosine,5,60,5.0,True,full,raw,full_frame,dataset_v1_1,fp16,2,mobilenetv4,2,1,base,a,2f3537740755,0.6153846153846154,0.6666666666666666,0.5,0.6153846153846154,0.5192307692307693,0.4444444444444444,0.6666666666666666,0.0,0.0,0.0,40,0.5,1.0,0.3333333333333333,20,1.0,1.0,1.0,44,0.6790123456790124,0.38461538461538464,0.45833333333333337,0.5840250605220888,5.157258848165876,0.7692224980079525,0.9999979321773236,1.0,0.9999946236610413,0.38461331679270816,0.38461331679270816,0.38461331679270816,0.38461331679270816,32.36363636363637,99.0,0.0,6437.404671999998,6437.404672,76.86363636363636,79.0,50.33779545454547,91.765,1340.4545454545455,5000.0,4.0,2383.197703444959,51577.229385155886,0.0,0.0,0.0,473.10438399999987,473.104384,37.0,37.0,9.273727272727275,9.86,300.0,405.0,1.0,442.7621731860563,9775.260757196376,61.25909090909091,72.0,4.282707502545455,4.529467392,16.9,3.255590446545454,3.2556032,28.031102976,0.0,2825.9598766310155,0.7849888546197266,0.5596970533438651,713.0,792,Tesla T4,16106.12736,70.0,GPU-ebb034dc-0b3b-1c3c-d046-c48876f98f58,Tesla T4,16106.12736,70.0,GPU-a83d4ee2-e765-2411-f12f-266bb2f84198,580.159.04,0.0,40,1.0,20,1.0,3,1.0,41
a-mobilenetv4-base-f2-s1,a,mobilenetv4,base,2,1,22,1166,74624,1787891349.1307855,1787891396.984303,2026-08-28T04:29:09Z,2026-08-28T04:29:56Z,acct3,2,ecce7d,Interactive,2f3537740755,v2,0.0016636515123715793,0.9988207547169812,1.297151648081266,0.00023466648283001538,0.8162292310831697,12.473642349243164,3.768472379306331e-05,8.532670783996577,11.47414833068847,0.07547169811320754,371.7456010446364,5.152492519160608e-07,64.0,0,0,47.83297395706177,45.42085790634155,2.410733222961426,31.38212776184082,13.520297527313232,12.232127666473389,0.3427731990814209,0.6560772865599287,0.263263963303476,0.26186275482177734,0.2717636585235596,0.2800068950653076,74.67934681010102,8437074,8437074,1067.1767823696136,63162.92683753815,60,384,64,coral,coral_bce,0.0,session_balanced,adamw,0.0003,0.05,cosine,5,60,5.0,True,full,raw,full_frame,dataset_v1_1,fp16,2,mobilenetv4,2,1,base,a,2f3537740755,0.6153846153846154,0.6666666666666666,0.5,0.6153846153846154,0.5192307692307693,0.4444444444444444,0.6666666666666666,0.0,0.0,0.0,40,0.5,1.0,0.3333333333333333,20,1.0,1.0,1.0,44,0.6790123456790124,0.38461538461538464,0.45833333333333337,0.5840250605220888,2.5943015519935213,0.7671791417986243,0.9994847281621053,0.9999968884512782,0.9986652716994285,0.3841001127774899,0.3841001127774899,0.3841001127774899,0.3841001127774899,23.68888888888889,99.0,0.0,6437.404671999997,6437.404672,77.02222222222223,79.0,49.98726666666667,92.446,1315.6666666666667,5000.0,4.0,2374.3735341396314,53967.08914575907,0.0,0.0,0.0,473.10438399999987,473.104384,37.0,37.0,9.350844444444446,9.765,300.0,405.0,1.0,452.66468730257475,10231.286833231146,60.373333333333335,68.8,4.372368952888889,4.715020288,17.5,3.256834366577778,3.310456832,28.144357376,0.0,2827.038221442206,0.7852883948450573,0.5599106255245259,713.0,802,Tesla T4,16106.12736,70.0,GPU-ebb034dc-0b3b-1c3c-d046-c48876f98f58,Tesla T4,16106.12736,70.0,GPU-a83d4ee2-e765-2411-f12f-266bb2f84198,580.159.04,0.0,40,1.0,20,1.0,3,1.0,41
a-mobilenetv4-base-f2-s1,a,mobilenetv4,base,2,1,23,1219,78016,1787891397.2421157,1787891444.6100051,2026-08-28T04:29:57Z,2026-08-28T04:30:44Z,acct3,2,ecce7d,Interactive,2f3537740755,v2,0.005122147391246843,0.9976415094339622,1.8045815504514253,0.00022745961924584428,1.2629951127270211,26.496652603149414,0.000712301698513329,6.702355575561523,17.50956203460688,0.11320754716981132,371.7631379246258,7.727511367963971e-07,64.0,0,0,47.34735345840454,44.97121548652649,2.375352621078491,30.836554050445557,13.607163190841675,12.344326972961426,0.35196399688720703,0.6512835839396176,0.2649241708359628,0.2631404399871826,0.27637753486633304,0.28151296615600585,75.4260244759507,8437074,8437074,1114.5241358280182,65974.81920174757,60,384,64,coral,coral_bce,0.0,session_balanced,adamw,0.0003,0.05,cosine,5,60,5.0,True,full,raw,full_frame,dataset_v1_1,fp16,2,mobilenetv4,2,1,base,a,2f3537740755,0.6153846153846154,0.6666666666666666,0.5,0.6153846153846154,0.5192307692307693,0.4444444444444444,0.6666666666666666,0.0,0.0,0.0,40,0.5,1.0,0.3333333333333333,20,1.0,1.0,1.0,44,0.6790123456790124,0.38461538461538464,0.45833333333333337,0.5840250605220888,3.6092608192666757,0.769026824761756,0.9999490070801514,1.0,0.9998674184083939,0.384564391695536,0.384564391695536,0.384564391695536,0.384564391695536,27.15909090909091,99.0,0.0,6437.404671999998,6437.404672,77.1590909090909,80.0,51.54054545454546,100.404,1335.0,5000.0,4.0,2360.994513628706,56342.541311250636,0.0,0.0,0.0,473.10438399999987,473.104384,36.97727272727273,37.0,9.462954545454545,10.063,300.0,405.0,1.0,450.8978505807099,10686.139164268687,61.10227272727273,69.7,4.484015104,4.721893376,17.5,3.2573090909090907,3.321696256,28.144357376,0.0,2811.892364209416,0.7810812122803933,0.5569109043559205,713.0,796,Tesla T4,16106.12736,70.0,GPU-ebb034dc-0b3b-1c3c-d046-c48876f98f58,Tesla T4,16106.12736,70.0,GPU-a83d4ee2-e765-2411-f12f-266bb2f84198,580.159.04,0.0,40,1.0,20,1.0,3,1.0,41
a-mobilenetv4-base-f2-s1,a,mobilenetv4,base,2,1,24,1272,81408,1787891444.8551197,1787891492.8477263,2026-08-28T04:30:44Z,2026-08-28T04:31:32Z,acct3,2,ecce7d,Interactive,2f3537740755,v2,0.0009388505174374672,0.9991155660377359,1.1250580736870342e-15,0.00022000009848385105,0.16499900646898932,4.633581161499023,9.108504173127585e-07,0.009908009506762015,4.345578327178953,0.0,371.7660769821754,9.764150071889332e-08,64.0,0,0,47.968945026397705,45.55759119987488,2.4101674556732178,31.626705646514893,13.370835781097412,12.069459915161133,0.3564002513885498,0.6593162644938398,0.2610304580544526,0.2596559524536133,0.2646636962890625,0.29269128799438465,74.45520956361091,8437074,8437074,1162.493080854416,68830.25593931339,60,384,64,coral,coral_bce,0.0,session_balanced,adamw,0.0003,0.05,cosine,5,60,5.0,True,full,raw,full_frame,dataset_v1_1,fp16,2,mobilenetv4,2,1,base,a,2f3537740755,1.0,1.0,1.0,1.0,1.0,1.0,1.0,1.0,1.0,1.0,40,1.0,1.0,1.0,20,1.0,1.0,1.0,44,1.0,0.0,1.0,1.0,-0.0,1.9999999756901162e-16,1.0,1.0,NA,0.0,0.0,0.0,0.0,26.4,99.0,0.0,6437.404671999997,6437.404672,76.91111111111111,79.0,49.60728888888889,94.882,1388.6666666666667,5000.0,4.0,2404.248927255925,58759.18451468421,0.0,0.0,0.0,473.10438399999987,473.104384,37.0,37.0,9.29411111111111,9.765,300.0,405.0,1.0,451.1878103098952,11140.748914967262,60.63777777777779,71.7,4.497827794488889,4.824236032,17.8,3.2562424490666686,3.256270848,28.031102976,0.0,2855.4367375658203,0.7931768715460612,0.5655351094123416,713.0,806,Tesla T4,16106.12736,70.0,GPU-ebb034dc-0b3b-1c3c-d046-c48876f98f58,Tesla T4,16106.12736,70.0,GPU-a83d4ee2-e765-2411-f12f-266bb2f84198,580.159.04,1.0,40,1.0,20,1.0,3,1.0,41
a-mobilenetv4-base-f2-s1,a,mobilenetv4,base,2,1,25,1325,84800,1787891493.106472,1787891541.4071171,2026-08-28T04:31:33Z,2026-08-28T04:32:21Z,acct3,2,ecce7d,Interactive,2f3537740755,v2,0.0026161929492075006,0.9985259433962265,0.8149421352606553,0.00021231225195028297,0.5335786194265902,9.765227317810059,2.469864284648793e-06,3.5977975845336885,7.4532204818725445,0.03773584905660377,371.7654968644343,3.047224103324798e-07,64.0,0,0,48.2781298160553,45.792115211486816,2.484886407852173,31.78441572189331,13.460636377334595,12.093739748001099,0.3573789596557617,0.6583605421957156,0.26247115854947073,0.26030588150024414,0.2723960876464844,0.28139574050903315,74.07388770608978,8437074,8437074,1210.7712106704712,71698.80844843412,60,384,64,coral,coral_bce,0.0,session_balanced,adamw,0.0003,0.05,cosine,5,60,5.0,True,full,raw,full_frame,dataset_v1_1,fp16,2,mobilenetv4,2,1,base,a,2f3537740755,0.6153846153846154,0.6666666666666666,0.5,0.6153846153846154,0.5192307692307693,0.4444444444444444,0.6666666666666666,0.0,0.0,0.0,40,0.5,1.0,0.3333333333333333,20,1.0,1.0,1.0,44,0.6790123456790124,0.38461538461538464,0.45833333333333337,0.5840250605220888,1.6298815938310918,0.6512000231376281,0.9659874422045854,1.0,0.9115673497319221,0.35060282681997,0.35060282681997,0.9068881670633951,0.35060282681997,22.181818181818183,99.0,0.0,6437.404671999998,6437.404672,76.88636363636364,78.0,49.351,95.383,1399.7727272727273,5000.0,4.0,2418.106107467429,61198.47024020913,0.0,0.0,0.0,473.10438399999987,473.104384,37.0,37.0,9.286863636363636,9.662,300.0,405.0,1.0,450.4464016533075,11595.960590625982,62.14772727272727,71.0,4.4127763549090915,4.525150208,17.0,3.256281088000001,3.256283136,28.144349184,0.0,2868.5525091207364,0.7968201414224267,0.5681327608341903,713.0,808,Tesla T4,16106.12736,70.0,GPU-ebb034dc-0b3b-1c3c-d046-c48876f98f58,Tesla T4,16106.12736,70.0,GPU-a83d4ee2-e765-2411-f12f-266bb2f84198,580.159.04,0.0,40,1.0,20,1.0,3,1.0,41
a-mobilenetv4-base-f2-s1,a,mobilenetv4,base,2,1,26,1378,88192,1787891541.663352,1787891590.7090874,2026-08-28T04:32:21Z,2026-08-28T04:33:10Z,acct3,2,ecce7d,Interactive,2f3537740755,v2,0.000992314507104226,0.9991155660377359,0.003938144207215653,0.00020442115580259613,0.5541630294910271,14.158937454223633,0.0,1.6879876907914817,12.514786376953115,0.03773584905660377,371.76023283273804,3.047196471995754e-07,64.0,0,0,49.02450966835022,46.57601523399353,2.447723388671875,32.609161376953125,13.429706335067749,12.135906457901001,0.35372018814086914,0.665160377891659,0.2618084583642348,0.26048994064331055,0.2651504993438721,0.2840491580963135,72.82718332512798,8437074,8437074,1259.7957203388214,74590.51144039063,60,384,64,coral,coral_bce,0.0,session_balanced,adamw,0.0003,0.05,cosine,5,60,5.0,True,full,raw,full_frame,dataset_v1_1,fp16,2,mobilenetv4,2,1,base,a,2f3537740755,1.0,1.0,1.0,1.0,1.0,1.0,1.0,1.0,1.0,1.0,40,1.0,1.0,1.0,20,1.0,1.0,1.0,44,1.0,0.0,1.0,1.0,0.007876288001697252,0.0006070179047733076,0.9922806735222156,0.9922806735222156,NA,-0.007719326477784394,0.00771932647778442,0.07436567544937134,0.00771932647778442,26.065217391304348,99.0,0.0,6437.404671999997,6437.404672,77.17391304347827,79.0,49.79717391304348,92.525,1338.9130434782608,5000.0,4.0,2432.511244674475,63644.49275125318,0.0,0.0,0.0,473.1043839999998,473.104384,37.0,37.0,9.309434782608696,9.96,300.0,405.0,1.0,459.1917472820387,12058.929209449043,61.119565217391305,74.8,4.525775738434783,4.790951936,17.7,3.262628641391305,3.369545728,28.145405952,0.0,2891.702991956514,0.8032508310990316,0.5727178425736096,713.0,818,Tesla T4,16106.12736,70.0,GPU-ebb034dc-0b3b-1c3c-d046-c48876f98f58,Tesla T4,16106.12736,70.0,GPU-a83d4ee2-e765-2411-f12f-266bb2f84198,580.159.04,1.0,40,1.0,20,1.0,3,1.0,41
a-mobilenetv4-base-f2-s1,a,mobilenetv4,base,2,1,27,1431,91584,1787891590.9754064,1787891638.026165,2026-08-28T04:33:10Z,2026-08-28T04:33:58Z,acct3,2,ecce7d,Interactive,2f3537740755,v2,3.780512770996302e-10,1.0,0.0028359683929011226,0.0001963525491562421,4.2241858413687606e-08,8.414997978434258e-07,0.0,2.2074791843351668e-07,8.356665011888253e-07,0.0,371.75195603891916,2.2311373069833354e-14,64.0,0,0,47.027687311172485,44.56994009017944,2.4569129943847656,30.690239667892456,13.332785844802856,11.869033575057983,0.3717944622039795,0.6525993818241898,0.26017638872254567,0.2594289779663086,0.26261296272277834,0.27652290344238273,76.10510566397181,8437074,8437074,1306.823407649994,77378.26197104606,60,384,64,coral,coral_bce,0.0,session_balanced,adamw,0.0003,0.05,cosine,5,60,5.0,True,full,raw,full_frame,dataset_v1_1,fp16,2,mobilenetv4,2,1,base,a,2f3537740755,1.0,1.0,1.0,1.0,1.0,1.0,1.0,1.0,1.0,1.0,40,1.0,1.0,1.0,20,1.0,1.0,1.0,44,1.0,0.0,1.0,1.0,0.005671923253847364,0.00036349646426734206,0.9944216603269944,0.9944216603269944,NA,-0.005578339673005583,0.005578339673005583,0.005578339673005583,0.005578339673005583,32.65909090909091,99.0,0.0,6437.404671999998,6437.404672,76.77272727272727,78.0,51.108454545454556,85.789,1346.590909090909,5000.0,4.0,2346.7049063508894,66012.64573610672,0.0,0.0,0.0,473.10438399999987,473.104384,37.0,37.0,9.342522727272728,10.158,300.0,405.0,1.0,441.04562430453916,12505.19291137838,61.54772727272728,72.7,4.4997619898181815,4.736446464,17.5,3.2576749381818177,3.298123776,28.145405952,0.0,2787.7505306554285,0.7743751474042857,0.5521294800992557,713.0,790,Tesla T4,16106.12736,70.0,GPU-ebb034dc-0b3b-1c3c-d046-c48876f98f58,Tesla T4,16106.12736,70.0,GPU-a83d4ee2-e765-2411-f12f-266bb2f84198,580.159.04,1.0,40,1.0,20,1.0,3,1.0,41
a-mobilenetv4-base-f2-s1,a,mobilenetv4,base,2,1,28,1484,94976,1787891638.2924557,1787891685.7425225,2026-08-28T04:33:58Z,2026-08-28T04:34:45Z,acct3,2,ecce7d,Interactive,2f3537740755,v2,2.4544682698992893e-06,1.0,0.0004036587051814422,0.00018813275012902306,0.00409939688331676,0.19390977919101715,0.0,0.0,0.10522298693656867,0.0,371.7441827355363,2.0746277826152067e-09,64.0,0,0,47.42836594581604,44.99224281311035,2.4348254203796387,31.01689124107361,13.43208384513855,12.203671932220459,0.3670022487640381,0.6539734317751634,0.2619517704225936,0.2602114677429199,0.2669264316558838,0.2932925701141357,75.39077378493344,8437074,8437074,1354.25177359581,80168.29456929209,60,384,64,coral,coral_bce,0.0,session_balanced,adamw,0.0003,0.05,cosine,5,60,5.0,True,full,raw,full_frame,dataset_v1_1,fp16,2,mobilenetv4,2,1,base,a,2f3537740755,1.0,1.0,1.0,1.0,1.0,1.0,1.0,1.0,1.0,1.0,40,1.0,1.0,1.0,20,1.0,1.0,1.0,44,1.0,0.0,1.0,1.0,0.0008073085640191886,8.441350074337272e-06,0.9991948117430394,0.9991948117430394,NA,-0.0008051882569606317,0.0008051882569606317,0.0008051882569606317,0.0008051882569606317,32.44444444444444,99.0,0.0,6437.404671999997,6437.404672,77.11111111111111,78.0,50.33828888888889,86.515,1346.3333333333333,5000.0,4.0,2346.3359982063266,68371.90240911319,0.0,0.0,0.0,473.10438399999987,473.104384,37.0,37.0,9.276044444444445,9.765,300.0,405.0,1.0,443.6966000397042,12952.20043464587,61.13555555555556,72.6,4.503657312711112,4.728700928,17.5,3.2607426787555545,3.347759104,28.145405952,0.0,2790.032598246031,0.775009055068342,0.5525814562637278,713.0,800,Tesla T4,16106.12736,70.0,GPU-ebb034dc-0b3b-1c3c-d046-c48876f98f58,Tesla T4,16106.12736,70.0,GPU-a83d4ee2-e765-2411-f12f-266bb2f84198,580.159.04,1.0,40,1.0,20,1.0,3,1.0,41
a-mobilenetv4-base-f2-s1,a,mobilenetv4,base,2,1,29,1537,98368,1787891686.0199387,1787891732.8788707,2026-08-28T04:34:46Z,2026-08-28T04:35:32Z,acct3,2,ecce7d,Interactive,2f3537740755,v2,9.440913235072066e-08,1.0,6.0429939856896035e-06,0.0001797885699968618,0.00013643359390949576,0.007229928392916918,0.0,1.1227275962255578e-07,0.0034707465626138173,0.0,371.7367101393971,6.598541408332425e-11,64.0,0,0,46.83642220497131,44.461151361465454,2.374502420425415,30.532880544662476,13.379044532775879,12.05848503112793,0.36808252334594727,0.6519046312086079,0.26104741276435134,0.2601923942565918,0.26349964141845705,0.28654717445373523,76.29132166244015,8437074,8437074,1401.0881958007812,82916.72252046011,60,384,64,coral,coral_bce,0.0,session_balanced,adamw,0.0003,0.05,cosine,5,60,5.0,True,full,raw,full_frame,dataset_v1_1,fp16,2,mobilenetv4,2,1,base,a,2f3537740755,1.0,1.0,1.0,1.0,1.0,1.0,1.0,1.0,1.0,1.0,40,1.0,1.0,1.0,20,1.0,1.0,1.0,44,1.0,0.0,1.0,1.0,1.2120300502790455e-05,1.9934227211260873e-09,0.9999878801978551,0.9999878801978551,NA,-1.2119802144883174e-05,1.2119802144883174e-05,1.2119802144883174e-05,1.2119802144883174e-05,26.613636363636363,97.0,0.0,6437.404671999998,6437.404672,77.0909090909091,78.0,50.87911363636363,84.528,1331.590909090909,5000.0,4.0,2313.282743105854,70703.03449424956,0.0,0.0,0.0,473.10438399999987,473.104384,37.0,37.0,9.216977272727274,10.059,300.0,405.0,1.0,435.14520806217115,13391.700507814146,61.36136363636365,70.6,4.474118516363636,4.712452096,17.5,3.2622602239999994,3.351728128,28.146454528,0.0,2748.427951168025,0.7634522086577847,0.5443414247730005,713.0,787,Tesla T4,16106.12736,70.0,GPU-ebb034dc-0b3b-1c3c-d046-c48876f98f58,Tesla T4,16106.12736,70.0,GPU-a83d4ee2-e765-2411-f12f-266bb2f84198,580.159.04,1.0,40,1.0,20,1.0,3,1.0,41
a-mobilenetv4-base-f2-s1,a,mobilenetv4,base,2,1,30,1590,101760,1787891733.1328237,1787891780.524303,2026-08-28T04:35:33Z,2026-08-28T04:36:20Z,acct3,2,ecce7d,Interactive,2f3537740755,v2,1.4198147868144129e-10,1.0,5.7071447372436523e-05,0.00017134722574099276,2.0360186492737583e-09,1.079089884115092e-07,0.0,0.0,5.179631443752408e-08,0.0,371.7294121433689,9.38494872112597e-16,64.0,0,0,47.3695330619812,44.85959792137146,2.509071111679077,30.949703693389893,13.389228343963623,12.02721881866455,0.34456801414489746,0.6533672952379201,0.2608376943840171,0.2591876983642578,0.2621344566345215,0.2918026638031005,75.61369600203271,8437074,8437074,1448.4577288627625,85663.87009734038,60,384,64,coral,coral_bce,0.0,session_balanced,adamw,0.0003,0.05,cosine,5,60,5.0,True,full,raw,full_frame,dataset_v1_1,fp16,2,mobilenetv4,2,1,base,a,2f3537740755,1.0,1.0,1.0,1.0,1.0,1.0,1.0,1.0,1.0,1.0,40,1.0,1.0,1.0,20,1.0,1.0,1.0,44,1.0,0.0,1.0,1.0,0.0001141571744732141,1.8536218745662565e-07,0.9998858892000638,0.9998858892000638,NA,-0.00011411079993617346,0.00011411079993617346,0.00011411079993617346,0.00011411079993617346,24.444444444444443,99.0,0.0,6437.404671999997,6437.404672,76.86666666666666,78.0,47.72248888888889,71.761,1339.3333333333333,5000.0,4.0,2306.6628493702738,73022.37721063518,0.0,0.0,0.0,473.10438399999987,473.104384,37.0,37.0,9.242799999999999,9.566,300.0,405.0,1.0,440.4847275099928,13836.487706618067,60.79111111111111,73.4,4.497253899377778,4.7161344,17.7,3.2593304689777773,3.296550912,28.146454528,0.0,2747.1475768802666,0.7630965491334074,0.5440878395321195,713.0,792,Tesla T4,16106.12736,70.0,GPU-ebb034dc-0b3b-1c3c-d046-c48876f98f58,Tesla T4,16106.12736,70.0,GPU-a83d4ee2-e765-2411-f12f-266bb2f84198,580.159.04,1.0,40,1.0,20,1.0,3,1.0,41
a-mobilenetv4-base-f2-s1,a,mobilenetv4,base,2,1,31,1643,105152,1787891781.1281292,1787891828.7010226,2026-08-28T04:36:21Z,2026-08-28T04:37:08Z,acct3,2,ecce7d,Interactive,2f3537740755,v2,2.37807094262795e-10,1.0,0.0009421327894625182,0.00016283625127182596,1.0441241163077375e-08,4.4195704163030314e-07,0.0,0.0,2.7008232478919934e-07,0.0,371.72246411295896,4.57387630225097e-15,64.0,0,0,47.548335313797,45.148090839385986,2.398298740386963,31.256197929382324,13.360553979873657,12.048918962478638,0.3547635078430176,0.657356303288136,0.26042483887582457,0.26015758514404297,0.26386251449584963,0.27600938796997065,75.13053014948109,8437074,8437074,1496.0060641765594,88456.58549843487,60,384,64,coral,coral_bce,0.0,session_balanced,adamw,0.0003,0.05,cosine,5,60,5.0,True,full,raw,full_frame,dataset_v1_1,fp16,2,mobilenetv4,2,1,base,a,2f3537740755,1.0,1.0,1.0,1.0,1.0,1.0,1.0,1.0,1.0,1.0,40,1.0,1.0,1.0,20,1.0,1.0,1.0,44,1.0,0.0,1.0,1.0,0.0018842802077141316,4.560847296801281e-05,0.998127247278507,0.998127247278507,NA,-0.0018727527214930095,0.0018727527214930095,0.0018727527214930095,0.0018727527214930095,29.355555555555554,99.0,0.0,6437.404671999997,6437.404672,76.93333333333334,78.0,48.90517777777778,74.163,1327.0,5000.0,4.0,2348.3572856002284,75399.23859019855,0.0,0.0,0.0,473.10438399999987,473.104384,37.0,37.0,9.216133333333334,9.665,300.0,405.0,1.0,444.3581154942585,14288.338991831783,60.757777777777775,71.3,4.5316349952,4.770349056,17.6,3.261861523911112,3.312033792,28.149600256,0.0,2792.715401094487,0.7757542780818019,0.5531128002723247,713.0,796,Tesla T4,16106.12736,70.0,GPU-ebb034dc-0b3b-1c3c-d046-c48876f98f58,Tesla T4,16106.12736,70.0,GPU-a83d4ee2-e765-2411-f12f-266bb2f84198,580.159.04,1.0,40,1.0,20,1.0,3,1.0,41
a-mobilenetv4-base-f2-s1,a,mobilenetv4,base,2,1,32,1696,108544,1787891828.956349,1787891876.8905394,2026-08-28T04:37:08Z,2026-08-28T04:37:56Z,acct3,2,ecce7d,Interactive,2f3537740755,v2,2.222504688830218e-10,1.0,0.00022712808556836814,0.0001542834076190544,1.881169186042757e-08,8.270725402326207e-07,0.0,3.199537559339649e-08,4.4377333779266105e-07,0.0,371.715875839468,7.807931035369114e-15,64.0,0,0,47.91139245033264,45.446099519729614,2.4645349979400635,31.532415628433228,13.381500482559204,12.074229955673218,0.36130499839782715,0.6581402463124258,0.26088145543944163,0.25989389419555664,0.2619296073913574,0.2891401576995849,74.63786850458803,8437074,8437074,1543.917456626892,91251.73062905867,60,384,64,coral,coral_bce,0.0,session_balanced,adamw,0.0003,0.05,cosine,5,60,5.0,True,full,raw,full_frame,dataset_v1_1,fp16,2,mobilenetv4,2,1,base,a,2f3537740755,1.0,1.0,1.0,1.0,1.0,1.0,1.0,1.0,1.0,1.0,40,1.0,1.0,1.0,20,1.0,1.0,1.0,44,1.0,0.0,1.0,1.0,0.0004542652405239575,2.5766325792468857e-06,0.9995463805703017,0.9995463805703017,NA,-0.0004536194296983487,0.0004536194296983487,0.0004536194296983487,0.0004536194296983487,28.68888888888889,99.0,0.0,6437.404671999997,6437.404672,77.04444444444445,78.0,48.14479999999999,81.448,1320.6666666666667,5000.0,4.0,2349.162136628147,77767.55866548922,0.0,0.0,0.0,473.10438399999987,473.104384,37.0,37.0,9.26268888888889,9.964,300.0,405.0,1.0,445.98299399565985,14738.607495988366,60.733333333333334,71.3,4.622781553777777,4.877049856,18.0,3.261538303999999,3.290095616,28.149600256,0.0,2795.145130623807,0.7764292029510574,0.553594021704104,713.0,806,Tesla T4,16106.12736,70.0,GPU-ebb034dc-0b3b-1c3c-d046-c48876f98f58,Tesla T4,16106.12736,70.0,GPU-a83d4ee2-e765-2411-f12f-266bb2f84198,580.159.04,1.0,40,1.0,20,1.0,3,1.0,41
a-mobilenetv4-base-f2-s1,a,mobilenetv4,base,2,1,33,1749,111936,1787891877.5062394,1787891924.3380685,2026-08-28T04:37:57Z,2026-08-28T04:38:44Z,acct3,2,ecce7d,Interactive,2f3537740755,v2,2.2040165899595246e-08,1.0,0.0007956864719744772,0.00014571659238094556,3.84100882293528e-05,0.0020314001012593508,0.0,0.0,0.0009773260275505826,0.0,371.7096716129406,1.5057416035332195e-11,64.0,0,0,46.80937480926514,44.419291973114014,2.3893494606018066,30.44543695449829,13.423356056213379,12.11820912361145,0.3636202812194824,0.6504132362065242,0.26181671754369196,0.2601034641265869,0.26314826011657716,0.30409969329833975,76.36321628118478,8437074,8437074,1590.7268314361572,94017.57835782779,60,384,64,coral,coral_bce,0.0,session_balanced,adamw,0.0003,0.05,cosine,5,60,5.0,True,full,raw,full_frame,dataset_v1_1,fp16,2,mobilenetv4,2,1,base,a,2f3537740755,1.0,1.0,1.0,1.0,1.0,1.0,1.0,1.0,1.0,1.0,40,1.0,1.0,1.0,20,1.0,1.0,1.0,44,1.0,0.0,1.0,1.0,0.0015913773719847197,3.339753537785346e-05,0.9984170519388639,0.9984170519388639,NA,-0.0015829480611361246,0.0015829480611361246,0.0015829480611361246,0.0015829480611361246,33.68181818181818,99.0,18.0,6437.404671999998,6437.404672,77.0,79.0,50.180840909090904,69.355,1357.5,5000.0,4.0,2328.4388083372614,80119.66475435933,0.0,0.0,0.0,473.10438399999987,473.104384,37.0,37.0,9.282704545454546,9.86,300.0,405.0,1.0,437.4089204318607,15182.718697566275,61.149999999999984,71.8,4.699604526545455,4.886142976,18.0,3.2607378152727264,3.260739584,28.149592064,0.0,2765.847728769122,0.7682910357692005,0.54779150850344,713.0,786,Tesla T4,16106.12736,70.0,GPU-ebb034dc-0b3b-1c3c-d046-c48876f98f58,Tesla T4,16106.12736,70.0,GPU-a83d4ee2-e765-2411-f12f-266bb2f84198,580.159.04,1.0,40,1.0,20,1.0,3,1.0,41
a-mobilenetv4-base-f2-s1,a,mobilenetv4,base,2,1,34,1802,115328,1787891924.5983477,1787891971.5036814,2026-08-28T04:38:44Z,2026-08-28T04:39:31Z,acct3,2,ecce7d,Interactive,2f3537740755,v2,1.2671867453538351e-09,1.0,8.17752798656539e-05,0.00013716374872817407,2.563739794211715e-07,1.157833139586728e-05,0.0,4.2603036831678615e-08,6.547149669131583e-06,0.0,371.703819983279,9.460547404476375e-14,64.0,0,0,46.883458852767944,44.52545356750488,2.3572773933410645,30.6096830368042,13.375979661941528,12.056198596954346,0.36593079566955566,0.6528887540684734,0.2609014466123761,0.2595999240875244,0.26333160400390626,0.2892151069641112,76.18114422702962,8437074,8437074,1637.6102902889252,96806.63340889843,60,384,64,coral,coral_bce,0.0,session_balanced,adamw,0.0003,0.05,cosine,5,60,5.0,True,full,raw,full_frame,dataset_v1_1,fp16,2,mobilenetv4,2,1,base,a,2f3537740755,1.0,1.0,1.0,1.0,1.0,1.0,1.0,1.0,1.0,1.0,40,1.0,1.0,1.0,20,1.0,1.0,1.0,44,1.0,0.0,1.0,1.0,0.00016355597732787538,3.8118676471452253e-07,0.9998365394197978,0.9998365394197978,NA,-0.00016346058020222376,0.00016346058020222376,0.00016346058020222376,0.00016346058020222376,29.0,99.0,0.0,6437.404671999998,6437.404672,77.11363636363636,79.0,49.569,71.119,1323.75,5000.0,4.0,2349.0801782764756,82483.50564936879,0.0,0.0,0.0,473.10438399999987,473.104384,37.0,37.0,9.289363636363639,10.258,300.0,405.0,1.0,439.9748727941569,15626.454636796723,61.12727272727272,71.4,4.671588445090909,4.875657216,17.9,3.263003927272728,3.360104448,28.149600256,0.0,2789.0550510706325,0.7747375141862868,0.5523878476148225,713.0,788,Tesla T4,16106.12736,70.0,GPU-ebb034dc-0b3b-1c3c-d046-c48876f98f58,Tesla T4,16106.12736,70.0,GPU-a83d4ee2-e765-2411-f12f-266bb2f84198,580.159.04,1.0,40,1.0,20,1.0,3,1.0,41
a-mobilenetv4-base-f2-s1,a,mobilenetv4,base,2,1,35,1855,118720,1787891971.7636936,1787892018.670713,2026-08-28T04:39:31Z,2026-08-28T04:40:18Z,acct3,2,ecce7d,Interactive,2f3537740755,v2,8.064310504587074e-08,1.0,0.00018537503022413986,0.00012865277425900724,0.0002033896650843035,0.010779492557048798,0.0,0.0,0.005174239467441419,0.0,371.69842373234945,7.039751313970574e-11,64.0,0,0,46.882962226867676,44.52403521537781,2.358133554458618,30.613758325576782,13.366716623306274,12.046972274780273,0.3680250644683838,0.6529825947736864,0.26081153581727223,0.25993776321411133,0.26224913597106936,0.2888697433471678,76.18357104408325,8437074,8437074,1684.4932525157928,99598.03118778786,60,384,64,coral,coral_bce,0.0,session_balanced,adamw,0.0003,0.05,cosine,5,60,5.0,True,full,raw,full_frame,dataset_v1_1,fp16,2,mobilenetv4,2,1,base,a,2f3537740755,1.0,1.0,1.0,1.0,1.0,1.0,1.0,1.0,1.0,1.0,40,1.0,1.0,1.0,20,1.0,1.0,1.0,44,1.0,0.0,1.0,1.0,0.00037075026381872635,1.7964965908206256e-06,0.9996296998399955,0.9996296998399955,NA,-0.0003703001600044997,0.0003703001600044997,0.0003703001600044997,0.0003703001600044997,25.295454545454547,97.0,0.0,6437.404671999998,6437.404672,76.86363636363636,78.0,48.41393181818182,78.615,1351.0227272727273,5000.0,4.0,2353.0554242742364,84857.19803407199,0.0,0.0,0.0,473.10438399999987,473.104384,37.0,37.0,9.278295454545455,9.86,300.0,405.0,1.0,438.3423546151953,16069.275832736725,61.14772727272727,70.4,4.735461841454545,4.97033216,18.2,3.2607644392727266,3.260780544,28.036345856,0.0,2791.3977788894317,0.775388271913731,0.5528518378744902,713.0,782,Tesla T4,16106.12736,70.0,GPU-ebb034dc-0b3b-1c3c-d046-c48876f98f58,Tesla T4,16106.12736,70.0,GPU-a83d4ee2-e765-2411-f12f-266bb2f84198,580.159.04,1.0,40,1.0,20,1.0,3,1.0,41
a-mobilenetv4-base-f2-s1,a,mobilenetv4,base,2,1,36,1908,122112,1787892018.918217,1787892065.862287,2026-08-28T04:40:18Z,2026-08-28T04:41:05Z,acct3,2,ecce7d,Interactive,2f3537740755,v2,1.5968607795612323e-10,1.0,0.00020866439948664405,0.0001202114300031382,4.9276317030970225e-09,1.1079775674716075e-07,0.0,2.5847776896625782e-08,9.777150950185379e-08,0.0,371.6932679518204,1.5936733447506909e-15,64.0,0,0,46.92175078392029,44.47675108909607,2.443451404571533,30.506396293640137,13.42618727684021,12.062140464782715,0.35889577865600586,0.6501546891147642,0.26184160754365743,0.2602696418762207,0.26583151817321776,0.289273452758789,76.2645633266946,8437074,8437074,1731.4150032997131,102369.3332001238,60,384,64,coral,coral_bce,0.0,session_balanced,adamw,0.0003,0.05,cosine,5,60,5.0,True,full,raw,full_frame,dataset_v1_1,fp16,2,mobilenetv4,2,1,base,a,2f3537740755,1.0,1.0,1.0,1.0,1.0,1.0,1.0,1.0,1.0,1.0,40,1.0,1.0,1.0,20,1.0,1.0,1.0,44,1.0,0.0,1.0,1.0,0.00041733141599712613,2.4159144165112803e-06,0.9995832741260529,0.9995832741260529,NA,-0.00041672587394714355,0.00041672587394714355,0.00041672587394714355,0.00041672587394714355,34.22727272727273,99.0,0.0,6437.404671999998,6437.404672,77.06818181818181,78.0,47.63515909090909,68.767,1342.5,5000.0,4.0,2327.1201127690583,87203.7773872683,0.0,0.0,0.0,473.10438399999987,473.104384,37.0,37.0,9.365818181818183,9.86,300.0,405.0,1.0,444.18189956688184,16517.914175558555,61.17727272727273,70.8,4.725050926545454,4.855660544,17.9,3.26369680290909,3.33709312,28.149600256,0.0,2771.30201233594,0.7698061145377612,0.5488717596654237,713.0,788,Tesla T4,16106.12736,70.0,GPU-ebb034dc-0b3b-1c3c-d046-c48876f98f58,Tesla T4,16106.12736,70.0,GPU-a83d4ee2-e765-2411-f12f-266bb2f84198,580.159.04,1.0,40,1.0,20,1.0,3,1.0,41
a-mobilenetv4-base-f2-s1,a,mobilenetv4,base,2,1,37,1961,125504,1787892066.1203425,1787892112.2136824,2026-08-28T04:41:06Z,2026-08-28T04:41:52Z,acct3,2,ecce7d,Interactive,2f3537740755,v2,5.366350069901719e-11,1.0,0.007650888381669154,0.00011186724987097698,6.4607468389885124e-09,3.4241958246639115e-07,0.0,0.0,1.6436139958386668e-07,0.0,371.68846380972997,1.9444939818208387e-15,64.0,0,0,46.06775760650635,43.65510129928589,2.4112491607666016,29.715108633041382,13.396635055541992,12.076296091079712,0.3632364273071289,0.6450304980515177,0.26124547562509215,0.260159969329834,0.26300854682922364,0.2920340824127196,77.69996859577752,8437074,8437074,1777.4827609062195,105104.97185728644,60,384,64,coral,coral_bce,0.0,session_balanced,adamw,0.0003,0.05,cosine,5,60,5.0,True,full,raw,full_frame,dataset_v1_1,fp16,2,mobilenetv4,2,1,base,a,2f3537740755,1.0,1.0,1.0,1.0,1.0,1.0,1.0,1.0,1.0,1.0,40,1.0,1.0,1.0,20,1.0,1.0,1.0,44,1.0,0.0,1.0,1.0,0.015301772392307482,0.002513104663461185,0.9853785519416516,0.9853785519416516,NA,-0.014621448058348419,0.014621448058348474,0.14626350005467736,0.014621448058348474,28.818181818181817,99.0,0.0,6437.404671999998,6437.404672,77.04545454545455,78.0,49.10988636363636,94.179,1343.5227272727273,5000.0,4.0,2296.587611510011,89519.19333606979,0.0,0.0,0.0,473.10438399999987,473.104384,37.0,37.0,9.492727272727272,10.158,300.0,405.0,1.0,439.05104565262445,16961.36259089611,61.35681818181818,72.3,4.706171624727273,4.987129856,18.3,3.261241437090909,3.261341696,28.036345856,0.0,2735.6386571626354,0.7598996269896209,0.5418084340435997,713.0,772,Tesla T4,16106.12736,70.0,GPU-ebb034dc-0b3b-1c3c-d046-c48876f98f58,Tesla T4,16106.12736,70.0,GPU-a83d4ee2-e765-2411-f12f-266bb2f84198,580.159.04,1.0,40,1.0,20,1.0,3,1.0,41
a-mobilenetv4-base-f2-s1,a,mobilenetv4,base,2,1,38,2014,128896,1787892112.4784229,1787892159.5446053,2026-08-28T04:41:52Z,2026-08-28T04:42:39Z,acct3,2,ecce7d,Interactive,2f3537740755,v2,4.2417857923466554e-08,1.0,7.869876348055326e-05,0.0001036474508437579,9.786523250508219e-05,0.00517760356888175,0.0,9.287963621318308e-07,0.0024888542298140076,0.0,371.6840764973116,2.7290601122797393e-11,128.0,0,0,47.04199242591858,44.56413459777832,2.4770779609680176,30.652429819107056,13.3907790184021,12.14301872253418,0.3525419235229492,0.6515971845235573,0.26082161687455085,0.2599959373474121,0.26344928741455076,0.28096133232116693,76.11502008543667,8437074,8437074,1824.524753332138,107929.8478518115,60,384,64,coral,coral_bce,0.0,session_balanced,adamw,0.0003,0.05,cosine,5,60,5.0,True,full,raw,full_frame,dataset_v1_1,fp16,2,mobilenetv4,2,1,base,a,2f3537740755,1.0,1.0,1.0,1.0,1.0,1.0,1.0,1.0,1.0,1.0,40,1.0,1.0,1.0,20,1.0,1.0,1.0,44,1.0,0.0,1.0,1.0,0.0001573884305035864,3.3238749260368296e-07,0.9998426947456139,0.9998426947456139,NA,-0.00015730525438606424,0.00015730525438606424,0.00015730525438606424,0.00015730525438606424,25.204545454545453,96.0,0.0,6437.404671999998,6437.404672,77.0,78.0,50.619886363636375,94.005,1318.2954545454545,5000.0,4.0,2381.6947624381573,91923.75989045865,0.0,0.0,0.0,473.10438399999987,473.104384,37.0,37.0,9.359568181818181,9.86,300.0,405.0,1.0,443.1812320869067,17409.430946356766,61.78636363636363,70.2,4.696150481454546,4.910067712,18.0,3.2635216058181813,3.33799424,28.149600256,0.0,2824.875994525064,0.7846877762569622,0.559482384471214,713.0,788,Tesla T4,16106.12736,70.0,GPU-ebb034dc-0b3b-1c3c-d046-c48876f98f58,Tesla T4,16106.12736,70.0,GPU-a83d4ee2-e765-2411-f12f-266bb2f84198,580.159.04,1.0,40,1.0,20,1.0,3,1.0,41
a-mobilenetv4-base-f2-s1,a,mobilenetv4,base,2,1,39,2067,132288,1787892159.8109925,1787892207.2570858,2026-08-28T04:42:39Z,2026-08-28T04:43:27Z,acct3,2,ecce7d,Interactive,2f3537740755,v2,1.171420173704309e-09,1.0,6.69406017113243e-07,9.557884419740386e-05,1.2868976733724558e-07,4.319868821767159e-06,0.0,1.5339594483521058e-07,3.145477558064151e-06,0.0,371.6799709716248,3.3093037512817096e-14,128.0,0,0,47.41729211807251,44.79192519187927,2.6241981983184814,30.894293308258057,13.355559349060059,12.03666067123413,0.36114048957824707,0.6515406495868431,0.2604283161883084,0.25976014137268066,0.2620842456817627,0.2798103141784667,75.7279350121563,8437074,8437074,1871.9420454502106,110698.10664665548,60,384,64,coral,coral_bce,0.0,session_balanced,adamw,0.0003,0.05,cosine,5,60,5.0,True,full,raw,full_frame,dataset_v1_1,fp16,2,mobilenetv4,2,1,base,a,2f3537740755,1.0,1.0,1.0,1.0,1.0,1.0,1.0,1.0,1.0,1.0,40,1.0,1.0,1.0,20,1.0,1.0,1.0,44,1.0,0.0,1.0,1.0,1.3411107456227688e-06,2.4965784557701294e-11,0.9999986588954926,0.9999986588954926,NA,-1.341104507446289e-06,1.341104507446289e-06,1.341104507446289e-06,1.341104507446289e-06,27.318181818181817,98.0,0.0,6437.404671999998,6437.404672,77.06818181818181,79.0,50.233863636363644,86.071,1302.6136363636363,5000.0,4.0,2323.5470159710385,94266.5318837549,0.0,0.0,0.0,473.10438399999987,473.104384,37.0,37.0,9.336727272727273,9.765,300.0,405.0,1.0,444.71177887293743,17858.60911145159,61.56590909090908,71.3,4.704297425454546,4.998422528,18.3,3.2697009803636363,3.37354752,28.150648832,0.0,2768.258794843976,0.7689607763455488,0.5482690335343764,713.0,796,Tesla T4,16106.12736,70.0,GPU-ebb034dc-0b3b-1c3c-d046-c48876f98f58,Tesla T4,16106.12736,70.0,GPU-a83d4ee2-e765-2411-f12f-266bb2f84198,580.159.04,1.0,40,1.0,20,1.0,3,1.0,41
a-mobilenetv4-base-f2-s1,a,mobilenetv4,base,2,1,40,2120,135680,1787892207.5486255,1787892256.0777447,2026-08-28T04:43:27Z,2026-08-28T04:44:16Z,acct3,2,ecce7d,Interactive,2f3537740755,v2,2.851294618890604e-07,1.0,7.539299874154564e-05,8.768774804971705e-05,0.00019610336115545552,0.010393042117357254,0.0,5.951458419417576e-08,0.004988794917682038,0.0,371.67620954679063,4.626570569493889e-11,128.0,0,0,48.50572991371155,46.071404457092285,2.4335713386535645,32.17153811454773,13.351999998092651,12.04593825340271,0.36904144287109375,0.6632523244527759,0.2605592394774815,0.25968050956726074,0.2621316432952881,0.28863978385925293,73.62484473767397,8437074,8437074,1920.4477753639221,113580.5109852071,60,384,64,coral,coral_bce,0.0,session_balanced,adamw,0.0003,0.05,cosine,5,60,5.0,True,full,raw,full_frame,dataset_v1_1,fp16,2,mobilenetv4,2,1,base,a,2f3537740755,1.0,1.0,1.0,1.0,1.0,1.0,1.0,1.0,1.0,1.0,40,1.0,1.0,1.0,20,1.0,1.0,1.0,44,1.0,0.0,1.0,1.0,0.0001507563073731626,3.210970986513172e-07,0.9998493240429804,0.9998493240429804,NA,-0.0001506759570195637,0.0001506759570195637,0.0001506759570195637,0.0001506759570195637,27.91111111111111,99.0,0.0,6437.404671999997,6437.404672,77.02222222222223,79.0,50.72284444444444,82.712,1347.3333333333333,5000.0,4.0,2426.8200643840973,96714.85660390192,0.0,0.0,0.0,473.10438399999987,473.104384,37.0,37.0,9.367688888888889,9.956,300.0,405.0,1.0,455.5842741675333,18319.27834333845,61.48666666666667,70.8,4.732982886399999,4.907368448,18.0,3.2636380956444446,3.298418688,28.150648832,0.0,2882.4043385516306,0.8006678718198974,0.5708761926075869,713.0,814,Tesla T4,16106.12736,70.0,GPU-ebb034dc-0b3b-1c3c-d046-c48876f98f58,Tesla T4,16106.12736,70.0,GPU-a83d4ee2-e765-2411-f12f-266bb2f84198,580.159.04,1.0,40,1.0,20,1.0,3,1.0,41
a-mobilenetv4-base-f2-s1,a,mobilenetv4,base,2,1,41,2173,139072,1787892256.804147,1787892305.4922962,2026-08-28T04:44:16Z,2026-08-28T04:45:05Z,acct3,2,ecce7d,Interactive,2f3537740755,v2,9.674149488072829e-10,1.0,0.0006788418843195989,7.999990151614894e-05,1.1696678168584425e-07,5.60008766115061e-06,0.0,1.406056853170411e-07,2.8449105582239844e-06,0.0,371.67274644692503,2.517626354092837e-14,128.0,0,0,48.653815507888794,46.240373849868774,2.411510705947876,32.353097438812256,13.372648239135742,12.05376672744751,0.33867621421813965,0.6649652673913412,0.26035965163752717,0.25911784172058105,0.2627082824707031,0.29007128715515124,73.35580830321565,8437074,8437074,1969.101590871811,116476.47312411673,60,384,64,coral,coral_bce,0.0,session_balanced,adamw,0.0003,0.05,cosine,5,60,5.0,True,full,raw,full_frame,dataset_v1_1,fp16,2,mobilenetv4,2,1,base,a,2f3537740755,1.0,1.0,1.0,1.0,1.0,1.0,1.0,1.0,1.0,1.0,40,1.0,1.0,1.0,20,1.0,1.0,1.0,44,1.0,0.0,1.0,1.0,0.0013576978422542398,2.437012873957742e-05,0.998648444047341,0.998648444047341,NA,-0.0013515559526590115,0.0013515559526590115,0.0013515559526590115,0.0013515559526590115,21.755555555555556,99.0,0.0,6437.404671999997,6437.404672,77.11111111111111,78.0,49.330911111111114,84.609,1352.0,5000.0,4.0,2438.4758938594314,99183.89664751875,0.0,0.0,0.0,473.10438399999987,473.104384,37.0,37.0,9.325644444444446,10.158,300.0,405.0,1.0,457.48624505019325,18785.17721597811,61.268888888888874,71.1,4.746075158755556,4.932743168,18.2,3.2683319296,3.358171136,28.15379456,0.0,2895.9621389096246,0.8044339274748957,0.5735613902896006,713.0,818,Tesla T4,16106.12736,70.0,GPU-ebb034dc-0b3b-1c3c-d046-c48876f98f58,Tesla T4,16106.12736,70.0,GPU-a83d4ee2-e765-2411-f12f-266bb2f84198,580.159.04,1.0,40,1.0,20,1.0,3,1.0,41
a-mobilenetv4-base-f2-s1,a,mobilenetv4,base,2,1,42,2226,142464,1787892305.7635674,1787892353.2031388,2026-08-28T04:45:05Z,2026-08-28T04:45:53Z,acct3,2,ecce7d,Interactive,2f3537740755,v2,3.066485269967804e-10,1.0,9.128680595984826e-06,7.254038075415572e-05,1.3765501342573291e-08,6.24647952918167e-07,0.0,2.0595012983903797e-08,3.276177820055164e-07,0.0,371.6695965102544,2.6866731043860297e-15,128.0,0,0,47.406936168670654,44.913772106170654,2.4923603534698486,31.00176763534546,13.36714768409729,12.087544679641724,0.36237525939941406,0.6539500364470566,0.26070948816695305,0.259876012802124,0.2634118556976318,0.2824516773223876,75.52249212071807,8437074,8437074,2016.5085270404816,119245.93635100823,60,384,64,coral,coral_bce,0.0,session_balanced,adamw,0.0003,0.05,cosine,5,60,5.0,True,full,raw,full_frame,dataset_v1_1,fp16,2,mobilenetv4,2,1,base,a,2f3537740755,1.0,1.0,1.0,1.0,1.0,1.0,1.0,1.0,1.0,1.0,40,1.0,1.0,1.0,20,1.0,1.0,1.0,44,1.0,0.0,1.0,1.0,1.825967362384536e-05,4.664153720371228e-09,0.9999817414925649,0.9999817414925649,NA,-1.8258507435087168e-05,1.8258507435087168e-05,1.8258507435087168e-05,1.8258507435087168e-05,36.52272727272727,99.0,20.5,6437.404671999998,6437.404672,77.06818181818181,79.0,50.11000000000001,85.247,1299.2045454545455,5000.0,4.0,2328.201038966421,101526.05038994753,0.0,0.0,0.0,473.10438399999987,473.104384,37.0,37.0,9.259727272727273,9.86,300.0,405.0,1.0,441.26218792507643,19230.150874583185,62.025000000000006,71.6,4.740318859636363,4.968681472,18.2,3.2668325701818177,3.28937472,28.15379456,0.0,2769.4632268914975,0.7692953408031937,0.5485075779926771,713.0,796,Tesla T4,16106.12736,70.0,GPU-ebb034dc-0b3b-1c3c-d046-c48876f98f58,Tesla T4,16106.12736,70.0,GPU-a83d4ee2-e765-2411-f12f-266bb2f84198,580.159.04,1.0,40,1.0,20,1.0,3,1.0,41
a-mobilenetv4-base-f2-s1,a,mobilenetv4,base,2,1,43,2279,145856,1787892353.4664845,1787892400.364009,2026-08-28T04:45:53Z,2026-08-28T04:46:40Z,acct3,2,ecce7d,Interactive,2f3537740755,v2,6.079865883023175e-05,1.0,9.270814713930191e-06,6.533351716998465e-05,0.058545288807540646,3.1027989387512207,0.0,3.5025996112381057e-07,1.4893955477262983,0.0,371.6669144584274,1.0291391250422981e-08,128.0,0,0,46.8723680973053,44.45391631126404,2.417070150375366,30.51546049118042,13.367229223251343,12.072784900665283,0.39264512062072754,0.6510330441984807,0.26120461607879064,0.25928688049316406,0.26640167236328127,0.2877038192749023,76.30373837592599,8437074,8437074,2063.380895137787,122019.53861869317,60,384,64,coral,coral_bce,0.0,session_balanced,adamw,0.0003,0.05,cosine,5,60,5.0,True,full,raw,full_frame,dataset_v1_1,fp16,2,mobilenetv4,2,1,base,a,2f3537740755,1.0,1.0,1.0,1.0,1.0,1.0,1.0,1.0,1.0,1.0,40,1.0,1.0,1.0,20,1.0,1.0,1.0,44,1.0,0.0,1.0,1.0,1.8578033959120598e-05,3.4836946334617556e-09,0.9999814228369639,0.9999814228369639,NA,-1.857716303610424e-05,1.857716303610424e-05,1.857716303610424e-05,1.857716303610424e-05,23.454545454545453,99.0,0.0,6437.404671999998,6437.404672,76.72727272727273,78.0,51.39338636363636,93.692,1272.2727272727273,5000.0,4.0,2337.397213024131,103881.41175918185,0.0,0.0,0.0,473.10438399999987,473.104384,37.0,37.0,9.257204545454547,9.761,300.0,405.0,1.0,436.2050546608043,19670.6552046215,61.55,71.6,4.617379746909092,4.82619392,17.8,3.2663192669090915,3.266326528,28.04054016,0.0,2773.602267684935,0.7704450743569264,0.5493273380164886,713.0,788,Tesla T4,16106.12736,70.0,GPU-ebb034dc-0b3b-1c3c-d046-c48876f98f58,Tesla T4,16106.12736,70.0,GPU-a83d4ee2-e765-2411-f12f-266bb2f84198,580.159.04,1.0,40,1.0,20,1.0,3,1.0,41
a-mobilenetv4-base-f2-s1,a,mobilenetv4,base,2,1,44,2332,149248,1787892400.6272829,1787892448.410971,2026-08-28T04:46:40Z,2026-08-28T04:47:28Z,acct3,2,ecce7d,Interactive,2f3537740755,v2,5.471264892286884e-09,1.0,6.39741242943833e-05,5.840281805468426e-05,5.166758377717912e-06,0.00017215691332239658,0.0,2.3151904713358812e-07,0.00013523031753720694,0.0,371.66437324487964,8.118971609569844e-13,128.0,0,0,47.76011061668396,45.332908630371094,2.4262595176696777,31.37399458885193,13.391721248626709,12.02697467803955,0.38530755043029785,0.6569079129789976,0.2617009180896687,0.26010656356811523,0.26462407112121583,0.29384792327880854,74.82423039865363,8437074,8437074,2111.141005754471,124843.11133716375,60,384,64,coral,coral_bce,0.0,session_balanced,adamw,0.0003,0.05,cosine,5,60,5.0,True,full,raw,full_frame,dataset_v1_1,fp16,2,mobilenetv4,2,1,base,a,2f3537740755,1.0,1.0,1.0,1.0,1.0,1.0,1.0,1.0,1.0,1.0,40,1.0,1.0,1.0,20,1.0,1.0,1.0,44,1.0,0.0,1.0,1.0,0.00012797200263922265,1.705743945333701e-07,0.9998720706655428,0.9998720706655428,NA,-0.00012792933445715526,0.00012792933445715526,0.00012792933445715526,0.00012792933445715526,24.333333333333332,99.0,0.0,6437.404671999997,6437.404672,77.06666666666666,79.0,48.89906666666667,72.846,1313.0,5000.0,4.0,2378.2399222886743,106272.1922985288,0.0,0.0,0.0,473.10438399999987,473.104384,36.977777777777774,37.0,9.215733333333334,9.662,300.0,405.0,1.0,445.332796181905,20119.358154572656,61.06222222222222,71.7,4.742567617422222,4.977176576,18.3,3.2670172956444445,3.297202176,28.15379456,0.0,2823.5727184705793,0.7843257551307165,0.5592242634082008,713.0,800,Tesla T4,16106.12736,70.0,GPU-ebb034dc-0b3b-1c3c-d046-c48876f98f58,Tesla T4,16106.12736,70.0,GPU-a83d4ee2-e765-2411-f12f-266bb2f84198,580.159.04,1.0,40,1.0,20,1.0,3,1.0,41
a-mobilenetv4-base-f2-s1,a,mobilenetv4,base,2,1,45,2385,152640,1787892448.6691835,1787892496.7869978,2026-08-28T04:47:28Z,2026-08-28T04:48:16Z,acct3,2,ecce7d,Interactive,2f3537740755,v2,1.2881574916912196e-06,1.0,2.2282967156920327e-06,5.1770889908207245e-05,0.0009028447268740349,0.03648386523127556,0.0,3.0700377351422395e-05,0.023382631950080314,0.0,371.66210924349485,1.25762281913378e-10,128.0,0,0,48.09454798698425,45.66738438606262,2.426431655883789,31.680896759033203,13.443268537521362,12.174553632736206,0.3550078868865967,0.6587211666404881,0.2620526889585099,0.2608356475830078,0.26515445709228513,0.28368957519531246,74.27620490205292,8437074,8437074,2159.235553741455,127678.67038857081,60,384,64,coral,coral_bce,0.0,session_balanced,adamw,0.0003,0.05,cosine,5,60,5.0,True,full,raw,full_frame,dataset_v1_1,fp16,2,mobilenetv4,2,1,base,a,2f3537740755,1.0,1.0,1.0,1.0,1.0,1.0,1.0,1.0,1.0,1.0,40,1.0,1.0,1.0,20,1.0,1.0,1.0,44,1.0,0.0,1.0,1.0,4.448624702144028e-06,2.1985887351524545e-10,0.9999955514302621,0.9999955514302621,NA,-4.4485697379137434e-06,4.4485697379137434e-06,4.4485697379137434e-06,4.4485697379137434e-06,25.955555555555556,99.0,0.0,6437.404671999997,6437.404672,77.24444444444444,79.0,49.654422222222216,90.011,1376.0,5000.0,4.0,2386.8461203465413,108671.7708533851,0.0,0.0,0.0,473.10438399999987,473.104384,37.0,37.0,9.25091111111111,9.96,300.0,405.0,1.0,448.71293106053054,20571.328191576387,60.80666666666666,70.6,4.691709860977778,4.908490752,18.2,3.266359387022223,3.266371584,28.04054016,0.0,2835.559051407072,0.7876552920575199,0.5615982232370117,713.0,810,Tesla T4,16106.12736,70.0,GPU-ebb034dc-0b3b-1c3c-d046-c48876f98f58,Tesla T4,16106.12736,70.0,GPU-a83d4ee2-e765-2411-f12f-266bb2f84198,580.159.04,1.0,40,1.0,20,1.0,3,1.0,41
a-mobilenetv4-base-f2-s1,a,mobilenetv4,base,2,1,46,2438,156032,1787892497.0504463,1787892545.100981,2026-08-28T04:48:17Z,2026-08-28T04:49:05Z,acct3,2,ecce7d,Interactive,2f3537740755,v2,0.0008714291513217632,0.9997051886792453,1.0912235036532646e-05,4.5459364701705995e-05,0.2897001911749794,13.34185791015625,0.0,0.000445594729535513,7.449887132644618,0.018867924528301886,371.66074303892105,3.5434430166325616e-08,128.0,0,0,48.01848649978638,45.44807171821594,2.568835496902466,31.501108407974243,13.425429821014404,12.010647296905518,0.3452911376953125,0.6560204351320899,0.2615354376019172,0.2593367099761963,0.27261219024658206,0.28834082603454586,74.63462962809179,8437074,8437074,2207.2540402412415,130510.09404078765,60,384,64,coral,coral_bce,0.0,session_balanced,adamw,0.0003,0.05,cosine,5,60,5.0,True,full,raw,full_frame,dataset_v1_1,fp16,2,mobilenetv4,2,1,base,a,2f3537740755,1.0,1.0,1.0,1.0,1.0,1.0,1.0,1.0,1.0,1.0,40,1.0,1.0,1.0,20,1.0,1.0,1.0,44,1.0,0.0,1.0,1.0,2.1862494386902522e-05,5.378188511426281e-09,0.9999781388502854,0.9999781388502854,NA,-2.186114971458597e-05,2.186114971458597e-05,2.186114971458597e-05,2.186114971458597e-05,29.42222222222222,99.0,0.0,6437.404671999997,6437.404672,76.86666666666666,78.0,50.36824444444445,90.636,1362.6666666666667,5000.0,4.0,2385.795259571023,111071.74245047146,0.0,0.0,0.0,473.10438399999987,473.104384,37.0,37.0,9.213755555555558,9.562,300.0,405.0,1.0,445.6283926458127,21020.763876609682,60.871111111111105,72.2,4.772013579377778,4.988596224,18.3,3.266401985422223,3.26643712,28.04054016,0.0,2831.4236522168358,0.7865065700602322,0.5607791844529455,713.0,804,Tesla T4,16106.12736,70.0,GPU-ebb034dc-0b3b-1c3c-d046-c48876f98f58,Tesla T4,16106.12736,70.0,GPU-a83d4ee2-e765-2411-f12f-266bb2f84198,580.159.04,1.0,40,1.0,20,1.0,3,1.0,41
a-mobilenetv4-base-f2-s1,a,mobilenetv4,base,2,1,47,2491,159424,1787892545.380099,1787892593.784828,2026-08-28T04:49:05Z,2026-08-28T04:49:53Z,acct3,2,ecce7d,Interactive,2f3537740755,v2,1.1465602791809564e-09,1.0,1.332851556631235e-05,3.948882931853924e-05,5.7330274297276807e-08,1.9548942873370834e-06,0.0,1.2198505743299373e-07,1.2432163407538568e-06,0.0,371.65905665173756,6.091350058587674e-15,128.0,0,0,48.38006043434143,45.88206338882446,2.497236967086792,31.882988214492798,13.41300106048584,12.085115432739258,0.39658188819885254,0.6590109216122727,0.26231843120646925,0.26065635681152344,0.265032434463501,0.3009654712677001,73.92867167404229,8437074,8437074,2255.634100675583,133381.4278542676,60,384,64,coral,coral_bce,0.0,session_balanced,adamw,0.0003,0.05,cosine,5,60,5.0,True,full,raw,full_frame,dataset_v1_1,fp16,2,mobilenetv4,2,1,base,a,2f3537740755,1.0,1.0,1.0,1.0,1.0,1.0,1.0,1.0,1.0,1.0,40,1.0,1.0,1.0,20,1.0,1.0,1.0,44,1.0,0.0,1.0,1.0,2.6683415631490374e-05,6.960143299071978e-09,0.9999733183246392,0.9999733183246392,NA,-2.6681675360795687e-05,2.6681675360795687e-05,2.6681675360795687e-05,2.6681675360795687e-05,27.31111111111111,99.0,0.0,6437.404671999997,6437.404672,77.08888888888889,79.0,49.42035555555556,99.758,1375.6666666666667,5000.0,4.0,2419.7308038351766,113514.99314094384,0.0,0.0,0.0,473.10438399999987,473.104384,36.93333333333333,37.0,9.268799999999999,9.96,300.0,405.0,1.0,451.60300964476846,21477.328215057754,61.63111111111111,69.2,4.706236279466667,4.843954176,18.0,3.2696558478222206,3.355316224,28.15379456,0.0,2871.333813479945,0.7975927259666514,0.5686836136142225,713.0,814,Tesla T4,16106.12736,70.0,GPU-ebb034dc-0b3b-1c3c-d046-c48876f98f58,Tesla T4,16106.12736,70.0,GPU-a83d4ee2-e765-2411-f12f-266bb2f84198,580.159.04,1.0,40,1.0,20,1.0,3,1.0,41
a-mobilenetv4-base-f2-s1,a,mobilenetv4,base,2,1,48,2544,162816,1787892594.0439756,1787892641.6600928,2026-08-28T04:49:54Z,2026-08-28T04:50:41Z,acct3,2,ecce7d,Interactive,2f3537740755,v2,2.977042653520222e-09,1.0,9.94480583708187e-06,3.3878758404137624e-05,2.2686122417941884e-07,1.1501704648253508e-05,0.0,9.933286122532068e-08,5.62504100059865e-06,0.0,371.6575424283869,2.0679727243050303e-14,128.0,0,0,47.59079337120056,45.09633445739746,2.493661403656006,31.192927598953247,13.35690951347351,12.056440114974976,0.36443424224853516,0.6554403780507169,0.26053595542907715,0.259737491607666,0.26376843452453613,0.28078925132751453,75.21675632427342,8437074,8437074,2303.2248940467834,136213.45927744804,60,384,64,coral,coral_bce,0.0,session_balanced,adamw,0.0003,0.05,cosine,5,60,5.0,True,full,raw,full_frame,dataset_v1_1,fp16,2,mobilenetv4,2,1,base,a,2f3537740755,1.0,1.0,1.0,1.0,1.0,1.0,1.0,1.0,1.0,1.0,40,1.0,1.0,1.0,20,1.0,1.0,1.0,44,1.0,0.0,1.0,1.0,1.988885394532362e-05,3.847038813462287e-09,0.9999801121079005,0.9999801121079005,NA,-1.9887892099501592e-05,1.9887892099501592e-05,1.9887892099501592e-05,1.9887892099501592e-05,36.13636363636363,99.0,11.5,6437.404671999998,6437.404672,76.88636363636364,80.0,50.014931818181815,100.049,1340.7954545454545,5000.0,4.0,2386.253106955395,115915.00617031235,0.0,0.0,0.0,473.10438399999987,473.104384,36.95454545454545,37.0,9.286999999999999,10.059,300.0,405.0,1.0,445.7783162250671,21926.912669380108,61.325,71.4,4.6549344814545455,4.827725824,17.8,3.2679931345454545,3.30338304,28.154843136,0.0,2832.0314231804623,0.7866753953279062,0.5608995568687971,713.0,800,Tesla T4,16106.12736,70.0,GPU-ebb034dc-0b3b-1c3c-d046-c48876f98f58,Tesla T4,16106.12736,70.0,GPU-a83d4ee2-e765-2411-f12f-266bb2f84198,580.159.04,1.0,40,1.0,20,1.0,3,1.0,41
a-mobilenetv4-base-f2-s1,a,mobilenetv4,base,2,1,49,2597,166208,1787892641.923499,1787892690.1592336,2026-08-28T04:50:41Z,2026-08-28T04:51:30Z,acct3,2,ecce7d,Interactive,2f3537740755,v2,5.306517207845255e-06,1.0,2.3337511178257187e-06,2.8647450843757897e-05,0.003522053983684889,0.18664605915546417,0.0,3.9986322803997576e-07,0.08960117168695375,0.0,371.65624389440313,2.714816985432973e-10,128.0,0,0,48.209757566452026,45.76708388328552,2.441797971725464,31.832103967666626,13.395593643188477,12.091989278793335,0.35723304748535156,0.6602834275569516,0.26114276220213695,0.25971317291259766,0.2632913589477539,0.2933187294006347,74.11440083554861,8437074,8437074,2351.4346516132355,139066.05619241807,60,384,64,coral,coral_bce,0.0,session_balanced,adamw,0.0003,0.05,cosine,5,60,5.0,True,full,raw,full_frame,dataset_v1_1,fp16,2,mobilenetv4,2,1,base,a,2f3537740755,1.0,1.0,1.0,1.0,1.0,1.0,1.0,1.0,1.0,1.0,40,1.0,1.0,1.0,20,1.0,1.0,1.0,44,1.0,0.0,1.0,1.0,4.6658398557342926e-06,2.281481372512387e-10,0.9999953342171816,0.9999953342171816,NA,-4.665782818435993e-06,4.665782818435993e-06,4.665782818435993e-06,4.665782818435993e-06,30.57777777777778,99.0,0.0,6437.404671999997,6437.404672,76.93333333333334,79.0,49.60422222222221,86.84,1379.0,5000.0,4.0,2398.31981020316,118325.34011249187,0.0,0.0,0.0,473.10438399999987,473.104384,36.91111111111111,37.0,9.326133333333333,10.258,300.0,405.0,1.0,454.27710476686116,22384.419845398123,62.344444444444456,78.7,4.761569962666666,4.989366272,18.3,3.296982084266667,3.486789632,28.277190656,0.0,2852.5969149700213,0.7923880319361171,0.5649726667704514,713.0,808,Tesla T4,16106.12736,70.0,GPU-ebb034dc-0b3b-1c3c-d046-c48876f98f58,Tesla T4,16106.12736,70.0,GPU-a83d4ee2-e765-2411-f12f-266bb2f84198,580.159.04,1.0,40,1.0,20,1.0,3,1.0,41
a-mobilenetv4-base-f2-s1,a,mobilenetv4,base,2,1,50,2650,169600,1787892690.426464,1787892738.8728006,2026-08-28T04:51:30Z,2026-08-28T04:52:18Z,acct3,2,ecce7d,Interactive,2f3537740755,v2,6.043496563294854e-10,1.0,3.366745421282338e-05,2.38119700753228e-05,2.8487762354540602e-08,9.23091022286826e-07,0.0,7.823646797078249e-08,6.349337729716336e-07,0.0,371.655155042532,1.8252127960436825e-15,128.0,0,0,48.42034101486206,45.94304943084717,2.4765491485595703,31.9705593585968,13.463330507278442,12.154524326324463,0.32083678245544434,0.6602712556027602,0.2618566144187495,0.26027750968933105,0.26448745727539064,0.2971149349212645,73.83053676281524,8437074,8437074,2399.8549926280975,141907.3639401705,60,384,64,coral,coral_bce,0.0,session_balanced,adamw,0.0003,0.05,cosine,5,60,5.0,True,full,raw,full_frame,dataset_v1_1,fp16,2,mobilenetv4,2,1,base,a,2f3537740755,1.0,1.0,1.0,1.0,1.0,1.0,1.0,1.0,1.0,1.0,40,1.0,1.0,1.0,20,1.0,1.0,1.0,44,1.0,0.0,1.0,1.0,6.733526216362896e-05,4.266799579800121e-08,0.999932675407483,0.999932675407483,NA,-6.732459251701517e-05,6.732459251701517e-05,6.732459251701517e-05,6.732459251701517e-05,26.488888888888887,99.0,0.0,6437.404671999997,6437.404672,77.28888888888889,79.0,48.41177777777777,67.494,1349.3333333333333,5000.0,4.0,2382.4829974591703,120722.40289193585,0.0,0.0,0.0,473.10438399999987,473.104384,36.977777777777774,37.0,9.392399999999999,9.86,300.0,405.0,1.0,458.8247502932718,22847.383824846696,61.54666666666667,72.7,4.7316033536,4.874186752,17.9,3.2900702207999992,3.345743872,28.163899392,0.0,2841.307747752442,0.7892521521534561,0.5627367844854142,713.0,810,Tesla T4,16106.12736,70.0,GPU-ebb034dc-0b3b-1c3c-d046-c48876f98f58,Tesla T4,16106.12736,70.0,GPU-a83d4ee2-e765-2411-f12f-266bb2f84198,580.159.04,1.0,40,1.0,20,1.0,3,1.0,41
a-mobilenetv4-base-f2-s1,a,mobilenetv4,base,2,1,51,2703,172992,1787892739.7532709,1787892787.8784297,2026-08-28T04:52:19Z,2026-08-28T04:53:07Z,acct3,2,ecce7d,Interactive,2f3537740755,v2,1.069526248809125e-07,1.0,4.355724076259111e-06,1.9388088432033443e-05,0.00012060880065206984,0.0063876016065478325,0.0,5.086879411919644e-07,0.003067529034569796,0.0,371.6542553839798,6.291799592898241e-12,128.0,0,0,48.09945058822632,45.74348282814026,2.3551886081695557,31.909085988998413,13.286221504211426,11.99428129196167,0.3677656650543213,0.6633981386225865,0.25923541356932445,0.2588977813720703,0.2610607147216797,0.2769933986663818,74.15263968298727,8437074,8437074,2447.954443216324,144714.56078694545,60,384,64,coral,coral_bce,0.0,session_balanced,adamw,0.0003,0.05,cosine,5,60,5.0,True,full,raw,full_frame,dataset_v1_1,fp16,2,mobilenetv4,2,1,base,a,2f3537740755,1.0,1.0,1.0,1.0,1.0,1.0,1.0,1.0,1.0,1.0,40,1.0,1.0,1.0,20,1.0,1.0,1.0,44,1.0,0.0,1.0,1.0,8.71335851590319e-06,7.641940606880965e-10,0.9999912868325527,0.9999912868325527,NA,-8.713167447327308e-06,8.713167447327308e-06,8.713167447327308e-06,8.713167447327308e-06,30.31111111111111,99.0,0.0,6437.404671999997,6437.404672,76.53333333333333,78.0,48.665400000000005,79.104,1360.6666666666667,5000.0,4.0,2348.6461610094702,123115.10554480142,0.0,0.0,0.0,473.10438399999987,473.104384,37.0,37.0,9.460511111111112,10.556,300.0,405.0,1.0,458.5506857654982,23316.153330883924,61.11555555555555,72.1,4.726780359111111,4.894470144,18.1,3.2963446556444462,3.402440704,28.16704512,0.0,2807.1968467749684,0.7797769018819357,0.5559809310418201,713.0,808,Tesla T4,16106.12736,70.0,GPU-ebb034dc-0b3b-1c3c-d046-c48876f98f58,Tesla T4,16106.12736,70.0,GPU-a83d4ee2-e765-2411-f12f-266bb2f84198,580.159.04,1.0,40,1.0,20,1.0,3,1.0,41
a-mobilenetv4-base-f2-s1,a,mobilenetv4,base,2,1,52,2756,176384,1787892800.4839633,1787892847.4740114,2026-08-28T04:53:20Z,2026-08-28T04:54:07Z,acct3,2,ecce7d,Interactive,2f3537740755,v2,6.335508622014159e-10,1.0,4.672087155855619e-06,1.5390235696296265e-05,2.7534529725441626e-08,4.071980868047831e-07,0.0,1.8749524315353481e-07,3.396455190340926e-07,0.0,371.6535387233177,1.1402095180282896e-15,128.0,0,0,46.96379280090332,44.54454445838928,2.4184772968292236,30.50795316696167,13.512702941894531,12.205217123031616,0.3503296375274658,0.6496058207286629,0.2632682998225374,0.26306891441345215,0.26743302345275877,0.2899738883972167,76.14849452930412,8437074,8437074,2494.918236017227,147509.43126994357,60,384,64,coral,coral_bce,0.0,session_balanced,adamw,0.0003,0.05,cosine,5,60,5.0,True,full,raw,full_frame,dataset_v1_1,fp16,2,mobilenetv4,2,1,base,a,2f3537740755,1.0,1.0,1.0,1.0,1.0,1.0,1.0,1.0,1.0,1.0,40,1.0,1.0,1.0,20,1.0,1.0,1.0,44,1.0,0.0,1.0,1.0,9.343827271358459e-06,9.043025604680718e-10,0.9999906563988099,0.9999906563988099,NA,-9.343601190092699e-06,9.343601190092699e-06,9.343601190092699e-06,9.343601190092699e-06,32.63636363636363,99.0,3.0,6437.404671999998,6437.404672,77.72727272727273,81.0,52.28088636363636,98.008,1354.090909090909,5000.0,4.0,2351.0276402725576,125887.37660749957,0.0,0.0,0.0,473.10438399999987,473.104384,37.0,37.0,9.377340909090908,10.258,300.0,405.0,1.0,443.8428427255494,23881.339161820844,61.654545454545456,72.7,4.845062795636363,5.113163776,18.7,3.3168956509090917,3.376185344,28.16704512,0.0,2794.870482998107,0.7763529119439186,0.5535396262160139,713.0,786,Tesla T4,16106.12736,70.0,GPU-ebb034dc-0b3b-1c3c-d046-c48876f98f58,Tesla T4,16106.12736,70.0,GPU-a83d4ee2-e765-2411-f12f-266bb2f84198,580.159.04,1.0,40,1.0,20,1.0,3,1.0,41
a-mobilenetv4-base-f2-s1,a,mobilenetv4,base,2,1,53,2809,179776,1787892847.7390459,1787892896.2214584,2026-08-28T04:54:07Z,2026-08-28T04:54:56Z,acct3,2,ecce7d,Interactive,2f3537740755,v2,8.062248133543877e-09,1.0,2.1973481615042638e-05,1.1831452032772498e-05,1.2197579595889058e-05,0.0006442574667744339,0.0,3.3169808943966906e-07,0.00030984382004134914,0.0,371.6529769203901,3.8830599205882035e-13,128.0,0,0,48.45716309547424,46.04451870918274,2.411836862564087,32.17807984352112,13.323699235916138,11.998777151107788,0.35856127738952637,0.664052077917175,0.2598594584554996,0.25848388671875,0.2627398014068604,0.2965151786804198,73.66783484965666,8437074,8437074,2543.3753991127014,150360.17870444793,60,384,64,coral,coral_bce,0.0,session_balanced,adamw,0.0003,0.05,cosine,5,60,5.0,True,full,raw,full_frame,dataset_v1_1,fp16,2,mobilenetv4,2,1,base,a,2f3537740755,1.0,1.0,1.0,1.0,1.0,1.0,1.0,1.0,1.0,1.0,40,1.0,1.0,1.0,20,1.0,1.0,1.0,44,1.0,0.0,1.0,1.0,4.395916993756655e-05,1.9021576739951605e-08,0.9999560455863292,0.9999560455863292,NA,-4.3954413670777015e-05,4.3954413670777015e-05,4.3954413670777015e-05,4.3954413670777015e-05,30.488888888888887,99.0,0.0,6437.404671999997,6437.404672,76.02222222222223,78.0,50.15491111111111,93.011,1371.6666666666667,5000.0,4.0,2397.59152638301,128306.93197960287,0.0,0.0,0.0,473.10438399999987,473.104384,36.977777777777774,37.0,9.270711111111114,9.761,300.0,405.0,1.0,453.15590812135997,24339.444228701796,60.633333333333326,72.1,4.852277885155555,5.039525888,18.4,3.3170612224000013,3.411451904,28.16704512,0.0,2850.74743450437,0.791874287362325,0.5646063668893377,713.0,810,Tesla T4,16106.12736,70.0,GPU-ebb034dc-0b3b-1c3c-d046-c48876f98f58,Tesla T4,16106.12736,70.0,GPU-a83d4ee2-e765-2411-f12f-266bb2f84198,580.159.04,1.0,40,1.0,20,1.0,3,1.0,41
a-mobilenetv4-base-f2-s1,a,mobilenetv4,base,2,1,54,2862,183168,1787892896.4817736,1787892944.007485,2026-08-28T04:54:56Z,2026-08-28T04:55:44Z,acct3,2,ecce7d,Interactive,2f3537740755,v2,3.795481398613918e-08,1.0,1.4075866112342248e-06,8.723345454071307e-06,7.218617014225488e-05,0.00382301420904696,0.0,4.535450614184808e-07,0.0018354472086593767,0.0,371.6525513019136,1.6943376197778697e-12,128.0,0,0,47.49855995178223,45.084030866622925,2.4137394428253174,30.93990969657898,13.47501516342163,12.102715492248535,0.4460122585296631,0.6513862678781709,0.2643486148906204,0.26182103157043457,0.2663261890411377,0.3003356456756592,75.23728324192948,8437074,8437074,2590.8739590644836,153152.9366335022,60,384,64,coral,coral_bce,0.0,session_balanced,adamw,0.0003,0.05,cosine,5,60,5.0,True,full,raw,full_frame,dataset_v1_1,fp16,2,mobilenetv4,2,1,base,a,2f3537740755,1.0,1.0,1.0,1.0,1.0,1.0,1.0,1.0,1.0,1.0,40,1.0,1.0,1.0,20,1.0,1.0,1.0,44,1.0,0.0,1.0,1.0,2.803157785437935e-06,8.044212459764145e-11,0.9999971968623308,0.9999971968623308,NA,-2.803137669205036e-06,2.803137669205036e-06,2.803137669205036e-06,2.803137669205036e-06,33.08888888888889,99.0,0.0,6437.404671999997,6437.404672,77.68888888888888,79.0,49.240288888888884,84.325,1336.3333333333333,5000.0,4.0,2348.076995542564,130675.01362782251,0.0,0.0,0.0,473.10438399999987,473.104384,37.0,37.0,9.334911111111111,9.96,300.0,405.0,1.0,444.6809335117141,24788.583554028697,61.23111111111111,70.2,4.803745655466668,5.115830272,18.7,3.313834393599999,3.34383104,28.16704512,0.0,2792.757929054278,0.7757660914039661,0.5531212231710279,713.0,792,Tesla T4,16106.12736,70.0,GPU-ebb034dc-0b3b-1c3c-d046-c48876f98f58,Tesla T4,16106.12736,70.0,GPU-a83d4ee2-e765-2411-f12f-266bb2f84198,580.159.04,1.0,40,1.0,20,1.0,3,1.0,41
a-mobilenetv4-base-f2-s1,a,mobilenetv4,base,2,1,55,2915,186560,1787892944.2627323,1787892991.1749685,2026-08-28T04:55:44Z,2026-08-28T04:56:31Z,acct3,2,ecce7d,Interactive,2f3537740755,v2,3.640150286903489e-09,1.0,1.320472143526366e-06,6.076053957825411e-06,1.7497885277405331e-06,8.207562495954335e-05,0.0,3.030154402949847e-07,4.444143229193264e-05,0.0,371.65224707520275,2.860687535997609e-14,128.0,0,0,46.886565923690796,44.4932541847229,2.3919687271118164,30.579383373260498,13.355854511260986,12.090500354766846,0.3741579055786133,0.6521992551774703,0.26068527743501485,0.2597963809967041,0.26402459144592283,0.28667302131652816,76.23627586144664,8437074,8437074,2637.7605249881744,155932.1394158723,60,384,64,coral,coral_bce,0.0,session_balanced,adamw,0.0003,0.05,cosine,5,60,5.0,True,full,raw,full_frame,dataset_v1_1,fp16,2,mobilenetv4,2,1,base,a,2f3537740755,1.0,1.0,1.0,1.0,1.0,1.0,1.0,1.0,1.0,1.0,40,1.0,1.0,1.0,20,1.0,1.0,1.0,44,1.0,0.0,1.0,1.0,2.631218461481945e-06,6.90840329798093e-11,0.9999973687988061,0.9999973687988061,NA,-2.6312011939255697e-06,2.6312011939255697e-06,2.6312011939255697e-06,2.6312011939255697e-06,27.65909090909091,99.0,0.0,6437.404671999998,6437.404672,76.86363636363636,79.0,49.80827272727272,75.826,1367.7272727272727,5000.0,4.0,2341.452027589825,133035.69988286676,0.0,0.0,0.0,473.10438399999987,473.104384,36.97727272727273,37.0,9.277931818181818,10.258,300.0,405.0,1.0,437.7507547802852,25230.66650000113,61.440909090909074,70.9,4.8363801134545445,5.057867776,18.5,3.31589827490909,3.38348032,28.16704512,0.0,2779.20278237011,0.7720007728805861,0.5504365510638579,713.0,787,Tesla T4,16106.12736,70.0,GPU-ebb034dc-0b3b-1c3c-d046-c48876f98f58,Tesla T4,16106.12736,70.0,GPU-a83d4ee2-e765-2411-f12f-266bb2f84198,580.159.04,1.0,40,1.0,20,1.0,3,1.0,41
a-mobilenetv4-base-f2-s1,a,mobilenetv4,base,2,1,56,2968,189952,1787892991.4377265,1787893038.2201602,2026-08-28T04:56:31Z,2026-08-28T04:57:18Z,acct3,2,ecce7d,Interactive,2f3537740755,v2,2.4913467643986584e-09,1.0,6.538171090561754e-05,3.8982124586499795e-06,2.013490621092889e-06,0.00010566710989223793,0.0,6.420286098318681e-08,5.1059844738574284e-05,0.0,371.6520393901367,2.1119255089785177e-14,128.0,0,0,46.75630259513855,44.33768820762634,2.4174211025238037,30.451375484466553,13.386438131332397,12.061941623687744,0.3242206573486328,0.651278518495017,0.260260689933345,0.2590456008911133,0.2613991260528564,0.29392313957214344,76.50376321191587,8437074,8437074,2684.516827583313,158686.4000495912,60,384,64,coral,coral_bce,0.0,session_balanced,adamw,0.0003,0.05,cosine,5,60,5.0,True,full,raw,full_frame,dataset_v1_1,fp16,2,mobilenetv4,2,1,base,a,2f3537740755,1.0,1.0,1.0,1.0,1.0,1.0,1.0,1.0,1.0,1.0,40,1.0,1.0,1.0,20,1.0,1.0,1.0,44,1.0,0.0,1.0,1.0,0.00013075121347033578,1.5970451700598295e-07,0.9998692887333723,0.9998692887333723,NA,-0.00013071126662766996,0.00013071126662766996,0.00013071126662766996,0.00013071126662766996,27.863636363636363,96.0,2.0,6437.404671999998,6437.404672,76.9090909090909,78.0,49.83797727272727,91.61,1280.1136363636363,5000.0,4.0,2320.227589702263,135368.01997413088,0.0,0.0,0.0,473.10438399999987,473.104384,37.0,37.0,9.205522727272728,9.662,300.0,405.0,1.0,434.03304401661444,25669.050092256974,61.9090909090909,71.9,4.78881680290909,5.002825728,18.4,3.313175365818181,3.313180672,28.05379072,0.0,2754.260633718877,0.7650723982552436,0.5454966199559887,713.0,784,Tesla T4,16106.12736,70.0,GPU-ebb034dc-0b3b-1c3c-d046-c48876f98f58,Tesla T4,16106.12736,70.0,GPU-a83d4ee2-e765-2411-f12f-266bb2f84198,580.159.04,1.0,40,1.0,20,1.0,3,1.0,41
a-mobilenetv4-base-f2-s1,a,mobilenetv4,base,2,1,57,3021,193344,1787893038.4779801,1787893085.901842,2026-08-28T04:57:18Z,2026-08-28T04:58:05Z,acct3,2,ecce7d,Interactive,2f3537740755,v2,2.5294831915566863e-10,1.0,5.37931920497123e-05,2.1969246228460523e-06,1.3039021334347092e-08,3.879668781792134e-07,0.0,6.010938733425062e-08,2.3050845982197548e-07,0.0,371.65191387898636,7.707681827401934e-17,128.0,0,0,47.39634561538696,44.93617105484009,2.4590413570404053,30.98495316505432,13.410483837127686,12.00658369064331,0.35962986946105957,0.6537413963619007,0.26149678230285645,0.26023435592651367,0.2646195888519287,0.28920374870300286,75.48484707031234,8437074,8437074,2731.9131731987,161510.16287993843,60,384,64,coral,coral_bce,0.0,session_balanced,adamw,0.0003,0.05,cosine,5,60,5.0,True,full,raw,full_frame,dataset_v1_1,fp16,2,mobilenetv4,2,1,base,a,2f3537740755,1.0,1.0,1.0,1.0,1.0,1.0,1.0,1.0,1.0,1.0,40,1.0,1.0,1.0,20,1.0,1.0,1.0,44,1.0,0.0,1.0,1.0,0.00010757075401839406,1.0708164253117377e-07,0.9998924560271777,0.9998924560271777,NA,-0.00010754397282231043,0.00010754397282231043,0.00010754397282231043,0.00010754397282231043,25.755555555555556,99.0,0.0,6437.404671999997,6437.404672,77.02222222222223,78.0,49.97191111111111,91.592,1379.3333333333333,5000.0,4.0,2382.9815164012834,137766.57650822614,0.0,0.0,0.0,473.10438399999987,473.104384,37.0,37.0,9.259955555555557,10.059,300.0,405.0,1.0,440.7813139459613,26113.024318392418,60.91555555555555,69.9,4.837212159999999,5.007732736,18.3,3.313209161955555,3.313221632,28.05379072,0.0,2823.7628303472447,0.7843785639853458,0.5592619161215515,713.0,794,Tesla T4,16106.12736,70.0,GPU-ebb034dc-0b3b-1c3c-d046-c48876f98f58,Tesla T4,16106.12736,70.0,GPU-a83d4ee2-e765-2411-f12f-266bb2f84198,580.159.04,1.0,40,1.0,20,1.0,3,1.0,41
a-mobilenetv4-base-f2-s1,a,mobilenetv4,base,2,1,58,3074,196736,1787893086.1788125,1787893133.1028726,2026-08-28T04:58:06Z,2026-08-28T04:58:53Z,acct3,2,ecce7d,Interactive,2f3537740755,v2,1.2865328737658974e-09,1.0,1.2516975402832031e-06,9.777396977174666e-07,7.406366565745421e-08,7.962035510900023e-07,0.0,5.827848326589446e-07,7.267721662174149e-07,0.0,371.6518358928327,1.9484630258263528e-16,128.0,0,0,46.89721083641052,44.44544291496277,2.450591564178467,30.524616241455078,13.38325309753418,12.036000967025757,0.35496068000793457,0.6508834043016493,0.2608229619152141,0.2592930793762207,0.2641743659973145,0.2892478847503661,76.31828546494397,8437074,8437074,2778.8103840351105,164260.2427033691,60,384,64,coral,coral_bce,0.0,session_balanced,adamw,0.0003,0.05,cosine,5,60,5.0,True,full,raw,full_frame,dataset_v1_1,fp16,2,mobilenetv4,2,1,base,a,2f3537740755,1.0,1.0,1.0,1.0,1.0,1.0,1.0,1.0,1.0,1.0,40,1.0,1.0,1.0,20,1.0,1.0,1.0,44,1.0,0.0,1.0,1.0,2.5314939933185614e-06,6.383140345386257e-11,0.9999974685219618,0.9999974685219618,NA,-2.531478038192425e-06,2.531478038192425e-06,2.531478038192425e-06,2.531478038192425e-06,27.931818181818183,99.0,0.0,6437.404671999998,6437.404672,76.8409090909091,78.0,49.66961363636363,98.723,1340.7954545454545,5000.0,4.0,2314.2329281469574,140096.9440402926,0.0,0.0,0.0,473.10438399999987,473.104384,37.0,37.0,9.203568181818182,9.761,300.0,405.0,1.0,435.8468952837029,26553.3965782074,61.05,71.4,4.831544785454546,5.048713216,18.6,3.319558423272726,3.411730432,28.16704512,0.0,2750.0798234306603,0.7639110620640723,0.5446685872516835,713.0,784,Tesla T4,16106.12736,70.0,GPU-ebb034dc-0b3b-1c3c-d046-c48876f98f58,Tesla T4,16106.12736,70.0,GPU-a83d4ee2-e765-2411-f12f-266bb2f84198,580.159.04,1.0,40,1.0,20,1.0,3,1.0,41
a-mobilenetv4-base-f2-s1,a,mobilenetv4,base,2,1,59,3127,200128,1787893133.3660774,1787893180.9234407,2026-08-28T04:58:53Z,2026-08-28T04:59:40Z,acct3,2,ecce7d,Interactive,2f3537740755,v2,1.354844972232267e-09,1.0,1.6001554635854868e-06,2.4463441107965276e-07,7.705642784814254e-07,4.033073128084652e-05,0.0,8.001962186199298e-08,1.9479301092815022e-05,0.0,371.6518035839807,5.07212763795252e-16,128.0,0,0,47.53179860115051,45.15756869316101,2.3734726905822754,31.179864406585693,13.42724895477295,12.124274969100952,0.36937570571899414,0.655979056635803,0.26188589491934144,0.26173853874206543,0.26556758880615233,0.2832956027984619,75.11476144891984,8437074,8437074,2826.342182636261,167053.9066972938,60,384,64,coral,coral_bce,0.0,session_balanced,adamw,0.0003,0.05,cosine,5,60,5.0,True,full,raw,full_frame,dataset_v1_1,fp16,2,mobilenetv4,2,1,base,a,2f3537740755,1.0,1.0,1.0,1.0,1.0,1.0,1.0,1.0,1.0,1.0,40,1.0,1.0,1.0,20,1.0,1.0,1.0,44,1.0,0.0,1.0,1.0,3.2089338774024786e-06,1.0451692365918347e-10,0.999996791092249,0.999996791092249,NA,-3.2089077509622754e-06,3.2089077509622754e-06,3.2089077509622754e-06,3.2089077509622754e-06,29.066666666666666,99.0,1.0,6437.404671999997,6437.404672,77.31111111111112,80.0,51.8292,96.003,1327.0,5000.0,4.0,2353.079487400857,142467.84578933477,0.0,0.0,0.0,473.10438399999987,473.104384,36.8,37.0,9.245266666666666,9.662,300.0,405.0,1.0,440.5845065238609,26998.47919828288,61.53777777777778,70.9,4.8797692359111124,5.093879808,18.6,3.3134368085333343,3.313475584,28.054839296,0.0,2793.663993924718,0.7760177760901994,0.5533006743523122,713.0,796,Tesla T4,16106.12736,70.0,GPU-ebb034dc-0b3b-1c3c-d046-c48876f98f58,Tesla T4,16106.12736,70.0,GPU-a83d4ee2-e765-2411-f12f-266bb2f84198,580.159.04,1.0,40,1.0,20,1.0,3,1.0,41
a-mobilenetv4-base-f2-s1,a,mobilenetv4,base,2,1,60,3180,203520,1787893181.189877,1787893228.892129,2026-08-28T04:59:41Z,2026-08-28T05:00:28Z,acct3,2,ecce7d,Interactive,2f3537740755,v2,1.3225374404457635e-09,1.0,7.840303252438529e-07,0.0,2.0026290355164473e-07,8.622808309155516e-06,0.0,2.543068063687314e-07,4.675313330153562e-06,0.0,371.6518035839807,0.0,128.0,0,0,47.673871994018555,45.250338554382324,2.4226467609405518,31.425541400909424,13.289355516433716,12.02933931350708,0.35866785049438477,0.6591774505929004,0.259079321375433,0.2579226493835449,0.26066060066223146,0.2859839725494384,74.96076512054069,8437074,8437074,2874.0160546302795,169844.67100360122,60,384,64,coral,coral_bce,0.0,session_balanced,adamw,0.0003,0.05,cosine,5,60,5.0,True,full,raw,full_frame,dataset_v1_1,fp16,2,mobilenetv4,2,1,base,a,2f3537740755,1.0,1.0,1.0,1.0,1.0,1.0,1.0,1.0,1.0,1.0,40,1.0,1.0,1.0,20,1.0,1.0,1.0,44,1.0,0.0,1.0,1.0,1.5697863720632735e-06,2.5405533525379726e-11,0.9999984302199804,0.9999984302199804,NA,-1.5697800196390332e-06,1.5697800196390332e-06,1.5697800196390332e-06,1.5697800196390332e-06,26.11111111111111,99.0,0.0,6437.404671999997,6437.404672,76.42222222222222,78.0,47.35335555555556,82.327,1357.0,5000.0,4.0,2347.4527417577337,144838.86208022817,0.0,0.0,0.0,473.10438399999987,473.104384,36.84444444444444,37.0,9.230222222222226,9.662,300.0,405.0,1.0,443.3115645496837,27446.65699431626,60.86222222222223,69.7,4.894345261511111,5.063491584,18.5,3.313918862222223,3.31395072,28.054839296,0.0,2790.7643063074174,0.7752123073076159,0.5527263751103302,713.0,798,Tesla T4,16106.12736,70.0,GPU-ebb034dc-0b3b-1c3c-d046-c48876f98f58,Tesla T4,16106.12736,70.0,GPU-a83d4ee2-e765-2411-f12f-266bb2f84198,580.159.04,1.0,40,1.0,20,1.0,3,1.0,41
