run_id,stage,arch,technique,fold,seed,epoch,global_step,samples_seen,ts_start,ts_end,iso_start,iso_end,account,worker_id,session_id,host,config_hash,lib_version,train_loss,train_acc,val_loss,lr_group0,grad_norm_mean,grad_norm_max,grad_norm_p50,grad_norm_p95,grad_norm_p99,grad_clip_hit_rate,weight_norm_total,update_to_weight_ratio,amp_scale,amp_scale_decreases,nan_or_inf_batches,epoch_seconds,train_seconds,val_seconds,dataload_seconds,compute_seconds,backward_seconds,optimizer_seconds,dataload_frac,step_time_mean,step_time_p50,step_time_p90,step_time_p99,images_per_second,n_params_total,n_params_trainable,wall_seconds_cumulative,energy_joules_cumulative,epochs_planned,cfg_input_resolution,cfg_batch_size,cfg_head_type,cfg_loss_name,cfg_label_smoothing,cfg_sampler_name,cfg_optimizer_name,cfg_lr_initial,cfg_weight_decay,cfg_scheduler_name,cfg_warmup_epochs,cfg_max_epochs,cfg_grad_clip,cfg_pretrained,cfg_finetune_depth,cfg_preprocessing,cfg_roi_mode,cfg_augment_policy,cfg_precision,cfg_num_workers,cfg_arch,cfg_fold,cfg_seed,cfg_technique,cfg_stage,cfg_config_hash,val_acc,val_balanced_acc,val_f1_macro,val_f1_micro,val_f1_weighted,val_precision_macro,val_recall_macro,val_f1_low,val_recall_low,val_precision_low,val_support_low,val_f1_mid,val_recall_mid,val_precision_mid,val_support_mid,val_f1_high,val_recall_high,val_precision_high,val_support_high,val_qwk,val_mae_class,val_cohen_kappa,val_mcc,val_nll,val_brier,val_mean_confidence,val_mean_confidence_correct,val_mean_confidence_incorrect,val_overconfidence_gap,val_ece,val_mce,val_ace,gpu0_util_mean,gpu0_util_max,gpu0_util_p50,gpu0_mem_used_mb_mean,gpu0_mem_used_mb_peak,gpu0_temp_c_mean,gpu0_temp_c_max,gpu0_power_w_mean,gpu0_power_w_max,gpu0_sm_clock_mhz_mean,gpu0_mem_clock_mhz_mean,gpu0_throttle_reasons,gpu0_energy_joules_epoch,gpu0_energy_joules_cumulative,gpu1_util_mean,gpu1_util_max,gpu1_util_p50,gpu1_mem_used_mb_mean,gpu1_mem_used_mb_peak,gpu1_temp_c_mean,gpu1_temp_c_max,gpu1_power_w_mean,gpu1_power_w_max,gpu1_sm_clock_mhz_mean,gpu1_mem_clock_mhz_mean,gpu1_throttle_reasons,gpu1_energy_joules_epoch,gpu1_energy_joules_cumulative,cpu_percent_mean,cpu_percent_max,ram_used_gb_mean,ram_used_gb_peak,ram_percent_peak,proc_rss_gb_mean,proc_rss_gb_peak,proc_vms_gb_peak,swap_used_gb_peak,energy_joules_epoch,energy_wh_epoch,co2_g_epoch,carbon_intensity_g_per_kwh,power_sample_count,gpu0_name,gpu0_mem_total_mb,gpu0_power_limit_w,gpu0_uuid,gpu1_name,gpu1_mem_total_mb,gpu1_power_limit_w,gpu1_uuid,gpu_driver,val_acc_session_mileage_000100_005000__session_001,val_n_session_mileage_000100_005000__session_001,val_acc_session_mileage_070000__session_001,val_n_session_mileage_070000__session_001,val_acc_session_mileage_100000_plus__session_001,val_n_session_mileage_100000_plus__session_001,val_acc_session_mileage_100000_plus__session_005,val_n_session_mileage_100000_plus__session_005
a-mobilenetv4-base-f2-s3,a,mobilenetv4,base,2,3,1,53,3392,1787861943.8802752,1787862011.263455,2026-08-27T20:19:03Z,2026-08-27T20:20:11Z,acct1,0,b8aaf6,Interactive,8e00edb77690,v2,0.7815693215493669,0.7694575471698113,0.10767128117955647,5.9999999999999995e-05,,,,,,0.8490566037735849,371.70927035409454,,64.0,10,0,67.36050343513489,48.50091576576233,18.858073711395264,33.00825619697571,14.97577977180481,13.58177137374878,0.32616567611694336,0.4900238940280659,0.290421189002271,0.2914125919342041,0.30041069984436036,0.3133771228790283,69.93682379899461,8437074,8437074,67.36050343513489,4023.8642684390516,60,384,64,coral,coral_bce,0.0,session_balanced,adamw,0.0003,0.05,cosine,5,60,5.0,True,full,raw,full_frame,dataset_v1_1,fp16,2,mobilenetv4,2,3,base,a,8e00edb77690,0.9423076923076923,0.9500000000000001,0.9294947121034077,0.9423076923076923,0.9437313567748351,0.923076923076923,0.9500000000000001,0.9189189189189189,0.85,1.0,40,0.8695652173913044,1.0,0.7692307692307693,20,1.0,1.0,1.0,44,0.9627862595419847,0.057692307692307696,0.9108571428571428,0.9156323781131347,0.19623460675765794,0.09873624027993508,0.9630697616017782,0.9737900440790215,0.7879718144734701,0.02076206929408586,0.0441603161967717,0.45283836126327515,0.0441603161967717,32.507936507936506,100.0,0.0,5235.00423720635,8033.337344,77.61904761904762,81.0,52.28804761904762,92.757,1208.3333333333333,5000.0,4.0,3360.5570737075773,3368.956461879727,0.0,0.0,0.0,473.10438399999987,473.104384,37.698412698412696,38.0,9.813555555555556,10.332,300.0,405.0,1.0,663.3071947314743,665.9291920936112,53.15555555555556,70.8,4.308822243555556,4.609376256,18.7,4.3293047791746035,4.356165632,30.552756224,0.0,4023.8642684390516,1.1177400745664032,0.7969486731658455,713.0,1128,Tesla T4,16106.12736,70.0,GPU-4d8859c5-136c-374a-089b-73c32dcd32f0,Tesla T4,16106.12736,70.0,GPU-6d7c29a2-e30e-948b-86cf-75bfa141957f,580.159.04,0.85,40,1.0,20,1.0,3,1.0,41
a-mobilenetv4-base-f2-s3,a,mobilenetv4,base,2,3,2,106,6784,1787862011.6812794,1787862061.9425945,2026-08-27T20:20:11Z,2026-08-27T20:21:01Z,acct1,0,b8aaf6,Interactive,8e00edb77690,v2,0.0048372188712041304,0.9970518867924528,1.1341476440429688,0.00011999999999999999,13.944545608672822,135.32664489746094,0.4058626890182495,86.90281219482422,120.5813528442382,0.2830188679245283,371.71005877319294,4.501749235852041e-06,64.0,0,0,50.23979115486145,47.64850616455078,2.5894742012023926,32.85594630241394,14.230631351470947,12.890077829360962,0.36461639404296875,0.6539825414707091,0.2771772753517583,0.27723050117492676,0.2861313343048096,0.30460385322570793,71.18796103042486,8437074,8437074,117.60029458999634,7049.673163470509,60,384,64,coral,coral_bce,0.0,session_balanced,adamw,0.0003,0.05,cosine,5,60,5.0,True,full,raw,full_frame,dataset_v1_1,fp16,2,mobilenetv4,2,3,base,a,8e00edb77690,0.6442307692307693,0.6916666666666668,0.5530051344004833,0.6442307692307693,0.5766442859466115,0.7836257309941521,0.6916666666666668,0.13953488372093023,0.075,1.0,40,0.5194805194805194,1.0,0.3508771929824561,20,1.0,1.0,1.0,44,0.710589651022864,0.3557692307692308,0.4950131233595801,0.6065017304406407,2.2677438618165087,0.6559208631038991,0.98089300096035,0.9959433212209103,0.9536397183263624,0.33666223172958076,0.33666223172958076,0.6394819021224976,0.33666223172958076,27.74468085106383,99.0,0.0,6206.5394709787215,6441.598976,76.63829787234043,79.0,52.174595744680865,88.272,1308.5106382978724,5000.0,4.0,2532.9325817375247,5928.506454348091,0.0,0.0,0.0,473.1043839999998,473.104384,37.4468085106383,38.0,9.766127659574469,10.135,300.0,405.0,1.0,492.8763132939331,1164.5060493199821,60.327659574468086,71.5,4.5840076364255316,4.774879232,19.2,4.35621888,4.35621888,29.107085312,0.0,3025.8088950314577,0.8405024708420716,0.5992782617103971,713.0,841,Tesla T4,16106.12736,70.0,GPU-4d8859c5-136c-374a-089b-73c32dcd32f0,Tesla T4,16106.12736,70.0,GPU-6d7c29a2-e30e-948b-86cf-75bfa141957f,580.159.04,0.075,40,1.0,20,1.0,3,1.0,41
a-mobilenetv4-base-f2-s3,a,mobilenetv4,base,2,3,3,159,10176,1787862062.2155025,1787862112.4359481,2026-08-27T20:21:02Z,2026-08-27T20:21:52Z,acct1,0,b8aaf6,Interactive,8e00edb77690,v2,0.014257014852791825,0.9961674528301887,0.03218736786108751,0.00017999999999999998,22.896112062457554,169.81509399414062,0.04805434122681618,110.53707733154293,162.58079711914058,0.33962264150943394,371.7141635610697,1.1087283120341101e-05,64.0,0,0,50.20155596733093,47.63676929473877,2.563323974609375,32.93815493583679,14.142073631286621,12.832197189331055,0.3708000183105469,0.6561182079151403,0.2755245352691075,0.27298521995544434,0.28865466117858884,0.30261818885803216,71.20550050346569,8437074,8437074,167.80185055732727,10037.519960638521,60,384,64,coral,coral_bce,0.0,session_balanced,adamw,0.0003,0.05,cosine,5,60,5.0,True,full,raw,full_frame,dataset_v1_1,fp16,2,mobilenetv4,2,3,base,a,8e00edb77690,0.9903846153846154,0.9916666666666667,0.9876505094164866,0.9903846153846154,0.9904410193079536,0.9841269841269842,0.9916666666666667,0.9873417721518987,0.975,1.0,40,0.975609756097561,1.0,0.9523809523809523,20,1.0,1.0,1.0,44,0.9939981532779316,0.009615384615384616,0.9849275362318841,0.9850740357660185,0.06437459781215965,0.023516054500487542,0.9921604125545576,0.9921157088094544,0.9967648983001709,0.0017757971699421393,0.01468128481736548,0.35745537281036377,0.01468128481736548,28.638297872340427,99.0,0.0,6441.5989759999975,6441.598976,76.8936170212766,79.0,50.0452340425532,86.039,1257.127659574468,5000.0,4.0,2493.69954246449,8436.357505945205,0.0,0.0,0.0,473.1043839999998,473.104384,37.744680851063826,38.0,9.73859574468085,10.233,300.0,405.0,1.0,494.14725470352187,1663.8220273392196,60.5595744680851,69.6,4.704692354723404,4.981235712,19.8,4.357500317957447,4.403339264,29.107085312,0.0,2987.846797168012,0.8299574436577811,0.591759657327998,713.0,842,Tesla T4,16106.12736,70.0,GPU-4d8859c5-136c-374a-089b-73c32dcd32f0,Tesla T4,16106.12736,70.0,GPU-6d7c29a2-e30e-948b-86cf-75bfa141957f,580.159.04,0.975,40,1.0,20,1.0,3,1.0,41
a-mobilenetv4-base-f2-s3,a,mobilenetv4,base,2,3,4,212,13568,1787862112.948834,1787862164.1118212,2026-08-27T20:21:52Z,2026-08-27T20:22:44Z,acct1,0,b8aaf6,Interactive,8e00edb77690,v2,0.037530433200995396,0.9902712264150944,1.1769393802145899e-07,0.00023999999999999998,19.47839898801774,130.6197509765625,0.11358165740966797,72.81878051757812,107.35091339111314,0.37735849056603776,371.7383755063957,1.2575553306155305e-05,64.0,0,0,51.142377614974976,48.60673499107361,2.5347707271575928,33.81875419616699,14.22507357597351,12.932100772857666,0.3672616481781006,0.6612667571064302,0.27712552502470195,0.2785959243774414,0.2903298854827881,0.30325126647949213,69.78456793328999,8437074,8437074,218.94422817230225,13084.085144601577,60,384,64,coral,coral_bce,0.0,session_balanced,adamw,0.0003,0.05,cosine,5,60,5.0,True,full,raw,full_frame,dataset_v1_1,fp16,2,mobilenetv4,2,3,base,a,8e00edb77690,1.0,1.0,1.0,1.0,1.0,1.0,1.0,1.0,1.0,1.0,40,1.0,1.0,1.0,20,1.0,1.0,1.0,44,1.0,0.0,1.0,1.0,2.349822434082824e-07,9.575301281854069e-12,0.9999997650201504,0.9999997650201504,NA,-2.349798495782096e-07,2.349798495782096e-07,2.349798495782096e-07,2.349798495782096e-07,23.208333333333332,99.0,0.0,6441.598976,6441.598976,77.14583333333333,79.0,52.06299999999999,96.633,1243.75,5000.0,4.0,2543.515844667192,11011.55791166615,0.0,0.0,0.0,473.10438400000004,473.104384,37.895833333333336,38.0,9.7944375,10.827,300.0,405.0,1.0,503.049339295864,2174.533094085216,60.07500000000001,71.2,4.712075946666666,4.843270144,19.6,4.35621888,4.35621888,29.10707712,0.0,3046.5651839630564,0.8462681066564045,0.6033891600460165,713.0,854,Tesla T4,16106.12736,70.0,GPU-4d8859c5-136c-374a-089b-73c32dcd32f0,Tesla T4,16106.12736,70.0,GPU-6d7c29a2-e30e-948b-86cf-75bfa141957f,580.159.04,1.0,40,1.0,20,1.0,3,1.0,41
a-mobilenetv4-base-f2-s3,a,mobilenetv4,base,2,3,5,265,16960,1787862164.6186886,1787862214.4075463,2026-08-27T20:22:44Z,2026-08-27T20:23:34Z,acct1,0,b8aaf6,Interactive,8e00edb77690,v2,0.023848830507961355,0.9941037735849056,0.016822414910065548,0.0003,6.017298105054154,56.981143951416016,0.017223317176103592,37.33173828124999,56.33184417724609,0.2641509433962264,371.7782028567083,4.855554784130276e-06,64.0,0,0,49.76762843132019,47.3002393245697,2.466562271118164,32.74516797065735,14.010504722595215,12.739083051681519,0.3633575439453125,0.6579611888849797,0.27284422460592017,0.2716991901397705,0.28481593132019045,0.28882633209228514,71.71211073002023,8437074,8437074,268.71185660362244,16075.558871027932,60,384,64,coral,coral_bce,0.0,session_balanced,adamw,0.0003,0.05,cosine,5,60,5.0,True,full,raw,full_frame,dataset_v1_1,fp16,2,mobilenetv4,2,3,base,a,8e00edb77690,1.0,1.0,1.0,1.0,1.0,1.0,1.0,1.0,1.0,1.0,40,1.0,1.0,1.0,20,1.0,1.0,1.0,44,1.0,0.0,1.0,1.0,0.014539488479796378,0.008902855641992434,0.9885659160522314,0.9885659160522314,NA,-0.01143408394776857,0.011434083947768589,0.4563654065132141,0.011434083947768589,23.851063829787233,99.0,0.0,6441.5989759999975,6441.598976,76.8936170212766,78.0,50.530340425531904,92.234,1278.1914893617022,5000.0,4.0,2503.2685237152436,13536.147497446755,0.0,0.0,0.0,473.1043839999998,473.104384,37.97872340425532,38.0,9.751553191489364,10.431,300.0,405.0,1.0,488.2052027111117,2668.470133440977,60.83404255319149,69.2,4.826502078638298,4.97514496,19.9,4.358504273702128,4.463632384,29.107085312,0.0,2991.4737264263554,0.8309649240073209,0.5924779908172199,713.0,834,Tesla T4,16106.12736,70.0,GPU-4d8859c5-136c-374a-089b-73c32dcd32f0,Tesla T4,16106.12736,70.0,GPU-6d7c29a2-e30e-948b-86cf-75bfa141957f,580.159.04,1.0,40,1.0,20,1.0,3,1.0,41
a-mobilenetv4-base-f2-s3,a,mobilenetv4,base,2,3,6,318,20352,1787862214.6691067,1787862264.2494075,2026-08-27T20:23:34Z,2026-08-27T20:24:24Z,acct1,0,b8aaf6,Interactive,8e00edb77690,v2,0.035170523968737426,0.9935141509433962,1.146387682218539e-07,0.0002997553655889203,11.201696529570963,325.7554626464844,0.0005875002243556082,37.09702796936033,180.9982508850089,0.2641509433962264,371.81714615300575,9.03069875388677e-06,64.0,0,0,49.559123277664185,46.99914360046387,2.55908203125,32.509034156799316,13.920081377029419,12.581694841384888,0.37558507919311523,0.6559646742469882,0.27148189184800636,0.26755666732788086,0.28336129188537595,0.2991986083984374,72.17152782261594,8437074,8437074,318.2709798812866,19046.936619914286,60,384,64,coral,coral_bce,0.0,session_balanced,adamw,0.0003,0.05,cosine,5,60,5.0,True,full,raw,full_frame,dataset_v1_1,fp16,2,mobilenetv4,2,3,base,a,8e00edb77690,1.0,1.0,1.0,1.0,1.0,1.0,1.0,1.0,1.0,1.0,40,1.0,1.0,1.0,20,1.0,1.0,1.0,44,1.0,0.0,1.0,1.0,2.384187830071794e-07,8.200774084828839e-13,0.9999997615814209,0.9999997615814209,NA,-2.384185791015625e-07,2.384185791015625e-07,2.384185791015625e-07,2.384185791015625e-07,25.5,99.0,0.0,6441.598975999998,6441.598976,77.0,79.0,48.13354347826087,69.447,1312.8260869565217,5000.0,4.0,2483.9968254509095,16034.065142599096,0.0,0.0,0.0,473.1043839999998,473.104384,37.95652173913044,38.0,9.734652173913043,10.337,300.0,405.0,1.0,487.3809234354444,3159.8060328729152,61.77826086956523,72.7,4.756387572869564,4.93817856,19.8,4.358957145043478,4.46271488,29.107085312,0.0,2971.377748886354,0.8253827080239872,0.5884978708211028,713.0,834,Tesla T4,16106.12736,70.0,GPU-4d8859c5-136c-374a-089b-73c32dcd32f0,Tesla T4,16106.12736,70.0,GPU-6d7c29a2-e30e-948b-86cf-75bfa141957f,580.159.04,1.0,40,1.0,20,1.0,3,1.0,41
a-mobilenetv4-base-f2-s3,a,mobilenetv4,base,2,3,7,371,23744,1787862264.5089333,1787862313.8749425,2026-08-27T20:24:24Z,2026-08-27T20:25:13Z,acct1,0,b8aaf6,Interactive,8e00edb77690,v2,0.018684470787127823,0.9908608490566038,0.001020561363005556,0.00029902226030228247,3.642401329018262,33.3575325012207,0.019874559715390205,21.28580703735351,30.867310256957992,0.20754716981132076,371.8493610730183,2.929033077233674e-06,64.0,0,0,49.342668294906616,46.74166822433472,2.5993356704711914,32.132185220718384,14.059820890426636,12.765338659286499,0.3640115261077881,0.6512048563866422,0.2738554702614838,0.2733914852142334,0.28462982177734375,0.2883446216583252,72.56908298009894,8437074,8437074,367.61364817619324,22006.83232668684,60,384,64,coral,coral_bce,0.0,session_balanced,adamw,0.0003,0.05,cosine,5,60,5.0,True,full,raw,full_frame,dataset_v1_1,fp16,2,mobilenetv4,2,3,base,a,8e00edb77690,1.0,1.0,1.0,1.0,1.0,1.0,1.0,1.0,1.0,1.0,40,1.0,1.0,1.0,20,1.0,1.0,1.0,44,1.0,0.0,1.0,1.0,0.002041119630156518,6.442625479872519e-05,0.9979752262051289,0.9979752262051289,NA,-0.002024773794871093,0.002024773794871093,0.002024773794871093,0.002024773794871093,26.5531914893617,99.0,0.0,6441.5989759999975,6441.598976,77.0,78.0,51.72455319148936,96.826,1296.3829787234042,5000.0,4.0,2476.597045208915,18530.215501622413,0.0,0.0,0.0,473.1043839999998,473.104384,37.659574468085104,38.0,9.782744680851065,10.238,300.0,405.0,1.0,483.29866156363687,3647.4381483027955,60.680851063829785,72.5,4.814395784170213,5.055193088,20.0,4.356694364595745,4.378566656,29.064617984,0.0,2959.895706772552,0.8221932518812645,0.5862237885913415,713.0,824,Tesla T4,16106.12736,70.0,GPU-4d8859c5-136c-374a-089b-73c32dcd32f0,Tesla T4,16106.12736,70.0,GPU-6d7c29a2-e30e-948b-86cf-75bfa141957f,580.159.04,1.0,40,1.0,20,1.0,3,1.0,41
a-mobilenetv4-base-f2-s3,a,mobilenetv4,base,2,3,8,424,27136,1787862314.159887,1787862365.2211828,2026-08-27T20:25:14Z,2026-08-27T20:26:05Z,acct1,0,b8aaf6,Interactive,8e00edb77690,v2,0.005607185927897354,0.9970518867924528,2.9849319255631075e-09,0.0002978030753771539,1.0389429985285612,9.547738075256348,0.016273723915219307,6.222630310058588,9.337049446105956,0.05660377358490566,371.85337419245155,8.320495162247425e-07,64.0,0,0,51.040552616119385,48.38401198387146,2.6545896530151367,33.82567524909973,14.004955768585205,12.681649208068848,0.36406517028808594,0.6627215716786159,0.2728919398109868,0.27156949043273926,0.28337793350219725,0.3010629653930663,70.10580274183762,8437074,8437074,418.6542007923126,25116.968161276574,60,384,64,coral,coral_bce,0.0,session_balanced,adamw,0.0003,0.05,cosine,5,60,5.0,True,full,raw,full_frame,dataset_v1_1,fp16,2,mobilenetv4,2,3,base,a,8e00edb77690,1.0,1.0,1.0,1.0,1.0,1.0,1.0,1.0,1.0,1.0,40,1.0,1.0,1.0,20,1.0,1.0,1.0,44,1.0,0.0,1.0,1.0,-0.0,1.9999999756901162e-16,1.0,1.0,NA,0.0,0.0,0.0,0.0,26.854166666666668,99.0,0.0,6441.598976,6441.598976,77.10416666666667,79.0,51.36972916666667,94.985,1294.375,5000.0,4.0,2609.860908572213,21159.318603499167,0.0,0.0,0.0,473.10438400000004,473.104384,37.729166666666664,38.0,9.738791666666666,10.431,300.0,405.0,1.0,500.2749260175219,4153.085464935304,60.53958333333333,70.2,4.762570154666666,4.999000064,19.9,4.357782186666667,4.40963072,29.107085312,0.0,3110.1358345897347,0.8639266207193708,0.6159796805729113,713.0,858,Tesla T4,16106.12736,70.0,GPU-4d8859c5-136c-374a-089b-73c32dcd32f0,Tesla T4,16106.12736,70.0,GPU-6d7c29a2-e30e-948b-86cf-75bfa141957f,580.159.04,1.0,40,1.0,20,1.0,3,1.0,41
a-mobilenetv4-base-f2-s3,a,mobilenetv4,base,2,3,9,477,30528,1787862365.4901466,1787862416.126974,2026-08-27T20:26:05Z,2026-08-27T20:26:56Z,acct1,0,b8aaf6,Interactive,8e00edb77690,v2,5.327833536583824e-05,1.0,5.288376716914801e-06,0.00029610178754135,0.04176315769746728,1.049720048904419,0.00018078400171361864,0.2611228525638577,0.7235033786296825,0.0,371.84439382353605,3.325623796673369e-08,64.0,0,0,50.61550283432007,47.974015951156616,2.6406848430633545,33.67551136016846,13.728681087493896,12.309442043304443,0.37970924377441406,0.6653200990692248,0.2679507777375995,0.26656079292297363,0.27101473808288573,0.2981340599060057,70.7049416803769,8437074,8437074,469.2697036266327,28136.517091680296,60,384,64,coral,coral_bce,0.0,session_balanced,adamw,0.0003,0.05,cosine,5,60,5.0,True,full,raw,full_frame,dataset_v1_1,fp16,2,mobilenetv4,2,3,base,a,8e00edb77690,1.0,1.0,1.0,1.0,1.0,1.0,1.0,1.0,1.0,1.0,40,1.0,1.0,1.0,20,1.0,1.0,1.0,44,1.0,0.0,1.0,1.0,1.0560569306784707e-05,5.507018923967481e-09,0.9999894408079294,0.9999894408079294,NA,-1.0559192070602741e-05,1.0559192070602741e-05,1.0559192070602741e-05,1.0559192070602741e-05,26.02127659574468,99.0,0.0,6441.5989759999975,6441.598976,77.25531914893617,79.0,50.82423404255318,97.188,1331.8085106382978,5000.0,4.0,2519.5160975854524,23698.630055733687,0.0,0.0,0.0,473.1043839999998,473.104384,37.723404255319146,38.0,9.795063829787235,10.233,300.0,405.0,1.0,500.0328328182695,4658.360446660998,60.340425531914896,70.4,4.760712126638297,4.985319424,19.8,4.35621888,4.35621888,28.993830912,0.0,3019.548930403722,0.8387635917788117,0.5980384409382927,713.0,852,Tesla T4,16106.12736,70.0,GPU-4d8859c5-136c-374a-089b-73c32dcd32f0,Tesla T4,16106.12736,70.0,GPU-6d7c29a2-e30e-948b-86cf-75bfa141957f,580.159.04,1.0,40,1.0,20,1.0,3,1.0,41
a-mobilenetv4-base-f2-s3,a,mobilenetv4,base,2,3,10,530,33920,1787862416.4097784,1787862466.5864162,2026-08-27T20:26:56Z,2026-08-27T20:27:46Z,acct1,0,b8aaf6,Interactive,8e00edb77690,v2,1.224459194483784e-05,1.0,1.4074008994122357e-06,0.0002939239460421746,0.0027168178931843904,0.05963752046227455,7.821087638149038e-05,0.006903185416013002,0.05046968817710871,0.0,371.8321360234631,2.1475761734385284e-09,64.0,0,0,50.15309023857117,47.49333453178406,2.658266067504883,33.29518175125122,13.657552719116211,12.294326782226562,0.35712218284606934,0.663870991655165,0.26615203101679963,0.26427650451660156,0.2736216068267822,0.2961574268341064,71.42054845043498,8437074,8437074,519.4227938652039,31180.925086739782,60,384,64,coral,coral_bce,0.0,session_balanced,adamw,0.0003,0.05,cosine,5,60,5.0,True,full,raw,full_frame,dataset_v1_1,fp16,2,mobilenetv4,2,3,base,a,8e00edb77690,1.0,1.0,1.0,1.0,1.0,1.0,1.0,1.0,1.0,1.0,40,1.0,1.0,1.0,20,1.0,1.0,1.0,44,1.0,0.0,1.0,1.0,2.7974344381546317e-06,1.1187695633919344e-10,0.9999972025935466,0.9999972025935466,NA,-2.7974064533697884e-06,2.7974064533697884e-06,2.7974064533697884e-06,2.7974064533697884e-06,24.170212765957448,99.0,0.0,6441.5989759999975,6441.598976,76.7872340425532,78.0,50.56059574468086,94.561,1384.1489361702127,5000.0,4.0,2542.6105575725996,26260.775366809135,0.0,0.0,0.0,473.1043839999998,473.104384,37.38297872340426,38.0,9.957234042553191,10.827,300.0,405.0,1.0,501.7974374868854,5165.317735823155,60.823404255319154,72.9,4.792338126978723,4.997783552,19.9,4.358233763404256,4.41389056,29.107085312,0.0,3044.407995059485,0.8456688875165236,0.6029619167992813,713.0,844,Tesla T4,16106.12736,70.0,GPU-4d8859c5-136c-374a-089b-73c32dcd32f0,Tesla T4,16106.12736,70.0,GPU-6d7c29a2-e30e-948b-86cf-75bfa141957f,580.159.04,1.0,40,1.0,20,1.0,3,1.0,41
a-mobilenetv4-base-f2-s3,a,mobilenetv4,base,2,3,11,583,37312,1787862467.0026965,1787862517.451659,2026-08-27T20:27:47Z,2026-08-27T20:28:37Z,acct1,0,b8aaf6,Interactive,8e00edb77690,v2,4.699671287852391e-06,1.0,1.1560721759451553e-05,0.0002912766545459287,0.0018551076035963295,0.06213119253516197,1.6057254470069893e-05,0.004610240459442139,0.032291927244514046,0.0,371.81984745709593,1.4532563021951223e-09,64.0,0,0,50.4263870716095,47.75905776023865,2.665745496749878,33.529183864593506,13.63497257232666,12.132993698120117,0.3969004154205322,0.6649134671690714,0.26674013317755935,0.2652318477630615,0.2702767372131348,0.2924087905883788,71.0231767349476,8437074,8437074,569.8491809368134,34210.02025767949,60,384,64,coral,coral_bce,0.0,session_balanced,adamw,0.0003,0.05,cosine,5,60,5.0,True,full,raw,full_frame,dataset_v1_1,fp16,2,mobilenetv4,2,3,base,a,8e00edb77690,1.0,1.0,1.0,1.0,1.0,1.0,1.0,1.0,1.0,1.0,40,1.0,1.0,1.0,20,1.0,1.0,1.0,44,1.0,0.0,1.0,1.0,2.2990529423534186e-05,8.195808114008204e-09,0.999977011520129,0.999977011520129,NA,-2.2988479871033363e-05,2.2988479871033363e-05,2.2988479871033363e-05,2.2988479871033363e-05,23.51063829787234,99.0,0.0,6441.5989759999975,6441.598976,77.02127659574468,79.0,48.20002127659575,79.539,1387.0212765957447,5000.0,4.0,2520.2126899609757,28800.34550327923,0.0,0.0,0.0,473.1043839999998,473.104384,37.48936170212766,38.0,10.05159574468085,11.025,300.0,405.0,1.0,508.882480978732,5679.546673268562,62.710638297872364,92.5,5.0002498668936175,5.32692992,20.8,4.4143365011063835,4.74468352,29.372809216,0.0,3029.0951709397077,0.8414153252610299,0.5999291269111143,713.0,846,Tesla T4,16106.12736,70.0,GPU-4d8859c5-136c-374a-089b-73c32dcd32f0,Tesla T4,16106.12736,70.0,GPU-6d7c29a2-e30e-948b-86cf-75bfa141957f,580.159.04,1.0,40,1.0,20,1.0,3,1.0,41
a-mobilenetv4-base-f2-s3,a,mobilenetv4,base,2,3,12,636,40704,1787862517.7414315,1787862567.2447085,2026-08-27T20:28:37Z,2026-08-27T20:29:27Z,acct1,0,b8aaf6,Interactive,8e00edb77690,v2,4.338527353643939e-07,1.0,1.6458731037206373e-05,0.00028816854796722747,0.0001498423785682047,0.002401093952357769,8.524682925781235e-06,0.0012067612376995373,0.0021873315237462506,0.0,371.80774705447897,1.1613491380433298e-10,64.0,0,0,49.48098111152649,46.89193296432495,2.5882022380828857,32.79611682891846,13.546791791915894,12.177179336547852,0.3737013339996338,0.662802476672773,0.264253058523502,0.2633838653564453,0.26593503952026365,0.2845073223114013,72.33653606432922,8437074,8437074,619.3301620483398,37185.78619737389,60,384,64,coral,coral_bce,0.0,session_balanced,adamw,0.0003,0.05,cosine,5,60,5.0,True,full,raw,full_frame,dataset_v1_1,fp16,2,mobilenetv4,2,3,base,a,8e00edb77690,1.0,1.0,1.0,1.0,1.0,1.0,1.0,1.0,1.0,1.0,40,1.0,1.0,1.0,20,1.0,1.0,1.0,44,1.0,0.0,1.0,1.0,3.292811580760298e-05,1.370478767900099e-08,0.9999670753112206,0.9999670753112206,NA,-3.2924688779356615e-05,3.2924688779356615e-05,3.2924688779356615e-05,3.2924688779356615e-05,27.934782608695652,99.0,0.0,6441.598975999998,6441.598976,76.8913043478261,78.0,51.02295652173913,101.606,1328.804347826087,5000.0,4.0,2484.2537550072666,31301.406136616726,0.0,0.0,0.0,473.1043839999998,473.104384,37.108695652173914,38.0,9.861108695652174,10.629,300.0,405.0,1.0,491.51218468713705,6175.123278448586,60.58913043478262,70.2,5.077357879652174,5.213405184,20.7,4.38959878678261,4.401455104,29.123100672,0.0,2975.7659396944036,0.8266016499151121,0.589366976389475,713.0,834,Tesla T4,16106.12736,70.0,GPU-4d8859c5-136c-374a-089b-73c32dcd32f0,Tesla T4,16106.12736,70.0,GPU-6d7c29a2-e30e-948b-86cf-75bfa141957f,580.159.04,1.0,40,1.0,20,1.0,3,1.0,41
a-mobilenetv4-base-f2-s3,a,mobilenetv4,base,2,3,13,689,44096,1787862567.5099404,1787862617.97077,2026-08-27T20:29:27Z,2026-08-27T20:30:17Z,acct1,0,b8aaf6,Interactive,8e00edb77690,v2,6.832620182333802e-07,1.0,1.0555680231706132e-05,0.0002846097643037037,0.00043935637966675275,0.008504345081746578,7.23061157259508e-06,0.002647462650202211,0.0067961150035262,0.0,371.79588490660166,3.363273256606793e-10,64.0,0,0,50.430584192276,47.943686723709106,2.4860594272613525,33.78090810775757,13.607649803161621,12.218252897262573,0.36567044258117676,0.6698496289267949,0.26540251497952444,0.2644038200378418,0.26822752952575685,0.28593894004821774,70.74966970202958,8437074,8437074,669.7607462406158,40200.04553531788,60,384,64,coral,coral_bce,0.0,session_balanced,adamw,0.0003,0.05,cosine,5,60,5.0,True,full,raw,full_frame,dataset_v1_1,fp16,2,mobilenetv4,2,3,base,a,8e00edb77690,1.0,1.0,1.0,1.0,1.0,1.0,1.0,1.0,1.0,1.0,40,1.0,1.0,1.0,20,1.0,1.0,1.0,44,1.0,0.0,1.0,1.0,2.110318021371486e-05,7.95781377283168e-09,0.9999788988095063,0.9999788988095063,NA,-2.110119049369974e-05,2.110119049369974e-05,2.110119049369974e-05,2.110119049369974e-05,23.0625,98.0,0.0,6441.598976,6441.598976,76.97916666666667,79.0,48.72645833333333,96.888,1365.3125,5000.0,4.0,2516.8302578923212,33835.138435519904,0.0,0.0,0.0,473.10438400000004,473.104384,37.166666666666664,38.0,9.794583333333334,10.233,300.0,405.0,1.0,497.4290800516619,6676.12198388124,59.73333333333334,70.5,5.086763178666666,5.315756032,20.8,4.391530495999999,4.454866944,29.123100672,0.0,3014.259337943983,0.8372942605399953,0.5969908077650167,713.0,848,Tesla T4,16106.12736,70.0,GPU-4d8859c5-136c-374a-089b-73c32dcd32f0,Tesla T4,16106.12736,70.0,GPU-6d7c29a2-e30e-948b-86cf-75bfa141957f,580.159.04,1.0,40,1.0,20,1.0,3,1.0,41
a-mobilenetv4-base-f2-s3,a,mobilenetv4,base,2,3,14,742,47488,1787862618.2356122,1787862667.1940842,2026-08-27T20:30:18Z,2026-08-27T20:31:07Z,acct1,0,b8aaf6,Interactive,8e00edb77690,v2,5.67497553178225e-07,1.0,2.0630256935524252e-05,0.00028061191156796656,0.0002609783425605185,0.004778564441949129,5.4180040933715645e-06,0.0012565692188218234,0.0043547729589045025,0.0,371.78413547040856,1.9697890414577842e-10,64.0,0,0,48.935810804367065,46.332446813583374,2.602583646774292,32.21071696281433,13.568995714187622,12.205175876617432,0.36880064010620117,0.6582238330858478,0.26461959784885625,0.2640340328216553,0.2680319309234619,0.27673137664794917,73.21003385915635,8437074,8437074,718.6965570449829,43157.929588667226,60,384,64,coral,coral_bce,0.0,session_balanced,adamw,0.0003,0.05,cosine,5,60,5.0,True,full,raw,full_frame,dataset_v1_1,fp16,2,mobilenetv4,2,3,base,a,8e00edb77690,1.0,1.0,1.0,1.0,1.0,1.0,1.0,1.0,1.0,1.0,40,1.0,1.0,1.0,20,1.0,1.0,1.0,44,1.0,0.0,1.0,1.0,4.127918546316959e-05,3.0206754627828286e-08,0.9999587283684657,0.9999587283684657,NA,-4.127163153433422e-05,4.127163153433422e-05,4.127163153433422e-05,4.127163153433422e-05,33.977777777777774,99.0,12.0,6441.598975999998,6441.598976,77.0,78.0,48.965311111111106,82.408,1364.0,5000.0,4.0,2477.835928772547,36333.37016617973,0.0,0.0,0.0,473.10438399999987,473.104384,37.53333333333333,38.0,9.793822222222223,10.53,300.0,405.0,1.0,480.0481245768033,7161.726550542833,61.87555555555556,69.1,5.0994315264,5.233598464,20.6,4.391122261333335,4.478590976,29.123100672,0.0,2957.8840533493503,0.8216344592637084,0.5858253694550242,713.0,822,Tesla T4,16106.12736,70.0,GPU-4d8859c5-136c-374a-089b-73c32dcd32f0,Tesla T4,16106.12736,70.0,GPU-6d7c29a2-e30e-948b-86cf-75bfa141957f,580.159.04,1.0,40,1.0,20,1.0,3,1.0,41
a-mobilenetv4-base-f2-s3,a,mobilenetv4,base,2,3,15,795,50880,1787862667.4571238,1787862717.4641984,2026-08-27T20:31:07Z,2026-08-27T20:31:57Z,acct1,0,b8aaf6,Interactive,8e00edb77690,v2,9.13642835066592e-07,1.0,2.448302386535663e-06,0.0002761880299246772,0.00042616362558200164,0.007030169479548931,3.912120064342162e-06,0.003085241699591276,0.006524651292711493,0.0,371.77264858253864,3.165948130498887e-10,64.0,0,0,49.983123779296875,47.44645071029663,2.535155773162842,33.29216694831848,13.622111320495605,12.270846128463745,0.35041141510009766,0.6660681532295141,0.26543808433244814,0.26485276222229004,0.26798090934753416,0.289623155593872,71.49112208015767,8437074,8437074,768.6796808242798,46133.07783874354,60,384,64,coral,coral_bce,0.0,session_balanced,adamw,0.0003,0.05,cosine,5,60,5.0,True,full,raw,full_frame,dataset_v1_1,fp16,2,mobilenetv4,2,3,base,a,8e00edb77690,1.0,1.0,1.0,1.0,1.0,1.0,1.0,1.0,1.0,1.0,40,1.0,1.0,1.0,20,1.0,1.0,1.0,44,1.0,0.0,1.0,1.0,4.900239175190836e-06,1.9850582689190895e-10,0.9999950998104535,0.9999950998104535,NA,-4.900189546463984e-06,4.900189546463984e-06,4.900189546463984e-06,4.900189546463984e-06,26.4468085106383,99.0,0.0,6441.5989759999975,6441.598976,77.02127659574468,78.0,46.940999999999995,70.129,1339.787234042553,5000.0,4.0,2483.9327891931753,38831.52337444911,0.0,0.0,0.0,473.1043839999998,473.104384,37.255319148936174,38.0,9.734468085106382,10.039,300.0,405.0,1.0,491.21546088314244,7656.695272514108,61.05319148936171,72.7,4.979876885787234,5.19378944,20.4,4.391916130042555,4.483964928,29.123100672,0.0,2975.1482500763177,0.8264300694656438,0.5892446395290041,713.0,841,Tesla T4,16106.12736,70.0,GPU-4d8859c5-136c-374a-089b-73c32dcd32f0,Tesla T4,16106.12736,70.0,GPU-6d7c29a2-e30e-948b-86cf-75bfa141957f,580.159.04,1.0,40,1.0,20,1.0,3,1.0,41
a-mobilenetv4-base-f2-s3,a,mobilenetv4,base,2,3,16,848,54272,1787862717.7559931,1787862767.8570938,2026-08-27T20:31:57Z,2026-08-27T20:32:47Z,acct1,0,b8aaf6,Interactive,8e00edb77690,v2,2.913251241012026e-06,1.0,7.292292139027268e-06,0.0002713525491562421,0.0017678308275116007,0.07788141071796417,3.0134547159832437e-06,0.0018959261476993558,0.042915013656019955,0.0,371.76126867519486,1.2903587381002214e-09,64.0,0,0,50.07776713371277,47.48751401901245,2.5893301963806152,33.346200466156006,13.586572408676147,12.279340744018555,0.3692131042480469,0.6658883247952776,0.2650974651552596,0.2642183303833008,0.26796703338623046,0.28864420890808096,71.42930241919916,8437074,8437074,818.7574479579926,49105.848647630795,60,384,64,coral,coral_bce,0.0,session_balanced,adamw,0.0003,0.05,cosine,5,60,5.0,True,full,raw,full_frame,dataset_v1_1,fp16,2,mobilenetv4,2,3,base,a,8e00edb77690,1.0,1.0,1.0,1.0,1.0,1.0,1.0,1.0,1.0,1.0,40,1.0,1.0,1.0,20,1.0,1.0,1.0,44,1.0,0.0,1.0,1.0,1.4499091705546163e-05,3.3392106889326575e-09,0.9999855017432799,0.9999855017432799,NA,-1.4498256720063551e-05,1.4498256720063551e-05,1.4498256720063551e-05,1.4498256720063551e-05,32.59574468085106,99.0,0.0,6441.5989759999975,6441.598976,76.97872340425532,78.0,50.48821276595744,87.635,1317.4468085106382,5000.0,4.0,2480.509386166341,41324.43306512414,0.0,0.0,0.0,473.1043839999998,473.104384,37.276595744680854,38.0,9.785042553191488,10.431,300.0,405.0,1.0,492.26142272091147,8153.604345015531,60.45106382978723,71.8,5.111126669617021,5.316186112,20.8,4.390025346723406,4.43101184,29.123100672,0.0,2972.7708088872523,0.8257696691353479,0.5887737740935031,713.0,842,Tesla T4,16106.12736,70.0,GPU-4d8859c5-136c-374a-089b-73c32dcd32f0,Tesla T4,16106.12736,70.0,GPU-6d7c29a2-e30e-948b-86cf-75bfa141957f,580.159.04,1.0,40,1.0,20,1.0,3,1.0,41
a-mobilenetv4-base-f2-s3,a,mobilenetv4,base,2,3,17,901,57664,1787862768.1576443,1787862817.187965,2026-08-27T20:32:48Z,2026-08-27T20:33:37Z,acct1,0,b8aaf6,Interactive,8e00edb77690,v2,0.0074456076065107565,0.995872641509434,4.584972967234033e-09,0.00026612124159586237,0.9694791793113969,18.484073638916016,3.645465767476708e-05,5.464183330535884,14.279985694885228,0.05660377358490566,371.77696630042243,6.939617735521704e-07,64.0,0,0,49.003501892089844,46.41474747657776,2.587195873260498,32.02148509025574,13.856325387954712,12.399584293365479,0.3584771156311035,0.6534529952730715,0.26991362391777757,0.26605963706970215,0.28078808784484866,0.2970338630676269,73.08022093003312,8437074,8437074,867.7609498500824,52058.835623733445,60,384,64,coral,coral_bce,0.0,session_balanced,adamw,0.0003,0.05,cosine,5,60,5.0,True,full,raw,full_frame,dataset_v1_1,fp16,2,mobilenetv4,2,3,base,a,8e00edb77690,1.0,1.0,1.0,1.0,1.0,1.0,1.0,1.0,1.0,1.0,40,1.0,1.0,1.0,20,1.0,1.0,1.0,44,1.0,0.0,1.0,1.0,8.768761513481647e-08,4.880252256301581e-14,0.9999999123123976,0.9999999123123976,NA,-8.768760240140949e-08,8.768760240140949e-08,8.768760240140949e-08,8.768760240140949e-08,28.369565217391305,99.0,0.0,6441.598975999998,6441.598976,77.0,78.0,48.74104347826086,73.498,1332.0652173913043,5000.0,4.0,2471.1287090559417,43813.43388388433,0.0,0.0,0.0,473.1043839999998,473.104384,37.130434782608695,38.0,9.764239130434781,10.431,300.0,405.0,1.0,481.8582670467049,8640.123498222849,61.45000000000002,70.3,5.106782386086955,5.285105664,21.0,4.389134336000001,4.389134336,29.009846272,0.0,2952.9869761026466,0.8202741600285129,0.5848554761003297,713.0,820,Tesla T4,16106.12736,70.0,GPU-4d8859c5-136c-374a-089b-73c32dcd32f0,Tesla T4,16106.12736,70.0,GPU-6d7c29a2-e30e-948b-86cf-75bfa141957f,580.159.04,1.0,40,1.0,20,1.0,3,1.0,41
a-mobilenetv4-base-f2-s3,a,mobilenetv4,base,2,3,18,954,61056,1787862822.8065507,1787862871.8584816,2026-08-27T20:33:42Z,2026-08-27T20:34:31Z,acct1,0,b8aaf6,Interactive,8e00edb77690,v2,9.615080704328072e-05,1.0,5.8407966347518734e-05,0.0002605111706814607,0.06782897909552003,2.9211766719818115,4.191547589016409e-07,0.15069990158081054,1.5403644990920937,0.0,371.7688067549086,4.7530095126973544e-08,64.0,0,0,49.02838683128357,46.54600191116333,2.4815545082092285,32.17452120780945,13.813309669494629,12.431139945983887,0.36623120307922363,0.6562427052419321,0.26928196763092616,0.2678556442260742,0.2795230865478516,0.31137064933776853,72.87414301391334,8437074,8437074,916.789336681366,55032.93842699714,60,384,64,coral,coral_bce,0.0,session_balanced,adamw,0.0003,0.05,cosine,5,60,5.0,True,full,raw,full_frame,dataset_v1_1,fp16,2,mobilenetv4,2,3,base,a,8e00edb77690,1.0,1.0,1.0,1.0,1.0,1.0,1.0,1.0,1.0,1.0,40,1.0,1.0,1.0,20,1.0,1.0,1.0,44,1.0,0.0,1.0,1.0,0.00011680961562060034,1.5114688872439072e-07,0.9998832281965476,0.9998832281965476,NA,-0.0001167718034523757,0.0001167718034523757,0.0001167718034523757,0.0001167718034523757,27.8,99.0,0.0,6441.598975999998,6441.598976,77.71111111111111,80.0,49.928177777777776,84.786,1395.6666666666667,5000.0,4.0,2493.3255318196098,46512.607123131216,0.0,0.0,0.0,473.10438399999987,473.104384,37.577777777777776,38.0,9.748755555555555,10.53,300.0,405.0,1.0,480.7772714440871,9179.12960866716,62.0,72.3,5.027972528355556,5.21459712,20.5,4.396316808533332,4.47813632,29.123100672,0.0,2974.102803263697,0.8261396675732491,0.5890375829797266,713.0,822,Tesla T4,16106.12736,70.0,GPU-4d8859c5-136c-374a-089b-73c32dcd32f0,Tesla T4,16106.12736,70.0,GPU-6d7c29a2-e30e-948b-86cf-75bfa141957f,580.159.04,1.0,40,1.0,20,1.0,3,1.0,41
a-mobilenetv4-base-f2-s3,a,mobilenetv4,base,2,3,19,1007,64448,1787862872.1386943,1787862921.644464,2026-08-27T20:34:32Z,2026-08-27T20:35:21Z,acct1,0,b8aaf6,Interactive,8e00edb77690,v2,2.772191921373703e-07,1.0,0.000197144655080942,0.00025454063529829405,0.00014984442160916124,0.004520820453763008,0.0,0.0005071766019682383,0.003234014175832264,0.0,371.7582159610485,1.02597582608094e-10,64.0,0,0,49.478914976119995,46.907708168029785,2.569220542907715,32.8683385848999,13.47974181175232,12.163057804107666,0.3779282569885254,0.6642898010347064,0.2631275293962011,0.26233696937561035,0.26618566513061526,0.28156484603881826,72.31220906912345,8437074,8437074,966.268251657486,57975.76288644879,60,384,64,coral,coral_bce,0.0,session_balanced,adamw,0.0003,0.05,cosine,5,60,5.0,True,full,raw,full_frame,dataset_v1_1,fp16,2,mobilenetv4,2,3,base,a,8e00edb77690,1.0,1.0,1.0,1.0,1.0,1.0,1.0,1.0,1.0,1.0,40,1.0,1.0,1.0,20,1.0,1.0,1.0,44,1.0,0.0,1.0,1.0,0.000394326110289183,1.5611806627368748e-06,0.9996060648789773,0.9996060648789773,NA,-0.0003939351210227038,0.0003939351210227038,0.0003939351210227038,0.0003939351210227038,29.23913043478261,99.0,0.0,6441.598975999998,6441.598976,76.3695652173913,78.0,49.29678260869564,73.698,1326.195652173913,5000.0,4.0,2458.9689468624274,48989.23527650967,0.0,0.0,0.0,473.1043839999998,473.104384,37.108695652173914,38.0,9.76741304347826,10.332,300.0,405.0,1.0,483.8555125892235,9667.058687686236,61.32826086956521,70.1,5.09626065252174,5.329354752,20.8,4.3954370114782595,4.504875008,29.123100672,0.0,2942.824459451651,0.8174512387365697,0.5828427332191741,713.0,832,Tesla T4,16106.12736,70.0,GPU-4d8859c5-136c-374a-089b-73c32dcd32f0,Tesla T4,16106.12736,70.0,GPU-6d7c29a2-e30e-948b-86cf-75bfa141957f,580.159.04,1.0,40,1.0,20,1.0,3,1.0,41
a-mobilenetv4-base-f2-s3,a,mobilenetv4,base,2,3,20,1060,67840,1787862921.9149954,1787862972.464131,2026-08-27T20:35:21Z,2026-08-27T20:36:12Z,acct1,0,b8aaf6,Interactive,8e00edb77690,v2,3.6604811359456563e-07,1.0,4.5854312842353604e-05,0.00024822911009179276,0.0004573172893242533,0.019278964027762413,1.0766024871600166e-07,0.0013446049066260454,0.010271687777712887,0.0,371.74785047321484,3.053668329596155e-10,64.0,0,0,50.52442955970764,47.885303258895874,2.6382648944854736,33.674383878707886,13.618194341659546,12.278570175170898,0.3997457027435303,0.6664970623550122,0.26633964844469754,0.264972448348999,0.27073235511779786,0.29540646553039546,70.83593021560019,8437074,8437074,1016.7926812171936,61005.38063436138,60,384,64,coral,coral_bce,0.0,session_balanced,adamw,0.0003,0.05,cosine,5,60,5.0,True,full,raw,full_frame,dataset_v1_1,fp16,2,mobilenetv4,2,3,base,a,8e00edb77690,1.0,1.0,1.0,1.0,1.0,1.0,1.0,1.0,1.0,1.0,40,1.0,1.0,1.0,20,1.0,1.0,1.0,44,1.0,0.0,1.0,1.0,9.168845474078448e-05,8.66377340557734e-08,0.9999083332144297,0.9999083332144297,NA,-9.166678557026575e-05,9.166678557026575e-05,9.166678557026575e-05,9.166678557026575e-05,31.145833333333332,99.0,1.5,6441.598976,6441.598976,77.10416666666667,79.0,48.29262500000001,82.887,1323.75,5000.0,4.0,2535.457964124391,51544.67562176381,0.0,0.0,0.0,473.10438400000004,473.104384,37.3125,38.0,9.7089375,10.036,300.0,405.0,1.0,494.15978378820364,10165.820525518211,60.71041666666667,71.9,5.1317857280000005,5.322563584,20.9,4.396247722666667,4.477874176,29.123100672,0.0,3029.6177479125945,0.8415604855312763,0.6000326261838,713.0,846,Tesla T4,16106.12736,70.0,GPU-4d8859c5-136c-374a-089b-73c32dcd32f0,Tesla T4,16106.12736,70.0,GPU-6d7c29a2-e30e-948b-86cf-75bfa141957f,580.159.04,1.0,40,1.0,20,1.0,3,1.0,41
a-mobilenetv4-base-f2-s3,a,mobilenetv4,base,2,3,21,1113,71232,1787862972.9928718,1787863023.459212,2026-08-27T20:36:12Z,2026-08-27T20:37:03Z,acct1,0,b8aaf6,Interactive,8e00edb77690,v2,2.936082978083497e-07,1.0,2.3475060655842892e-05,0.00024159718194531572,0.0004425344388878565,0.015263635665178299,4.361310601552759e-08,0.001992249884642658,0.009116560621187054,0.0,371.73782095122056,2.8760881277960435e-10,64.0,0,0,50.44101810455322,47.837143659591675,2.6024091243743896,33.630249977111816,13.635370016098022,12.208539247512817,0.38460850715637207,0.6667242502402241,0.26626635497471074,0.2658424377441406,0.27074370384216306,0.2896444606781005,70.90724362928974,8437074,8437074,1067.2336993217468,64004.153183406874,60,384,64,coral,coral_bce,0.0,session_balanced,adamw,0.0003,0.05,cosine,5,60,5.0,True,full,raw,full_frame,dataset_v1_1,fp16,2,mobilenetv4,2,3,base,a,8e00edb77690,1.0,1.0,1.0,1.0,1.0,1.0,1.0,1.0,1.0,1.0,40,1.0,1.0,1.0,20,1.0,1.0,1.0,44,1.0,0.0,1.0,1.0,4.6932555180408736e-05,2.3724949804277622e-08,0.9999530733777926,0.9999530733777926,NA,-4.6926622207399404e-05,4.6926622207399404e-05,4.6926622207399404e-05,4.6926622207399404e-05,32.702127659574465,99.0,0.0,6441.5989759999975,6441.598976,77.14893617021276,80.0,49.47159574468085,81.532,1389.8936170212767,5000.0,4.0,2503.775734750903,54075.95598517182,0.0,0.0,0.0,473.1043839999998,473.104384,37.40425531914894,38.0,9.771978723404255,10.431,300.0,405.0,1.0,494.9968142945909,10667.8298110991,61.48297872340425,71.7,5.055888885106383,5.212622848,20.6,4.394234901787232,4.450807808,29.123100672,0.0,2998.772549045494,0.8329923747348594,0.5939235631859547,713.0,846,Tesla T4,16106.12736,70.0,GPU-4d8859c5-136c-374a-089b-73c32dcd32f0,Tesla T4,16106.12736,70.0,GPU-6d7c29a2-e30e-948b-86cf-75bfa141957f,580.159.04,1.0,40,1.0,20,1.0,3,1.0,41
a-mobilenetv4-base-f2-s3,a,mobilenetv4,base,2,3,22,1166,74624,1787863023.733658,1787863073.447151,2026-08-27T20:37:03Z,2026-08-27T20:37:53Z,acct1,0,b8aaf6,Interactive,8e00edb77690,v2,2.6307956960521137e-08,1.0,0.0001213871549295548,0.00023466648283001538,6.063829508086505e-06,0.00029011594597250223,4.183280921665755e-08,3.0470933324977513e-06,0.00014478987537586277,0.0,371.7279215097724,3.828008230762169e-12,64.0,0,0,49.686195373535156,47.078614473342896,2.6066668033599854,32.94889783859253,13.56607985496521,12.079016208648682,0.3817594051361084,0.6631398840439778,0.2648902344253828,0.2635314464569092,0.2673250675201416,0.2954767417907714,72.0496989545144,8437074,8437074,1116.919894695282,66997.68453565931,60,384,64,coral,coral_bce,0.0,session_balanced,adamw,0.0003,0.05,cosine,5,60,5.0,True,full,raw,full_frame,dataset_v1_1,fp16,2,mobilenetv4,2,3,base,a,8e00edb77690,1.0,1.0,1.0,1.0,1.0,1.0,1.0,1.0,1.0,1.0,40,1.0,1.0,1.0,20,1.0,1.0,1.0,44,1.0,0.0,1.0,1.0,0.00024277265699987468,6.368459997651603e-07,0.9997573867440224,0.9997573867440224,NA,-0.00024261325597763062,0.00024261325597763062,0.00024261325597763062,0.00024261325597763062,30.043478260869566,99.0,0.0,6441.598975999998,6441.598976,76.73913043478261,78.0,49.32971739130435,72.718,1361.0869565217392,5000.0,4.0,2502.4616732485156,56592.94393829562,0.0,0.0,0.0,473.1043839999998,473.104384,37.0,37.0,9.790239130434783,10.535,300.0,405.0,1.0,491.0696790039201,11163.26550317098,61.595652173913045,72.2,5.147793140869565,5.369372672,21.3,4.396656550956521,4.489080832,29.123100672,0.0,2993.5313522524357,0.8315364867367877,0.5928855150433296,713.0,836,Tesla T4,16106.12736,70.0,GPU-4d8859c5-136c-374a-089b-73c32dcd32f0,Tesla T4,16106.12736,70.0,GPU-6d7c29a2-e30e-948b-86cf-75bfa141957f,580.159.04,1.0,40,1.0,20,1.0,3,1.0,41
a-mobilenetv4-base-f2-s3,a,mobilenetv4,base,2,3,23,1219,78016,1787863073.722462,1787863124.1118758,2026-08-27T20:37:53Z,2026-08-27T20:38:44Z,acct1,0,b8aaf6,Interactive,8e00edb77690,v2,2.1313672194035854e-07,1.0,3.336255366985615e-05,0.00022745961924584428,8.872564374463955e-05,0.004033622331917286,0.0,0.00015852256619837114,0.002066333288094017,0.0,371.7184475590377,5.4292439011364466e-11,64.0,0,0,50.36540603637695,47.724563121795654,2.6399054527282715,33.55349612236023,13.563371896743774,12.106744766235352,0.4186890125274658,0.666201243332097,0.26555840024408306,0.2639608383178711,0.2669214725494385,0.3143441581726073,71.07451128140102,8437074,8437074,1167.285300731659,70013.05230509565,60,384,64,coral,coral_bce,0.0,session_balanced,adamw,0.0003,0.05,cosine,5,60,5.0,True,full,raw,full_frame,dataset_v1_1,fp16,2,mobilenetv4,2,3,base,a,8e00edb77690,1.0,1.0,1.0,1.0,1.0,1.0,1.0,1.0,1.0,1.0,40,1.0,1.0,1.0,20,1.0,1.0,1.0,44,1.0,0.0,1.0,1.0,6.67207782606543e-05,4.456742581073264e-08,0.9999332903669431,0.9999332903669431,NA,-6.670963305688282e-05,6.670963305688282e-05,6.670963305688282e-05,6.670963305688282e-05,26.574468085106382,99.0,0.0,6441.5989759999975,6441.598976,76.93617021276596,78.0,50.878000000000014,91.516,1346.4893617021276,5000.0,4.0,2509.6973143765717,59118.66646324038,0.0,0.0,0.0,473.1043839999998,473.104384,37.0,37.0,10.05104255319149,10.926,300.0,405.0,1.0,505.670455059766,11673.165322437537,61.127659574468076,70.2,5.126429064170212,5.449900032,21.2,4.393005055999999,4.393005056,29.009846272,0.0,3015.3677694363378,0.8376021581767605,0.5972103387800303,713.0,846,Tesla T4,16106.12736,70.0,GPU-4d8859c5-136c-374a-089b-73c32dcd32f0,Tesla T4,16106.12736,70.0,GPU-6d7c29a2-e30e-948b-86cf-75bfa141957f,580.159.04,1.0,40,1.0,20,1.0,3,1.0,41
a-mobilenetv4-base-f2-s3,a,mobilenetv4,base,2,3,24,1272,81408,1787863124.3769639,1787863174.6324813,2026-08-27T20:38:44Z,2026-08-27T20:39:34Z,acct1,0,b8aaf6,Interactive,8e00edb77690,v2,2.7271315230969495e-07,1.0,0.00016941244561726658,0.00022000009848385105,0.00035690763487361343,0.015155915170907974,9.887442331546481e-08,0.0005283825448714184,0.008404311249032577,0.0,371.70928489774036,2.1123958429888181e-10,64.0,0,0,50.23167014122009,47.61438274383545,2.6164729595184326,33.444289445877075,13.564051151275635,12.178113460540771,0.4149630069732666,0.6658008653077354,0.2655584317333293,0.2644517421722412,0.26706900596618655,0.30288956642150877,71.23897873986733,8437074,8437074,1217.516970872879,73015.74716456572,60,384,64,coral,coral_bce,0.0,session_balanced,adamw,0.0003,0.05,cosine,5,60,5.0,True,full,raw,full_frame,dataset_v1_1,fp16,2,mobilenetv4,2,3,base,a,8e00edb77690,1.0,1.0,1.0,1.0,1.0,1.0,1.0,1.0,1.0,1.0,40,1.0,1.0,1.0,20,1.0,1.0,1.0,44,1.0,0.0,1.0,1.0,0.00033882446713757194,1.1587619726326507e-06,0.9996614656769313,0.9996614656769313,NA,-0.0003385343230687399,0.0003385343230687399,0.0003385343230687399,0.0003385343230687399,27.106382978723403,99.0,0.0,6441.5989759999975,6441.598976,76.87234042553192,78.0,49.093361702127645,75.544,1328.6170212765958,5000.0,4.0,2493.936755114759,61625.017667700726,0.0,0.0,0.0,473.1043839999998,473.104384,37.319148936170215,38.0,9.979808510638298,11.223,300.0,405.0,1.0,508.75810435531275,12185.49498524951,60.914893617021285,70.4,5.160067507744681,5.3362688,20.9,4.3948512190638285,4.47977472,29.123100672,0.0,3002.6948594700716,0.8340819054083533,0.5947003985561559,713.0,846,Tesla T4,16106.12736,70.0,GPU-4d8859c5-136c-374a-089b-73c32dcd32f0,Tesla T4,16106.12736,70.0,GPU-6d7c29a2-e30e-948b-86cf-75bfa141957f,580.159.04,1.0,40,1.0,20,1.0,3,1.0,41
a-mobilenetv4-base-f2-s3,a,mobilenetv4,base,2,3,25,1325,84800,1787863174.9120805,1787863224.7505417,2026-08-27T20:39:34Z,2026-08-27T20:40:24Z,acct1,0,b8aaf6,Interactive,8e00edb77690,v2,2.384980273231535e-07,1.0,9.189431595866784e-05,0.00021231225195028297,0.00014118629732693316,0.007063067052513361,5.180829987239122e-08,5.73143857764079e-05,0.0035254582774359522,0.0,371.70033063101147,8.064448228796515e-11,64.0,0,0,49.81308317184448,47.190866470336914,2.6212103366851807,33.09988737106323,13.517281293869019,12.150438070297241,0.3833789825439453,0.664481804044847,0.2639981575731961,0.2634458541870117,0.26610803604125977,0.28159592628478997,71.8783157357819,8437074,8437074,1267.3300540447235,75964.12875511902,60,384,64,coral,coral_bce,0.0,session_balanced,adamw,0.0003,0.05,cosine,5,60,5.0,True,full,raw,full_frame,dataset_v1_1,fp16,2,mobilenetv4,2,3,base,a,8e00edb77690,1.0,1.0,1.0,1.0,1.0,1.0,1.0,1.0,1.0,1.0,40,1.0,1.0,1.0,20,1.0,1.0,1.0,44,1.0,0.0,1.0,1.0,0.00018379425903321744,3.4775134865627403e-07,0.9998162927535864,0.9998162927535864,NA,-0.00018370724641358915,0.00018370724641358915,0.00018370724641358915,0.00018370724641358915,26.53191489361702,99.0,0.0,6441.5989759999975,6441.598976,76.87234042553192,78.0,50.60844680851064,88.522,1304.0425531914893,5000.0,4.0,2453.197291427641,64090.724356125575,0.0,0.0,0.0,473.1043839999998,473.104384,37.06382978723404,38.0,9.819744680851066,10.431,300.0,405.0,1.0,495.18429912566353,12684.108187307816,61.34042553191488,71.1,5.139075072,5.40545024,21.1,4.393823558808509,4.431474688,29.123100672,0.0,2948.3815905533047,0.8189948862648069,0.5839433539068073,713.0,836,Tesla T4,16106.12736,70.0,GPU-4d8859c5-136c-374a-089b-73c32dcd32f0,Tesla T4,16106.12736,70.0,GPU-6d7c29a2-e30e-948b-86cf-75bfa141957f,580.159.04,1.0,40,1.0,20,1.0,3,1.0,41
a-mobilenetv4-base-f2-s3,a,mobilenetv4,base,2,3,26,1378,88192,1787863225.026266,1787863275.9692442,2026-08-27T20:40:25Z,2026-08-27T20:41:15Z,acct1,0,b8aaf6,Interactive,8e00edb77690,v2,2.7247325571192555e-08,1.0,4.1503174333439136e-05,0.00020442115580259613,3.0289144754432663e-06,5.982433140161447e-05,0.0,2.052482541330387e-05,4.954008021741168e-05,0.0,371.69170335985046,1.6658273302858146e-12,64.0,0,0,50.914551973342896,48.27702283859253,2.636082172393799,34.15473771095276,13.55932068824768,12.244495153427124,0.37516355514526367,0.6708246736381969,0.26469609422503776,0.26403093338012695,0.2662567138671875,0.2899172401428221,70.2611677472465,8437074,8437074,1318.2446060180664,78998.56848714693,60,384,64,coral,coral_bce,0.0,session_balanced,adamw,0.0003,0.05,cosine,5,60,5.0,True,full,raw,full_frame,dataset_v1_1,fp16,2,mobilenetv4,2,3,base,a,8e00edb77690,1.0,1.0,1.0,1.0,1.0,1.0,1.0,1.0,1.0,1.0,40,1.0,1.0,1.0,20,1.0,1.0,1.0,44,1.0,0.0,1.0,1.0,8.298032382852974e-05,7.469684402851187e-08,0.9999170383581748,0.9999170383581748,NA,-8.296164182519661e-05,8.296164182519661e-05,8.296164182519661e-05,8.296164182519661e-05,29.020833333333332,99.0,0.0,6441.598976,6441.598976,77.04166666666667,78.0,49.449729166666664,75.548,1332.5,5000.0,4.0,2533.1537434672355,66641.85854226888,0.0,0.0,0.0,473.10438400000004,473.104384,37.125,38.0,9.824916666666667,10.53,300.0,405.0,1.0,501.285988560674,13189.9985090699,60.41458333333333,71.3,5.2183455573333335,5.440049152,21.2,4.3960744106666665,4.50625536,29.123100672,0.0,3034.4397320279095,0.8428999255633082,0.6009876469266388,713.0,855,Tesla T4,16106.12736,70.0,GPU-4d8859c5-136c-374a-089b-73c32dcd32f0,Tesla T4,16106.12736,70.0,GPU-6d7c29a2-e30e-948b-86cf-75bfa141957f,580.159.04,1.0,40,1.0,20,1.0,3,1.0,41
a-mobilenetv4-base-f2-s3,a,mobilenetv4,base,2,3,27,1431,91584,1787863276.2538178,1787863325.545478,2026-08-27T20:41:16Z,2026-08-27T20:42:05Z,acct1,0,b8aaf6,Interactive,8e00edb77690,v2,3.2718142285188325e-05,1.0,1.020948052406311,0.0001963525491562421,0.05177027144454184,2.7208993434906006,2.5021901706168137e-07,0.003940483875339838,1.312646184638134,0.0,371.6838167262552,2.7349118555067672e-08,64.0,0,0,49.26757860183716,46.726567029953,2.5391428470611572,32.55241322517395,13.609217882156372,12.215601444244385,0.3814277648925781,0.6607268745283961,0.26566038491590965,0.2651219367980957,0.2680023193359375,0.2850264930725097,72.59253601544567,8437074,8437074,1367.5121846199036,81975.49857269664,60,384,64,coral,coral_bce,0.0,session_balanced,adamw,0.0003,0.05,cosine,5,60,5.0,True,full,raw,full_frame,dataset_v1_1,fp16,2,mobilenetv4,2,3,base,a,8e00edb77690,0.6153846153846154,0.6666666666666666,0.5,0.6153846153846154,0.5192307692307693,0.4444444444444444,0.6666666666666666,0.0,0.0,0.0,40,0.5,1.0,0.3333333333333333,20,1.0,1.0,1.0,44,0.6790123456790124,0.38461538461538464,0.45833333333333337,0.5840250605220888,2.0418973217584733,0.7527427996728725,0.9958278874938304,1.0,0.9891525074839592,0.380443272109215,0.380443272109215,0.380443272109215,0.380443272109215,26.043478260869566,99.0,5.5,6441.598975999998,6441.598976,76.97826086956522,78.0,48.77008695652175,95.045,1378.0434782608695,5000.0,4.0,2492.430222279436,69146.86356970503,0.0,0.0,0.0,473.1043839999998,473.104384,37.06521739130435,38.0,9.767326086956523,10.238,300.0,405.0,1.0,484.49986327028273,13678.982783595304,61.71521739130434,72.7,5.06042359095652,5.38691584,21.0,4.39527317147826,4.497338368,29.123100672,0.0,2976.9300855497186,0.8269250237638107,0.589597541943597,713.0,827,Tesla T4,16106.12736,70.0,GPU-4d8859c5-136c-374a-089b-73c32dcd32f0,Tesla T4,16106.12736,70.0,GPU-6d7c29a2-e30e-948b-86cf-75bfa141957f,580.159.04,0.0,40,1.0,20,1.0,3,1.0,41
a-mobilenetv4-base-f2-s3,a,mobilenetv4,base,2,3,28,1484,94976,1787863325.810581,1787863375.6934812,2026-08-27T20:42:05Z,2026-08-27T20:42:55Z,acct1,0,b8aaf6,Interactive,8e00edb77690,v2,3.248143276928144e-05,1.0,3.154461165440108e-06,0.00018813275012902306,0.013082074525948215,0.6931647062301636,0.0,1.8177467063651412e-05,0.33278444024151904,0.0,371.67591679629237,6.621808265582044e-09,64.0,0,0,49.858149766922,47.24227833747864,2.6151275634765625,33.072633504867554,13.609164714813232,12.230222702026367,0.3767702579498291,0.6633345533172861,0.2655785623586403,0.26434326171875,0.26845746040344237,0.29285740852355957,71.80009346223741,8437074,8437074,1417.3703343868256,85002.05244482725,60,384,64,coral,coral_bce,0.0,session_balanced,adamw,0.0003,0.05,cosine,5,60,5.0,True,full,raw,full_frame,dataset_v1_1,fp16,2,mobilenetv4,2,3,base,a,8e00edb77690,1.0,1.0,1.0,1.0,1.0,1.0,1.0,1.0,1.0,1.0,40,1.0,1.0,1.0,20,1.0,1.0,1.0,44,1.0,0.0,1.0,1.0,6.303311652304769e-06,4.818680358467014e-10,0.999993696808815,0.999993696808815,NA,-6.303191184997559e-06,6.303191184997559e-06,6.303191184997559e-06,6.303191184997559e-06,26.456521739130434,99.0,0.0,6441.598975999998,6441.598976,77.06521739130434,78.0,50.20243478260869,94.792,1359.7826086956522,5000.0,4.0,2538.157178640584,71699.20359975171,0.0,0.0,0.0,473.1043839999998,473.104384,37.04347826086956,38.0,9.762195652173913,10.233,300.0,405.0,1.0,488.39669349002725,14172.322359256008,61.682608695652185,73.7,5.227586426434782,5.42537728,21.1,4.395133551304347,4.49091584,29.123100672,0.0,3026.553872130611,0.8407094089251698,0.599425808563646,713.0,838,Tesla T4,16106.12736,70.0,GPU-4d8859c5-136c-374a-089b-73c32dcd32f0,Tesla T4,16106.12736,70.0,GPU-6d7c29a2-e30e-948b-86cf-75bfa141957f,580.159.04,1.0,40,1.0,20,1.0,3,1.0,41
a-mobilenetv4-base-f2-s3,a,mobilenetv4,base,2,3,29,1537,98368,1787863375.9656281,1787863426.1534503,2026-08-27T20:42:55Z,2026-08-27T20:43:46Z,acct1,0,b8aaf6,Interactive,8e00edb77690,v2,1.680419479779634e-08,1.0,1.823214412210151e-05,0.0001797885699968618,4.14392024151659e-06,0.00013182750262785703,0.0,1.5183015784714353e-05,8.385728870052814e-05,0.0,371.66832075667645,2.004554740868198e-12,64.0,0,0,50.16249680519104,47.65891766548157,2.5019617080688477,33.52165222167969,13.586039543151855,12.15178394317627,0.3556859493255615,0.6682612381090791,0.2650100555060045,0.2631106376647949,0.2670285224914551,0.30328389167785635,71.17240940737435,8437074,8437074,1467.5328311920166,88026.14938000613,60,384,64,coral,coral_bce,0.0,session_balanced,adamw,0.0003,0.05,cosine,5,60,5.0,True,full,raw,full_frame,dataset_v1_1,fp16,2,mobilenetv4,2,3,base,a,8e00edb77690,1.0,1.0,1.0,1.0,1.0,1.0,1.0,1.0,1.0,1.0,40,1.0,1.0,1.0,20,1.0,1.0,1.0,44,1.0,0.0,1.0,1.0,3.646672732465621e-05,1.6632662374732986e-08,0.9999635374316802,0.9999635374316802,NA,-3.6462568319795e-05,3.6462568319795e-05,3.6462568319795e-05,3.6462568319795e-05,25.5531914893617,99.0,0.0,6441.5989759999975,6441.598976,76.93617021276596,78.0,49.841872340425525,77.689,1370.4255319148936,5000.0,4.0,2529.8801292647113,74243.64803149403,0.0,0.0,0.0,473.1043839999998,473.104384,37.02127659574468,38.0,9.77412765957447,10.233,300.0,405.0,1.0,494.21680591417135,14669.964471631038,61.05106382978724,69.7,5.152382627404257,5.351419904,20.9,4.395948598468084,4.482265088,29.123100672,0.0,3024.0969351788826,0.8400269264385785,0.5989391985507065,713.0,844,Tesla T4,16106.12736,70.0,GPU-4d8859c5-136c-374a-089b-73c32dcd32f0,Tesla T4,16106.12736,70.0,GPU-6d7c29a2-e30e-948b-86cf-75bfa141957f,580.159.04,1.0,40,1.0,20,1.0,3,1.0,41
a-mobilenetv4-base-f2-s3,a,mobilenetv4,base,2,3,30,1590,101760,1787863426.4311845,1787863475.5319316,2026-08-27T20:43:46Z,2026-08-27T20:44:35Z,acct1,0,b8aaf6,Interactive,8e00edb77690,v2,6.37289792964076e-08,1.0,1.3296426223300492e-07,0.00017134722574099276,5.6631884167649855e-05,0.00281533389352262,0.0,2.5303464826720264e-05,0.001414427074778351,0.0,371.6610872679025,2.6109045506874322e-11,64.0,0,0,49.068504333496094,46.50127410888672,2.565977096557617,32.420785903930664,13.531776905059814,11.980956077575684,0.36082959175109863,0.6607249669478709,0.26382717546427026,0.2629847526550293,0.26591968536376953,0.28560232162475574,72.94423787308153,8437074,8437074,1516.6013355255127,90950.61717985033,60,384,64,coral,coral_bce,0.0,session_balanced,adamw,0.0003,0.05,cosine,5,60,5.0,True,full,raw,full_frame,dataset_v1_1,fp16,2,mobilenetv4,2,3,base,a,8e00edb77690,1.0,1.0,1.0,1.0,1.0,1.0,1.0,1.0,1.0,1.0,40,1.0,1.0,1.0,20,1.0,1.0,1.0,44,1.0,0.0,1.0,1.0,2.957310208688972e-07,1.1302650143832527e-12,0.9999997042692624,0.9999997042692624,NA,-2.9573073756505863e-07,2.9573073756505863e-07,2.9573073756505863e-07,2.9573073756505863e-07,27.511111111111113,99.0,0.0,6441.598975999998,6441.598976,76.88888888888889,78.0,50.32171111111111,76.619,1336.6666666666667,5000.0,4.0,2441.450783601482,76700.25145553215,0.0,0.0,0.0,473.10438399999987,473.104384,37.044444444444444,38.0,9.762599999999997,10.431,300.0,405.0,1.0,483.01701624272755,15157.091779731009,61.688888888888876,71.4,5.1390650595555565,5.443743744,21.2,4.396184280177777,4.500942848,29.123100672,0.0,2924.4677998442094,0.8123521666233915,0.5792070948024781,713.0,824,Tesla T4,16106.12736,70.0,GPU-4d8859c5-136c-374a-089b-73c32dcd32f0,Tesla T4,16106.12736,70.0,GPU-6d7c29a2-e30e-948b-86cf-75bfa141957f,580.159.04,1.0,40,1.0,20,1.0,3,1.0,41
a-mobilenetv4-base-f2-s3,a,mobilenetv4,base,2,3,31,1643,105152,1787863476.1920054,1787863526.0796332,2026-08-27T20:44:36Z,2026-08-27T20:45:26Z,acct1,0,b8aaf6,Interactive,8e00edb77690,v2,5.224194217700242e-09,1.0,9.642197605549321e-06,0.00016283625127182596,4.370548781249874e-07,4.883967903879238e-06,0.0,2.9771392746624757e-06,4.2475585996726255e-06,0.0,371.6542268753715,1.9149083424201964e-13,64.0,0,0,49.861013889312744,47.30507755279541,2.555119276046753,33.12588024139404,13.603836297988892,12.131606578826904,0.38687753677368164,0.6643643531784313,0.26576621577424825,0.2646656036376953,0.26807379722595215,0.29331164360046386,71.70477622014924,8437074,8437074,1566.4623494148254,93939.49639854202,60,384,64,coral,coral_bce,0.0,session_balanced,adamw,0.0003,0.05,cosine,5,60,5.0,True,full,raw,full_frame,dataset_v1_1,fp16,2,mobilenetv4,2,3,base,a,8e00edb77690,1.0,1.0,1.0,1.0,1.0,1.0,1.0,1.0,1.0,1.0,40,1.0,1.0,1.0,20,1.0,1.0,1.0,44,1.0,0.0,1.0,1.0,1.9273468917032936e-05,4.4369002358981595e-09,0.9999807276404821,0.9999807276404821,NA,-1.927235951793005e-05,1.927235951793005e-05,1.927235951793005e-05,1.927235951793005e-05,25.5531914893617,99.0,0.0,6441.5989759999975,6441.598976,77.14893617021276,79.0,49.52604255319147,75.205,1320.6382978723404,5000.0,4.0,2497.914255070311,79231.30837866706,0.0,0.0,0.0,473.1043839999998,473.104384,37.12765957446808,38.0,9.720382978723405,10.53,300.0,405.0,1.0,490.9649636213653,15656.383334249696,61.2063829787234,72.6,5.209532023829786,5.4535168,21.2,4.393469385531914,4.414828544,29.123100672,0.0,2988.879218691676,0.8302442274143546,0.5919641341464348,713.0,836,Tesla T4,16106.12736,70.0,GPU-4d8859c5-136c-374a-089b-73c32dcd32f0,Tesla T4,16106.12736,70.0,GPU-6d7c29a2-e30e-948b-86cf-75bfa141957f,580.159.04,1.0,40,1.0,20,1.0,3,1.0,41
a-mobilenetv4-base-f2-s3,a,mobilenetv4,base,2,3,32,1696,108544,1787863526.3546069,1787863576.6037683,2026-08-27T20:45:26Z,2026-08-27T20:46:16Z,acct1,0,b8aaf6,Interactive,8e00edb77690,v2,2.2896713939337083e-08,1.0,1.045373796142275e-06,0.0001542834076190544,1.1980787602927854e-05,0.00038102114922367036,0.0,2.8850366288679628e-05,0.0002695128001505502,0.0,371.647702921558,4.973626159422201e-12,64.0,0,0,50.22262907028198,47.5504686832428,2.6713240146636963,33.43490767478943,13.558465957641602,12.16260051727295,0.37224531173706055,0.6657339190268261,0.26457933659823435,0.26340794563293457,0.26598777770996096,0.29522324562072744,71.33473326195353,8437074,8437074,1616.6849784851074,96889.06986273534,60,384,64,coral,coral_bce,0.0,session_balanced,adamw,0.0003,0.05,cosine,5,60,5.0,True,full,raw,full_frame,dataset_v1_1,fp16,2,mobilenetv4,2,3,base,a,8e00edb77690,1.0,1.0,1.0,1.0,1.0,1.0,1.0,1.0,1.0,1.0,40,1.0,1.0,1.0,20,1.0,1.0,1.0,44,1.0,0.0,1.0,1.0,2.0919070732338713e-06,5.3164625877527104e-11,0.999997908106217,0.999997908106217,NA,-2.0918937829739193e-06,2.0918937829739193e-06,2.0918937829739193e-06,2.0918937829739193e-06,28.872340425531913,99.0,0.0,6441.5989759999975,6441.598976,76.8936170212766,78.0,49.998319148936176,88.328,1310.1063829787233,5000.0,4.0,2458.023351500742,81706.56378783195,0.0,0.0,0.0,473.1043839999998,473.104384,37.02127659574468,38.0,9.741489361702127,10.233,300.0,405.0,1.0,491.55011269258466,16152.515518482875,61.527659574468096,72.2,5.252621682382979,5.455077376,21.2,4.395807765787233,4.494651392,29.123100672,0.0,2949.573464193327,0.8193259622759241,0.5841794111027339,713.0,841,Tesla T4,16106.12736,70.0,GPU-4d8859c5-136c-374a-089b-73c32dcd32f0,Tesla T4,16106.12736,70.0,GPU-6d7c29a2-e30e-948b-86cf-75bfa141957f,580.159.04,1.0,40,1.0,20,1.0,3,1.0,41
a-mobilenetv4-base-f2-s3,a,mobilenetv4,base,2,3,33,1749,111936,1787863576.888258,1787863626.7178075,2026-08-27T20:46:16Z,2026-08-27T20:47:06Z,acct1,0,b8aaf6,Interactive,8e00edb77690,v2,4.563242327455229e-06,1.0,8.49595436683068e-06,0.00014571659238094556,0.007231968233953429,0.3798433542251587,0.0,2.0924957061652092e-05,0.1840723613649595,0.0,371.6414934816134,2.8355761822679123e-09,64.0,0,0,49.80280566215515,47.3005793094635,2.5006744861602783,33.16445231437683,13.574682235717773,12.23542833328247,0.37715649604797363,0.6659153409820503,0.2649899608684036,0.26398634910583496,0.2671403408050537,0.28716561317443845,71.71159528106155,8437074,8437074,1666.4877841472626,99832.46522827687,60,384,64,coral,coral_bce,0.0,session_balanced,adamw,0.0003,0.05,cosine,5,60,5.0,True,full,raw,full_frame,dataset_v1_1,fp16,2,mobilenetv4,2,3,base,a,8e00edb77690,1.0,1.0,1.0,1.0,1.0,1.0,1.0,1.0,1.0,1.0,40,1.0,1.0,1.0,20,1.0,1.0,1.0,44,1.0,0.0,1.0,1.0,1.6987670001605857e-05,3.6770560857399804e-09,0.9999830132493606,0.9999830132493606,NA,-1.698675063943611e-05,1.698675063943611e-05,1.698675063943611e-05,1.698675063943611e-05,27.46808510638298,97.0,0.0,6441.5989759999975,6441.598976,77.17021276595744,79.0,50.090978723404234,71.796,1295.1063829787233,5000.0,4.0,2455.4170257325895,84176.80039659071,0.0,0.0,0.0,473.1043839999998,473.104384,37.06382978723404,38.0,9.790148936170214,10.332,300.0,405.0,1.0,487.97833980893665,16645.93735951156,61.002127659574455,72.5,5.14750943319149,5.386993664,21.0,4.393703641872339,4.425838592,29.123100672,0.0,2943.395365541526,0.817609823761535,0.5829558043419745,713.0,834,Tesla T4,16106.12736,70.0,GPU-4d8859c5-136c-374a-089b-73c32dcd32f0,Tesla T4,16106.12736,70.0,GPU-6d7c29a2-e30e-948b-86cf-75bfa141957f,580.159.04,1.0,40,1.0,20,1.0,3,1.0,41
a-mobilenetv4-base-f2-s3,a,mobilenetv4,base,2,3,34,1802,115328,1787863626.978746,1787863677.6319544,2026-08-27T20:47:06Z,2026-08-27T20:47:57Z,acct1,0,b8aaf6,Interactive,8e00edb77690,v2,2.7136535988480313e-08,1.0,6.006314335466484e-07,0.00013716374872817407,4.098949414085682e-06,0.0001937592460308224,0.0,3.935002769139821e-06,9.738696120621113e-05,0.0,371.6356830390874,1.51284522219577e-12,64.0,0,0,50.62177491188049,48.003379583358765,2.6175496578216553,33.81065511703491,13.594147443771362,12.216641664505005,0.40392470359802246,0.6679073417692402,0.2660580356166048,0.2639317512512207,0.2679957389831543,0.3003066539764404,70.66169151923415,8437074,8437074,1717.109559059143,102856.9096887197,60,384,64,coral,coral_bce,0.0,session_balanced,adamw,0.0003,0.05,cosine,5,60,5.0,True,full,raw,full_frame,dataset_v1_1,fp16,2,mobilenetv4,2,3,base,a,8e00edb77690,1.0,1.0,1.0,1.0,1.0,1.0,1.0,1.0,1.0,1.0,40,1.0,1.0,1.0,20,1.0,1.0,1.0,44,1.0,0.0,1.0,1.0,1.1611484281707306e-06,1.6409282902197374e-11,0.9999988388556701,0.9999988388556701,NA,-1.1611443299086588e-06,1.1611443299086588e-06,1.1611443299086588e-06,1.1611443299086588e-06,27.5,99.0,0.0,6441.598976,6441.598976,76.95833333333333,78.0,49.2864375,88.411,1357.5,5000.0,4.0,2528.294411812123,86728.38825292545,0.0,0.0,0.0,473.10438400000004,473.104384,37.0,37.0,9.771166666666668,10.332,300.0,405.0,1.0,496.150048630705,17147.13603158897,60.32916666666667,71.2,5.223115093333333,5.389774848,21.0,4.395058517333333,4.4915712,29.123100672,0.0,3024.444460442828,0.840123461234119,0.5990080278599268,713.0,848,Tesla T4,16106.12736,70.0,GPU-4d8859c5-136c-374a-089b-73c32dcd32f0,Tesla T4,16106.12736,70.0,GPU-6d7c29a2-e30e-948b-86cf-75bfa141957f,580.159.04,1.0,40,1.0,20,1.0,3,1.0,41
a-mobilenetv4-base-f2-s3,a,mobilenetv4,base,2,3,35,1855,118720,1787863677.9072242,1787863727.9271183,2026-08-27T20:47:57Z,2026-08-27T20:48:47Z,acct1,0,b8aaf6,Interactive,8e00edb77690,v2,4.2043329840158756e-08,1.0,6.950818645306684e-06,0.00012865277425900724,1.7610360185283254e-05,0.0007275857497006655,0.0,3.056012719753193e-05,0.00041089932405156824,0.0,371.63022510951095,6.0964408717547894e-12,64.0,0,0,49.98025965690613,47.38995981216431,2.5882952213287354,33.311789751052856,13.530299425125122,12.174859762191772,0.35515666007995605,0.666498933373387,0.26378176347264704,0.26296305656433105,0.265014123916626,0.28578234672546377,71.57634261443968,8437074,8437074,1767.0898187160492,105816.66667775073,60,384,64,coral,coral_bce,0.0,session_balanced,adamw,0.0003,0.05,cosine,5,60,5.0,True,full,raw,full_frame,dataset_v1_1,fp16,2,mobilenetv4,2,3,base,a,8e00edb77690,1.0,1.0,1.0,1.0,1.0,1.0,1.0,1.0,1.0,1.0,40,1.0,1.0,1.0,20,1.0,1.0,1.0,44,1.0,0.0,1.0,1.0,1.3912580621955702e-05,2.508958746889547e-09,0.9999860880466608,0.9999860880466608,NA,-1.3911953339218464e-05,1.3911953339218464e-05,1.3911953339218464e-05,1.3911953339218464e-05,24.23404255319149,99.0,0.0,6441.5989759999975,6441.598976,76.76595744680851,78.0,48.53297872340426,87.648,1338.8297872340424,5000.0,4.0,2467.600843252396,89213.67175805525,0.0,0.0,0.0,473.1043839999998,473.104384,37.0,37.0,9.753148936170213,10.233,300.0,405.0,1.0,492.15614577863744,17643.897699332392,60.71702127659576,70.1,5.200166301957447,5.382254592,21.3,4.393916982468084,4.4358656,29.123100672,0.0,2959.7569890310333,0.822154719175287,0.5861963147719796,713.0,838,Tesla T4,16106.12736,70.0,GPU-4d8859c5-136c-374a-089b-73c32dcd32f0,Tesla T4,16106.12736,70.0,GPU-6d7c29a2-e30e-948b-86cf-75bfa141957f,580.159.04,1.0,40,1.0,20,1.0,3,1.0,41
a-mobilenetv4-base-f2-s3,a,mobilenetv4,base,2,3,36,1908,122112,1787863728.2205777,1787863777.0530953,2026-08-27T20:48:48Z,2026-08-27T20:49:37Z,acct1,0,b8aaf6,Interactive,8e00edb77690,v2,2.2775105414448074e-08,1.0,6.584020761343149e-06,0.0001202114300031382,3.5380635940493087e-06,6.461944576585665e-05,0.0,2.4526128981960917e-05,5.191039235796772e-05,0.0,371.6251133565821,1.1444750873835878e-12,64.0,0,0,48.80554270744324,46.238550424575806,2.5649709701538086,32.067214488983154,13.624881982803345,12.25991678237915,0.367171049118042,0.657040424306001,0.2656539476142739,0.2647409439086914,0.2673479557037354,0.3013483905792235,73.3587011022982,8437074,8437074,1815.8953614234924,108759.90796818558,60,384,64,coral,coral_bce,0.0,session_balanced,adamw,0.0003,0.05,cosine,5,60,5.0,True,full,raw,full_frame,dataset_v1_1,fp16,2,mobilenetv4,2,3,base,a,8e00edb77690,1.0,1.0,1.0,1.0,1.0,1.0,1.0,1.0,1.0,1.0,40,1.0,1.0,1.0,20,1.0,1.0,1.0,44,1.0,0.0,1.0,1.0,1.3187483662779214e-05,2.116251833266183e-09,0.999986813045465,0.999986813045465,NA,-1.3186954535004958e-05,1.3186954535004958e-05,1.3186954535004958e-05,1.3186954535004958e-05,31.32608695652174,99.0,2.0,6441.598975999998,6441.598976,77.30434782608695,79.0,48.598326086956504,80.412,1296.8478260869565,5000.0,4.0,2458.4495608050784,91688.80749556283,0.0,0.0,0.0,473.1043839999998,473.104384,37.02173913043478,38.0,9.886543478260869,10.53,300.0,405.0,1.0,484.7917296297601,18133.49912774126,61.5695652173913,69.5,5.1906543081739125,5.420634112,21.2,4.394791624347825,4.4751872,29.123100672,0.0,2943.2412904348384,0.8175670251207885,0.5829252889111222,713.0,816,Tesla T4,16106.12736,70.0,GPU-4d8859c5-136c-374a-089b-73c32dcd32f0,Tesla T4,16106.12736,70.0,GPU-6d7c29a2-e30e-948b-86cf-75bfa141957f,580.159.04,1.0,40,1.0,20,1.0,3,1.0,41
a-mobilenetv4-base-f2-s3,a,mobilenetv4,base,2,3,37,1961,125504,1787863777.319577,1787863826.0737948,2026-08-27T20:49:37Z,2026-08-27T20:50:26Z,acct1,0,b8aaf6,Interactive,8e00edb77690,v2,1.1639666528401247e-07,1.0,7.060859406220305e-07,0.00011186724987097698,0.00019530899040812755,0.00627906434237957,0.0,8.719935658518787e-06,0.00511881818994879,0.0,371.6203826843701,5.879300665429614e-11,64.0,0,0,48.72873067855835,46.18561792373657,2.5415642261505127,32.07057452201843,13.547183513641357,12.098536014556885,0.3740983009338379,0.6581450835149735,0.2645073701750557,0.263416051864624,0.2657991886138916,0.2884895515441894,73.44277618199237,8437074,8437074,1864.6240921020508,111699.6419318272,60,384,64,coral,coral_bce,0.0,session_balanced,adamw,0.0003,0.05,cosine,5,60,5.0,True,full,raw,full_frame,dataset_v1_1,fp16,2,mobilenetv4,2,3,base,a,8e00edb77690,1.0,1.0,1.0,1.0,1.0,1.0,1.0,1.0,1.0,1.0,40,1.0,1.0,1.0,20,1.0,1.0,1.0,44,1.0,0.0,1.0,1.0,1.4041548122835068e-06,2.7746883529566397e-11,0.9999985958521183,0.9999985958521183,NA,-1.4041478817450326e-06,1.4041478817450326e-06,1.4041478817450326e-06,1.4041478817450326e-06,27.82608695652174,99.0,0.0,6441.598975999998,6441.598976,76.82608695652173,78.0,50.65756521739129,103.992,1315.7608695652175,5000.0,4.0,2448.174451429586,94156.40780442502,0.0,0.0,0.0,473.1043839999998,473.104384,37.0,37.0,10.026673913043476,10.629,300.0,405.0,1.0,491.55951221203213,18629.586636155997,60.73695652173913,71.4,5.207588418782608,5.471072256,21.3,4.3964656417391295,4.478726144,29.123100672,0.0,2939.733963641618,0.8165927676782273,0.5822306433545761,713.0,818,Tesla T4,16106.12736,70.0,GPU-4d8859c5-136c-374a-089b-73c32dcd32f0,Tesla T4,16106.12736,70.0,GPU-6d7c29a2-e30e-948b-86cf-75bfa141957f,580.159.04,1.0,40,1.0,20,1.0,3,1.0,41
a-mobilenetv4-base-f2-s3,a,mobilenetv4,base,2,3,38,2014,128896,1787863826.3457754,1787863876.210224,2026-08-27T20:50:26Z,2026-08-27T20:51:16Z,acct1,0,b8aaf6,Interactive,8e00edb77690,v2,5.694836642222637e-08,1.0,6.739909832294171e-07,0.0001036474508437579,4.8608306508734835e-05,0.002414761111140251,0.0,1.4149724574963302e-05,0.0012205542999436075,0.0,371.61601949570843,1.355734627990275e-11,128.0,0,0,49.8393440246582,47.239004135131836,2.598787307739258,33.13284707069397,13.563196897506714,12.230457067489624,0.36035799980163574,0.66479300077267,0.26440050467005316,0.2635538578033447,0.2668304443359375,0.288040428161621,71.80507002850545,8437074,8437074,1914.463436126709,114665.32323407262,60,384,64,coral,coral_bce,0.0,session_balanced,adamw,0.0003,0.05,cosine,5,60,5.0,True,full,raw,full_frame,dataset_v1_1,fp16,2,mobilenetv4,2,3,base,a,8e00edb77690,1.0,1.0,1.0,1.0,1.0,1.0,1.0,1.0,1.0,1.0,40,1.0,1.0,1.0,20,1.0,1.0,1.0,44,1.0,0.0,1.0,1.0,1.3502805166471377e-06,2.425632915925266e-11,0.9999986497255472,0.9999986497255472,NA,-1.3502744528048893e-06,1.3502744528048893e-06,1.3502744528048893e-06,1.3502744528048893e-06,27.19148936170213,99.0,0.0,6441.5989759999975,6441.598976,77.0,78.0,48.07461702127659,69.349,1342.659574468085,5000.0,4.0,2470.3548625043186,96647.84451458845,0.0,0.0,0.0,473.1043839999998,473.104384,37.0,37.0,9.91559574468085,10.728,300.0,405.0,1.0,495.3264397411185,19130.43339724411,60.73404255319151,70.9,5.266968750297873,5.547126784,21.5,4.395240251914893,4.498059264,29.123100672,0.0,2965.681302245437,0.8238003617348436,0.5873696579169435,713.0,834,Tesla T4,16106.12736,70.0,GPU-4d8859c5-136c-374a-089b-73c32dcd32f0,Tesla T4,16106.12736,70.0,GPU-6d7c29a2-e30e-948b-86cf-75bfa141957f,580.159.04,1.0,40,1.0,20,1.0,3,1.0,41
a-mobilenetv4-base-f2-s3,a,mobilenetv4,base,2,3,39,2067,132288,1787863876.4796894,1787863925.5520375,2026-08-27T20:51:16Z,2026-08-27T20:52:05Z,acct1,0,b8aaf6,Interactive,8e00edb77690,v2,2.7467261174624032e-08,1.0,6.904969058478645e-06,9.557884419740386e-05,2.787595001568672e-05,0.0012005369644612074,0.0,4.7665449528722086e-05,0.0006383431699941832,0.0,371.6119386639125,7.169713365462109e-12,128.0,0,0,49.04569101333618,46.43677520751953,2.6073455810546875,32.29330635070801,13.566741228103638,12.255135774612427,0.39897608757019043,0.65843309949343,0.26520204544067383,0.26397085189819336,0.2678206443786621,0.28698011398315426,73.04555462436012,8437074,8437074,1963.5091271400452,117606.13406700006,60,384,64,coral,coral_bce,0.0,session_balanced,adamw,0.0003,0.05,cosine,5,60,5.0,True,full,raw,full_frame,dataset_v1_1,fp16,2,mobilenetv4,2,3,base,a,8e00edb77690,1.0,1.0,1.0,1.0,1.0,1.0,1.0,1.0,1.0,1.0,40,1.0,1.0,1.0,20,1.0,1.0,1.0,44,1.0,0.0,1.0,1.0,1.3788199245669763e-05,2.4528654324916654e-09,0.9999862124140446,0.9999862124140446,NA,-1.3787585955382653e-05,1.3787585955382653e-05,1.3787585955382653e-05,1.3787585955382653e-05,26.717391304347824,99.0,0.0,6441.598975999998,6441.598976,77.17391304347827,79.0,49.880804347826086,75.256,1303.3695652173913,5000.0,4.0,2456.0345360610227,99121.04444388588,0.0,0.0,0.0,473.1043839999998,473.104384,37.0,37.0,9.799065217391307,10.332,300.0,405.0,1.0,484.7762968664101,19619.940380873086,61.35434782608697,69.7,5.212849552695651,5.408444416,21.1,4.393676087652173,4.423872512,29.123100672,0.0,2940.810832927433,0.816891898035398,0.5824439232992388,713.0,824,Tesla T4,16106.12736,70.0,GPU-4d8859c5-136c-374a-089b-73c32dcd32f0,Tesla T4,16106.12736,70.0,GPU-6d7c29a2-e30e-948b-86cf-75bfa141957f,580.159.04,1.0,40,1.0,20,1.0,3,1.0,41
a-mobilenetv4-base-f2-s3,a,mobilenetv4,base,2,3,40,2120,135680,1787863925.823279,1787863976.1106157,2026-08-27T20:52:05Z,2026-08-27T20:52:56Z,acct1,0,b8aaf6,Interactive,8e00edb77690,v2,1.8145606125219987e-08,1.0,5.4010978111853965e-06,8.768774804971705e-05,1.0049975182221582e-05,0.0005192914395593107,0.0,1.599167558197222e-06,0.0002515868053706056,0.0,371.6081902644577,2.37147542700122e-12,128.0,0,0,50.25957465171814,47.716670513153076,2.5421478748321533,33.56961512565613,13.602617502212524,12.273776054382324,0.3559563159942627,0.6679247756926359,0.26505281340401127,0.26338911056518555,0.26688075065612793,0.3043633079528808,71.08626740973047,8437074,8437074,2013.7687017917633,120565.5475222332,60,384,64,coral,coral_bce,0.0,session_balanced,adamw,0.0003,0.05,cosine,5,60,5.0,True,full,raw,full_frame,dataset_v1_1,fp16,2,mobilenetv4,2,3,base,a,8e00edb77690,1.0,1.0,1.0,1.0,1.0,1.0,1.0,1.0,1.0,1.0,40,1.0,1.0,1.0,20,1.0,1.0,1.0,44,1.0,0.0,1.0,1.0,1.0765308923472923e-05,1.4648667527859804e-09,0.9999892350572807,0.9999892350572807,NA,-1.0764942719343473e-05,1.0764942719343473e-05,1.0764942719343473e-05,1.0764942719343473e-05,25.76595744680851,99.0,0.0,6441.5989759999975,6441.598976,76.91489361702128,78.0,50.28363829787232,70.812,1317.7659574468084,5000.0,4.0,2463.941405420075,101597.15663320909,0.0,0.0,0.0,473.1043839999998,473.104384,37.0,37.0,9.734829787234043,10.53,300.0,405.0,1.0,495.47204981306277,20118.88306235853,60.45106382978724,73.9,5.258895970042554,5.392478208,21.2,4.397677633361701,4.481675264,29.123100672,0.0,2959.413455233138,0.8220592931203161,0.5861282759947853,713.0,846,Tesla T4,16106.12736,70.0,GPU-4d8859c5-136c-374a-089b-73c32dcd32f0,Tesla T4,16106.12736,70.0,GPU-6d7c29a2-e30e-948b-86cf-75bfa141957f,580.159.04,1.0,40,1.0,20,1.0,3,1.0,41
a-mobilenetv4-base-f2-s3,a,mobilenetv4,base,2,3,41,2173,139072,1787863976.8560905,1787864025.5136583,2026-08-27T20:52:56Z,2026-08-27T20:53:45Z,acct1,0,b8aaf6,Interactive,8e00edb77690,v2,4.207146949552606e-08,1.0,1.2014921174760764e-05,7.999990151614894e-05,1.0761838003791738e-05,0.0003845601459033787,0.0,3.80573106667725e-05,0.0002149276372801968,0.0,371.60475813561465,2.3168324990120056e-12,128.0,0,0,48.63129496574402,46.11001682281494,2.520498752593994,31.940560340881348,13.597272157669067,12.167672872543335,0.37563490867614746,0.6567902492290272,0.265395776280817,0.2644946575164795,0.26700587272644044,0.2995814132690429,73.56319155194193,8437074,8437074,2062.3999967575073,123484.82143705618,60,384,64,coral,coral_bce,0.0,session_balanced,adamw,0.0003,0.05,cosine,5,60,5.0,True,full,raw,full_frame,dataset_v1_1,fp16,2,mobilenetv4,2,3,base,a,8e00edb77690,1.0,1.0,1.0,1.0,1.0,1.0,1.0,1.0,1.0,1.0,40,1.0,1.0,1.0,20,1.0,1.0,1.0,44,1.0,0.0,1.0,1.0,2.4012836475284434e-05,7.6299049090979e-09,0.9999759890712224,0.9999759890712224,NA,-2.4010928777573604e-05,2.4010928777573604e-05,2.4010928777573604e-05,2.4010928777573604e-05,25.08695652173913,99.0,0.0,6441.598975999998,6441.598976,77.1086956521739,79.0,51.672956521739124,105.279,1249.891304347826,5000.0,4.0,2442.9797594996926,104071.69964489437,0.0,0.0,0.0,473.1043839999998,473.104384,37.0,37.0,9.714630434782608,10.233,300.0,405.0,1.0,476.2941553232886,20604.2462881636,61.35217391304345,71.4,5.1941122226086955,5.423529984,21.4,4.394103496347825,4.443533312,29.123100672,0.0,2919.273914822981,0.8109094207841614,0.5781784170191071,713.0,814,Tesla T4,16106.12736,70.0,GPU-4d8859c5-136c-374a-089b-73c32dcd32f0,Tesla T4,16106.12736,70.0,GPU-6d7c29a2-e30e-948b-86cf-75bfa141957f,580.159.04,1.0,40,1.0,20,1.0,3,1.0,41
a-mobilenetv4-base-f2-s3,a,mobilenetv4,base,2,3,42,2226,142464,1787864025.7824478,1787864075.538133,2026-08-27T20:53:45Z,2026-08-27T20:54:35Z,acct1,0,b8aaf6,Interactive,8e00edb77690,v2,2.2564927501796294e-08,1.0,2.173277100435091e-06,7.254038075415572e-05,6.064255470111068e-06,0.00028378303977660835,0.0,4.9805051276052835e-06,0.0001476267253019606,0.0,371.6016368495497,1.1838037219691583e-12,128.0,0,0,49.72848343849182,47.241870164871216,2.4858083724975586,33.11988949775696,13.553561449050903,12.080713987350464,0.3787672519683838,0.666014469126578,0.264634186366819,0.26363372802734375,0.2674524784088135,0.2902696228027343,71.80071381937525,8437074,8437074,2112.128480195999,126465.71813924593,60,384,64,coral,coral_bce,0.0,session_balanced,adamw,0.0003,0.05,cosine,5,60,5.0,True,full,raw,full_frame,dataset_v1_1,fp16,2,mobilenetv4,2,3,base,a,8e00edb77690,1.0,1.0,1.0,1.0,1.0,1.0,1.0,1.0,1.0,1.0,40,1.0,1.0,1.0,20,1.0,1.0,1.0,44,1.0,0.0,1.0,1.0,4.355212905513137e-06,2.4798085806778344e-10,0.9999956448490803,0.9999956448490803,NA,-4.3551509196770866e-06,4.3551509196770866e-06,4.3551509196770866e-06,4.3551509196770866e-06,22.361702127659573,99.0,0.0,6441.5989759999975,6441.598976,76.97872340425532,78.0,48.544765957446806,84.061,1372.0212765957447,5000.0,4.0,2491.0123449154344,106582.55115164047,0.0,0.0,0.0,473.1043839999998,473.104384,37.0,37.0,9.770404255319148,10.135,300.0,405.0,1.0,489.88435727431715,21098.81190578099,60.95531914893616,72.6,5.231880322723404,5.4468608,21.2,4.393490301276595,4.415811584,29.123100672,0.0,2980.8967021897515,0.8280268617193755,0.5903831524059147,713.0,834,Tesla T4,16106.12736,70.0,GPU-4d8859c5-136c-374a-089b-73c32dcd32f0,Tesla T4,16106.12736,70.0,GPU-6d7c29a2-e30e-948b-86cf-75bfa141957f,580.159.04,1.0,40,1.0,20,1.0,3,1.0,41
a-mobilenetv4-base-f2-s3,a,mobilenetv4,base,2,3,43,2279,145856,1787864075.806051,1787864125.2765808,2026-08-27T20:54:35Z,2026-08-27T20:55:25Z,acct1,0,b8aaf6,Interactive,8e00edb77690,v2,1.1696453719593639e-08,1.0,1.2287726943983357e-06,6.533351716998465e-05,2.6262325958538106e-06,0.00010930749704129994,0.0,2.2232008404898788e-06,6.141486752312601e-05,0.0,371.59881611647785,4.617372417564595e-13,128.0,0,0,49.44230055809021,46.938406229019165,2.50264573097229,32.78641891479492,13.587109327316284,12.099531888961792,0.364300012588501,0.66312486564564,0.2651697149816549,0.2638204097747803,0.2706146240234375,0.2821826362609863,72.26491635548828,8437074,8437074,2161.5707807540894,129446.30796211341,60,384,64,coral,coral_bce,0.0,session_balanced,adamw,0.0003,0.05,cosine,5,60,5.0,True,full,raw,full_frame,dataset_v1_1,fp16,2,mobilenetv4,2,3,base,a,8e00edb77690,1.0,1.0,1.0,1.0,1.0,1.0,1.0,1.0,1.0,1.0,40,1.0,1.0,1.0,20,1.0,1.0,1.0,44,1.0,0.0,1.0,1.0,2.4764780207390153e-06,7.864747663022242e-11,0.9999975235416338,0.9999975235416338,NA,-2.4764583661518458e-06,2.4764583661518458e-06,2.4764583661518458e-06,2.4764583661518458e-06,32.69565217391305,99.0,0.0,6441.598975999998,6441.598976,77.04347826086956,79.0,52.3068043478261,96.985,1295.2173913043478,5000.0,4.0,2492.4983198965347,109099.9337885369,0.0,0.0,0.0,473.1043839999998,473.104384,37.0,37.0,9.796543478260869,10.625,300.0,405.0,1.0,488.09150297094675,21592.30563329217,61.082608695652176,69.9,5.212557935304347,5.357658112,20.9,4.395465505391303,4.506185728,29.123100672,0.0,2980.5898228674814,0.8279416174631893,0.590322373251254,713.0,830,Tesla T4,16106.12736,70.0,GPU-4d8859c5-136c-374a-089b-73c32dcd32f0,Tesla T4,16106.12736,70.0,GPU-6d7c29a2-e30e-948b-86cf-75bfa141957f,580.159.04,1.0,40,1.0,20,1.0,3,1.0,41
a-mobilenetv4-base-f2-s3,a,mobilenetv4,base,2,3,44,2332,149248,1787864125.5495539,1787864175.2307024,2026-08-27T20:55:25Z,2026-08-27T20:56:15Z,acct1,0,b8aaf6,Interactive,8e00edb77690,v2,1.670090398007324e-08,1.0,4.800466460717591e-06,5.840281805468426e-05,8.20358472252629e-06,0.0002430427266517654,0.0,5.513278938451541e-06,0.00020669851335696854,0.0,371.59628737619005,1.2893359869897058e-12,128.0,0,0,49.651920318603516,47.16000723838806,2.491020917892456,33.09015369415283,13.50219988822937,12.154282331466675,0.3839588165283203,0.6664425762754368,0.2636606378375359,0.26317548751831055,0.26553893089294434,0.28055814743041985,71.92534943546245,8437074,8437074,2211.222701072693,132370.43997746642,60,384,64,coral,coral_bce,0.0,session_balanced,adamw,0.0003,0.05,cosine,5,60,5.0,True,full,raw,full_frame,dataset_v1_1,fp16,2,mobilenetv4,2,3,base,a,8e00edb77690,1.0,1.0,1.0,1.0,1.0,1.0,1.0,1.0,1.0,1.0,40,1.0,1.0,1.0,20,1.0,1.0,1.0,44,1.0,0.0,1.0,1.0,9.602383237630623e-06,1.216898458842997e-09,0.9999903979209753,0.9999903979209753,NA,-9.602079024673138e-06,9.602079024673138e-06,9.602079024673138e-06,9.602079024673138e-06,31.893617021276597,99.0,1.0,6441.5989759999975,6441.598976,76.80851063829788,78.0,49.14344680851063,96.209,1278.5106382978724,5000.0,4.0,2432.802727891496,111552.57061298483,0.0,0.0,0.0,473.1043839999998,473.104384,37.0,37.0,9.79136170212766,10.629,300.0,405.0,1.0,491.3292874615254,22088.218761943797,60.593617021276586,70.6,5.192121147914892,5.36981504,21.3,4.393005055999999,4.393005056,29.009846272,0.0,2924.1320153530214,0.8122588931536171,0.579140590818529,713.0,834,Tesla T4,16106.12736,70.0,GPU-4d8859c5-136c-374a-089b-73c32dcd32f0,Tesla T4,16106.12736,70.0,GPU-6d7c29a2-e30e-948b-86cf-75bfa141957f,580.159.04,1.0,40,1.0,20,1.0,3,1.0,41
a-mobilenetv4-base-f2-s3,a,mobilenetv4,base,2,3,45,2385,152640,1787864175.5115097,1787864225.9567454,2026-08-27T20:56:15Z,2026-08-27T20:57:05Z,acct1,0,b8aaf6,Interactive,8e00edb77690,v2,5.230347898920692e-09,1.0,3.003157137125247e-06,5.1770889908207245e-05,1.3328016203137445e-06,3.671052763820626e-05,0.0,6.0008514083165205e-06,2.6099493843503233e-05,0.0,371.5940350119994,1.8568738853010643e-13,128.0,0,0,50.41744923591614,47.8103187084198,2.6062815189361572,33.681352376937866,13.583401441574097,12.230199575424194,0.3621683120727539,0.6680495123689063,0.2647515872739396,0.2642037868499756,0.26674752235412597,0.2908284473419188,70.9470275796894,8437074,8437074,2261.640150308609,135413.86516902974,60,384,64,coral,coral_bce,0.0,session_balanced,adamw,0.0003,0.05,cosine,5,60,5.0,True,full,raw,full_frame,dataset_v1_1,fp16,2,mobilenetv4,2,3,base,a,8e00edb77690,1.0,1.0,1.0,1.0,1.0,1.0,1.0,1.0,1.0,1.0,40,1.0,1.0,1.0,20,1.0,1.0,1.0,44,1.0,0.0,1.0,1.0,5.998405809010189e-06,4.6126203676894935e-10,0.9999940017094979,0.9999940017094979,NA,-5.9982905020739e-06,5.9982905020739e-06,5.9982905020739e-06,5.9982905020739e-06,28.085106382978722,99.0,0.0,6441.5989759999975,6441.598976,77.17021276595744,78.0,50.157574468085116,79.052,1358.2978723404256,5000.0,4.0,2546.8181833705166,114119.02644193111,0.0,0.0,0.0,473.1043839999998,473.104384,37.0,37.0,9.78540425531915,10.629,300.0,405.0,1.0,496.607008192801,22589.285212222814,60.58085106382979,74.8,5.2687607938723415,5.4162432,21.3,4.393692486808509,4.425314304,29.123100672,0.0,3043.4251915633176,0.845395886545366,0.6027672671068459,713.0,846,Tesla T4,16106.12736,70.0,GPU-4d8859c5-136c-374a-089b-73c32dcd32f0,Tesla T4,16106.12736,70.0,GPU-6d7c29a2-e30e-948b-86cf-75bfa141957f,580.159.04,1.0,40,1.0,20,1.0,3,1.0,41
a-mobilenetv4-base-f2-s3,a,mobilenetv4,base,2,3,46,2438,156032,1787864226.2330189,1787864275.957478,2026-08-27T20:57:06Z,2026-08-27T20:57:55Z,acct1,0,b8aaf6,Interactive,8e00edb77690,v2,4.741791195583315e-09,1.0,1.872961379726453e-05,4.5459364701705995e-05,8.603309291476187e-07,2.3632150259800255e-05,0.0,3.5906770335714023e-06,1.7100501936511098e-05,0.0,371.5920478594809,1.0525009266901434e-13,128.0,0,0,49.692270278930664,47.03395986557007,2.6574039459228516,32.8951153755188,13.537009954452515,12.175490856170654,0.4154853820800781,0.6619765044115161,0.2649876756488152,0.2636070251464844,0.26578826904296876,0.29283456802368163,72.11810380616116,8437074,8437074,2311.3324205875397,138426.0368880504,60,384,64,coral,coral_bce,0.0,session_balanced,adamw,0.0003,0.05,cosine,5,60,5.0,True,full,raw,full_frame,dataset_v1_1,fp16,2,mobilenetv4,2,3,base,a,8e00edb77690,1.0,1.0,1.0,1.0,1.0,1.0,1.0,1.0,1.0,1.0,40,1.0,1.0,1.0,20,1.0,1.0,1.0,44,1.0,0.0,1.0,1.0,3.7448439063611285e-05,1.8742144672004623e-08,0.9999625562475278,0.9999625562475278,NA,-3.7443752472166025e-05,3.7443752472166025e-05,3.7443752472166025e-05,3.7443752472166025e-05,30.652173913043477,99.0,0.0,6441.598975999998,6441.598976,76.8695652173913,78.0,49.76678260869564,70.617,1374.1304347826087,5000.0,4.0,2525.0386807089526,116658.83707192843,0.0,0.0,0.0,473.1043839999998,473.104384,37.0,37.0,9.751847826086957,10.629,300.0,405.0,1.0,487.1330383117165,23080.35440631222,61.508695652173905,72.1,5.251093815652174,5.42664704,21.1,4.393156073739129,4.399951872,29.123100672,0.0,3012.171719020669,0.8367143663946303,0.5965773432393714,713.0,834,Tesla T4,16106.12736,70.0,GPU-4d8859c5-136c-374a-089b-73c32dcd32f0,Tesla T4,16106.12736,70.0,GPU-6d7c29a2-e30e-948b-86cf-75bfa141957f,580.159.04,1.0,40,1.0,20,1.0,3,1.0,41
a-mobilenetv4-base-f2-s3,a,mobilenetv4,base,2,3,47,2491,159424,1787864276.2640288,1787864326.090059,2026-08-27T20:57:56Z,2026-08-27T20:58:46Z,acct1,0,b8aaf6,Interactive,8e00edb77690,v2,2.2980168145642794e-08,1.0,3.7780175541858907e-06,3.948882931853924e-05,2.2179869019460744e-05,0.0011446058051660657,0.0,5.466770790008004e-06,0.0005566703405565897,0.0,371.5903134098284,2.3570503062362e-12,128.0,0,0,49.79726314544678,47.26044702529907,2.5360300540924072,33.16050720214844,13.541239738464355,12.072463035583496,0.37032079696655273,0.6659102349720293,0.26418023289374587,0.2640957832336426,0.26665077209472654,0.27735969543457023,71.77249081423675,8437074,8437074,2361.1296837329865,141436.87432585395,60,384,64,coral,coral_bce,0.0,session_balanced,adamw,0.0003,0.05,cosine,5,60,5.0,True,full,raw,full_frame,dataset_v1_1,fp16,2,mobilenetv4,2,3,base,a,8e00edb77690,1.0,1.0,1.0,1.0,1.0,1.0,1.0,1.0,1.0,1.0,40,1.0,1.0,1.0,20,1.0,1.0,1.0,44,1.0,0.0,1.0,1.0,7.575145491897697e-06,7.900179203344007e-10,0.9999924250520192,0.9999924250520192,NA,-7.574947980759639e-06,7.574947980759639e-06,7.574947980759639e-06,7.574947980759639e-06,28.391304347826086,99.0,0.0,6441.598975999998,6441.598976,77.0,78.0,52.353521739130436,96.536,1346.4130434782608,5000.0,4.0,2523.5403748541285,119201.69740689587,0.0,0.0,0.0,473.1043839999998,473.104384,37.0,37.0,9.758086956521739,10.431,300.0,405.0,1.0,487.2970629494084,23572.717057502014,60.95869565217392,71.0,5.234131033043479,5.531660288,21.4,4.42233090226087,4.550569984,29.183602688,0.0,3010.837437803537,0.8363437327232047,0.596313081431645,713.0,837,Tesla T4,16106.12736,70.0,GPU-4d8859c5-136c-374a-089b-73c32dcd32f0,Tesla T4,16106.12736,70.0,GPU-6d7c29a2-e30e-948b-86cf-75bfa141957f,580.159.04,1.0,40,1.0,20,1.0,3,1.0,41
a-mobilenetv4-base-f2-s3,a,mobilenetv4,base,2,3,48,2544,162816,1787864326.361617,1787864376.2789063,2026-08-27T20:58:46Z,2026-08-27T20:59:36Z,acct1,0,b8aaf6,Interactive,8e00edb77690,v2,1.9646356405766075e-08,1.0,5.552401979422519e-06,3.3878758404137624e-05,1.1669668506656007e-05,0.0004349220544099808,0.0,1.559431302666777e-05,0.00028288252186030056,0.0,371.58881439711024,1.0639552771113954e-12,128.0,0,0,49.88963007926941,47.35998225212097,2.5288732051849365,33.20604205131531,13.584629774093628,12.112404823303223,0.38027119636535645,0.6655900634772072,0.2652257703385263,0.26365160942077637,0.2684887409210205,0.2846284294128418,71.62164846140948,8437074,8437074,2411.019313812256,144409.18387074076,60,384,64,coral,coral_bce,0.0,session_balanced,adamw,0.0003,0.05,cosine,5,60,5.0,True,full,raw,full_frame,dataset_v1_1,fp16,2,mobilenetv4,2,3,base,a,8e00edb77690,1.0,1.0,1.0,1.0,1.0,1.0,1.0,1.0,1.0,1.0,40,1.0,1.0,1.0,20,1.0,1.0,1.0,44,1.0,0.0,1.0,1.0,1.1100638669656078e-05,1.6790933144092322e-09,0.9999888997811538,0.9999888997811538,NA,-1.1100218846205046e-05,1.1100218846205046e-05,1.1100218846205046e-05,1.1100218846205046e-05,29.46808510638298,99.0,0.0,6441.5989759999975,6441.598976,77.0,78.0,49.7928085106383,79.051,1313.6170212765958,5000.0,4.0,2481.9046739446494,121696.71226166956,0.0,0.0,0.0,473.1043839999998,473.104384,37.0,37.0,9.745255319148937,10.039,300.0,405.0,1.0,490.40487094215496,24067.824528816007,60.62553191489361,73.4,5.3259667499574475,5.532164096,21.5,4.420337489702129,4.51858432,29.140717568,0.0,2972.3095448868044,0.8256415402463345,0.5886824181956365,713.0,838,Tesla T4,16106.12736,70.0,GPU-4d8859c5-136c-374a-089b-73c32dcd32f0,Tesla T4,16106.12736,70.0,GPU-6d7c29a2-e30e-948b-86cf-75bfa141957f,580.159.04,1.0,40,1.0,20,1.0,3,1.0,41
a-mobilenetv4-base-f2-s3,a,mobilenetv4,base,2,3,49,2597,166208,1787864376.5446293,1787864426.0254593,2026-08-27T20:59:36Z,2026-08-27T21:00:26Z,acct1,0,b8aaf6,Interactive,8e00edb77690,v2,3.32258987217335e-08,1.0,0.0001911383475929212,2.8647450843757897e-05,1.5098775310817197e-05,0.0007768373470753431,2.6193204050173335e-08,3.067506554543793e-06,0.00037821784058905667,0.0,371.58754136097104,1.1640363988882974e-12,128.0,0,0,49.450801610946655,46.89924716949463,2.5505611896514893,32.72360634803772,13.611828565597534,12.23975419998169,0.3756105899810791,0.6617406651056972,0.2656278070413841,0.264268159866333,0.268345308303833,0.2950110149383544,72.3252547688294,8437074,8437074,2460.4701154232025,147367.10222042134,60,384,64,coral,coral_bce,0.0,session_balanced,adamw,0.0003,0.05,cosine,5,60,5.0,True,full,raw,full_frame,dataset_v1_1,fp16,2,mobilenetv4,2,3,base,a,8e00edb77690,1.0,1.0,1.0,1.0,1.0,1.0,1.0,1.0,1.0,1.0,40,1.0,1.0,1.0,20,1.0,1.0,1.0,44,1.0,0.0,1.0,1.0,0.0003822975717759529,1.9015098017059274e-06,0.9996181789499062,0.9996181789499062,NA,-0.0003818210500937669,0.0003818210500937669,0.0003818210500937669,0.0003818210500937669,27.617021276595743,97.0,0.0,6441.5989759999975,6441.598976,77.08510638297872,79.0,49.34812765957447,87.897,1386.063829787234,5000.0,4.0,2466.977942129248,124176.68806017617,0.0,0.0,0.0,473.1043839999998,473.104384,37.0,37.0,9.852765957446808,10.337,300.0,405.0,1.0,490.9404075513339,24562.171235552618,60.88085106382978,72.1,5.274672977702128,5.46412544,21.2,4.4184188187234055,4.487913472,29.140717568,0.0,2957.9183496805817,0.8216439860223839,0.5858321620339596,713.0,832,Tesla T4,16106.12736,70.0,GPU-4d8859c5-136c-374a-089b-73c32dcd32f0,Tesla T4,16106.12736,70.0,GPU-6d7c29a2-e30e-948b-86cf-75bfa141957f,580.159.04,1.0,40,1.0,20,1.0,3,1.0,41
a-mobilenetv4-base-f2-s3,a,mobilenetv4,base,2,3,50,2650,169600,1787864426.3015025,1787864475.799833,2026-08-27T21:00:26Z,2026-08-27T21:01:15Z,acct1,0,b8aaf6,Interactive,8e00edb77690,v2,1.889477989028013e-07,1.0,2.9183351076566258e-05,2.38119700753228e-05,0.0001283764122533439,0.0065714698284864426,0.0,5.115316594128658e-06,0.003266247243736851,0.0,371.58646273047833,8.226605631678184e-12,128.0,0,0,49.46982717514038,46.95372700691223,2.514845371246338,32.82631158828735,13.544288158416748,12.200877904891968,0.3801608085632324,0.6635622855942229,0.26460927387453476,0.26299452781677246,0.26792135238647463,0.29746232032775877,72.24133665684624,8437074,8437074,2509.939942598343,150306.83443973862,60,384,64,coral,coral_bce,0.0,session_balanced,adamw,0.0003,0.05,cosine,5,60,5.0,True,full,raw,full_frame,dataset_v1_1,fp16,2,mobilenetv4,2,3,base,a,8e00edb77690,1.0,1.0,1.0,1.0,1.0,1.0,1.0,1.0,1.0,1.0,40,1.0,1.0,1.0,20,1.0,1.0,1.0,44,1.0,0.0,1.0,1.0,5.836957702614173e-05,4.357930151550985e-08,0.9999416413215491,0.9999416413215491,NA,-5.835867845094267e-05,5.835867845094267e-05,5.835867845094267e-05,5.835867845094267e-05,23.91304347826087,99.0,0.0,6441.598975999998,6441.598976,76.69565217391305,78.0,50.391847826086966,86.968,1305.3260869565217,5000.0,4.0,2444.8636323154496,126641.60657453093,0.0,0.0,0.0,473.1043839999998,473.104384,37.02173913043478,38.0,9.987608695652172,10.827,300.0,405.0,1.0,494.86858700183075,25062.525521703818,61.25869565217391,70.0,5.440814836869565,5.63222528,21.7,4.420040971130435,4.526841856,29.140717568,0.0,2939.7322193172804,0.816592283143689,0.5822302978814503,713.0,832,Tesla T4,16106.12736,70.0,GPU-4d8859c5-136c-374a-089b-73c32dcd32f0,Tesla T4,16106.12736,70.0,GPU-6d7c29a2-e30e-948b-86cf-75bfa141957f,580.159.04,1.0,40,1.0,20,1.0,3,1.0,41
a-mobilenetv4-base-f2-s3,a,mobilenetv4,base,2,3,51,2703,172992,1787864476.6928728,1787864527.2737312,2026-08-27T21:01:16Z,2026-08-27T21:02:07Z,acct1,0,b8aaf6,Interactive,8e00edb77690,v2,7.172797732147651e-09,1.0,6.464811646695196e-07,1.9388088432033443e-05,1.0296481337986026e-06,1.3749478966929018e-05,0.0,7.248024485306809e-06,1.1973630353168108e-05,0.0,371.5855792467762,5.372358397877386e-14,128.0,0,0,50.55204892158508,47.91163682937622,2.6396372318267822,33.7981276512146,13.536795139312744,12.034352540969849,0.37337422370910645,0.6685807671938541,0.264467716217041,0.2641916275024414,0.26660494804382323,0.2790071296691894,70.7969968147749,8437074,8437074,2560.491991519928,153356.99981561906,60,384,64,coral,coral_bce,0.0,session_balanced,adamw,0.0003,0.05,cosine,5,60,5.0,True,full,raw,full_frame,dataset_v1_1,fp16,2,mobilenetv4,2,3,base,a,8e00edb77690,1.0,1.0,1.0,1.0,1.0,1.0,1.0,1.0,1.0,1.0,40,1.0,1.0,1.0,20,1.0,1.0,1.0,44,1.0,0.0,1.0,1.0,1.3164662720286776e-06,2.3981970417083907e-11,0.9999986835397207,0.9999986835397207,NA,-1.316460279343623e-06,1.316460279343623e-06,1.316460279343623e-06,1.316460279343623e-06,28.395833333333332,99.0,0.0,6441.598976,6441.598976,77.16666666666667,78.0,49.2096875,78.566,1333.125,5000.0,4.0,2543.6126095010986,129221.92199608666,0.0,0.0,0.0,473.10438400000004,473.104384,37.083333333333336,38.0,9.915645833333334,10.827,300.0,405.0,1.0,506.55276637933275,25579.7879091738,60.65,70.3,5.290335744,5.587030016,21.8,4.415496192,4.415496192,29.027463168,0.0,3050.1653758804314,0.8472681599667865,0.6041021980563188,713.0,846,Tesla T4,16106.12736,70.0,GPU-4d8859c5-136c-374a-089b-73c32dcd32f0,Tesla T4,16106.12736,70.0,GPU-6d7c29a2-e30e-948b-86cf-75bfa141957f,580.159.04,1.0,40,1.0,20,1.0,3,1.0,41
a-mobilenetv4-base-f2-s3,a,mobilenetv4,base,2,3,52,2756,176384,1787864527.5404286,1787864577.275221,2026-08-27T21:02:07Z,2026-08-27T21:02:57Z,acct1,0,b8aaf6,Interactive,8e00edb77690,v2,2.988489170683441e-06,1.0,9.105755732609676e-06,1.5390235696296265e-05,0.0013887263374428738,0.07359615713357925,0.0,8.877727850631344e-07,0.03532749122082327,0.0,371.58487183221393,5.751801881899759e-11,128.0,0,0,49.70622658729553,47.032172203063965,2.672511100769043,32.83152484893799,13.630906343460083,12.22190260887146,0.38095808029174805,0.6605113102133855,0.2660622776679273,0.26441049575805664,0.26978526115417484,0.30369022369384757,72.12084496873449,8437074,8437074,2610.1982181072235,156350.58983932022,60,384,64,coral,coral_bce,0.0,session_balanced,adamw,0.0003,0.05,cosine,5,60,5.0,True,full,raw,full_frame,dataset_v1_1,fp16,2,mobilenetv4,2,3,base,a,8e00edb77690,1.0,1.0,1.0,1.0,1.0,1.0,1.0,1.0,1.0,1.0,40,1.0,1.0,1.0,20,1.0,1.0,1.0,44,1.0,0.0,1.0,1.0,1.821378667632628e-05,4.515641421026769e-09,0.9999817873422916,0.9999817873422916,NA,-1.821265770840519e-05,1.821265770840519e-05,1.821265770840519e-05,1.821265770840519e-05,29.76086956521739,99.0,0.0,6441.598975999998,6441.598976,77.02173913043478,79.0,50.28306521739131,98.446,1347.0652173913043,5000.0,4.0,2502.6812463295064,131744.6163322728,0.0,0.0,0.0,473.1043839999998,473.104384,37.0,37.0,9.839826086956522,10.332,300.0,405.0,1.0,490.90877737164556,26075.503600562173,61.119565217391305,71.6,5.239481744695652,5.453635584,21.2,4.4176246873043485,4.482670592,29.140717568,0.0,2993.590023701152,0.8315527843614311,0.5928971352497003,713.0,835,Tesla T4,16106.12736,70.0,GPU-4d8859c5-136c-374a-089b-73c32dcd32f0,Tesla T4,16106.12736,70.0,GPU-6d7c29a2-e30e-948b-86cf-75bfa141957f,580.159.04,1.0,40,1.0,20,1.0,3,1.0,41
a-mobilenetv4-base-f2-s3,a,mobilenetv4,base,2,3,53,2809,179776,1787864577.5513937,1787864627.9615827,2026-08-27T21:02:57Z,2026-08-27T21:03:47Z,acct1,0,b8aaf6,Interactive,8e00edb77690,v2,7.387935269546964e-08,1.0,1.063255149347242e-05,1.1831452032772498e-05,3.2757813381470804e-05,0.001682060188613832,0.0,3.315373987788916e-06,0.000826602830638871,0.0,371.5843197141151,1.0430270524320578e-12,128.0,0,0,50.367377519607544,47.74386739730835,2.6225666999816895,33.597819566726685,13.56277585029602,12.153232336044312,0.39482569694519043,0.6670551698596452,0.265045849782116,0.2640399932861328,0.2679645538330078,0.29474391937255845,71.04577372781557,8437074,8437074,2660.565595626831,159358.8768884337,60,384,64,coral,coral_bce,0.0,session_balanced,adamw,0.0003,0.05,cosine,5,60,5.0,True,full,raw,full_frame,dataset_v1_1,fp16,2,mobilenetv4,2,3,base,a,8e00edb77690,1.0,1.0,1.0,1.0,1.0,1.0,1.0,1.0,1.0,1.0,40,1.0,1.0,1.0,20,1.0,1.0,1.0,44,1.0,0.0,1.0,1.0,2.12384768665392e-05,5.825793893968298e-09,0.9999787629796908,0.9999787629796908,NA,-2.1237020309206045e-05,2.1237020309206045e-05,2.1237020309206045e-05,2.1237020309206045e-05,26.829787234042552,99.0,0.0,6441.5989759999975,6441.598976,76.95744680851064,78.0,52.0159574468085,97.082,1290.6382978723404,5000.0,4.0,2512.4867691251857,134272.24801744625,0.0,0.0,0.0,473.1043839999998,473.104384,37.0,37.0,9.782021276595744,10.135,300.0,405.0,1.0,495.80027998828155,26576.42617076237,61.45744680851063,72.0,5.278181332425532,5.44364544,21.4,4.417431595574469,4.50646016,29.140717568,0.0,3008.287049113467,0.8356352914204076,0.5958079627827506,713.0,850,Tesla T4,16106.12736,70.0,GPU-4d8859c5-136c-374a-089b-73c32dcd32f0,Tesla T4,16106.12736,70.0,GPU-6d7c29a2-e30e-948b-86cf-75bfa141957f,580.159.04,1.0,40,1.0,20,1.0,3,1.0,41
a-mobilenetv4-base-f2-s3,a,mobilenetv4,base,2,3,54,2862,183168,1787864633.7492886,1787864684.1673484,2026-08-27T21:03:53Z,2026-08-27T21:04:44Z,acct1,0,b8aaf6,Interactive,8e00edb77690,v2,3.6512115260792044e-08,1.0,2.5263199964124046e-06,8.723345454071307e-06,1.1631420434005637e-05,0.0005721868365071714,0.0,8.220921472457116e-07,0.0002953425058512932,0.0,371.5838992108167,2.730605356767879e-13,128.0,0,0,50.38902997970581,47.8110888004303,2.5763726234436035,33.55514049530029,13.700876951217651,12.361257553100586,0.37003636360168457,0.6659215410341225,0.2671240005853041,0.2666444778442383,0.27338404655456544,0.28480931282043453,70.94588483769213,8437074,8437074,2710.954625606537,162394.62838952814,60,384,64,coral,coral_bce,0.0,session_balanced,adamw,0.0003,0.05,cosine,5,60,5.0,True,full,raw,full_frame,dataset_v1_1,fp16,2,mobilenetv4,2,3,base,a,8e00edb77690,1.0,1.0,1.0,1.0,1.0,1.0,1.0,1.0,1.0,1.0,40,1.0,1.0,1.0,20,1.0,1.0,1.0,44,1.0,0.0,1.0,1.0,5.0429759630471145e-06,3.165312837040149e-10,0.9999949571031791,0.9999949571031791,NA,-5.042896820905973e-06,5.042896820905973e-06,5.042896820905973e-06,5.042896820905973e-06,29.229166666666668,99.0,0.0,6441.598976,6441.598976,77.85416666666667,81.0,49.8780625,73.055,1309.375,5000.0,4.0,2540.341322228749,137010.53424462507,0.0,0.0,0.0,473.10438400000004,473.104384,37.541666666666664,38.0,9.758791666666665,10.431,300.0,405.0,1.0,495.41017886567715,27129.552385133335,60.08541666666667,72.8,5.266620245333333,5.462327296,21.6,4.422037504,4.518264832,29.140717568,0.0,3035.751501094426,0.8432643058595628,0.6012474500778683,713.0,846,Tesla T4,16106.12736,70.0,GPU-4d8859c5-136c-374a-089b-73c32dcd32f0,Tesla T4,16106.12736,70.0,GPU-6d7c29a2-e30e-948b-86cf-75bfa141957f,580.159.04,1.0,40,1.0,20,1.0,3,1.0,41
a-mobilenetv4-base-f2-s3,a,mobilenetv4,base,2,3,55,2915,186560,1787864684.441771,1787864734.2902718,2026-08-27T21:04:44Z,2026-08-27T21:05:34Z,acct1,0,b8aaf6,Interactive,8e00edb77690,v2,1.1876522009026417e-08,1.0,4.928845660637867e-06,6.076053957825411e-06,2.163992576779149e-06,4.979943696525879e-05,0.0,1.3742830560659038e-05,3.7818646378582274e-05,0.0,371.583597202362,3.538513475793484e-14,128.0,0,0,49.81862497329712,47.26697659492493,2.5508005619049072,33.205382108688354,13.489697933197021,12.119543313980103,0.3820493221282959,0.6665254636491172,0.2634975550309667,0.2621152400970459,0.26816487312316895,0.2914277172088622,71.76257599611735,8437074,8437074,2760.773250579834,165383.70812888225,60,384,64,coral,coral_bce,0.0,session_balanced,adamw,0.0003,0.05,cosine,5,60,5.0,True,full,raw,full_frame,dataset_v1_1,fp16,2,mobilenetv4,2,3,base,a,8e00edb77690,1.0,1.0,1.0,1.0,1.0,1.0,1.0,1.0,1.0,1.0,40,1.0,1.0,1.0,20,1.0,1.0,1.0,44,1.0,0.0,1.0,1.0,9.850563138349707e-06,1.2899176613893598e-09,0.9999901497593293,0.9999901497593293,NA,-9.850240670683519e-06,9.850240670683519e-06,9.850240670683519e-06,9.850240670683519e-06,29.170212765957448,99.0,0.0,6441.5989759999975,6441.598976,76.19148936170212,78.0,49.99529787234044,88.549,1335.6382978723404,5000.0,4.0,2499.5370184466883,139529.3039785509,0.0,0.0,0.0,473.1043839999998,473.104384,37.04255319148936,38.0,9.738,10.337,300.0,405.0,1.0,489.5427209074296,27623.79394269996,60.64255319148934,71.2,5.280322494638297,5.508087808,21.4,4.416080264170214,4.442570752,29.140717568,0.0,2989.079739354118,0.8302999275983661,0.5920038483776351,713.0,836,Tesla T4,16106.12736,70.0,GPU-4d8859c5-136c-374a-089b-73c32dcd32f0,Tesla T4,16106.12736,70.0,GPU-6d7c29a2-e30e-948b-86cf-75bfa141957f,580.159.04,1.0,40,1.0,20,1.0,3,1.0,41
a-mobilenetv4-base-f2-s3,a,mobilenetv4,base,2,3,56,2968,189952,1787864734.553557,1787864784.105251,2026-08-27T21:05:34Z,2026-08-27T21:06:24Z,acct1,0,b8aaf6,Interactive,8e00edb77690,v2,2.0118654572059588e-08,1.0,3.528136473435622e-05,3.8982124586499795e-06,1.631456302005037e-05,0.0007597997901029885,0.0,2.4603263227618296e-05,0.00038273892219876644,0.0,371.5833920798439,1.7115305521653954e-13,128.0,0,0,49.51988983154297,46.929539918899536,2.589461326599121,32.80062556266785,13.556398391723633,12.095906972885132,0.37893152236938477,0.6623727490963569,0.2647813671040085,0.26473283767700195,0.2668468475341797,0.27922048568725577,72.27856923084747,8437074,8437074,2810.293140411377,168355.80556853936,60,384,64,coral,coral_bce,0.0,session_balanced,adamw,0.0003,0.05,cosine,5,60,5.0,True,full,raw,full_frame,dataset_v1_1,fp16,2,mobilenetv4,2,3,base,a,8e00edb77690,1.0,1.0,1.0,1.0,1.0,1.0,1.0,1.0,1.0,1.0,40,1.0,1.0,1.0,20,1.0,1.0,1.0,44,1.0,0.0,1.0,1.0,7.056676864484973e-05,6.427027679565271e-08,0.9999294493060845,0.9999294493060845,NA,-7.055069391548319e-05,7.055069391548319e-05,7.055069391548319e-05,7.055069391548319e-05,24.369565217391305,99.0,0.0,6441.598975999998,6441.598976,77.21739130434783,79.0,50.17430434782608,94.464,1404.4565217391305,5000.0,4.0,2483.9102718667127,142034.10026173727,0.0,0.0,0.0,473.1043839999998,473.104384,37.41304347826087,38.0,9.77923913043478,10.337,300.0,405.0,1.0,488.18716779039096,28116.237468433406,61.536956521739114,72.4,5.298453904695651,5.455413248,21.4,4.41868288,4.487397376,29.140717568,0.0,2972.0974396571037,0.8255826221269732,0.588640409576532,713.0,832,Tesla T4,16106.12736,70.0,GPU-4d8859c5-136c-374a-089b-73c32dcd32f0,Tesla T4,16106.12736,70.0,GPU-6d7c29a2-e30e-948b-86cf-75bfa141957f,580.159.04,1.0,40,1.0,20,1.0,3,1.0,41
a-mobilenetv4-base-f2-s3,a,mobilenetv4,base,2,3,57,3021,193344,1787864784.385295,1787864834.7635698,2026-08-27T21:06:24Z,2026-08-27T21:07:14Z,acct1,0,b8aaf6,Interactive,8e00edb77690,v2,1.638345886237087e-08,1.0,9.587177933448962e-06,2.1969246228460523e-06,5.516467561090433e-06,0.00016610159946139902,0.0,3.381611750228328e-05,0.00010622738103847914,0.0,371.58326768277004,3.261520221744107e-14,128.0,0,0,50.34803771972656,47.746124029159546,2.6006031036376953,33.598244190216064,13.574326992034912,12.078472137451172,0.37331175804138184,0.6673198343349167,0.2650767317358053,0.26401662826538086,0.26741557121276854,0.29536616325378406,71.04241588130662,8437074,8437074,2860.6411781311035,171348.77867280084,60,384,64,coral,coral_bce,0.0,session_balanced,adamw,0.0003,0.05,cosine,5,60,5.0,True,full,raw,full_frame,dataset_v1_1,fp16,2,mobilenetv4,2,3,base,a,8e00edb77690,1.0,1.0,1.0,1.0,1.0,1.0,1.0,1.0,1.0,1.0,40,1.0,1.0,1.0,20,1.0,1.0,1.0,44,1.0,0.0,1.0,1.0,1.9149149589291606e-05,4.629451400058327e-09,0.9999808520078659,0.9999808520078659,NA,-1.9147992134094238e-05,1.9147992134094238e-05,1.9147992134094238e-05,1.9147992134094238e-05,27.95744680851064,99.0,0.0,6441.5989759999975,6441.598976,77.02127659574468,79.0,50.1021914893617,83.575,1307.2340425531916,5000.0,4.0,2494.7131554380176,144550.6087641523,0.0,0.0,0.0,473.1043839999998,473.104384,37.08510638297872,38.0,9.748617021276596,10.728,300.0,405.0,1.0,498.25994882346276,28619.676928905046,60.74255319148934,70.3,5.403367380425532,5.580730368,21.7,4.41817044425532,4.506599424,29.140717568,0.0,2992.9731042614803,0.8313814178504112,0.5927749509273432,713.0,846,Tesla T4,16106.12736,70.0,GPU-4d8859c5-136c-374a-089b-73c32dcd32f0,Tesla T4,16106.12736,70.0,GPU-6d7c29a2-e30e-948b-86cf-75bfa141957f,580.159.04,1.0,40,1.0,20,1.0,3,1.0,41
a-mobilenetv4-base-f2-s3,a,mobilenetv4,base,2,3,58,3074,196736,1787864835.0525596,1787864885.6932209,2026-08-27T21:07:15Z,2026-08-27T21:08:05Z,acct1,0,b8aaf6,Interactive,8e00edb77690,v2,1.253278524952229e-07,1.0,3.988926183550435e-07,9.777396977174666e-07,9.489820884110843e-05,0.003007324179634452,0.0,1.0943423239950777e-05,0.0024703123979270426,0.0,371.5831909272231,2.4970383023705466e-13,128.0,0,0,50.61083984375,48.06735634803772,2.5425920486450195,33.943419456481934,13.54561996459961,12.203876256942749,0.3781731128692627,0.6706748902265777,0.2647412767950094,0.26354241371154785,0.26711525917053225,0.2873331356048584,70.56764211120326,8437074,8437074,2911.2520179748535,174350.0303393052,60,384,64,coral,coral_bce,0.0,session_balanced,adamw,0.0003,0.05,cosine,5,60,5.0,True,full,raw,full_frame,dataset_v1_1,fp16,2,mobilenetv4,2,3,base,a,8e00edb77690,1.0,1.0,1.0,1.0,1.0,1.0,1.0,1.0,1.0,1.0,40,1.0,1.0,1.0,20,1.0,1.0,1.0,44,1.0,0.0,1.0,1.0,8.258704266727897e-07,8.896695713112344e-12,0.999999174131797,0.999999174131797,NA,-8.258682030470865e-07,8.258682030470865e-07,8.258682030470865e-07,8.258682030470865e-07,24.8125,99.0,0.0,6441.598976,6441.598976,76.83333333333333,78.0,47.79352083333334,89.008,1336.875,5000.0,4.0,2505.3206648785854,147071.88093098643,0.0,0.0,0.0,473.10438400000004,473.104384,37.041666666666664,38.0,9.747416666666666,10.431,300.0,405.0,1.0,495.93100162577684,29120.078051708493,59.520833333333336,69.3,5.317687296,5.4825984,21.3,4.415505749333334,4.415537152,29.027463168,0.0,3001.251666504362,0.8336810184734339,0.5944145661715584,713.0,850,Tesla T4,16106.12736,70.0,GPU-4d8859c5-136c-374a-089b-73c32dcd32f0,Tesla T4,16106.12736,70.0,GPU-6d7c29a2-e30e-948b-86cf-75bfa141957f,580.159.04,1.0,40,1.0,20,1.0,3,1.0,41
a-mobilenetv4-base-f2-s3,a,mobilenetv4,base,2,3,59,3127,200128,1787864885.9742074,1787864935.8898513,2026-08-27T21:08:05Z,2026-08-27T21:08:55Z,acct1,0,b8aaf6,Interactive,8e00edb77690,v2,3.934467398938185e-09,1.0,2.8747779721855363e-06,2.4463441107965276e-07,4.2273907229280596e-07,8.662045729579404e-06,0.0,2.0849419342994223e-06,6.32551937087554e-06,0.0,371.5831592460175,2.783132696340509e-16,128.0,0,0,49.8819842338562,47.30465364456177,2.5764384269714355,33.18019247055054,13.556694030761719,12.234964847564697,0.3797798156738281,0.6651738694875389,0.2647659508687145,0.2637953758239746,0.2679762840270996,0.283320722579956,71.70541878367501,8437074,8437074,2961.1340022087097,177347.33112492855,60,384,64,coral,coral_bce,0.0,session_balanced,adamw,0.0003,0.05,cosine,5,60,5.0,True,full,raw,full_frame,dataset_v1_1,fp16,2,mobilenetv4,2,3,base,a,8e00edb77690,1.0,1.0,1.0,1.0,1.0,1.0,1.0,1.0,1.0,1.0,40,1.0,1.0,1.0,20,1.0,1.0,1.0,44,1.0,0.0,1.0,1.0,5.726737124253183e-06,4.2504127297427103e-10,0.9999942733691289,0.9999942733691289,NA,-5.726630871061289e-06,5.726630871061289e-06,5.726630871061289e-06,5.726630871061289e-06,23.217391304347824,98.0,0.0,6441.598975999998,6441.598976,77.1304347826087,78.0,49.24536956521739,72.523,1315.4347826086957,5000.0,4.0,2506.8098306081956,149594.40988886604,0.0,0.0,0.0,473.1043839999998,473.104384,37.0,37.0,9.80554347826087,10.233,300.0,405.0,1.0,490.49095501514967,29615.05040866065,61.23478260869565,70.1,5.372175315478261,5.538271232,21.5,4.415602688000001,4.418551808,29.140717568,0.0,2997.3007856233453,0.8325835515620403,0.5936320722637347,713.0,836,Tesla T4,16106.12736,70.0,GPU-4d8859c5-136c-374a-089b-73c32dcd32f0,Tesla T4,16106.12736,70.0,GPU-6d7c29a2-e30e-948b-86cf-75bfa141957f,580.159.04,1.0,40,1.0,20,1.0,3,1.0,41
a-mobilenetv4-base-f2-s3,a,mobilenetv4,base,2,3,60,3180,203520,1787864936.1672451,1787864985.8764517,2026-08-27T21:08:56Z,2026-08-27T21:09:45Z,acct1,0,b8aaf6,Interactive,8e00edb77690,v2,1.7003615969321444e-08,1.0,2.865607991854911e-06,0.0,4.3364999535764046e-05,0.0012038141721859574,0.0,5.686448798769544e-06,0.0011372631695121523,0.0,371.5831592460175,0.0,128.0,0,0,49.6790714263916,47.037477254867554,2.640336513519287,32.93664598464966,13.542665004730225,12.123702049255371,0.365847110748291,0.6629883578530885,0.26412942724407845,0.2635037899017334,0.2650614261627197,0.28448211669921863,72.11271092666831,8437074,8437074,3010.8130736351013,180303.99829415037,60,384,64,coral,coral_bce,0.0,session_balanced,adamw,0.0003,0.05,cosine,5,60,5.0,True,full,raw,full_frame,dataset_v1_1,fp16,2,mobilenetv4,2,3,base,a,8e00edb77690,1.0,1.0,1.0,1.0,1.0,1.0,1.0,1.0,1.0,1.0,40,1.0,1.0,1.0,20,1.0,1.0,1.0,44,1.0,0.0,1.0,1.0,5.722149333490393e-06,4.137408264181158e-10,0.9999942779541016,0.9999942779541016,NA,-5.7220458984375e-06,5.7220458984375e-06,5.7220458984375e-06,5.7220458984375e-06,30.08695652173913,99.0,0.0,6441.598975999998,6441.598976,76.95652173913044,78.0,50.419108695652184,82.499,1309.2391304347825,5000.0,4.0,2470.1896404447034,152079.18560605127,0.0,0.0,0.0,473.1043839999998,473.104384,37.04347826086956,38.0,9.718782608695653,10.135,300.0,405.0,1.0,486.4775287771299,30105.714223747975,60.95434782608696,70.7,5.390556471652174,5.641469952,21.8,4.41599804104348,4.436512768,29.140717568,0.0,2956.6671692218333,0.8212964358949537,0.585584358793102,713.0,834,Tesla T4,16106.12736,70.0,GPU-4d8859c5-136c-374a-089b-73c32dcd32f0,Tesla T4,16106.12736,70.0,GPU-6d7c29a2-e30e-948b-86cf-75bfa141957f,580.159.04,1.0,40,1.0,20,1.0,3,1.0,41
