run_id,stage,arch,technique,fold,seed,epoch,global_step,samples_seen,ts_start,ts_end,iso_start,iso_end,account,worker_id,session_id,host,config_hash,lib_version,train_loss,train_acc,val_loss,lr_group0,grad_norm_mean,grad_norm_max,grad_norm_p50,grad_norm_p95,grad_norm_p99,grad_clip_hit_rate,weight_norm_total,update_to_weight_ratio,amp_scale,amp_scale_decreases,nan_or_inf_batches,epoch_seconds,train_seconds,val_seconds,dataload_seconds,compute_seconds,backward_seconds,optimizer_seconds,dataload_frac,step_time_mean,step_time_p50,step_time_p90,step_time_p99,images_per_second,n_params_total,n_params_trainable,wall_seconds_cumulative,energy_joules_cumulative,epochs_planned,cfg_input_resolution,cfg_batch_size,cfg_head_type,cfg_loss_name,cfg_label_smoothing,cfg_sampler_name,cfg_optimizer_name,cfg_lr_initial,cfg_weight_decay,cfg_scheduler_name,cfg_warmup_epochs,cfg_max_epochs,cfg_grad_clip,cfg_pretrained,cfg_finetune_depth,cfg_preprocessing,cfg_roi_mode,cfg_augment_policy,cfg_precision,cfg_num_workers,cfg_arch,cfg_fold,cfg_seed,cfg_technique,cfg_stage,cfg_config_hash,val_acc,val_balanced_acc,val_f1_macro,val_f1_micro,val_f1_weighted,val_precision_macro,val_recall_macro,val_f1_low,val_recall_low,val_precision_low,val_support_low,val_f1_mid,val_recall_mid,val_precision_mid,val_support_mid,val_f1_high,val_recall_high,val_precision_high,val_support_high,val_qwk,val_mae_class,val_cohen_kappa,val_mcc,val_nll,val_brier,val_mean_confidence,val_mean_confidence_correct,val_mean_confidence_incorrect,val_overconfidence_gap,val_ece,val_mce,val_ace,gpu0_util_mean,gpu0_util_max,gpu0_util_p50,gpu0_mem_used_mb_mean,gpu0_mem_used_mb_peak,gpu0_temp_c_mean,gpu0_temp_c_max,gpu0_power_w_mean,gpu0_power_w_max,gpu0_sm_clock_mhz_mean,gpu0_mem_clock_mhz_mean,gpu0_throttle_reasons,gpu0_energy_joules_epoch,gpu0_energy_joules_cumulative,gpu1_util_mean,gpu1_util_max,gpu1_util_p50,gpu1_mem_used_mb_mean,gpu1_mem_used_mb_peak,gpu1_temp_c_mean,gpu1_temp_c_max,gpu1_power_w_mean,gpu1_power_w_max,gpu1_sm_clock_mhz_mean,gpu1_mem_clock_mhz_mean,gpu1_throttle_reasons,gpu1_energy_joules_epoch,gpu1_energy_joules_cumulative,cpu_percent_mean,cpu_percent_max,ram_used_gb_mean,ram_used_gb_peak,ram_percent_peak,proc_rss_gb_mean,proc_rss_gb_peak,proc_vms_gb_peak,swap_used_gb_peak,energy_joules_epoch,energy_wh_epoch,co2_g_epoch,carbon_intensity_g_per_kwh,power_sample_count,gpu0_name,gpu0_mem_total_mb,gpu0_power_limit_w,gpu0_uuid,gpu1_name,gpu1_mem_total_mb,gpu1_power_limit_w,gpu1_uuid,gpu_driver,val_acc_session_mileage_090000__session_001,val_n_session_mileage_090000__session_001,val_acc_session_mileage_100000_plus__session_002,val_n_session_mileage_100000_plus__session_002,val_acc_session_mileage_100000_plus__session_004,val_n_session_mileage_100000_plus__session_004,val_acc_session_new_tire__session_001,val_n_session_new_tire__session_001
a-mobilenetv4-base-f0-s3,a,mobilenetv4,base,0,3,1,39,2496,1787867027.4570968,1787867150.3887005,2026-08-27T21:43:47Z,2026-08-27T21:45:50Z,acct3,2,b8fa82,Interactive,ec679acfcc56,v2,0.9936439522380868,0.7099358974358975,0.0492685102126611,6e-05,,,,,,0.8461538461538461,371.709884876002,,64.0,10,0,122.90574598312378,100.20559787750244,22.697693824768063,21.432507753372192,78.35758972167969,57.84310007095337,0.2587690353393554,0.1743816579276537,2.017672563210512,0.2603483200073242,0.2756557464599609,42.72522386550886,24.90878806043616,8437074,8437074,122.90574598312378,7517.828867362254,60,384,64,coral,coral_bce,0.0,session_balanced,adamw,0.0003,0.05,cosine,5,60,5.0,True,full,raw,full_frame,dataset_v1_1,fp16,2,mobilenetv4,0,3,base,a,ec679acfcc56,0.967741935483871,0.966657938378284,0.9666756854256856,0.967741935483871,0.9677084787971884,0.9676767676767678,0.966657938378284,0.9848484848484848,0.9701492537313432,1.0,67,0.9464285714285716,0.9298245614035088,0.9636363636363636,57,0.96875,1.0,0.9393939393939394,62,0.97692784783957,0.032258064516129,0.9515077778743374,0.9520043031009678,0.0984269351047791,0.0527368839347969,0.9792089375757402,0.9843463361263276,0.8250869810581207,0.0114670020918692,0.0221544359960862,0.5150024890899658,0.0221544359960862,33.94827586206897,100.0,0.0,4657.320359724138,10082.254848,76.77586206896552,80.0,51.29006896551724,84.857,1345.4741379310344,5000.0,4.0,6350.7524901041925,6358.246454765553,0.0,0.0,0.0,473.1043840000001,473.104384,36.13793103448276,37.0,9.40731896551724,10.154,300.0,405.0,1.0,1167.076377258061,1169.461723625897,39.32758620689656,78.4,5.098818171586206,5.62751488,24.5,5.97464932634483,6.101848064,35.664687104,0.0,7517.828867362254,2.0882857964895147,1.4889477728970242,713.0,2084,Tesla T4,16106.12736,70.0,GPU-a70a8cee-211b-1081-eb90-548f4e3c90d2,Tesla T4,16106.12736,70.0,GPU-09c8a524-32ad-e573-99c2-c837d985880c,580.159.04,0.9298245614035088,57,1.0,2,1.0,60,0.9701492537313432,67
a-mobilenetv4-base-f0-s3,a,mobilenetv4,base,0,3,2,78,4992,1787867150.8087902,1787867190.071869,2026-08-27T21:45:50Z,2026-08-27T21:46:30Z,acct3,2,b8fa82,Interactive,ec679acfcc56,v2,0.0086119053575981,0.9939903846153846,0.0194176157476157,0.0001199999999999,22.606353990494824,162.94859313964844,0.1821243613958358,110.09336929321287,143.39548080444322,0.2564102564102564,371.7091972657124,7.2980773648175e-06,64.0,0,0,39.24154305458069,34.84483218193054,4.395049571990967,24.465179920196533,9.97313952445984,9.024264574050903,0.250108003616333,0.6234510168514054,0.2641592453687619,0.2618360519409179,0.2742524147033691,0.3061166477203368,71.63185596555546,8437074,8437074,162.14728903770447,9770.429447763909,60,384,64,coral,coral_bce,0.0,session_balanced,adamw,0.0003,0.05,cosine,5,60,5.0,True,full,raw,full_frame,dataset_v1_1,fp16,2,mobilenetv4,0,3,base,a,ec679acfcc56,0.9946236559139784,0.9941520467836256,0.9943834808259586,0.9946236559139784,0.9946213721571986,0.9947089947089948,0.9941520467836256,1.0,1.0,1.0,67,0.991150442477876,0.9824561403508772,1.0,57,0.992,1.0,0.984126984126984,62,0.9961357875929696,0.0053763440860215,0.9919162067017254,0.9919593522273166,0.0388356748216302,0.0107370196342299,0.9999752499723948,0.9999790736146876,0.999267876148224,0.0053515940584162,0.0053515940584162,0.0053515940584162,0.0053515940584162,24.0,99.0,0.0,6425.785316324324,6716.325888,77.29729729729729,81.0,47.16875675675677,80.032,1339.4594594594594,5000.0,4.0,1880.5077049136123,8262.75224847721,0.0,0.0,0.0,473.1043839999999,473.104384,36.270270270270274,37.0,9.426594594594594,9.857,300.0,405.0,1.0,372.0928754880424,1547.238707509993,58.329729729729735,71.6,5.477653974486486,5.867782144,24.9,6.103280999783784,6.154866688,31.684554752,0.0,2252.600580401655,0.6257223834449042,0.4461400593962167,713.0,661,Tesla T4,16106.12736,70.0,GPU-a70a8cee-211b-1081-eb90-548f4e3c90d2,Tesla T4,16106.12736,70.0,GPU-09c8a524-32ad-e573-99c2-c837d985880c,580.159.04,0.9824561403508772,57,1.0,2,1.0,60,1.0,67
a-mobilenetv4-base-f0-s3,a,mobilenetv4,base,0,3,3,117,7488,1787867190.5964477,1787867228.635897,2026-08-27T21:46:30Z,2026-08-27T21:47:08Z,acct3,2,b8fa82,Interactive,ec679acfcc56,v2,0.0082781455473041,0.9959935897435898,0.0006116403164141,0.0001799999999999,14.933998226504531,150.61245727539062,0.1342872530221939,71.5593368530274,135.68891052246084,0.282051282051282,371.71107124346696,7.231744999626671e-06,64.0,0,0,38.01836252212525,33.68854546546936,4.327825307846069,23.383865356445312,9.8939528465271,8.941007375717163,0.2733747959136963,0.6150676621813154,0.2622952644641583,0.2615675926208496,0.2706122875213623,0.2838563299179076,74.09046503828404,8437074,8437074,200.1656515598297,11949.674004136796,60,384,64,coral,coral_bce,0.0,session_balanced,adamw,0.0003,0.05,cosine,5,60,5.0,True,full,raw,full_frame,dataset_v1_1,fp16,2,mobilenetv4,0,3,base,a,ec679acfcc56,1.0,1.0,1.0,1.0,1.0,1.0,1.0,1.0,1.0,1.0,67,1.0,1.0,1.0,57,1.0,1.0,1.0,62,1.0,0.0,1.0,1.0,0.0011212896200604,0.0001731129070846,0.998925515080011,0.998925515080011,,-0.0010744849199889,0.001074484919989,0.1204571723937988,0.001074484919989,28.857142857142858,99.0,0.0,6716.325887999999,6716.325888,76.71428571428571,80.0,48.11334285714285,81.397,1282.7142857142858,5000.0,4.0,1817.012910482172,10100.317274297708,0.0,0.0,0.0,473.1043839999999,473.104384,36.48571428571429,37.0,9.427342857142856,9.956,300.0,405.0,1.0,362.2316458907146,1916.5868347530368,59.317142857142855,70.5,5.528543934171428,5.775282176,24.7,6.107927932342857,6.196350976,31.684554752,0.0,2179.244556372886,0.6053457101035795,0.4316114913038521,713.0,640,Tesla T4,16106.12736,70.0,GPU-a70a8cee-211b-1081-eb90-548f4e3c90d2,Tesla T4,16106.12736,70.0,GPU-09c8a524-32ad-e573-99c2-c837d985880c,580.159.04,1.0,57,1.0,2,1.0,60,1.0,67
a-mobilenetv4-base-f0-s3,a,mobilenetv4,base,0,3,4,156,9984,1787867229.1536736,1787867266.955424,2026-08-27T21:47:09Z,2026-08-27T21:47:46Z,acct3,2,b8fa82,Interactive,ec679acfcc56,v2,0.0184650490471164,0.9903846153846154,7.7421947681096e-07,0.0002399999999999,15.903039210760884,127.15603637695312,0.0472836531698703,64.37641258239753,120.58304412841792,0.282051282051282,371.7285020427584,1.0267518873609506e-05,64.0,0,0,37.77931308746338,33.349043130874634,4.428614616394043,22.882253170013428,10.04349446296692,8.997887134552002,0.2705457210540771,0.6056820863057628,0.2663942422622289,0.265017032623291,0.275583267211914,0.2951732683181762,74.84472613516148,8437074,8437074,237.9449646472931,14136.204780871612,60,384,64,coral,coral_bce,0.0,session_balanced,adamw,0.0003,0.05,cosine,5,60,5.0,True,full,raw,full_frame,dataset_v1_1,fp16,2,mobilenetv4,0,3,base,a,ec679acfcc56,1.0,1.0,1.0,1.0,1.0,1.0,1.0,1.0,1.0,1.0,67,1.0,1.0,1.0,57,1.0,1.0,1.0,62,1.0,0.0,1.0,1.0,1.5520589193329372e-06,3.7980497928449955e-10,0.9999984480360504,0.9999984480360504,,-1.5519639496863746e-06,1.5519639496863746e-06,1.5519639496863746e-06,1.5519639496863746e-06,23.2,98.0,0.0,6716.325887999999,6716.325888,78.02857142857142,80.0,48.14628571428572,79.445,1359.0,5000.0,4.0,1823.428981414785,11946.256960424646,0.0,0.0,0.0,473.1043839999999,473.104384,36.71428571428572,37.0,9.452571428571432,10.353,300.0,405.0,1.0,363.1017953200326,2285.645704175471,59.620000000000005,71.0,5.620250097371428,5.826076672,24.8,6.101848064,6.101848064,31.571300352,0.0,2186.5307767348177,0.607369660204116,0.4330545677255347,713.0,634,Tesla T4,16106.12736,70.0,GPU-a70a8cee-211b-1081-eb90-548f4e3c90d2,Tesla T4,16106.12736,70.0,GPU-09c8a524-32ad-e573-99c2-c837d985880c,580.159.04,1.0,57,1.0,2,1.0,60,1.0,67
a-mobilenetv4-base-f0-s3,a,mobilenetv4,base,0,3,5,195,12480,1787867267.2183063,1787867305.0817142,2026-08-27T21:47:47Z,2026-08-27T21:48:25Z,acct3,2,b8fa82,Interactive,ec679acfcc56,v2,0.0323154804767692,0.9927884615384616,0.0317330514231035,0.0003,16.02495529980058,85.4990005493164,0.0009618348558433,79.71343078613282,84.80494796752929,0.3333333333333333,371.7587620908924,1.2931737137549368e-05,64.0,0,0,37.84252858161926,33.46403884887695,4.377158164978027,23.21844363212585,9.80890440940857,8.842674255371094,0.2976908683776855,0.6135542338839227,0.2607909838358561,0.2584457397460937,0.2792435646057128,0.3003179645538329,74.58752995332975,8437074,8437074,275.78749322891235,16325.428271889685,60,384,64,coral,coral_bce,0.0,session_balanced,adamw,0.0003,0.05,cosine,5,60,5.0,True,full,raw,full_frame,dataset_v1_1,fp16,2,mobilenetv4,0,3,base,a,ec679acfcc56,0.9946236559139784,0.9946236559139784,0.9943914221750912,0.9946236559139784,0.994625176265788,0.9942528735632185,0.9946236559139784,1.0,1.0,1.0,67,0.9913043478260868,1.0,0.9827586206896552,57,0.991869918699187,0.9838709677419356,1.0,62,0.9961040593188388,0.0053763440860215,0.9919197184934184,0.9919628266904482,0.0634661043260019,0.0107525277426684,0.9999999573794744,0.999999997422502,0.9999925494194032,0.0053763014654959,0.0053763014654959,0.0053763014654959,0.0053763014654959,26.77777777777778,99.0,0.0,6716.325887999999,6716.325888,75.80555555555556,79.0,47.58197222222223,72.161,1310.4166666666667,5000.0,4.0,1830.407114050165,13791.870805572273,0.0,0.0,0.0,473.1043839999999,473.104384,36.47222222222222,37.0,9.367305555555554,9.757,300.0,405.0,1.0,358.8163769679045,2647.709443800208,58.9388888888889,70.6,5.602801777777778,5.967368192,25.2,6.101848064,6.101848064,31.571300352,0.0,2189.22349101807,0.6081176363939084,0.4335878747488566,713.0,636,Tesla T4,16106.12736,70.0,GPU-a70a8cee-211b-1081-eb90-548f4e3c90d2,Tesla T4,16106.12736,70.0,GPU-09c8a524-32ad-e573-99c2-c837d985880c,580.159.04,1.0,57,0.5,2,1.0,60,1.0,67
a-mobilenetv4-base-f0-s3,a,mobilenetv4,base,0,3,6,234,14976,1787867305.3594022,1787867343.3436582,2026-08-27T21:48:25Z,2026-08-27T21:49:03Z,acct3,2,b8fa82,Interactive,ec679acfcc56,v2,0.0136375266084868,0.9979967948717948,1.690202693035732e-26,0.0002997553655889,4.978399818942094,67.3488540649414,1.8037571862805635e-05,32.510596084594745,58.56661605834955,0.1282051282051282,371.7707134396837,4.014038771283994e-06,64.0,0,0,37.96445965766907,33.54608750343323,4.416988849639893,23.168127298355103,9.956524133682253,8.964574098587036,0.2813804149627685,0.6102583181023884,0.2642033038995204,0.2602295875549316,0.2719014644622802,0.3010442352294921,74.4051001400551,8437074,8437074,313.7519528865814,18522.668536711222,60,384,64,coral,coral_bce,0.0,session_balanced,adamw,0.0003,0.05,cosine,5,60,5.0,True,full,raw,full_frame,dataset_v1_1,fp16,2,mobilenetv4,0,3,base,a,ec679acfcc56,1.0,1.0,1.0,1.0,1.0,1.0,1.0,1.0,1.0,1.0,67,1.0,1.0,1.0,57,1.0,1.0,1.0,62,1.0,0.0,1.0,1.0,-0.0,1.9999999756901162e-16,1.0,1.0,,0.0,0.0,0.0,0.0,29.30555555555556,99.0,0.0,6716.325887999999,6716.325888,78.27777777777777,80.0,47.39066666666667,89.273,1281.25,5000.0,4.0,1838.3694523587344,15646.551868898165,0.0,0.0,0.0,473.1043839999999,473.104384,36.888888888888886,37.0,9.411444444444443,9.86,300.0,405.0,1.0,358.87081246280377,3011.090472434038,59.138888888888886,71.9,5.592520931555556,5.875613696,25.0,6.102417863111111,6.122360832,31.684554752,0.0,2197.2402648215384,0.6103445180059829,0.4351756413382658,713.0,638,Tesla T4,16106.12736,70.0,GPU-a70a8cee-211b-1081-eb90-548f4e3c90d2,Tesla T4,16106.12736,70.0,GPU-09c8a524-32ad-e573-99c2-c837d985880c,580.159.04,1.0,57,1.0,2,1.0,60,1.0,67
a-mobilenetv4-base-f0-s3,a,mobilenetv4,base,0,3,7,273,17472,1787867343.6059003,1787867381.7034874,2026-08-27T21:49:03Z,2026-08-27T21:49:41Z,acct3,2,b8fa82,Interactive,ec679acfcc56,v2,0.0679694620582887,0.9907852564102564,2.5636406414158516e-09,0.0002990222603022,11.70644678098561,82.32662200927734,0.0132795954123139,45.99170227050787,82.04573013305664,0.3333333333333333,371.8034848477328,9.414888023419882e-06,64.0,0,0,38.07547926902771,33.73755478858948,4.3362298011779785,23.559794425964355,9.7650043964386,8.79340147972107,0.2746860980987549,0.6187655383008912,0.259134292602539,0.2584376335144043,0.2660298824310302,0.2958261823654173,73.98283650492012,8437074,8437074,351.8274321556092,20700.18301142957,60,384,64,coral,coral_bce,0.0,session_balanced,adamw,0.0003,0.05,cosine,5,60,5.0,True,full,raw,full_frame,dataset_v1_1,fp16,2,mobilenetv4,0,3,base,a,ec679acfcc56,1.0,1.0,1.0,1.0,1.0,1.0,1.0,1.0,1.0,1.0,67,1.0,1.0,1.0,57,1.0,1.0,1.0,62,1.0,0.0,1.0,1.0,9.61365387297562e-09,6.0894190352302216e-15,0.9999999903863476,0.9999999903863476,,-9.613652429685262e-09,9.613652429685262e-09,9.613652429685262e-09,9.613652429685262e-09,22.944444444444443,99.0,0.0,6716.325887999999,6716.325888,75.75,79.0,49.07819444444445,92.583,1315.8333333333333,5000.0,4.0,1813.576787004724,17479.03147482517,0.0,0.0,0.0,473.1043839999999,473.104384,36.5,37.0,9.50513888888889,10.154,300.0,405.0,1.0,363.93768771362375,3379.460356927866,59.105555555555576,70.8,5.618037873777777,5.84757248,24.9,6.103719480888889,6.147854336,31.684554752,0.0,2177.514474718348,0.6048651318662077,0.431268839020606,713.0,640,Tesla T4,16106.12736,70.0,GPU-a70a8cee-211b-1081-eb90-548f4e3c90d2,Tesla T4,16106.12736,70.0,GPU-09c8a524-32ad-e573-99c2-c837d985880c,580.159.04,1.0,57,1.0,2,1.0,60,1.0,67
a-mobilenetv4-base-f0-s3,a,mobilenetv4,base,0,3,8,312,19968,1787867381.977471,1787867420.2934296,2026-08-27T21:49:41Z,2026-08-27T21:50:20Z,acct3,2,b8fa82,Interactive,ec679acfcc56,v2,0.0194004909577825,0.9947916666666666,8.761528727598522e-05,0.0002978030753771,3.605469434582048,42.06266784667969,0.0104992510750889,17.080622863769534,33.31911346435541,0.2307692307692307,371.8268847761886,2.887687603447931e-06,64.0,0,0,38.293235540390015,33.94794058799744,4.343506574630737,23.61126399040222,9.931310176849363,8.970540285110474,0.2717750072479248,0.6165909894320134,0.2631913943168444,0.2606010437011719,0.2710514545440673,0.295945382118225,73.52434217710633,8437074,8437074,390.1206676959992,22896.78283595369,60,384,64,coral,coral_bce,0.0,session_balanced,adamw,0.0003,0.05,cosine,5,60,5.0,True,full,raw,full_frame,dataset_v1_1,fp16,2,mobilenetv4,0,3,base,a,ec679acfcc56,1.0,1.0,1.0,1.0,1.0,1.0,1.0,1.0,1.0,1.0,67,1.0,1.0,1.0,57,1.0,1.0,1.0,62,1.0,0.0,1.0,1.0,0.0001752293622426,9.459612579526348e-07,0.9998250078129512,0.9998250078129512,,-0.0001749921870487,0.0001749921870487,0.0001749921870487,0.0001749921870487,25.75,99.0,0.0,6716.325887999999,6716.325888,78.30555555555556,81.0,46.73561111111112,69.606,1293.75,5000.0,4.0,1826.2179104058305,19327.06397598694,0.0,0.0,0.0,473.1043839999999,473.104384,37.0,37.0,9.601583333333334,10.055,300.0,405.0,1.0,370.38191411829166,3754.5172108998254,59.8138888888889,72.8,5.617553408,5.895462912,25.0,6.104950101333333,6.161485824,31.684554752,0.0,2196.599824524122,0.6101666179233672,0.4350487985793609,713.0,646,Tesla T4,16106.12736,70.0,GPU-a70a8cee-211b-1081-eb90-548f4e3c90d2,Tesla T4,16106.12736,70.0,GPU-09c8a524-32ad-e573-99c2-c837d985880c,580.159.04,1.0,57,1.0,2,1.0,60,1.0,67
a-mobilenetv4-base-f0-s3,a,mobilenetv4,base,0,3,9,351,22464,1787867420.567584,1787867459.0539217,2026-08-27T21:50:20Z,2026-08-27T21:50:59Z,acct3,2,b8fa82,Interactive,ec679acfcc56,v2,0.0090062160655308,0.998397435897436,5.897453916527423e-16,0.0002961017875413,1.7984884835203787,38.30146026611328,0.0008150885696522,7.232155704498315,32.360776977539025,0.0769230769230769,371.8321130902999,1.4321938210688891e-06,64.0,0,0,38.46395087242127,34.07974553108215,4.382704496383667,24.03181624412537,9.632461071014404,8.650003910064697,0.2759881019592285,0.6247880339654923,0.2558471178397154,0.2548022270202636,0.2598733901977539,0.2871202850341796,73.23998348883045,8437074,8437074,428.5846185684204,25111.5882320702,60,384,64,coral,coral_bce,0.0,session_balanced,adamw,0.0003,0.05,cosine,5,60,5.0,True,full,raw,full_frame,dataset_v1_1,fp16,2,mobilenetv4,0,3,base,a,ec679acfcc56,1.0,1.0,1.0,1.0,1.0,1.0,1.0,1.0,1.0,1.0,67,1.0,1.0,1.0,57,1.0,1.0,1.0,62,1.0,0.0,1.0,1.0,-0.0,1.9999999756901162e-16,1.0,1.0,,0.0,0.0,0.0,0.0,25.054054054054053,99.0,0.0,6716.325887999999,6716.325888,76.0,78.0,46.78459459459459,70.596,1367.027027027027,5000.0,4.0,1841.3523911938792,21179.51335440253,0.0,0.0,0.0,473.1043839999999,473.104384,36.67567567567568,37.0,9.661945945945943,10.353,300.0,405.0,1.0,373.45300492262686,4131.285417966598,57.72972972972972,70.6,5.700689587891892,6.150275072,25.8,6.104662569513513,6.160896,31.684554752,0.0,2214.805396116506,0.6152237211434739,0.4386545131752968,713.0,648,Tesla T4,16106.12736,70.0,GPU-a70a8cee-211b-1081-eb90-548f4e3c90d2,Tesla T4,16106.12736,70.0,GPU-09c8a524-32ad-e573-99c2-c837d985880c,580.159.04,1.0,57,1.0,2,1.0,60,1.0,67
a-mobilenetv4-base-f0-s3,a,mobilenetv4,base,0,3,10,390,24960,1787867459.321869,1787867497.3787923,2026-08-27T21:50:59Z,2026-08-27T21:51:37Z,acct3,2,b8fa82,Interactive,ec679acfcc56,v2,0.0101647906958256,0.998397435897436,4.783868856232918e-12,0.0002939239460421,1.979543835579432,44.474342346191406,5.023987796448637e-06,5.504785227775604,36.93024993896479,0.0512820512820512,371.8280405753292,1.5647968201018273e-06,64.0,0,0,38.03521728515625,33.69893836975098,4.334825754165649,23.53125643730164,9.76713490486145,8.803272485733032,0.2593934535980224,0.6186702250412809,0.2587355344723432,0.2579960823059082,0.2634147644042969,0.2974859380722044,74.06761520536425,8437074,8437074,466.6198358535767,27308.11513587687,60,384,64,coral,coral_bce,0.0,session_balanced,adamw,0.0003,0.05,cosine,5,60,5.0,True,full,raw,full_frame,dataset_v1_1,fp16,2,mobilenetv4,0,3,base,a,ec679acfcc56,1.0,1.0,1.0,1.0,1.0,1.0,1.0,1.0,1.0,1.0,67,1.0,1.0,1.0,57,1.0,1.0,1.0,62,1.0,0.0,1.0,1.0,-0.0,1.9999999756901162e-16,1.0,1.0,,0.0,0.0,0.0,0.0,28.857142857142858,99.0,0.0,6716.325887999999,6716.325888,77.48571428571428,79.0,46.50222857142857,79.787,1362.428571428571,5000.0,4.0,1831.8019456634397,23037.853034403302,0.0,0.0,0.0,473.1043839999999,473.104384,37.0,37.0,9.567800000000002,10.254,300.0,405.0,1.0,364.7249581432343,4501.34949237036,59.51428571428571,71.1,5.736303118628572,5.960208384,25.9,6.105083669942857,6.215094272,31.684554752,0.0,2196.526903806673,0.6101463621685205,0.435034356226155,713.0,640,Tesla T4,16106.12736,70.0,GPU-a70a8cee-211b-1081-eb90-548f4e3c90d2,Tesla T4,16106.12736,70.0,GPU-09c8a524-32ad-e573-99c2-c837d985880c,580.159.04,1.0,57,1.0,2,1.0,60,1.0,67
a-mobilenetv4-base-f0-s3,a,mobilenetv4,base,0,3,11,429,27456,1787867497.760841,1787867536.58981,2026-08-27T21:51:37Z,2026-08-27T21:52:16Z,acct3,2,b8fa82,Interactive,ec679acfcc56,v2,0.0007140190624389,0.9995993589743588,2.659540917453422e-06,0.0002912766545459,0.4060858332103963,6.255086421966553,0.0,4.146538686752321,5.932370214462278,0.0512820512820512,371.821887340733,3.181182361317715e-07,64.0,0,0,38.80689239501953,34.40515112876892,4.40041446685791,24.34025764465332,9.678975343704224,8.743353366851807,0.2498970031738281,0.6272148101139153,0.2563286805764223,0.2543489933013916,0.2617282390594482,0.2936848354339598,72.54727615228794,8437074,8437074,505.4267282485962,29542.540820035665,60,384,64,coral,coral_bce,0.0,session_balanced,adamw,0.0003,0.05,cosine,5,60,5.0,True,full,raw,full_frame,dataset_v1_1,fp16,2,mobilenetv4,0,3,base,a,ec679acfcc56,1.0,1.0,1.0,1.0,1.0,1.0,1.0,1.0,1.0,1.0,67,1.0,1.0,1.0,57,1.0,1.0,1.0,62,1.0,0.0,1.0,1.0,5.318980014404438e-06,1.0514050045271749e-08,0.999994683650232,0.999994683650232,,-5.316349767858775e-06,5.316349767858775e-06,5.316349767858775e-06,5.316349767858775e-06,21.86111111111111,97.0,0.0,6716.325887999999,6716.325888,77.11111111111111,80.0,46.896138888888885,89.663,1380.8333333333333,5000.0,4.0,1860.8067571182185,24916.24328524778,0.0,0.0,0.0,473.1043839999999,473.104384,36.94444444444444,37.0,9.549,10.254,300.0,405.0,1.0,373.6189270405776,4880.044054882282,59.1138888888889,69.6,5.705011427555555,6.078701568,25.6,6.107058175999999,6.215094272,31.684554752,0.0,2234.425684158796,0.6206738011552211,0.4425404202236725,713.0,656,Tesla T4,16106.12736,70.0,GPU-a70a8cee-211b-1081-eb90-548f4e3c90d2,Tesla T4,16106.12736,70.0,GPU-09c8a524-32ad-e573-99c2-c837d985880c,580.159.04,1.0,57,1.0,2,1.0,60,1.0,67
a-mobilenetv4-base-f0-s3,a,mobilenetv4,base,0,3,12,468,29952,1787867536.8676405,1787867575.289307,2026-08-27T21:52:16Z,2026-08-27T21:52:55Z,acct3,2,b8fa82,Interactive,ec679acfcc56,v2,0.0107859924233852,0.998397435897436,1.0020348097270314e-08,0.0002881685479672,1.9532854698674584,33.12746047973633,8.108670499495929e-07,15.118709373474124,27.119330177307088,0.1025641025641025,371.8188779641493,1.5138430859109354e-06,64.0,0,0,38.399090051651,34.03117847442627,4.366468667984009,23.908339023590088,9.70447874069214,8.770691871643066,0.2773408889770508,0.6226277495490321,0.2575436005225548,0.2550153732299804,0.2646292209625244,0.2955318975448607,73.34450676974623,8437074,8437074,543.8258183002472,31732.016587598293,60,384,64,coral,coral_bce,0.0,session_balanced,adamw,0.0003,0.05,cosine,5,60,5.0,True,full,raw,full_frame,dataset_v1_1,fp16,2,mobilenetv4,0,3,base,a,ec679acfcc56,1.0,1.0,1.0,1.0,1.0,1.0,1.0,1.0,1.0,1.0,67,1.0,1.0,1.0,57,1.0,1.0,1.0,62,1.0,0.0,1.0,1.0,4.518417346848448e-08,2.9166683061993784e-14,0.9999999548158338,0.9999999548158338,,-4.5184166186373886e-08,4.5184166186373886e-08,4.5184166186373886e-08,4.5184166186373886e-08,28.457142857142856,99.0,0.0,6716.325887999999,6716.325888,76.91428571428571,79.0,47.786742857142855,69.814,1362.0,5000.0,4.0,1822.638603234529,26760.74258330414,0.0,0.0,0.0,473.1043839999999,473.104384,37.0,37.0,9.58005714285714,10.948,300.0,405.0,1.0,366.837164328098,5251.966781285757,59.17714285714286,71.2,5.588342257371429,5.8663936,24.9,6.101848064,6.101848064,31.571300352,0.0,2189.475767562627,0.6081877132118408,0.4336378395200425,713.0,644,Tesla T4,16106.12736,70.0,GPU-a70a8cee-211b-1081-eb90-548f4e3c90d2,Tesla T4,16106.12736,70.0,GPU-09c8a524-32ad-e573-99c2-c837d985880c,580.159.04,1.0,57,1.0,2,1.0,60,1.0,67
a-mobilenetv4-base-f0-s3,a,mobilenetv4,base,0,3,13,507,32448,1787867575.5526874,1787867613.668989,2026-08-27T21:52:55Z,2026-08-27T21:53:33Z,acct3,2,b8fa82,Interactive,ec679acfcc56,v2,0.0010975025072002,0.9995993589743588,1.775420334942039e-11,0.0002846097643037,0.7809148050399843,24.314393997192383,5.958073643341777e-07,1.561090230941777,16.690852375030467,0.0256410256410256,371.81424718172286,5.977607912777906e-07,64.0,0,0,38.09282732009888,33.72165513038635,4.369604110717773,23.5773823261261,9.71986699104309,8.728427648544312,0.2544209957122803,0.618945454691571,0.2578059771122076,0.2541861534118652,0.2605515003204345,0.3114999437332151,74.01771918813296,8437074,8437074,581.9186456203461,33928.470027536365,60,384,64,coral,coral_bce,0.0,session_balanced,adamw,0.0003,0.05,cosine,5,60,5.0,True,full,raw,full_frame,dataset_v1_1,fp16,2,mobilenetv4,0,3,base,a,ec679acfcc56,1.0,1.0,1.0,1.0,1.0,1.0,1.0,1.0,1.0,1.0,67,1.0,1.0,1.0,57,1.0,1.0,1.0,62,1.0,0.0,1.0,1.0,-0.0,1.9999999756901162e-16,1.0,1.0,,0.0,0.0,0.0,0.0,25.97142857142857,97.0,0.0,6716.325887999999,6716.325888,77.25714285714285,80.0,48.34785714285714,71.031,1330.2857142857142,5000.0,4.0,1832.1821025130705,28612.90204533741,0.0,0.0,0.0,473.1043839999999,473.104384,37.0,37.0,9.497771428571427,10.353,300.0,405.0,1.0,364.2713374249997,5620.143062330008,59.60285714285714,69.5,5.572333099885714,5.882433536,25.0,6.101848064,6.101848064,31.571300352,0.0,2196.45343993807,0.6101259555383528,0.4350198062988455,713.0,644,Tesla T4,16106.12736,70.0,GPU-a70a8cee-211b-1081-eb90-548f4e3c90d2,Tesla T4,16106.12736,70.0,GPU-09c8a524-32ad-e573-99c2-c837d985880c,580.159.04,1.0,57,1.0,2,1.0,60,1.0,67
a-mobilenetv4-base-f0-s3,a,mobilenetv4,base,0,3,14,546,34944,1787867613.939936,1787867651.745438,2026-08-27T21:53:33Z,2026-08-27T21:54:11Z,acct3,2,b8fa82,Interactive,ec679acfcc56,v2,0.0173365699556342,0.997596153846154,0.0007982444779871,0.0002806119115679,1.4025805379975471,13.012337684631348,1.143008944382018e-06,11.709495735168458,12.658715782165524,0.1282051282051282,371.81424459085633,1.05854149382742e-06,64.0,0,0,37.78483366966248,33.353397846221924,4.4300758838653564,23.242238759994507,9.706024646759031,8.747138977050781,0.2649662494659424,0.6151208435424648,0.2571759285070957,0.2549567222595215,0.2629184246063232,0.2936266422271728,74.83495419291238,8437074,8437074,619.7034792900085,36088.32796119975,60,384,64,coral,coral_bce,0.0,session_balanced,adamw,0.0003,0.05,cosine,5,60,5.0,True,full,raw,full_frame,dataset_v1_1,fp16,2,mobilenetv4,0,3,base,a,ec679acfcc56,1.0,1.0,1.0,1.0,1.0,1.0,1.0,1.0,1.0,1.0,67,1.0,1.0,1.0,57,1.0,1.0,1.0,62,1.0,0.0,1.0,1.0,0.001596470467373,4.503460348776201e-05,0.9984149445769608,0.9984149445769608,,-0.0015850554230392,0.0015850554230392,0.0015850554230392,0.0015850554230392,28.314285714285717,99.0,0.0,6716.325887999999,6716.325888,76.8,79.0,45.61968571428571,70.292,1350.857142857143,5000.0,4.0,1800.342015809314,30426.08687279461,0.0,0.0,0.0,473.1043839999999,473.104384,37.0,37.0,9.416,9.956,300.0,405.0,1.0,359.5159178540698,5983.391546290158,59.31142857142857,72.2,5.581948869485714,5.859704832,24.9,6.101848064,6.101848064,31.571300352,0.0,2159.857933663384,0.5999605371287178,0.4277718629727757,713.0,634,Tesla T4,16106.12736,70.0,GPU-a70a8cee-211b-1081-eb90-548f4e3c90d2,Tesla T4,16106.12736,70.0,GPU-09c8a524-32ad-e573-99c2-c837d985880c,580.159.04,1.0,57,1.0,2,1.0,60,1.0,67
a-mobilenetv4-base-f0-s3,a,mobilenetv4,base,0,3,15,585,37440,1787867652.0127084,1787867690.533047,2026-08-27T21:54:12Z,2026-08-27T21:54:50Z,acct3,2,b8fa82,Interactive,ec679acfcc56,v2,0.0144343623139178,0.997596153846154,2.050297952806549e-06,0.0002761880299246,1.701049316251267,28.94039535522461,0.0026414887979626,12.152691459655768,24.17183341979977,0.0769230769230769,371.8195335443302,1.263541629945441e-06,64.0,0,0,38.49814176559448,34.17995357513428,4.316433191299439,24.07458877563477,9.71869659423828,8.795640468597412,0.2497873306274414,0.625344176927263,0.257293089842185,0.2559022903442383,0.2607578754425049,0.286957378387451,73.02526009911921,8437074,8437074,658.201621055603,38287.66351650452,60,384,64,coral,coral_bce,0.0,session_balanced,adamw,0.0003,0.05,cosine,5,60,5.0,True,full,raw,full_frame,dataset_v1_1,fp16,2,mobilenetv4,0,3,base,a,ec679acfcc56,1.0,1.0,1.0,1.0,1.0,1.0,1.0,1.0,1.0,1.0,67,1.0,1.0,1.0,57,1.0,1.0,1.0,62,1.0,0.0,1.0,1.0,4.111918138970526e-06,6.356849558276813e-10,0.9999958882408756,0.9999958882408756,,-4.111759124292291e-06,4.111759124292291e-06,4.111759124292291e-06,4.111759124292291e-06,26.694444444444443,99.0,0.0,6716.325887999999,6716.325888,77.13888888888889,80.0,47.36897222222221,74.215,1371.25,5000.0,4.0,1833.2105226552596,32279.52092544198,0.0,0.0,0.0,473.1043839999999,473.104384,37.0,37.0,9.485944444444444,10.154,300.0,405.0,1.0,366.12503264951374,6354.025922620291,58.763888888888886,70.7,5.563618759111112,5.801283584,24.7,6.101848064,6.101848064,31.571300352,0.0,2199.335555304773,0.6109265431402148,0.4355906252589731,713.0,648,Tesla T4,16106.12736,70.0,GPU-a70a8cee-211b-1081-eb90-548f4e3c90d2,Tesla T4,16106.12736,70.0,GPU-09c8a524-32ad-e573-99c2-c837d985880c,580.159.04,1.0,57,1.0,2,1.0,60,1.0,67
a-mobilenetv4-base-f0-s3,a,mobilenetv4,base,0,3,16,624,39936,1787867690.808998,1787867728.8568842,2026-08-27T21:54:50Z,2026-08-27T21:55:28Z,acct3,2,b8fa82,Interactive,ec679acfcc56,v2,2.329978372760728e-06,1.0,4.001296024740754e-07,0.0002713525491562,0.0014146813195002,0.0194744113832712,4.299332886148477e-06,0.0078339444473385,0.0152806998044252,0.0,371.8122887370678,1.0324494211690072e-09,64.0,0,0,38.02550506591797,33.57150840759277,4.452459096908569,23.44358372688293,9.70291519165039,8.642001152038574,0.2923300266265869,0.6165226125528909,0.2579260544899182,0.2544255256652832,0.2766185760498046,0.2877368927001953,74.34875936153905,8437074,8437074,696.227126121521,40461.03866219211,60,384,64,coral,coral_bce,0.0,session_balanced,adamw,0.0003,0.05,cosine,5,60,5.0,True,full,raw,full_frame,dataset_v1_1,fp16,2,mobilenetv4,0,3,base,a,ec679acfcc56,1.0,1.0,1.0,1.0,1.0,1.0,1.0,1.0,1.0,1.0,67,1.0,1.0,1.0,57,1.0,1.0,1.0,62,1.0,0.0,1.0,1.0,8.056292699766427e-07,2.067439297122844e-11,0.9999991943759304,0.9999991943759304,,-8.056240696774353e-07,8.056240696774353e-07,8.056240696774353e-07,8.056240696774353e-07,25.285714285714285,97.0,0.0,6716.325887999999,6716.325888,77.08571428571429,79.0,48.740342857142856,73.869,1352.571428571429,5000.0,4.0,1811.7535781631668,34104.48352689006,0.0,0.0,0.0,473.1043839999999,473.104384,37.0,37.0,9.420914285714284,9.956,300.0,405.0,1.0,361.62156752442297,6719.396516656621,59.74,72.5,5.5793833691428585,6.034223104,25.4,6.1049413632,6.192877568,31.684554752,0.0,2173.37514568759,0.6037153182465527,0.430449021909792,713.0,640,Tesla T4,16106.12736,70.0,GPU-a70a8cee-211b-1081-eb90-548f4e3c90d2,Tesla T4,16106.12736,70.0,GPU-09c8a524-32ad-e573-99c2-c837d985880c,580.159.04,1.0,57,1.0,2,1.0,60,1.0,67
a-mobilenetv4-base-f0-s3,a,mobilenetv4,base,0,3,17,663,42432,1787867729.1322486,1787867767.9561026,2026-08-27T21:55:29Z,2026-08-27T21:56:07Z,acct3,2,b8fa82,Interactive,ec679acfcc56,v2,2.3959128909774923e-05,1.0,9.344780249203498e-07,0.0002661212415958,0.0116147273213428,0.4086861908435821,5.589863121713279e-06,0.0103253223001957,0.2622763508930792,0.0,371.80399552762697,8.313320170663589e-09,64.0,0,0,38.80125880241394,34.251115798950195,4.548614978790283,24.183714866638184,9.667879104614258,8.717182874679565,0.263519287109375,0.6232713992550583,0.2563764131986178,0.2548677921295166,0.259780216217041,0.2893370819091795,72.87353832941416,8437074,8437074,735.0283849239349,42704.8271796551,60,384,64,coral,coral_bce,0.0,session_balanced,adamw,0.0003,0.05,cosine,5,60,5.0,True,full,raw,full_frame,dataset_v1_1,fp16,2,mobilenetv4,0,3,base,a,ec679acfcc56,1.0,1.0,1.0,1.0,1.0,1.0,1.0,1.0,1.0,1.0,67,1.0,1.0,1.0,57,1.0,1.0,1.0,62,1.0,0.0,1.0,1.0,1.8881503971246997e-06,1.1540900140176059e-10,0.999998111878672,0.999998111878672,,-1.888121328064152e-06,1.888121328064152e-06,1.888121328064152e-06,1.888121328064152e-06,27.80555555555556,99.0,0.0,6716.325887999999,6716.325888,77.25,80.0,48.92561111111112,72.454,1355.8333333333333,5000.0,4.0,1873.4504024167252,35992.11185283235,0.0,0.0,0.0,473.1043839999999,473.104384,37.0,37.0,9.424833333333332,10.254,300.0,405.0,1.0,370.338115046261,7093.500082450134,59.0611111111111,71.3,5.5713666844444445,5.83135232,24.8,6.103042275555556,6.12681728,31.684554752,0.0,2243.7885174629864,0.6232745881841629,0.4443947813753081,713.0,656,Tesla T4,16106.12736,70.0,GPU-a70a8cee-211b-1081-eb90-548f4e3c90d2,Tesla T4,16106.12736,70.0,GPU-09c8a524-32ad-e573-99c2-c837d985880c,580.159.04,1.0,57,1.0,2,1.0,60,1.0,67
a-mobilenetv4-base-f0-s3,a,mobilenetv4,base,0,3,18,702,44928,1787867768.2398956,1787867806.677729,2026-08-27T21:56:08Z,2026-08-27T21:56:46Z,acct3,2,b8fa82,Interactive,ec679acfcc56,v2,2.6592059410309945e-07,1.0,1.4291294417890514e-08,0.0002605111706814,0.0001294467484623,0.0032610420603305,1.5675652775826165e-07,0.0005578459531534,0.0024433233449235,0.0,371.7959263642268,9.070116585894712e-11,64.0,0,0,38.414796113967896,33.88205623626709,4.5314037799835205,23.849467277526852,9.62028956413269,8.610093593597412,0.2691755294799804,0.6208406575104799,0.2553094044709817,0.2543487548828125,0.2573971271514892,0.2824153995513915,73.66731176510773,8437074,8437074,773.4431810379028,44898.415187655,60,384,64,coral,coral_bce,0.0,session_balanced,adamw,0.0003,0.05,cosine,5,60,5.0,True,full,raw,full_frame,dataset_v1_1,fp16,2,mobilenetv4,0,3,base,a,ec679acfcc56,1.0,1.0,1.0,1.0,1.0,1.0,1.0,1.0,1.0,1.0,67,1.0,1.0,1.0,57,1.0,1.0,1.0,62,1.0,0.0,1.0,1.0,4.6466001464686395e-08,4.753125482468833e-14,0.9999999535340136,0.9999999535340136,,-4.6465986502930434e-08,4.6465986502930434e-08,4.6465986502930434e-08,4.6465986502930434e-08,28.5,99.0,2.5,6716.325887999999,6716.325888,76.77777777777777,79.0,46.26558333333334,71.476,1400.8333333333333,5000.0,4.0,1828.9031415963184,37840.11234552363,0.0,0.0,0.0,473.1043839999999,473.104384,37.0,37.0,9.416805555555555,9.857,300.0,405.0,1.0,364.6848664035788,7462.7166718430335,59.57222222222222,71.1,5.680124131555556,5.989957632,25.3,6.101848064,6.101848064,31.571300352,0.0,2193.588007999897,0.6093300022221936,0.434452291584424,713.0,644,Tesla T4,16106.12736,70.0,GPU-a70a8cee-211b-1081-eb90-548f4e3c90d2,Tesla T4,16106.12736,70.0,GPU-09c8a524-32ad-e573-99c2-c837d985880c,580.159.04,1.0,57,1.0,2,1.0,60,1.0,67
a-mobilenetv4-base-f0-s3,a,mobilenetv4,base,0,3,19,741,47424,1787867806.954033,1787867845.573948,2026-08-27T21:56:46Z,2026-08-27T21:57:25Z,acct3,2,b8fa82,Interactive,ec679acfcc56,v2,1.3017616174927382e-07,1.0,9.060042809173572e-09,0.0002545406352982,0.0001210890657487,0.0025342947337776,1.733293828465321e-07,0.0003506329230731,0.0022212194628082,0.0,371.7879963669797,8.29023207433916e-11,64.0,0,0,38.59742403030396,34.08931064605713,4.506122589111328,23.98467183113098,9.679569721221924,8.69396686553955,0.2781751155853271,0.621406024720715,0.257041912812453,0.2544140815734863,0.2624118328094482,0.2933343744277953,73.21943309195942,8437074,8437074,812.0406050682068,47099.85799032168,60,384,64,coral,coral_bce,0.0,session_balanced,adamw,0.0003,0.05,cosine,5,60,5.0,True,full,raw,full_frame,dataset_v1_1,fp16,2,mobilenetv4,0,3,base,a,ec679acfcc56,1.0,1.0,1.0,1.0,1.0,1.0,1.0,1.0,1.0,1.0,67,1.0,1.0,1.0,57,1.0,1.0,1.0,62,1.0,0.0,1.0,1.0,3.653188774666618e-08,2.6801658318173413e-14,0.9999999634681208,0.9999999634681208,,-3.653187907737277e-08,3.653187907737277e-08,3.653187907737277e-08,3.653187907737277e-08,23.38888888888889,99.0,0.0,6716.325887999999,6716.325888,77.0,80.0,48.29027777777779,72.454,1337.9166666666667,5000.0,4.0,1834.424132444401,39691.56245038253,0.0,0.0,0.0,473.1043839999999,473.104384,37.0,37.0,9.468722222222224,10.055,300.0,405.0,1.0,367.0186702222773,7834.998853974319,59.29166666666666,70.6,5.607069354666667,5.918208,25.1,6.103127836444444,6.147919872,31.684554752,0.0,2201.4428026666783,0.6115118896296329,0.4360079773059283,713.0,650,Tesla T4,16106.12736,70.0,GPU-a70a8cee-211b-1081-eb90-548f4e3c90d2,Tesla T4,16106.12736,70.0,GPU-09c8a524-32ad-e573-99c2-c837d985880c,580.159.04,1.0,57,1.0,2,1.0,60,1.0,67
a-mobilenetv4-base-f0-s3,a,mobilenetv4,base,0,3,20,780,49920,1787867845.8491151,1787867884.5362697,2026-08-27T21:57:25Z,2026-08-27T21:58:04Z,acct3,2,b8fa82,Interactive,ec679acfcc56,v2,3.3281272281627197e-06,1.0,5.558503984452629e-09,0.0002482291100917,0.0013083698802052,0.0214699655771255,6.323795105345198e-07,0.0066148946993053,0.0212621079757809,0.0,371.7801261224539,8.735687257453861e-10,64.0,0,0,38.66356873512268,34.29983568191528,4.362560033798218,24.169875383377075,9.68031907081604,8.68013596534729,0.3100535869598388,0.6251330690387286,0.2578472846593612,0.2554848194122314,0.2603294372558594,0.2981421375274657,72.77002791345807,8437074,8437074,850.7041738033295,49334.43842220212,60,384,64,coral,coral_bce,0.0,session_balanced,adamw,0.0003,0.05,cosine,5,60,5.0,True,full,raw,full_frame,dataset_v1_1,fp16,2,mobilenetv4,0,3,base,a,ec679acfcc56,1.0,1.0,1.0,1.0,1.0,1.0,1.0,1.0,1.0,1.0,67,1.0,1.0,1.0,57,1.0,1.0,1.0,62,1.0,0.0,1.0,1.0,1.8265942268880677e-08,8.940135181900396e-15,0.9999999817340604,0.9999999817340604,,-1.8265939538686385e-08,1.8265939538686385e-08,1.8265939538686385e-08,1.8265939538686385e-08,25.135135135135137,99.0,0.0,6716.325887999999,6716.325888,77.05405405405405,80.0,44.53737837837839,71.814,1386.081081081081,5000.0,4.0,1866.0740534717695,41569.12187832119,0.0,0.0,0.0,473.1043839999999,473.104384,37.0,37.0,9.45537837837838,9.857,300.0,405.0,1.0,368.5063784086724,8206.74677496145,58.53783783783784,72.6,5.659918668108108,6.065238016,25.6,6.102202312648648,6.114955264,31.67393792,0.0,2234.580431880442,0.6207167866334562,0.4425710688696542,713.0,652,Tesla T4,16106.12736,70.0,GPU-a70a8cee-211b-1081-eb90-548f4e3c90d2,Tesla T4,16106.12736,70.0,GPU-09c8a524-32ad-e573-99c2-c837d985880c,580.159.04,1.0,57,1.0,2,1.0,60,1.0,67
a-mobilenetv4-base-f0-s3,a,mobilenetv4,base,0,3,21,819,52416,1787867885.0335605,1787867922.9339356,2026-08-27T21:58:05Z,2026-08-27T21:58:42Z,acct3,2,b8fa82,Interactive,ec679acfcc56,v2,2.84384115352988e-07,1.0,1.7012605231380187e-09,0.0002415971819453,0.0001541057704555,0.0022782434243708,8.286917108080162e-08,0.0012162794591858,0.0021211814600974,0.0,371.7725752657453,1.0014595572832406e-10,64.0,0,0,37.87588429450989,33.48477268218994,4.388551473617554,23.367887020111084,9.695513248443604,8.707531452178955,0.2828292846679687,0.6169595101307842,0.2575131501906957,0.2550539970397949,0.2628374576568604,0.294220790863037,74.54134521652541,8437074,8437074,888.5800580978394,51538.3546967967,60,384,64,coral,coral_bce,0.0,session_balanced,adamw,0.0003,0.05,cosine,5,60,5.0,True,full,raw,full_frame,dataset_v1_1,fp16,2,mobilenetv4,0,3,base,a,ec679acfcc56,1.0,1.0,1.0,1.0,1.0,1.0,1.0,1.0,1.0,1.0,67,1.0,1.0,1.0,57,1.0,1.0,1.0,62,1.0,0.0,1.0,1.0,5.447736742001501e-09,1.3976966817401337e-15,0.9999999945522636,0.9999999945522636,,-5.447736373120904e-09,5.447736373120904e-09,5.447736373120904e-09,5.447736373120904e-09,27.80555555555556,99.0,0.0,6716.325887999999,6716.325888,76.86111111111111,79.0,48.30997222222221,88.801,1349.5833333333333,5000.0,4.0,1843.443486758748,43432.79348204881,0.0,0.0,0.0,473.1043839999999,473.104384,37.0,37.0,9.425361111111112,10.452,300.0,405.0,1.0,360.4727878358299,8573.145246371003,59.008333333333326,69.4,5.628426922666667,5.93784832,25.4,6.102929408,6.130487296,31.684554752,0.0,2203.9162745945778,0.6121989651651605,0.4364978621627594,713.0,637,Tesla T4,16106.12736,70.0,GPU-a70a8cee-211b-1081-eb90-548f4e3c90d2,Tesla T4,16106.12736,70.0,GPU-09c8a524-32ad-e573-99c2-c837d985880c,580.159.04,1.0,57,1.0,2,1.0,60,1.0,67
a-mobilenetv4-base-f0-s3,a,mobilenetv4,base,0,3,22,858,54912,1787867923.2162628,1787867961.4305935,2026-08-27T21:58:43Z,2026-08-27T21:59:21Z,acct3,2,b8fa82,Interactive,ec679acfcc56,v2,6.718502536049942e-08,1.0,4.972502445641585e-10,0.00023466648283,2.3100678200594943e-05,0.0004770839004777,5.502135422830179e-07,5.373178337322357e-05,0.0004150115558877,0.0,371.7652558069889,1.4581660926205662e-11,64.0,0,0,38.18967413902283,33.8813271522522,4.307149410247803,23.82294487953186,9.619491338729858,8.635292053222656,0.2651100158691406,0.6238059217999242,0.2552323402502598,0.2538259029388428,0.256818962097168,0.2848119640350341,73.66889699402118,8437074,8437074,926.7697322368622,53742.88020260437,60,384,64,coral,coral_bce,0.0,session_balanced,adamw,0.0003,0.05,cosine,5,60,5.0,True,full,raw,full_frame,dataset_v1_1,fp16,2,mobilenetv4,0,3,base,a,ec679acfcc56,1.0,1.0,1.0,1.0,1.0,1.0,1.0,1.0,1.0,1.0,67,1.0,1.0,1.0,57,1.0,1.0,1.0,62,1.0,0.0,1.0,1.0,3.2045508898788997e-10,2.4405488192638063e-16,0.9999999996795448,0.9999999996795448,,-3.204551068947125e-10,3.204551068947125e-10,3.204551068947125e-10,3.204551068947125e-10,24.05555555555556,99.0,0.0,6716.325887999999,6716.325888,76.69444444444444,79.0,48.71930555555556,94.433,1325.0,5000.0,4.0,1842.6062109053528,45287.78011954533,0.0,0.0,0.0,473.1043839999999,473.104384,37.0,37.0,9.47961111111111,10.154,300.0,405.0,1.0,361.9192949023163,8940.022714160166,58.88055555555555,69.3,5.639400561777778,5.928165376,25.1,6.101848064,6.101848064,31.571300352,0.0,2204.525505807669,0.6123681960576859,0.43661852378913,713.0,642,Tesla T4,16106.12736,70.0,GPU-a70a8cee-211b-1081-eb90-548f4e3c90d2,Tesla T4,16106.12736,70.0,GPU-09c8a524-32ad-e573-99c2-c837d985880c,580.159.04,1.0,57,1.0,2,1.0,60,1.0,67
a-mobilenetv4-base-f0-s3,a,mobilenetv4,base,0,3,23,897,57408,1787867961.7099686,1787868000.3564048,2026-08-27T21:59:21Z,2026-08-27T22:00:00Z,acct3,2,b8fa82,Interactive,ec679acfcc56,v2,1.833845104792925e-07,1.0,2.934263374689875e-09,0.0002274596192458,8.53024032829662e-05,0.0009084743214771,4.6703712541784636e-07,0.0008268244215287,0.0008927493682131,0.0,371.7581483256792,5.2192136901061427e-11,64.0,0,0,38.62467336654663,34.1735942363739,4.449328899383545,24.14516305923462,9.622690677642822,8.68053150177002,0.2703697681427002,0.625122776575946,0.2553306665176,0.2539746761322021,0.2561503410339355,0.2942325496673582,73.03884931551309,8437074,8437074,965.3944056034088,55958.94659364425,60,384,64,coral,coral_bce,0.0,session_balanced,adamw,0.0003,0.05,cosine,5,60,5.0,True,full,raw,full_frame,dataset_v1_1,fp16,2,mobilenetv4,0,3,base,a,ec679acfcc56,1.0,1.0,1.0,1.0,1.0,1.0,1.0,1.0,1.0,1.0,67,1.0,1.0,1.0,57,1.0,1.0,1.0,62,1.0,0.0,1.0,1.0,1.8265941638560236e-08,6.987752282934242e-15,0.9999999817340604,0.9999999817340604,,-1.8265939538686385e-08,1.8265939538686385e-08,1.8265939538686385e-08,1.8265939538686385e-08,27.47222222222222,99.0,0.0,6716.325887999999,6716.325888,76.88888888888889,79.0,47.54447222222223,69.716,1362.0833333333333,5000.0,4.0,1849.2443868746925,47153.70657706655,0.0,0.0,0.0,473.1043839999999,473.104384,37.0,37.0,9.41627777777778,9.857,300.0,405.0,1.0,366.82200416518754,9311.183084455944,59.06944444444444,69.9,5.639159125333332,5.826854912,24.8,6.110100138666666,6.198054912,31.684554752,0.0,2216.06639103988,0.6155739975110778,0.4389042602253984,713.0,654,Tesla T4,16106.12736,70.0,GPU-a70a8cee-211b-1081-eb90-548f4e3c90d2,Tesla T4,16106.12736,70.0,GPU-09c8a524-32ad-e573-99c2-c837d985880c,580.159.04,1.0,57,1.0,2,1.0,60,1.0,67
a-mobilenetv4-base-f0-s3,a,mobilenetv4,base,0,3,24,936,59904,1787868000.632487,1787868038.7302482,2026-08-27T22:00:00Z,2026-08-27T22:00:38Z,acct3,2,b8fa82,Interactive,ec679acfcc56,v2,2.9801687934089325e-07,1.0,1.8822485419751767e-08,0.0002200000984838,0.0001935439785203,0.0052164276130497,3.728812600911624e-07,0.000573006196646,0.003728147430811,0.0,371.7513298589884,1.1453810898697272e-10,64.0,0,0,38.07419776916504,33.683459997177124,4.3889031410217285,23.62086606025696,9.660229206085203,8.724519968032837,0.2611496448516845,0.6203903809993515,0.2561810383429894,0.2547624111175537,0.2583752155303955,0.2795648288726806,74.10165108362324,8437074,8437074,1003.468603372574,58164.46281957349,60,384,64,coral,coral_bce,0.0,session_balanced,adamw,0.0003,0.05,cosine,5,60,5.0,True,full,raw,full_frame,dataset_v1_1,fp16,2,mobilenetv4,0,3,base,a,ec679acfcc56,1.0,1.0,1.0,1.0,1.0,1.0,1.0,1.0,1.0,1.0,67,1.0,1.0,1.0,57,1.0,1.0,1.0,62,1.0,0.0,1.0,1.0,4.42228119452425e-08,3.782029233547909e-14,0.999999955777199,0.999999955777199,,-4.422280097671205e-08,4.422280097671205e-08,4.422280097671205e-08,4.422280097671205e-08,30.571428571428573,98.0,11.0,6716.325887999999,6716.325888,77.31428571428572,79.0,48.326342857142855,90.093,1362.857142857143,5000.0,4.0,1842.2114876024425,49008.83238835679,0.0,0.0,0.0,473.1043839999999,473.104384,37.0,37.0,9.463400000000002,9.857,300.0,405.0,1.0,363.3047383267949,9678.227694396004,60.14857142857144,72.0,5.6763482112000005,5.91747072,25.1,6.101848064,6.101848064,31.571300352,0.0,2205.5162259292374,0.6126433960914548,0.4368147414132073,713.0,642,Tesla T4,16106.12736,70.0,GPU-a70a8cee-211b-1081-eb90-548f4e3c90d2,Tesla T4,16106.12736,70.0,GPU-09c8a524-32ad-e573-99c2-c837d985880c,580.159.04,1.0,57,1.0,2,1.0,60,1.0,67
a-mobilenetv4-base-f0-s3,a,mobilenetv4,base,0,3,25,975,62400,1787868039.0003695,1787868077.3749728,2026-08-27T22:00:39Z,2026-08-27T22:01:17Z,acct3,2,b8fa82,Interactive,ec679acfcc56,v2,5.749846443249222e-06,1.0,2.1850087808378926e-09,0.0002123122519502,0.0045037049427158,0.0928076803684234,1.0006882433799549e-07,0.0084630180921523,0.0888741268217563,0.0,371.7447853734923,2.5721725660440392e-09,64.0,0,0,38.34975361824036,33.82440543174744,4.524034738540649,23.7864670753479,9.63011360168457,8.540908813476562,0.2701497077941894,0.6202508446895029,0.255676514063126,0.2544026374816894,0.2579999923706054,0.2828426122665405,73.7928713938979,8437074,8437074,1041.8183569908142,60379.256513139306,60,384,64,coral,coral_bce,0.0,session_balanced,adamw,0.0003,0.05,cosine,5,60,5.0,True,full,raw,full_frame,dataset_v1_1,fp16,2,mobilenetv4,0,3,base,a,ec679acfcc56,1.0,1.0,1.0,1.0,1.0,1.0,1.0,1.0,1.0,1.0,67,1.0,1.0,1.0,57,1.0,1.0,1.0,62,1.0,0.0,1.0,1.0,4.806826621327563e-09,1.5144648980034554e-15,0.9999999951931738,0.9999999951931738,,-4.806826159331479e-09,4.806826159331479e-09,4.806826159331479e-09,4.806826159331479e-09,28.13888888888889,99.0,0.0,6716.325887999999,6716.325888,76.69444444444444,79.0,46.82447222222223,75.048,1361.25,5000.0,4.0,1845.1443553983845,50872.74141858322,0.0,0.0,0.0,473.1043839999999,473.104384,37.0,37.0,9.532222222222224,10.353,300.0,405.0,1.0,369.6493381674336,10051.773381378403,58.94444444444444,69.4,5.594043392,5.84886272,24.9,6.101848064,6.101848064,31.571300352,0.0,2214.793693565818,0.6152204704349494,0.4386521954201189,713.0,646,Tesla T4,16106.12736,70.0,GPU-a70a8cee-211b-1081-eb90-548f4e3c90d2,Tesla T4,16106.12736,70.0,GPU-09c8a524-32ad-e573-99c2-c837d985880c,580.159.04,1.0,57,1.0,2,1.0,60,1.0,67
a-mobilenetv4-base-f0-s3,a,mobilenetv4,base,0,3,26,1014,64896,1787868077.657621,1787868116.5736742,2026-08-27T22:01:17Z,2026-08-27T22:01:56Z,acct3,2,b8fa82,Interactive,ec679acfcc56,v2,8.84595399155498e-06,1.0,1.4735029874871283e-09,0.0002044211558025,0.0055696154363058,0.1976789683103561,1.2038221086640988e-07,0.0033004699042067,0.1283457690849895,0.0,371.73853305671935,3.062763538403202e-09,64.0,0,0,38.891918420791626,34.129324197769165,4.761025428771973,24.088298320770264,9.6437406539917,8.638654947280884,0.2675669193267822,0.6193651354542762,0.2557712151454045,0.2547428607940674,0.2578029632568359,0.2837264394760131,73.13358991629694,8437074,8437074,1080.7102754116058,62601.32420026643,60,384,64,coral,coral_bce,0.0,session_balanced,adamw,0.0003,0.05,cosine,5,60,5.0,True,full,raw,full_frame,dataset_v1_1,fp16,2,mobilenetv4,0,3,base,a,ec679acfcc56,1.0,1.0,1.0,1.0,1.0,1.0,1.0,1.0,1.0,1.0,67,1.0,1.0,1.0,57,1.0,1.0,1.0,62,1.0,0.0,1.0,1.0,1.92273059122918e-09,6.606669177285359e-16,0.9999999980772696,0.9999999980772696,,-1.922730530345973e-09,1.922730530345973e-09,1.922730530345973e-09,1.922730530345973e-09,28.135135135135137,99.0,0.0,6716.325887999999,6716.325888,77.16216216216216,80.0,49.11575675675675,90.19,1292.4324324324325,5000.0,4.0,1845.3469933126037,52736.38264512022,0.0,0.0,0.0,473.1043839999999,473.104384,37.0,37.0,9.6802972972973,10.551,300.0,405.0,1.0,376.7206938145191,10433.000540845149,59.4081081081081,70.2,5.661367655783784,6.287343616,26.2,6.129313404540541,6.466371584,31.901966336,0.0,2222.0676871271226,0.6172410242019785,0.4400928502560106,713.0,654,Tesla T4,16106.12736,70.0,GPU-a70a8cee-211b-1081-eb90-548f4e3c90d2,Tesla T4,16106.12736,70.0,GPU-09c8a524-32ad-e573-99c2-c837d985880c,580.159.04,1.0,57,1.0,2,1.0,60,1.0,67
a-mobilenetv4-base-f0-s3,a,mobilenetv4,base,0,3,27,1053,67392,1787868116.8730414,1787868155.4707396,2026-08-27T22:01:56Z,2026-08-27T22:02:35Z,acct3,2,b8fa82,Interactive,ec679acfcc56,v2,1.6535248673297366e-07,1.0,9.121515490360302e-09,0.0001963525491562,0.000154257074962,0.0030074522364884,0.0,0.0006977975310292,0.0027975889807566,0.0,371.732522768328,8.148001059640931e-11,64.0,0,0,38.57291388511658,34.12079644203186,4.450922727584839,24.067498445510864,9.651073455810549,8.614291191101074,0.2650518417358398,0.6239481548423373,0.2559225314702743,0.2548243999481201,0.2576877593994141,0.2943393754959105,73.15186807671614,8437074,8437074,1119.2831892967224,64833.72979228383,60,384,64,coral,coral_bce,0.0,session_balanced,adamw,0.0003,0.05,cosine,5,60,5.0,True,full,raw,full_frame,dataset_v1_1,fp16,2,mobilenetv4,0,3,base,a,ec679acfcc56,1.0,1.0,1.0,1.0,1.0,1.0,1.0,1.0,1.0,1.0,67,1.0,1.0,1.0,57,1.0,1.0,1.0,62,1.0,0.0,1.0,1.0,1.7945487351798326e-08,1.180618234556098e-14,0.9999999820545156,0.9999999820545156,,-1.7945484431791673e-08,1.7945484431791673e-08,1.7945484431791673e-08,1.7945484431791673e-08,24.58333333333333,99.0,0.0,6716.325887999999,6716.325888,77.08333333333333,80.0,47.739222222222224,73.38,1349.5833333333333,5000.0,4.0,1860.127682900158,54618.43066590909,0.0,0.0,0.0,473.1043839999999,473.104384,37.0,37.0,9.59527777777778,10.154,300.0,405.0,1.0,372.2779091172506,10810.409959290288,59.65833333333334,78.8,5.784398734222221,6.097862656,25.6,6.223010588444443,6.562861056,31.991103488,0.0,2232.4055920174087,0.6201126644492801,0.4421403297523368,713.0,648,Tesla T4,16106.12736,70.0,GPU-a70a8cee-211b-1081-eb90-548f4e3c90d2,Tesla T4,16106.12736,70.0,GPU-09c8a524-32ad-e573-99c2-c837d985880c,580.159.04,1.0,57,1.0,2,1.0,60,1.0,67
a-mobilenetv4-base-f0-s3,a,mobilenetv4,base,0,3,28,1092,69888,1787868155.7425797,1787868193.841652,2026-08-27T22:02:35Z,2026-08-27T22:03:13Z,acct3,2,b8fa82,Interactive,ec679acfcc56,v2,8.48894555090849e-08,1.0,6.583670535863064e-09,0.000188132750129,4.956203388891604e-05,0.0018851524218916,8.777737292575695e-08,1.0330336044717134e-05,0.001177356886219,0.0,371.7266202608647,2.508359969206991e-11,64.0,0,0,38.0731053352356,33.69443225860596,4.376924514770508,23.662977695465088,9.626868724822998,8.66142463684082,0.2685990333557129,0.6215142549343267,0.2553258492396428,0.2542102336883545,0.2566256046295166,0.2817461061477661,74.0775206076515,8437074,8437074,1157.356294631958,67037.72843465715,60,384,64,coral,coral_bce,0.0,session_balanced,adamw,0.0003,0.05,cosine,5,60,5.0,True,full,raw,full_frame,dataset_v1_1,fp16,2,mobilenetv4,0,3,base,a,ec679acfcc56,1.0,1.0,1.0,1.0,1.0,1.0,1.0,1.0,1.0,1.0,67,1.0,1.0,1.0,57,1.0,1.0,1.0,62,1.0,0.0,1.0,1.0,1.1536384234997284e-08,5.6950620379341456e-15,0.9999999884636172,0.9999999884636172,,-1.153638284900893e-08,1.153638284900893e-08,1.153638284900893e-08,1.153638284900893e-08,24.61111111111111,99.0,0.0,6716.325887999999,6716.325888,76.72222222222223,79.0,49.50791666666666,78.127,1342.0833333333333,5000.0,4.0,1838.0123315920864,56467.58549152832,0.0,0.0,0.0,473.1043839999999,473.104384,37.0,37.0,9.542666666666667,9.857,300.0,405.0,1.0,365.986310781238,11179.752165233633,58.73055555555555,72.1,5.790515086222222,5.997871104,25.3,6.176146318222221,6.221193216,31.700570112,0.0,2203.9986423733244,0.6122218451037013,0.436514175558939,713.0,639,Tesla T4,16106.12736,70.0,GPU-a70a8cee-211b-1081-eb90-548f4e3c90d2,Tesla T4,16106.12736,70.0,GPU-09c8a524-32ad-e573-99c2-c837d985880c,580.159.04,1.0,57,1.0,2,1.0,60,1.0,67
a-mobilenetv4-base-f0-s3,a,mobilenetv4,base,0,3,29,1131,72384,1787868194.140509,1787868232.4011052,2026-08-27T22:03:14Z,2026-08-27T22:03:52Z,acct3,2,b8fa82,Interactive,ec679acfcc56,v2,1.4624699969237095e-06,1.0,3.869358195858709e-09,0.0001797885699968,0.0004670178562904,0.0160170942544937,1.9173928933469145e-07,0.0009112896572332,0.0103924021963029,0.0,371.721032691247,2.2588033810614302e-10,64.0,0,0,38.23637819290161,33.86342096328735,4.371603965759277,23.836015224456787,9.634026527404783,8.666220426559448,0.2596945762634277,0.623385800407263,0.2552853425343831,0.2545914649963379,0.2573845386505127,0.2785986852645873,73.70785139239212,8437074,8437074,1195.5926728248596,69237.43327726441,60,384,64,coral,coral_bce,0.0,session_balanced,adamw,0.0003,0.05,cosine,5,60,5.0,True,full,raw,full_frame,dataset_v1_1,fp16,2,mobilenetv4,0,3,base,a,ec679acfcc56,1.0,1.0,1.0,1.0,1.0,1.0,1.0,1.0,1.0,1.0,67,1.0,1.0,1.0,57,1.0,1.0,1.0,62,1.0,0.0,1.0,1.0,6.409102123568859e-09,2.334967374103313e-15,0.9999999935908984,0.9999999935908984,,-6.409101582782739e-09,6.409101582782739e-09,6.409101582782739e-09,6.409101582782739e-09,27.88888888888889,99.0,0.0,6716.325887999999,6716.325888,77.33333333333333,80.0,48.287277777777774,87.229,1326.6666666666667,5000.0,4.0,1833.0387407496016,58314.62278439837,0.0,0.0,0.0,473.1043839999999,473.104384,37.0,37.0,9.551666666666668,10.254,300.0,405.0,1.0,366.6661018576615,11551.49111863496,58.852777777777774,71.4,5.805243960888889,6.166556672,25.8,6.174859263999999,6.174859264,31.587315712,0.0,2199.704842607264,0.611029122946462,0.4356637646608274,713.0,644,Tesla T4,16106.12736,70.0,GPU-a70a8cee-211b-1081-eb90-548f4e3c90d2,Tesla T4,16106.12736,70.0,GPU-09c8a524-32ad-e573-99c2-c837d985880c,580.159.04,1.0,57,1.0,2,1.0,60,1.0,67
a-mobilenetv4-base-f0-s3,a,mobilenetv4,base,0,3,30,1170,74880,1787868232.6628864,1787868270.8128982,2026-08-27T22:03:52Z,2026-08-27T22:04:30Z,acct3,2,b8fa82,Interactive,ec679acfcc56,v2,1.0932622907479174e-07,1.0,2.2546438828236224e-08,0.0001713472257409,6.373134946376269e-05,0.0022501314524561,0.0,3.1650129130867075e-05,0.0014617828908376,0.0,371.7156628941095,2.937780409445989e-11,64.0,0,0,38.12456011772156,33.76601839065552,4.357123374938965,23.738508462905884,9.613394737243652,8.659317016601562,0.274268627166748,0.6226565864525592,0.2552164334517259,0.25433349609375,0.2571427345275879,0.2787528324127196,73.92047149659636,8437074,8437074,1233.7172329425812,71427.60817103986,60,384,64,coral,coral_bce,0.0,session_balanced,adamw,0.0003,0.05,cosine,5,60,5.0,True,full,raw,full_frame,dataset_v1_1,fp16,2,mobilenetv4,0,3,base,a,ec679acfcc56,1.0,1.0,1.0,1.0,1.0,1.0,1.0,1.0,1.0,1.0,67,1.0,1.0,1.0,57,1.0,1.0,1.0,62,1.0,0.0,1.0,1.0,4.486372846462798e-08,6.956613719102655e-14,0.9999999551362888,0.9999999551362888,,-4.486371107947917e-08,4.486371107947917e-08,4.486371107947917e-08,4.486371107947917e-08,28.228571428571428,99.0,0.0,6716.325887999999,6716.325888,76.88571428571429,79.0,44.70551428571429,68.823,1396.2857142857142,5000.0,4.0,1821.547792565092,60155.2739866455,0.0,0.0,0.0,473.1043839999999,473.104384,37.0,37.0,9.619714285714286,10.452,300.0,405.0,1.0,368.6271012103516,11924.266099849005,59.694285714285705,68.3,5.83260663222857,6.137348096,25.9,6.174859263999999,6.174859264,31.700566016,0.0,2190.174893775444,0.6083819149376233,0.4337763053505253,713.0,642,Tesla T4,16106.12736,70.0,GPU-a70a8cee-211b-1081-eb90-548f4e3c90d2,Tesla T4,16106.12736,70.0,GPU-09c8a524-32ad-e573-99c2-c837d985880c,580.159.04,1.0,57,1.0,2,1.0,60,1.0,67
a-mobilenetv4-base-f0-s3,a,mobilenetv4,base,0,3,31,1209,77376,1787868271.4222057,1787868309.414715,2026-08-27T22:04:31Z,2026-08-27T22:05:09Z,acct3,2,b8fa82,Interactive,ec679acfcc56,v2,2.858475246050041e-08,1.0,8.758871649477793e-09,0.0001628362512718,4.5558920044405e-06,0.0001252819201909,7.654649181176866e-08,7.5441521858011155e-06,9.203911831718846e-05,0.0,371.71054899101136,1.995812002688995e-12,64.0,0,0,37.9666907787323,33.58755850791931,4.377696990966797,23.550813913345337,9.62630844116211,8.597615242004395,0.2747833728790283,0.6203019918327392,0.2555851202744704,0.2541191577911377,0.2573724269866943,0.2884012365341185,74.31323117491527,8437074,8437074,1271.6839237213137,73598.36552734321,60,384,64,coral,coral_bce,0.0,session_balanced,adamw,0.0003,0.05,cosine,5,60,5.0,True,full,raw,full_frame,dataset_v1_1,fp16,2,mobilenetv4,0,3,base,a,ec679acfcc56,1.0,1.0,1.0,1.0,1.0,1.0,1.0,1.0,1.0,1.0,67,1.0,1.0,1.0,57,1.0,1.0,1.0,62,1.0,0.0,1.0,1.0,1.6663666804840594e-08,1.0889890643498398e-14,0.999999983336336,0.999999983336336,,-1.6663664115235122e-08,1.6663664115235122e-08,1.6663664115235122e-08,1.6663664115235122e-08,32.083333333333336,99.0,0.0,6716.325887999999,6716.325888,76.94444444444444,80.0,48.5923888888889,80.716,1295.4166666666667,5000.0,4.0,1809.0197891496791,61990.78418121524,0.0,0.0,0.0,473.1043839999999,473.104384,37.0,37.0,9.465916666666663,9.956,300.0,405.0,1.0,361.7375671536775,12293.26922853494,58.82222222222222,68.6,5.728274204444444,5.968859136,25.2,6.181165283555554,6.270410752,31.700570112,0.0,2170.7573563033566,0.6029881545287101,0.4299305541789703,713.0,640,Tesla T4,16106.12736,70.0,GPU-a70a8cee-211b-1081-eb90-548f4e3c90d2,Tesla T4,16106.12736,70.0,GPU-09c8a524-32ad-e573-99c2-c837d985880c,580.159.04,1.0,57,1.0,2,1.0,60,1.0,67
a-mobilenetv4-base-f0-s3,a,mobilenetv4,base,0,3,32,1248,79872,1787868309.6918209,1787868347.710568,2026-08-27T22:05:09Z,2026-08-27T22:05:47Z,acct3,2,b8fa82,Interactive,ec679acfcc56,v2,3.7134516196768e-07,1.0,2.1637503879424126e-09,0.000154283407619,0.0003392643711108,0.0072596715763211,1.6609669728495646e-07,0.0026147159747779,0.0056924049835652,0.0,371.7057149911874,1.4081802121325223e-10,64.0,0,0,37.99493145942688,33.51147937774658,4.48221492767334,23.46057820320129,9.649548530578612,8.682602882385254,0.2635505199432373,0.6174659961751429,0.2558412368480975,0.2549574375152588,0.2584390640258789,0.2777004289627074,74.4819401096771,8437074,8437074,1309.6788551807404,75787.77684550542,60,384,64,coral,coral_bce,0.0,session_balanced,adamw,0.0003,0.05,cosine,5,60,5.0,True,full,raw,full_frame,dataset_v1_1,fp16,2,mobilenetv4,0,3,base,a,ec679acfcc56,1.0,1.0,1.0,1.0,1.0,1.0,1.0,1.0,1.0,1.0,67,1.0,1.0,1.0,57,1.0,1.0,1.0,62,1.0,0.0,1.0,1.0,3.204550985381966e-09,9.613362726125464e-16,0.9999999967954492,0.9999999967954492,,-3.2045508469025204e-09,3.2045508469025204e-09,3.2045508469025204e-09,3.2045508469025204e-09,21.72222222222222,98.0,0.0,6716.325887999999,6716.325888,77.30555555555556,80.0,46.36241666666667,67.2,1341.6666666666667,5000.0,4.0,1829.9273016600564,63836.31843813032,0.0,0.0,0.0,473.1043839999999,473.104384,37.0,37.0,9.40863888888889,9.857,300.0,405.0,1.0,359.484016502156,12657.249206542983,59.26111111111111,71.7,5.802615580444446,6.09339392,25.6,6.174859263999999,6.174859264,31.587315712,0.0,2189.4113181622124,0.6081698106006146,0.4336250749582382,713.0,636,Tesla T4,16106.12736,70.0,GPU-a70a8cee-211b-1081-eb90-548f4e3c90d2,Tesla T4,16106.12736,70.0,GPU-09c8a524-32ad-e573-99c2-c837d985880c,580.159.04,1.0,57,1.0,2,1.0,60,1.0,67
a-mobilenetv4-base-f0-s3,a,mobilenetv4,base,0,3,33,1287,82368,1787868347.977965,1787868385.655297,2026-08-27T22:05:47Z,2026-08-27T22:06:25Z,acct3,2,b8fa82,Interactive,ec679acfcc56,v2,2.8904673900928944e-08,1.0,3.4265218858236064e-10,0.0001457165923809,3.0854657743417097e-06,5.955940287094563e-05,0.0,1.439346033293991e-05,5.271143774734805e-05,0.0,371.701143080258,1.2095834702559168e-12,64.0,0,0,37.65329623222351,33.23651742935181,4.415609121322632,23.23262906074524,9.583250284194946,8.606927633285522,0.2815814018249511,0.6170144817457672,0.2545811946575458,0.253589391708374,0.2572329044342041,0.2737214088439941,75.09812077350001,8437074,8437074,1347.332151412964,77965.38505271377,60,384,64,coral,coral_bce,0.0,session_balanced,adamw,0.0003,0.05,cosine,5,60,5.0,True,full,raw,full_frame,dataset_v1_1,fp16,2,mobilenetv4,0,3,base,a,ec679acfcc56,1.0,1.0,1.0,1.0,1.0,1.0,1.0,1.0,1.0,1.0,67,1.0,1.0,1.0,57,1.0,1.0,1.0,62,1.0,0.0,1.0,1.0,-0.0,1.9999999756901162e-16,1.0,1.0,,0.0,0.0,0.0,0.0,25.97142857142857,99.0,0.0,6716.325887999999,6716.325888,76.45714285714286,79.0,50.47117142857144,92.349,1387.7142857142858,5000.0,4.0,1819.8088917955972,65678.5744150609,0.0,0.0,0.0,473.1043839999999,473.104384,37.0,37.0,9.429714285714288,9.757,300.0,405.0,1.0,357.7993154127471,13020.03873460341,60.11714285714285,69.0,5.8012654445714285,6.043213824,25.5,6.176359102171428,6.216343552,31.700570112,0.0,2177.6082072083445,0.6048911686689846,0.431287403260986,713.0,636,Tesla T4,16106.12736,70.0,GPU-a70a8cee-211b-1081-eb90-548f4e3c90d2,Tesla T4,16106.12736,70.0,GPU-09c8a524-32ad-e573-99c2-c837d985880c,580.159.04,1.0,57,1.0,2,1.0,60,1.0,67
a-mobilenetv4-base-f0-s3,a,mobilenetv4,base,0,3,34,1326,84864,1787868385.9305508,1787868423.9250093,2026-08-27T22:06:25Z,2026-08-27T22:07:03Z,acct3,2,b8fa82,Interactive,ec679acfcc56,v2,2.705114415467644e-08,1.0,6.704760827778466e-09,0.0001371637487281,3.6600243902285e-06,6.816913810325786e-05,8.98758258927046e-08,1.3102403863740676e-05,6.061107989808074e-05,0.0,371.6968321019611,1.3506240097913436e-12,64.0,0,0,37.96776223182678,33.64441728591919,4.321372032165527,23.571693658828732,9.663091897964478,8.62123727798462,0.2646887302398681,0.6208344203933508,0.2564878035814334,0.2544751167297363,0.2590634822845459,0.2930914878845213,74.1876424486217,8437074,8437074,1385.2999136447906,80169.78713728287,60,384,64,coral,coral_bce,0.0,session_balanced,adamw,0.0003,0.05,cosine,5,60,5.0,True,full,raw,full_frame,dataset_v1_1,fp16,2,mobilenetv4,0,3,base,a,ec679acfcc56,1.0,1.0,1.0,1.0,1.0,1.0,1.0,1.0,1.0,1.0,67,1.0,1.0,1.0,57,1.0,1.0,1.0,62,1.0,0.0,1.0,1.0,1.2177294432073677e-08,5.847329292942854e-15,0.9999999878227068,0.9999999878227068,,-1.2177293062798356e-08,1.2177293062798356e-08,1.2177293062798356e-08,1.2177293062798356e-08,29.194444444444443,99.0,0.0,6716.325887999999,6716.325888,77.61111111111111,80.0,47.90747222222222,74.56,1364.5833333333333,5000.0,4.0,1843.5507638484412,67535.38242787604,0.0,0.0,0.0,473.1043839999999,473.104384,37.0,37.0,9.396777777777778,9.761,300.0,405.0,1.0,360.85132072066335,13384.154425736662,58.68611111111112,73.4,5.778628039111112,6.053502976,25.5,6.174859263999999,6.174859264,31.587315712,0.0,2204.4020845691048,0.6123339123803069,0.4365940795271588,713.0,639,Tesla T4,16106.12736,70.0,GPU-a70a8cee-211b-1081-eb90-548f4e3c90d2,Tesla T4,16106.12736,70.0,GPU-09c8a524-32ad-e573-99c2-c837d985880c,580.159.04,1.0,57,1.0,2,1.0,60,1.0,67
a-mobilenetv4-base-f0-s3,a,mobilenetv4,base,0,3,35,1365,87360,1787889202.4460108,1787889329.577354,2026-08-28T03:53:22Z,2026-08-28T03:55:29Z,acct3,2,ecce7d,Interactive,ec679acfcc56,v2,9.175698111773992e-07,1.0,3.0141250164817444e-09,0.00012865277425900724,0.00042701175437506375,0.01613534986972809,9.795525812705819e-08,6.983184630371454e-05,0.010167732406407556,0.0,371.6928694205394,1.4780010960985628e-10,64.0,0,0,127.10913944244385,103.66949939727783,23.4362895488739,26.70582413673401,76.16996002197266,55.499072551727295,0.6558356285095215,0.21010152577444396,1.9716751820001848,0.25375986099243164,0.26707339286804205,41.75657871723158,24.076512518257037,8437074,8437074,1512.4090530872345,87485.23156019713,60,384,64,coral,coral_bce,0.0,session_balanced,adamw,0.0003,0.05,cosine,5,60,5.0,True,full,raw,full_frame,dataset_v1_1,fp16,2,mobilenetv4,0,3,base,a,ec679acfcc56,1.0,1.0,1.0,1.0,1.0,1.0,1.0,1.0,1.0,1.0,67,1.0,1.0,1.0,57,1.0,1.0,1.0,62,1.0,0.0,1.0,1.0,4.486371379534754e-09,1.2658707826299604e-15,0.9999999955136288,0.9999999955136288,NA,-4.486371163459069e-09,4.486371163459069e-09,4.486371163459069e-09,4.486371163459069e-09,36.18487394957983,100.0,0.0,4359.567618151261,8299.675648,62.63025210084034,73.0,49.35453781512604,89.135,1370.2941176470588,5000.0,4.0,6108.6629612505385,6114.289967572922,0.0,0.0,0.0,473.10438400000004,473.104384,41.48739495798319,42.0,9.378176470588235,10.258,300.0,405.0,1.0,1206.7814616637238,1208.7823790552625,38.30672268907562,67.8,2.936990091831933,3.40842496,13.6,2.723836730084033,3.004424192,28.730720256,0.0,7315.444422914263,2.0320678952539617,1.4488644093160747,713.0,2152,Tesla T4,16106.12736,70.0,GPU-ebb034dc-0b3b-1c3c-d046-c48876f98f58,Tesla T4,16106.12736,70.0,GPU-a83d4ee2-e765-2411-f12f-266bb2f84198,580.159.04,1.0,57,1.0,2,1.0,60,1.0,67
a-mobilenetv4-base-f0-s3,a,mobilenetv4,base,0,3,36,1404,89856,1787889329.886135,1787889370.8257494,2026-08-28T03:55:29Z,2026-08-28T03:56:10Z,acct3,2,ecce7d,Interactive,ec679acfcc56,v2,6.334445006900901e-06,1.0,2.807226776006109e-09,0.0001202114300031382,0.002701359561885288,0.05054488033056259,1.5654678975352e-07,0.011609035916626502,0.04749885216355322,0.0,371.6891999195957,8.736715943243128e-10,64.0,0,0,40.91724109649658,36.64089846611023,4.274019479751587,26.29803729057312,9.678416967391968,8.693027257919312,0.5244607925415039,0.6427128659176586,0.26331626451932466,0.2613389492034912,0.2642381191253662,0.3108298778533934,68.12060032612442,8437074,8437074,1553.326294183731,89825.47050311901,60,384,64,coral,coral_bce,0.0,session_balanced,adamw,0.0003,0.05,cosine,5,60,5.0,True,full,raw,full_frame,dataset_v1_1,fp16,2,mobilenetv4,0,3,base,a,ec679acfcc56,1.0,1.0,1.0,1.0,1.0,1.0,1.0,1.0,1.0,1.0,67,1.0,1.0,1.0,57,1.0,1.0,1.0,62,1.0,0.0,1.0,1.0,3.84546118245836e-09,1.1136035276212536e-15,0.999999996154539,0.999999996154539,NA,-3.8454609496696435e-09,3.8454609496696435e-09,3.8454609496696435e-09,3.8454609496696435e-09,24.07894736842105,99.0,0.0,6294.025701052632,6435.30752,74.34210526315789,77.0,46.203657894736835,73.282,1376.0526315789473,5000.0,4.0,1947.6179593551205,8085.022420036792,0.0,0.0,0.0,473.1043839999998,473.104384,41.0,41.0,9.514131578947365,10.353,300.0,405.0,1.0,392.62098356676006,1606.4101812751292,56.67631578947369,68.9,3.489990009263158,3.769868288,14.7,3.0083623882105255,3.034284032,26.916708352,0.0,2340.2389429218806,0.6500663730338557,0.4634973239731391,713.0,688,Tesla T4,16106.12736,70.0,GPU-ebb034dc-0b3b-1c3c-d046-c48876f98f58,Tesla T4,16106.12736,70.0,GPU-a83d4ee2-e765-2411-f12f-266bb2f84198,580.159.04,1.0,57,1.0,2,1.0,60,1.0,67
a-mobilenetv4-base-f0-s3,a,mobilenetv4,base,0,3,37,1443,92352,1787889371.1296146,1787889411.3505955,2026-08-28T03:56:11Z,2026-08-28T03:56:51Z,acct3,2,ecce7d,Interactive,ec679acfcc56,v2,3.6115050172810774e-08,1.0,5.097946323149376e-09,0.00011186724987097698,8.833449173222947e-06,0.0002380099322181195,7.559692249969885e-08,3.533024209900761e-05,0.0001662450005824207,0.0,371.6857131440972,2.658626982254779e-12,64.0,0,0,40.20158815383911,35.87500047683716,4.325166940689087,25.33928394317627,9.898146152496338,8.97484827041626,0.5008425712585449,0.6303055452986241,0.2683058946560591,0.26821064949035645,0.27258453369140623,0.28341596603393554,69.5749119672222,8437074,8437074,1593.5278823375702,92171.05717661312,60,384,64,coral,coral_bce,0.0,session_balanced,adamw,0.0003,0.05,cosine,5,60,5.0,True,full,raw,full_frame,dataset_v1_1,fp16,2,mobilenetv4,0,3,base,a,ec679acfcc56,1.0,1.0,1.0,1.0,1.0,1.0,1.0,1.0,1.0,1.0,67,1.0,1.0,1.0,57,1.0,1.0,1.0,62,1.0,0.0,1.0,1.0,8.97274314108184e-09,3.8619409994069206e-15,0.9999999910272578,0.9999999910272578,NA,-8.972742215895835e-09,8.972742215895835e-09,8.972742215895835e-09,8.972742215895835e-09,23.07894736842105,99.0,0.0,6435.30752,6435.30752,78.10526315789474,80.0,47.555289473684205,71.77,1313.2894736842106,5000.0,4.0,1953.82530087138,10050.880556087024,0.0,0.0,0.0,473.1043839999998,473.104384,40.921052631578945,41.0,9.615447368421053,10.452,300.0,405.0,1.0,391.7613726227273,2001.558344311713,56.852631578947374,69.4,3.584026839578948,3.787096064,14.7,3.0113317726315785,3.078868992,26.916708352,0.0,2345.5866734941073,0.6515518537483631,0.4645564717225829,713.0,676,Tesla T4,16106.12736,70.0,GPU-ebb034dc-0b3b-1c3c-d046-c48876f98f58,Tesla T4,16106.12736,70.0,GPU-a83d4ee2-e765-2411-f12f-266bb2f84198,580.159.04,1.0,57,1.0,2,1.0,60,1.0,67
a-mobilenetv4-base-f0-s3,a,mobilenetv4,base,0,3,38,1482,94848,1787889411.6635516,1787889452.804207,2026-08-28T03:56:51Z,2026-08-28T03:57:32Z,acct3,2,ecce7d,Interactive,ec679acfcc56,v2,5.305241772741992e-08,1.0,1.0049341526194449e-09,0.0001036474508437579,9.143305222326677e-06,0.00030403921846300364,0.0,5.661224702180403e-06,0.00020724544905533483,0.0,371.6824329632763,2.549704248933965e-12,64.0,0,0,41.12057089805603,36.868719816207886,4.250330924987793,26.463473081588745,9.796581745147705,8.869731903076172,0.48186564445495605,0.6435580174019374,0.2651621072720259,0.26323938369750977,0.2674997806549072,0.2930048847198486,67.69966552792353,8437074,8437074,1634.6484532356262,94541.32834870364,60,384,64,coral,coral_bce,0.0,session_balanced,adamw,0.0003,0.05,cosine,5,60,5.0,True,full,raw,full_frame,dataset_v1_1,fp16,2,mobilenetv4,0,3,base,a,ec679acfcc56,1.0,1.0,1.0,1.0,1.0,1.0,1.0,1.0,1.0,1.0,67,1.0,1.0,1.0,57,1.0,1.0,1.0,62,1.0,0.0,1.0,1.0,-0.0,1.999999975690116e-16,1.0,1.0,NA,0.0,0.0,0.0,0.0,22.128205128205128,97.0,0.0,6435.30752,6435.30752,76.23076923076923,77.0,48.611512820512814,80.862,1334.6153846153845,5000.0,4.0,1972.1231406538427,12041.539391585591,0.0,0.0,0.0,473.1043839999998,473.104384,39.53846153846154,40.0,9.61979487179487,12.333,300.0,405.0,1.0,398.1480314366811,2404.359545247553,56.751282051282054,69.0,3.548612765538462,3.761840128,14.6,3.008779710358975,3.03835136,26.916708352,0.0,2370.2711720905236,0.6584086589140343,0.46944537380570645,713.0,690,Tesla T4,16106.12736,70.0,GPU-ebb034dc-0b3b-1c3c-d046-c48876f98f58,Tesla T4,16106.12736,70.0,GPU-a83d4ee2-e765-2411-f12f-266bb2f84198,580.159.04,1.0,57,1.0,2,1.0,60,1.0,67
a-mobilenetv4-base-f0-s3,a,mobilenetv4,base,0,3,39,1521,97344,1787889453.1104612,1787889493.4231815,2026-08-28T03:57:33Z,2026-08-28T03:58:13Z,acct3,2,ecce7d,Interactive,ec679acfcc56,v2,0.0006402615626460146,0.9995993589743589,2.1339069064630577e-12,9.557884419740386e-05,14.361069318554131,560.0816040039062,1.888586780296464e-07,2.5113214724115148e-05,347.2506166006307,0.02564102564102564,371.68090584259323,3.6929914486581242e-06,64.0,0,0,40.29425549507141,36.16383910179138,4.129054307937622,25.521637201309204,9.985562324523926,9.093236207962036,0.5286014080047607,0.6333815301397213,0.27118775783441007,0.2685723304748535,0.2772666454315186,0.3118682861328124,69.01922091220564,8437074,8437074,1674.9427087306976,96889.6460267582,60,384,64,coral,coral_bce,0.0,session_balanced,adamw,0.0003,0.05,cosine,5,60,5.0,True,full,raw,full_frame,dataset_v1_1,fp16,2,mobilenetv4,0,3,base,a,ec679acfcc56,1.0,1.0,1.0,1.0,1.0,1.0,1.0,1.0,1.0,1.0,67,1.0,1.0,1.0,57,1.0,1.0,1.0,62,1.0,0.0,1.0,1.0,-0.0,1.999999975690116e-16,1.0,1.0,NA,0.0,0.0,0.0,0.0,29.263157894736842,99.0,0.0,6435.30752,6435.30752,77.84210526315789,80.0,48.37455263157895,76.609,1349.6052631578948,5000.0,4.0,1963.0732739348368,14020.853534802436,0.0,0.0,0.0,473.1043839999998,473.104384,39.3421052631579,40.0,9.488131578947371,10.055,300.0,405.0,1.0,385.24440411972864,2794.1288140428032,56.85526315789474,69.8,3.669295211789474,3.903660032,15.2,3.0098260614736843,3.062521856,26.917756928,0.0,2348.3176780545655,0.6523104661262682,0.4650973623480292,713.0,676,Tesla T4,16106.12736,70.0,GPU-ebb034dc-0b3b-1c3c-d046-c48876f98f58,Tesla T4,16106.12736,70.0,GPU-a83d4ee2-e765-2411-f12f-266bb2f84198,580.159.04,1.0,57,1.0,2,1.0,60,1.0,67
a-mobilenetv4-base-f0-s3,a,mobilenetv4,base,0,3,40,1560,99840,1787889493.7211397,1787889533.9703333,2026-08-28T03:58:13Z,2026-08-28T03:58:53Z,acct3,2,ecce7d,Interactive,ec679acfcc56,v2,4.857084722139692e-08,1.0,1.612296758169113e-11,8.768774804971705e-05,3.0429640994556488e-05,0.0011088283499702811,0.0,1.2810814178010416e-05,0.0007125663093756857,0.0,371.67832297717524,7.179075366571408e-12,64.0,0,0,40.22846293449402,36.17405700683594,4.053049564361572,25.765682458877563,9.793603897094727,8.859132528305054,0.4827308654785156,0.6404838907425593,0.26518596135652983,0.2642214298248291,0.26630496978759766,0.29520673751831045,68.9997253979094,8437074,8437074,1715.1711716651917,99194.7429156804,60,384,64,coral,coral_bce,0.0,session_balanced,adamw,0.0003,0.05,cosine,5,60,5.0,True,full,raw,full_frame,dataset_v1_1,fp16,2,mobilenetv4,0,3,base,a,ec679acfcc56,1.0,1.0,1.0,1.0,1.0,1.0,1.0,1.0,1.0,1.0,67,1.0,1.0,1.0,57,1.0,1.0,1.0,62,1.0,0.0,1.0,1.0,-0.0,1.999999975690116e-16,1.0,1.0,NA,0.0,0.0,0.0,0.0,19.526315789473685,97.0,0.0,6435.30752,6435.30752,76.42105263157895,79.0,48.2462894736842,78.176,1321.1842105263158,5000.0,4.0,1924.3984873082572,15958.839162269585,0.0,0.0,0.0,473.1043839999998,473.104384,39.0,39.0,9.402000000000001,9.662,300.0,405.0,1.0,380.6984016139477,3178.153566660398,57.247368421052634,70.8,3.7070592538947373,3.984039936,15.3,3.011424363789474,3.106070528,26.917756928,0.0,2305.096888922205,0.6403046913672792,0.45653724494487,713.0,676,Tesla T4,16106.12736,70.0,GPU-ebb034dc-0b3b-1c3c-d046-c48876f98f58,Tesla T4,16106.12736,70.0,GPU-a83d4ee2-e765-2411-f12f-266bb2f84198,580.159.04,1.0,57,1.0,2,1.0,60,1.0,67
a-mobilenetv4-base-f0-s3,a,mobilenetv4,base,0,3,41,1599,102336,1787889534.3384302,1787889572.3667295,2026-08-28T03:58:54Z,2026-08-28T03:59:32Z,acct3,2,ecce7d,Interactive,ec679acfcc56,v2,4.168775105525016e-08,1.0,1.6052080047497276e-09,7.999990151614894e-05,2.2392629500627547e-05,0.0007221096311695874,8.694159703281912e-08,2.575518019511962e-05,0.0004944008102756909,0.0,371.675774893272,4.819814138417346e-12,64.0,0,0,38.007293701171875,33.827585220336914,4.17840313911438,23.27960467338562,9.918651103973389,9.033090829849243,0.502810001373291,0.6125036119756099,0.2687250039516351,0.26752710342407227,0.27087841033935545,0.2996707487106322,73.78593487363153,8437074,8437074,1753.1784653663635,101428.06990752622,60,384,64,coral,coral_bce,0.0,session_balanced,adamw,0.0003,0.05,cosine,5,60,5.0,True,full,raw,full_frame,dataset_v1_1,fp16,2,mobilenetv4,0,3,base,a,ec679acfcc56,1.0,1.0,1.0,1.0,1.0,1.0,1.0,1.0,1.0,1.0,67,1.0,1.0,1.0,57,1.0,1.0,1.0,62,1.0,0.0,1.0,1.0,3.2045509853819666e-09,9.613362726125464e-16,0.9999999967954492,0.9999999967954492,NA,-3.2045508469025208e-09,3.2045508469025208e-09,3.2045508469025208e-09,3.2045508469025208e-09,25.444444444444443,99.0,0.0,6435.30752,6435.30752,77.55555555555556,79.0,47.88525,84.955,1336.6666666666667,5000.0,4.0,1873.9996891031096,17852.6209957392,0.0,0.0,0.0,473.1043839999999,473.104384,38.80555555555556,39.0,9.431527777777776,9.86,300.0,405.0,1.0,359.32730274271626,3542.0099843172934,58.791666666666664,70.3,3.8578702791111112,4.1009152,15.6,3.0098890524444446,3.009908736,26.805551104,0.0,2233.326991845826,0.6203686088460627,0.4423228181072427,713.0,638,Tesla T4,16106.12736,70.0,GPU-ebb034dc-0b3b-1c3c-d046-c48876f98f58,Tesla T4,16106.12736,70.0,GPU-a83d4ee2-e765-2411-f12f-266bb2f84198,580.159.04,1.0,57,1.0,2,1.0,60,1.0,67
a-mobilenetv4-base-f0-s3,a,mobilenetv4,base,0,3,42,1638,104832,1787889572.6615543,1787889610.9094176,2026-08-28T03:59:32Z,2026-08-28T04:00:10Z,acct3,2,ecce7d,Interactive,ec679acfcc56,v2,5.776304837347057e-09,1.0,4.105768861096421e-11,7.254038075415572e-05,5.682943211855929e-07,1.3315311662154272e-05,0.0,2.1381466240200125e-06,9.74002451584963e-06,0.0,371.67345686092347,1.1091533624004013e-13,64.0,0,0,38.227985858917236,34.04187870025635,4.184995651245117,23.63075852394104,9.769384384155273,8.86667776107788,0.5115580558776855,0.618153376198051,0.2652100660862067,0.2640995979309082,0.267360782623291,0.3026646327972411,73.3214527311386,8437074,8437074,1791.4064512252808,103637.84050071785,60,384,64,coral,coral_bce,0.0,session_balanced,adamw,0.0003,0.05,cosine,5,60,5.0,True,full,raw,full_frame,dataset_v1_1,fp16,2,mobilenetv4,0,3,base,a,ec679acfcc56,1.0,1.0,1.0,1.0,1.0,1.0,1.0,1.0,1.0,1.0,67,1.0,1.0,1.0,57,1.0,1.0,1.0,62,1.0,0.0,1.0,1.0,-0.0,1.999999975690116e-16,1.0,1.0,NA,0.0,0.0,0.0,0.0,23.72222222222222,99.0,0.0,6435.30752,6435.30752,75.88888888888889,79.0,49.309666666666665,90.539,1297.9166666666667,5000.0,4.0,1850.2521591241348,19721.916525105928,0.0,0.0,0.0,473.1043839999999,473.104384,38.138888888888886,39.0,9.401055555555555,10.452,300.0,405.0,1.0,359.5184340674896,3906.667165643446,58.78888888888888,69.4,3.748134229333333,3.922915328,15.2,3.0099379768888883,3.0099456,26.805551104,0.0,2209.7705931916244,0.6138251647754512,0.43765734248489674,713.0,642,Tesla T4,16106.12736,70.0,GPU-ebb034dc-0b3b-1c3c-d046-c48876f98f58,Tesla T4,16106.12736,70.0,GPU-a83d4ee2-e765-2411-f12f-266bb2f84198,580.159.04,1.0,57,1.0,2,1.0,60,1.0,67
a-mobilenetv4-base-f0-s3,a,mobilenetv4,base,0,3,43,1677,107328,1787889611.2018151,1787889648.658559,2026-08-28T04:00:11Z,2026-08-28T04:00:48Z,acct3,2,ecce7d,Interactive,ec679acfcc56,v2,3.3615287998484714e-09,1.0,2.0839672639879373e-10,6.533351716998465e-05,2.2153009947254387e-07,3.714083049999317e-06,0.0,8.539440784716141e-07,2.771249774013989e-06,0.0,371.6713625315949,3.894123146581546e-14,64.0,0,0,37.43630337715149,33.131941080093384,4.302486181259155,22.508418083190918,9.981842994689941,9.073072671890259,0.5094401836395264,0.601245744175919,0.2704432621980325,0.269909143447876,0.2731157779693604,0.3003369569778441,75.33515751359549,8437074,8437074,1828.8427546024323,105863.03683632563,60,384,64,coral,coral_bce,0.0,session_balanced,adamw,0.0003,0.05,cosine,5,60,5.0,True,full,raw,full_frame,dataset_v1_1,fp16,2,mobilenetv4,0,3,base,a,ec679acfcc56,1.0,1.0,1.0,1.0,1.0,1.0,1.0,1.0,1.0,1.0,67,1.0,1.0,1.0,57,1.0,1.0,1.0,62,1.0,0.0,1.0,1.0,-0.0,1.999999975690116e-16,1.0,1.0,NA,0.0,0.0,0.0,0.0,23.8,95.0,0.0,6435.30752,6435.30752,78.31428571428572,80.0,48.27928571428572,91.707,1331.5714285714287,5000.0,4.0,1873.4949777555557,21613.280525261383,0.0,0.0,0.0,473.1043839999999,473.104384,38.6,39.0,9.337171428571427,10.154,300.0,405.0,1.0,351.7013578522242,4263.186385281559,59.765714285714274,69.7,3.760746613028571,3.993116672,15.3,3.0122893312,3.085651968,26.918805504,0.0,2225.19633560778,0.6181100932243833,0.4407124964689853,713.0,628,Tesla T4,16106.12736,70.0,GPU-ebb034dc-0b3b-1c3c-d046-c48876f98f58,Tesla T4,16106.12736,70.0,GPU-a83d4ee2-e765-2411-f12f-266bb2f84198,580.159.04,1.0,57,1.0,2,1.0,60,1.0,67
a-mobilenetv4-base-f0-s3,a,mobilenetv4,base,0,3,44,1716,109824,1787889648.9470513,1787889686.3213933,2026-08-28T04:00:48Z,2026-08-28T04:01:26Z,acct3,2,ecce7d,Interactive,ec679acfcc56,v2,4.181642518800215e-08,1.0,1.0853254436151394e-10,5.840281805468426e-05,4.941702166423767e-06,0.00011163693852722645,0.0,1.5300357608794078e-05,9.375016583362582e-05,0.0,371.6694822702237,7.765214694066591e-13,64.0,0,0,37.355711936950684,33.192198038101196,4.161969423294067,22.816887855529785,9.710326433181763,8.701933145523071,0.5329365730285645,0.6108005087425543,0.26428502033918333,0.26201629638671875,0.26653027534484863,0.3068451595306396,75.19839442795717,8437074,8437074,1866.198466539383,108027.3565878439,60,384,64,coral,coral_bce,0.0,session_balanced,adamw,0.0003,0.05,cosine,5,60,5.0,True,full,raw,full_frame,dataset_v1_1,fp16,2,mobilenetv4,0,3,base,a,ec679acfcc56,1.0,1.0,1.0,1.0,1.0,1.0,1.0,1.0,1.0,1.0,67,1.0,1.0,1.0,57,1.0,1.0,1.0,62,1.0,0.0,1.0,1.0,-0.0,1.999999975690116e-16,1.0,1.0,NA,0.0,0.0,0.0,0.0,26.02857142857143,95.0,0.0,6435.30752,6435.30752,75.22857142857143,77.0,48.32002857142857,73.673,1348.2857142857142,5000.0,4.0,1813.8010151083508,23438.371749182927,0.0,0.0,0.0,473.1043839999999,473.104384,38.0,38.0,9.303457142857141,9.86,300.0,405.0,1.0,350.518736409912,4616.826339755541,59.63714285714285,70.0,3.8818938880000005,4.028760064,15.4,3.010523370057143,3.010543616,26.805551104,0.0,2164.319751518263,0.6011999309772952,0.4286555507868115,713.0,628,Tesla T4,16106.12736,70.0,GPU-ebb034dc-0b3b-1c3c-d046-c48876f98f58,Tesla T4,16106.12736,70.0,GPU-a83d4ee2-e765-2411-f12f-266bb2f84198,580.159.04,1.0,57,1.0,2,1.0,60,1.0,67
a-mobilenetv4-base-f0-s3,a,mobilenetv4,base,0,3,45,1755,112320,1787889686.5883975,1787889723.6859777,2026-08-28T04:01:26Z,2026-08-28T04:02:03Z,acct3,2,ecce7d,Interactive,ec679acfcc56,v2,9.965055489160578e-07,1.0,3.46880415669812e-10,5.1770889908207245e-05,0.0004717369316130278,0.017030199989676476,0.0,0.00013828882545112914,0.01107576610520478,0.0,371.66780809465763,6.570986300205374e-11,64.0,0,0,37.07775330543518,32.87788248062134,4.19792914390564,22.182644605636597,10.020301818847656,9.061610698699951,0.5298473834991455,0.5982736985950244,0.27231319134051984,0.27160096168518066,0.2758003234863281,0.30310901641845694,75.91729794250514,8437074,8437074,1903.2762198448181,110221.76002931404,60,384,64,coral,coral_bce,0.0,session_balanced,adamw,0.0003,0.05,cosine,5,60,5.0,True,full,raw,full_frame,dataset_v1_1,fp16,2,mobilenetv4,0,3,base,a,ec679acfcc56,1.0,1.0,1.0,1.0,1.0,1.0,1.0,1.0,1.0,1.0,67,1.0,1.0,1.0,57,1.0,1.0,1.0,62,1.0,0.0,1.0,1.0,-0.0,1.999999975690116e-16,1.0,1.0,NA,0.0,0.0,0.0,0.0,26.62857142857143,99.0,0.0,6435.30752,6435.30752,78.82857142857142,81.0,48.34634285714286,73.432,1366.2857142857142,5000.0,4.0,1847.9600242228553,25304.309645624868,0.0,0.0,0.0,473.1043839999999,473.104384,38.02857142857143,39.0,9.255142857142857,9.96,300.0,405.0,1.0,346.4434172472893,4967.675850879193,59.74,70.8,3.7069625051428567,3.930923008,15.1,3.010934842514286,3.010953216,26.80659968,0.0,2194.4034414701446,0.6095565115194846,0.4346137927133925,713.0,618,Tesla T4,16106.12736,70.0,GPU-ebb034dc-0b3b-1c3c-d046-c48876f98f58,Tesla T4,16106.12736,70.0,GPU-a83d4ee2-e765-2411-f12f-266bb2f84198,580.159.04,1.0,57,1.0,2,1.0,60,1.0,67
a-mobilenetv4-base-f0-s3,a,mobilenetv4,base,0,3,46,1794,114816,1787889723.9760904,1787889761.7367806,2026-08-28T04:02:03Z,2026-08-28T04:02:41Z,acct3,2,ecce7d,Interactive,ec679acfcc56,v2,3.3696898563351046e-08,1.0,1.0234253802843979e-09,4.5459364701705995e-05,3.595356717621365e-06,6.0102942370576784e-05,0.0,1.947801538335629e-05,5.4397067870013376e-05,0.0,371.66633232832845,4.3975635682463077e-13,64.0,0,0,37.740269899368286,33.604347467422485,4.134577035903931,23.240585327148438,9.735810279846191,8.85828161239624,0.4941740036010742,0.6158033683680002,0.2638801305721968,0.26230883598327637,0.26597933769226073,0.30277267456054674,74.27610378150419,8437074,8437074,1941.0164897441864,112405.89837303713,60,384,64,coral,coral_bce,0.0,session_balanced,adamw,0.0003,0.05,cosine,5,60,5.0,True,full,raw,full_frame,dataset_v1_1,fp16,2,mobilenetv4,0,3,base,a,ec679acfcc56,1.0,1.0,1.0,1.0,1.0,1.0,1.0,1.0,1.0,1.0,67,1.0,1.0,1.0,57,1.0,1.0,1.0,62,1.0,0.0,1.0,1.0,-0.0,1.999999975690116e-16,1.0,1.0,NA,0.0,0.0,0.0,0.0,30.37142857142857,99.0,0.0,6435.30752,6435.30752,75.45714285714286,77.0,49.70948571428572,87.491,1277.142857142857,5000.0,4.0,1832.2903002782114,27154.56638323571,0.0,0.0,0.0,473.1043839999999,473.104384,37.97142857142857,38.0,9.195542857142858,9.562,300.0,405.0,1.0,351.8480434448711,5323.968046590328,60.20571428571428,71.9,3.7487769307428565,4.099489792,15.6,3.0146612662857146,3.072028672,26.91985408,0.0,2184.1383437230825,0.606705095478634,0.43258073307626604,713.0,634,Tesla T4,16106.12736,70.0,GPU-ebb034dc-0b3b-1c3c-d046-c48876f98f58,Tesla T4,16106.12736,70.0,GPU-a83d4ee2-e765-2411-f12f-266bb2f84198,580.159.04,1.0,57,1.0,2,1.0,60,1.0,67
a-mobilenetv4-base-f0-s3,a,mobilenetv4,base,0,3,47,1833,117312,1787889762.0258756,1787889799.7091296,2026-08-28T04:02:42Z,2026-08-28T04:03:19Z,acct3,2,ecce7d,Interactive,ec679acfcc56,v2,6.541405075552075e-09,1.0,3.7955489706992314e-11,3.948882931853924e-05,4.53080248191257e-07,1.2826976671931334e-05,0.0,1.0963272643493856e-06,8.821442661428565e-06,0.0,371.6650419986265,4.813906761909576e-14,64.0,0,0,37.662476778030396,33.41830515861511,4.242103099822998,22.85773205757141,9.908320665359497,8.972949981689453,0.5237834453582764,0.6069099542307579,0.26900570820539427,0.2691171169281006,0.2712820529937744,0.2880462455749511,74.68960463892768,8437074,8437074,1978.6789665222168,114600.3913733726,60,384,64,coral,coral_bce,0.0,session_balanced,adamw,0.0003,0.05,cosine,5,60,5.0,True,full,raw,full_frame,dataset_v1_1,fp16,2,mobilenetv4,0,3,base,a,ec679acfcc56,1.0,1.0,1.0,1.0,1.0,1.0,1.0,1.0,1.0,1.0,67,1.0,1.0,1.0,57,1.0,1.0,1.0,62,1.0,0.0,1.0,1.0,-0.0,1.999999975690116e-16,1.0,1.0,NA,0.0,0.0,0.0,0.0,35.77142857142857,99.0,0.0,6435.30752,6435.30752,78.17142857142858,80.0,47.79714285714285,77.882,1324.7142857142858,5000.0,4.0,1841.72693401148,29010.875534762657,0.0,0.0,0.0,473.1043839999999,473.104384,38.0,38.0,9.271857142857142,9.857,300.0,405.0,1.0,352.76606632399216,5680.547286798234,59.817142857142855,70.2,3.8135096466285723,3.999993856,15.3,3.0142460489142864,3.098857472,26.920902656,0.0,2194.493000335472,0.6095813889820756,0.4346315303442199,713.0,630,Tesla T4,16106.12736,70.0,GPU-ebb034dc-0b3b-1c3c-d046-c48876f98f58,Tesla T4,16106.12736,70.0,GPU-a83d4ee2-e765-2411-f12f-266bb2f84198,580.159.04,1.0,57,1.0,2,1.0,60,1.0,67
a-mobilenetv4-base-f0-s3,a,mobilenetv4,base,0,3,48,1872,119808,1787889800.0071099,1787889838.199552,2026-08-28T04:03:20Z,2026-08-28T04:03:58Z,acct3,2,ecce7d,Interactive,ec679acfcc56,v2,1.134547015348919e-07,1.0,7.136472392721893e-10,3.3878758404137624e-05,7.326750382857083e-05,0.0015538709703832865,0.0,0.00013801601289742575,0.0014508392242714755,0.0,371.66392815053035,6.678646683401141e-12,64.0,0,0,38.1730751991272,33.93184995651245,4.239956378936768,23.4816632270813,9.809731483459473,8.835282802581787,0.5108935832977295,0.61513679745713,0.266256998746823,0.2649400234222412,0.267973804473877,0.29519145488739,73.55920774136717,8437074,8437074,2016.852041721344,116823.11323162392,60,384,64,coral,coral_bce,0.0,session_balanced,adamw,0.0003,0.05,cosine,5,60,5.0,True,full,raw,full_frame,dataset_v1_1,fp16,2,mobilenetv4,0,3,base,a,ec679acfcc56,1.0,1.0,1.0,1.0,1.0,1.0,1.0,1.0,1.0,1.0,67,1.0,1.0,1.0,57,1.0,1.0,1.0,62,1.0,0.0,1.0,1.0,-0.0,1.999999975690116e-16,1.0,1.0,NA,0.0,0.0,0.0,0.0,26.5,99.0,0.0,6435.30752,6435.30752,76.38888888888889,78.0,48.85019444444445,86.711,1340.4166666666667,5000.0,4.0,1865.6697923827232,30888.268041385454,0.0,0.0,0.0,473.1043839999999,473.104384,38.0,38.0,9.255416666666667,9.658,300.0,405.0,1.0,357.05206586861095,6040.7943334093,59.000000000000014,71.7,3.753320675555556,3.972825088,15.3,3.0121210311111115,3.01213696,26.807648256,0.0,2222.721858251334,0.6174227384031484,0.4402224124814448,713.0,640,Tesla T4,16106.12736,70.0,GPU-ebb034dc-0b3b-1c3c-d046-c48876f98f58,Tesla T4,16106.12736,70.0,GPU-a83d4ee2-e765-2411-f12f-266bb2f84198,580.159.04,1.0,57,1.0,2,1.0,60,1.0,67
a-mobilenetv4-base-f0-s3,a,mobilenetv4,base,0,3,49,1911,122304,1787889838.501822,1787889876.3456266,2026-08-28T04:03:58Z,2026-08-28T04:04:36Z,acct3,2,ecce7d,Interactive,ec679acfcc56,v2,2.3307185910323447e-09,1.0,3.949189995333191e-10,2.8647450843757897e-05,1.6902478614465275e-07,3.013225068571046e-06,0.0,6.290170063039125e-07,2.3842368932491766e-06,0.0,371.66297974924754,1.3028279695014293e-14,64.0,0,0,37.82436013221741,33.59321427345276,4.229842901229858,23.049884796142578,9.89011263847351,8.928260326385498,0.511216402053833,0.6093925902664387,0.26850181359511155,0.2673766613006592,0.2720204830169678,0.3027444076538085,74.3007197728167,8437074,8437074,2054.6764018535614,119043.31704233222,60,384,64,coral,coral_bce,0.0,session_balanced,adamw,0.0003,0.05,cosine,5,60,5.0,True,full,raw,full_frame,dataset_v1_1,fp16,2,mobilenetv4,0,3,base,a,ec679acfcc56,1.0,1.0,1.0,1.0,1.0,1.0,1.0,1.0,1.0,1.0,67,1.0,1.0,1.0,57,1.0,1.0,1.0,62,1.0,0.0,1.0,1.0,-0.0,1.999999975690116e-16,1.0,1.0,NA,0.0,0.0,0.0,0.0,25.055555555555557,99.0,0.0,6435.30752,6435.30752,77.5,80.0,47.97377777777778,100.991,1321.6666666666667,5000.0,4.0,1866.8285546596271,32771.714960918966,0.0,0.0,0.0,473.1043839999999,473.104384,37.94444444444444,38.0,9.260777777777779,9.562,300.0,405.0,1.0,353.3752560486673,6398.589142066695,58.71944444444445,71.9,3.731300693333333,3.992899584,15.3,3.0125067377777777,3.012530176,26.807648256,0.0,2220.2038107082944,0.616723280752304,0.43972369917639276,713.0,636,Tesla T4,16106.12736,70.0,GPU-ebb034dc-0b3b-1c3c-d046-c48876f98f58,Tesla T4,16106.12736,70.0,GPU-a83d4ee2-e765-2411-f12f-266bb2f84198,580.159.04,1.0,57,1.0,2,1.0,60,1.0,67
a-mobilenetv4-base-f0-s3,a,mobilenetv4,base,0,3,50,1950,124800,1787889876.6435437,1787889914.3211167,2026-08-28T04:04:36Z,2026-08-28T04:05:14Z,acct3,2,ecce7d,Interactive,ec679acfcc56,v2,2.274156775048363e-07,1.0,2.905003155591561e-10,2.38119700753228e-05,0.0001815790161738088,0.0052631450816988945,0.0,0.0001880297679235835,0.003948481983970842,0.0,371.66218114409037,1.163355950322265e-11,64.0,0,0,37.65572428703308,33.47485613822937,4.179449558258057,23.006436109542847,9.820213317871094,8.87748908996582,0.5085840225219727,0.6109678288000748,0.26648319684542143,0.26587510108947754,0.26880779266357424,0.29778584480285636,74.56342723903411,8437074,8437074,2092.3321261405945,121202.13038419228,60,384,64,coral,coral_bce,0.0,session_balanced,adamw,0.0003,0.05,cosine,5,60,5.0,True,full,raw,full_frame,dataset_v1_1,fp16,2,mobilenetv4,0,3,base,a,ec679acfcc56,1.0,1.0,1.0,1.0,1.0,1.0,1.0,1.0,1.0,1.0,67,1.0,1.0,1.0,57,1.0,1.0,1.0,62,1.0,0.0,1.0,1.0,-0.0,1.999999975690116e-16,1.0,1.0,NA,0.0,0.0,0.0,0.0,25.65714285714286,99.0,0.0,6435.30752,6435.30752,76.48571428571428,79.0,49.076257142857145,87.284,1323.4285714285713,5000.0,4.0,1806.428415741204,34593.85052629405,0.0,0.0,0.0,473.1043839999999,473.104384,37.714285714285715,38.0,9.277657142857143,9.662,300.0,405.0,1.0,352.38492611885613,6755.292708101732,59.30857142857143,72.0,3.831906889142857,4.11604992,15.7,3.0153504475428576,3.097317376,26.921951232,0.0,2158.81334186006,0.5996703727389056,0.42756497576283964,713.0,630,Tesla T4,16106.12736,70.0,GPU-ebb034dc-0b3b-1c3c-d046-c48876f98f58,Tesla T4,16106.12736,70.0,GPU-a83d4ee2-e765-2411-f12f-266bb2f84198,580.159.04,1.0,57,1.0,2,1.0,60,1.0,67
a-mobilenetv4-base-f0-s3,a,mobilenetv4,base,0,3,51,1989,127296,1787889914.7847686,1787889951.8521967,2026-08-28T04:05:14Z,2026-08-28T04:05:51Z,acct3,2,ecce7d,Interactive,ec679acfcc56,v2,3.584822200100569e-08,1.0,5.764763263523569e-11,1.9388088432033443e-05,3.2474232555320014e-05,0.0012602679198607802,0.0,9.980604772863491e-07,0.0007829137181670344,0.0,371.66152413394565,1.6940502356602647e-12,64.0,0,0,37.045472860336304,32.9213228225708,4.12199854850769,22.36682152748108,9.90500783920288,8.996403217315674,0.5131738185882568,0.6037666629821506,0.26871568728715944,0.26801419258117676,0.271196174621582,0.2870178413391113,75.8171235540009,8437074,8437074,2129.377599000931,123354.83890202055,60,384,64,coral,coral_bce,0.0,session_balanced,adamw,0.0003,0.05,cosine,5,60,5.0,True,full,raw,full_frame,dataset_v1_1,fp16,2,mobilenetv4,0,3,base,a,ec679acfcc56,1.0,1.0,1.0,1.0,1.0,1.0,1.0,1.0,1.0,1.0,67,1.0,1.0,1.0,57,1.0,1.0,1.0,62,1.0,0.0,1.0,1.0,-0.0,1.999999975690116e-16,1.0,1.0,NA,0.0,0.0,0.0,0.0,22.08823529411765,99.0,1.5,6435.30752,6435.30752,77.91176470588235,79.0,49.19364705882353,70.542,1342.9411764705883,5000.0,4.0,1803.9476704602712,36416.17793609797,0.0,0.0,0.0,473.104384,473.104384,37.970588235294116,38.0,9.371441176470588,10.055,300.0,405.0,1.0,348.76084736800476,7109.320171898351,61.044117647058826,70.0,3.8205331576470587,3.99581184,15.3,3.0155526625882354,3.023056896,26.924048384,0.0,2152.708517828276,0.5979745882856322,0.42635588144765574,713.0,620,Tesla T4,16106.12736,70.0,GPU-ebb034dc-0b3b-1c3c-d046-c48876f98f58,Tesla T4,16106.12736,70.0,GPU-a83d4ee2-e765-2411-f12f-266bb2f84198,580.159.04,1.0,57,1.0,2,1.0,60,1.0,67
a-mobilenetv4-base-f0-s3,a,mobilenetv4,base,0,3,52,2028,129792,1787889952.1177964,1787889989.4046924,2026-08-28T04:05:52Z,2026-08-28T04:06:29Z,acct3,2,ecce7d,Interactive,ec679acfcc56,v2,8.604242887855018e-08,1.0,1.211835231923434e-10,1.5390235696296265e-05,6.665082930094986e-05,0.0025593223981559277,0.0,5.382734889281024e-06,0.0015989650277333503,0.0,371.6610014543917,2.75996665854409e-12,128.0,0,0,37.267099142074585,33.03729033470154,4.2287516593933105,22.617651224136353,9.77289605140686,8.851593017578125,0.5127451419830322,0.6069066749174745,0.26544691966130185,0.2634851932525635,0.2690732479095459,0.30053011417388903,75.55099025110617,8437074,8437074,2166.6446981430054,125507.54441976559,60,384,64,coral,coral_bce,0.0,session_balanced,adamw,0.0003,0.05,cosine,5,60,5.0,True,full,raw,full_frame,dataset_v1_1,fp16,2,mobilenetv4,0,3,base,a,ec679acfcc56,1.0,1.0,1.0,1.0,1.0,1.0,1.0,1.0,1.0,1.0,67,1.0,1.0,1.0,57,1.0,1.0,1.0,62,1.0,0.0,1.0,1.0,-0.0,1.999999975690116e-16,1.0,1.0,NA,0.0,0.0,0.0,0.0,25.257142857142856,99.0,0.0,6435.30752,6435.30752,76.08571428571429,79.0,48.16448571428572,69.955,1318.2857142857142,5000.0,4.0,1804.2309838342844,38241.08818606795,0.0,0.0,0.0,473.1043839999999,473.104384,37.457142857142856,38.0,9.272028571428573,9.662,300.0,405.0,1.0,348.4745339107503,7462.201559967979,59.66857142857143,72.0,3.7845950463999998,4.0393728,15.5,3.018599394742857,3.07693568,26.924048384,0.0,2152.7055177450347,0.5979737549291764,0.42635528726450267,713.0,624,Tesla T4,16106.12736,70.0,GPU-ebb034dc-0b3b-1c3c-d046-c48876f98f58,Tesla T4,16106.12736,70.0,GPU-a83d4ee2-e765-2411-f12f-266bb2f84198,580.159.04,1.0,57,1.0,2,1.0,60,1.0,67
a-mobilenetv4-base-f0-s3,a,mobilenetv4,base,0,3,53,2067,132288,1787889989.673907,1787890026.7400155,2026-08-28T04:06:29Z,2026-08-28T04:07:06Z,acct3,2,ecce7d,Interactive,ec679acfcc56,v2,6.785357713163669e-09,1.0,6.901519881273056e-10,1.1831452032772498e-05,6.045311803968791e-07,8.448447260889225e-06,0.0,3.569756290744415e-06,8.312949921673862e-06,0.0,371.66058694038384,1.9244660086403795e-14,128.0,0,0,37.04371190071106,32.90306854248047,4.139415264129639,22.349565029144287,9.919350624084473,9.016091585159302,0.5024113655090332,0.6033295229443593,0.2688855452415271,0.26825928688049316,0.27186384201049807,0.2892717790603637,75.85918610531617,8437074,8437074,2203.6884100437164,127691.51180562175,60,384,64,coral,coral_bce,0.0,session_balanced,adamw,0.0003,0.05,cosine,5,60,5.0,True,full,raw,full_frame,dataset_v1_1,fp16,2,mobilenetv4,0,3,base,a,ec679acfcc56,1.0,1.0,1.0,1.0,1.0,1.0,1.0,1.0,1.0,1.0,67,1.0,1.0,1.0,57,1.0,1.0,1.0,62,1.0,0.0,1.0,1.0,-0.0,1.999999975690116e-16,1.0,1.0,NA,0.0,0.0,0.0,0.0,27.62857142857143,99.0,0.0,6435.30752,6435.30752,78.0,80.0,48.62065714285714,91.844,1335.0,5000.0,4.0,1831.539573682312,40086.032607545036,0.0,0.0,0.0,473.1043839999999,473.104384,38.0,38.0,9.385085714285715,9.857,300.0,405.0,1.0,352.4278121738407,7817.799713849526,59.334285714285706,69.4,3.9511043510857147,4.180946944,16.0,3.0185886281142857,3.128610816,26.924048384,0.0,2183.9673858561528,0.6066576071822647,0.4325468739209547,713.0,622,Tesla T4,16106.12736,70.0,GPU-ebb034dc-0b3b-1c3c-d046-c48876f98f58,Tesla T4,16106.12736,70.0,GPU-a83d4ee2-e765-2411-f12f-266bb2f84198,580.159.04,1.0,57,1.0,2,1.0,60,1.0,67
a-mobilenetv4-base-f0-s3,a,mobilenetv4,base,0,3,54,2106,134784,1787890026.9992015,1787890065.0558758,2026-08-28T04:07:06Z,2026-08-28T04:07:45Z,acct3,2,ecce7d,Interactive,ec679acfcc56,v2,2.466562636609806e-08,1.0,1.2662206050698212e-10,8.723345454071307e-06,5.844909447697925e-06,0.00016378707368858159,8.078361446450799e-08,1.114354690798794e-05,0.00011297479490167428,0.0,371.66027481127253,1.3718755464496492e-13,128.0,0,0,38.036792516708374,33.87657928466797,4.159151554107666,23.469461917877197,9.748504638671875,8.878776788711548,0.520596981048584,0.6170200052375026,0.2650314600039751,0.2645561695098877,0.2686734676361084,0.28614289760589595,73.67922183128012,8437074,8437074,2241.725202560425,129890.7246979628,60,384,64,coral,coral_bce,0.0,session_balanced,adamw,0.0003,0.05,cosine,5,60,5.0,True,full,raw,full_frame,dataset_v1_1,fp16,2,mobilenetv4,0,3,base,a,ec679acfcc56,1.0,1.0,1.0,1.0,1.0,1.0,1.0,1.0,1.0,1.0,67,1.0,1.0,1.0,57,1.0,1.0,1.0,62,1.0,0.0,1.0,1.0,-0.0,1.999999975690116e-16,1.0,1.0,NA,0.0,0.0,0.0,0.0,28.25,99.0,0.0,6435.30752,6435.30752,76.0,79.0,48.254805555555556,70.053,1350.8333333333333,5000.0,4.0,1835.1911693145375,41932.53319784909,0.0,0.0,0.0,473.1043839999999,473.104384,37.55555555555556,38.0,9.417805555555555,9.96,300.0,405.0,1.0,364.02172302651434,8184.993837145073,58.7388888888889,69.4,3.9494132622222216,4.109963264,15.7,3.021081486222222,3.128610816,26.924048384,0.0,2199.212892341052,0.6108924700947367,0.43556633117754723,713.0,640,Tesla T4,16106.12736,70.0,GPU-ebb034dc-0b3b-1c3c-d046-c48876f98f58,Tesla T4,16106.12736,70.0,GPU-a83d4ee2-e765-2411-f12f-266bb2f84198,580.159.04,1.0,57,1.0,2,1.0,60,1.0,67
a-mobilenetv4-base-f0-s3,a,mobilenetv4,base,0,3,55,2145,137280,1787890065.3233614,1787890102.907164,2026-08-28T04:07:45Z,2026-08-28T04:08:22Z,acct3,2,ecce7d,Interactive,ec679acfcc56,v2,9.3408984478463e-05,1.0,5.090996871382641e-10,6.076053957825411e-06,0.45849061915529615,17.880990982055664,4.572041945039018e-08,2.0712132754852204e-05,11.086256060313126,0.02564102564102564,371.66000052135524,7.495597420320968e-09,128.0,0,0,37.562806606292725,33.377729654312134,4.183490037918091,22.67461109161377,9.962973356246948,8.905200004577637,0.5979917049407959,0.6036452847965624,0.27259287467369664,0.2691977024078369,0.2812108039855957,0.3188542461395263,74.7804007597484,8437074,8437074,2279.2880091667175,132084.15964009336,60,384,64,coral,coral_bce,0.0,session_balanced,adamw,0.0003,0.05,cosine,5,60,5.0,True,full,raw,full_frame,dataset_v1_1,fp16,2,mobilenetv4,0,3,base,a,ec679acfcc56,1.0,1.0,1.0,1.0,1.0,1.0,1.0,1.0,1.0,1.0,67,1.0,1.0,1.0,57,1.0,1.0,1.0,62,1.0,0.0,1.0,1.0,-0.0,1.999999975690116e-16,1.0,1.0,NA,0.0,0.0,0.0,0.0,25.742857142857144,99.0,0.0,6435.30752,6435.30752,77.85714285714286,80.0,49.90705714285715,83.297,1253.5714285714287,5000.0,4.0,1833.209636106265,43785.9863949278,0.0,0.0,0.0,473.1043839999999,473.104384,37.857142857142854,38.0,9.467514285714286,10.254,300.0,405.0,1.0,360.22530602430743,8549.66348988173,59.97714285714285,70.7,4.032917621028572,4.298555392,16.2,3.0168686592000005,3.066208256,26.924048384,0.0,2193.4349421305724,0.609287483925159,0.43442197603863836,713.0,626,Tesla T4,16106.12736,70.0,GPU-ebb034dc-0b3b-1c3c-d046-c48876f98f58,Tesla T4,16106.12736,70.0,GPU-a83d4ee2-e765-2411-f12f-266bb2f84198,580.159.04,1.0,57,1.0,2,1.0,60,1.0,67
a-mobilenetv4-base-f0-s3,a,mobilenetv4,base,0,3,56,2184,139776,1787890103.1857924,1787890140.3278658,2026-08-28T04:08:23Z,2026-08-28T04:09:00Z,acct3,2,ecce7d,Interactive,ec679acfcc56,v2,5.956103974173406e-07,1.0,3.4544961156856766e-10,3.8982124586499795e-06,0.00016636408326575473,0.0063484665006399155,0.0,1.8292445201950772e-05,0.0039811768301296815,0.0,371.65982816580254,1.7449358066461057e-12,128.0,0,0,37.12221312522888,32.965606451034546,4.154869794845581,22.520729541778564,9.813538074493408,8.902465105056763,0.49847865104675293,0.6066645182442826,0.2660243816864796,0.2651031017303467,0.26903538703918456,0.3042272949218749,75.71527627460556,8437074,8437074,2316.4102222919464,134229.7614102626,60,384,64,coral,coral_bce,0.0,session_balanced,adamw,0.0003,0.05,cosine,5,60,5.0,True,full,raw,full_frame,dataset_v1_1,fp16,2,mobilenetv4,0,3,base,a,ec679acfcc56,1.0,1.0,1.0,1.0,1.0,1.0,1.0,1.0,1.0,1.0,67,1.0,1.0,1.0,57,1.0,1.0,1.0,62,1.0,0.0,1.0,1.0,-0.0,1.999999975690116e-16,1.0,1.0,NA,0.0,0.0,0.0,0.0,20.02857142857143,84.0,0.0,6435.30752,6435.30752,76.17142857142858,79.0,47.89945714285714,70.292,1349.142857142857,5000.0,4.0,1793.0289744081165,45591.036602263484,0.0,0.0,0.0,473.1043839999999,473.104384,37.6,38.0,9.410999999999998,9.86,300.0,405.0,1.0,352.57279576111614,8905.433047631725,59.651428571428575,73.1,3.9949131775999995,4.138450944,15.8,3.0155190857142853,3.015528448,26.810793984,0.0,2145.6017701692326,0.5960004917136758,0.42494835059185077,713.0,626,Tesla T4,16106.12736,70.0,GPU-ebb034dc-0b3b-1c3c-d046-c48876f98f58,Tesla T4,16106.12736,70.0,GPU-a83d4ee2-e765-2411-f12f-266bb2f84198,580.159.04,1.0,57,1.0,2,1.0,60,1.0,67
a-mobilenetv4-base-f0-s3,a,mobilenetv4,base,0,3,57,2223,142272,1787890140.5941532,1787890178.9287658,2026-08-28T04:09:00Z,2026-08-28T04:09:38Z,acct3,2,ecce7d,Interactive,ec679acfcc56,v2,9.835283588884133e-08,1.0,3.009782578483551e-09,2.1969246228460523e-06,8.251764081534656e-05,0.0029806403908878565,1.3276159904762608e-07,3.329543724248675e-05,0.001916351826803286,0.0,371.6597355544898,4.877715275127581e-13,128.0,0,0,38.31481647491455,33.81421899795532,4.498312950134277,23.237242937088013,9.936448574066162,8.979201316833496,0.506354570388794,0.6064819063482109,0.26938712902558154,0.2687263488769531,0.2722348690032959,0.2909648513793945,73.81510127887113,8437074,8437074,2354.725038766861,136467.31869638828,60,384,64,coral,coral_bce,0.0,session_balanced,adamw,0.0003,0.05,cosine,5,60,5.0,True,full,raw,full_frame,dataset_v1_1,fp16,2,mobilenetv4,0,3,base,a,ec679acfcc56,1.0,1.0,1.0,1.0,1.0,1.0,1.0,1.0,1.0,1.0,67,1.0,1.0,1.0,57,1.0,1.0,1.0,62,1.0,0.0,1.0,1.0,5.127281576611147e-09,1.421927748796643e-15,0.9999999948727187,0.9999999948727187,NA,-5.127281266226191e-09,5.127281266226191e-09,5.127281266226191e-09,5.127281266226191e-09,28.944444444444443,99.0,0.0,6435.30752,6435.30752,77.94444444444444,80.0,49.05502777777778,95.054,1298.75,5000.0,4.0,1876.9367857143807,47488.65065498856,0.0,0.0,0.0,473.1043839999999,473.104384,37.861111111111114,38.0,9.360166666666666,9.86,300.0,405.0,1.0,360.62050041127077,9270.59843216036,59.99722222222223,72.0,4.028943587555556,4.144275456,15.8,3.018968746666667,3.129073664,26.924048384,0.0,2237.5572861256514,0.6215436905904588,0.4431606513909971,713.0,639,Tesla T4,16106.12736,70.0,GPU-ebb034dc-0b3b-1c3c-d046-c48876f98f58,Tesla T4,16106.12736,70.0,GPU-a83d4ee2-e765-2411-f12f-266bb2f84198,580.159.04,1.0,57,1.0,2,1.0,60,1.0,67
a-mobilenetv4-base-f0-s3,a,mobilenetv4,base,0,3,58,2262,144768,1787890179.211954,1787890217.1781325,2026-08-28T04:09:39Z,2026-08-28T04:10:17Z,acct3,2,ecce7d,Interactive,ec679acfcc56,v2,2.458943483788849e-08,1.0,3.2391886425211206e-10,9.777396977174666e-07,1.5913901065891296e-05,0.0004581274406518787,0.0,5.664642339979772e-05,0.00032357594478526065,0.0,371.6596780268212,4.1865323944416014e-14,128.0,0,0,37.94340777397156,33.793479681015015,4.148650407791138,23.389321327209473,9.743770360946655,8.726940155029297,0.5216023921966553,0.6164264808933185,0.26484531011336887,0.26393628120422363,0.2670985221862793,0.28734336376190184,73.86040217108032,8437074,8437074,2392.6684465408325,138683.62357939107,60,384,64,coral,coral_bce,0.0,session_balanced,adamw,0.0003,0.05,cosine,5,60,5.0,True,full,raw,full_frame,dataset_v1_1,fp16,2,mobilenetv4,0,3,base,a,ec679acfcc56,1.0,1.0,1.0,1.0,1.0,1.0,1.0,1.0,1.0,1.0,67,1.0,1.0,1.0,57,1.0,1.0,1.0,62,1.0,0.0,1.0,1.0,-0.0,1.999999975690116e-16,1.0,1.0,NA,0.0,0.0,0.0,0.0,26.542857142857144,99.0,0.0,6435.30752,6435.30752,75.71428571428571,78.0,47.71597142857143,68.431,1378.7142857142858,5000.0,4.0,1859.1893492183954,49361.2033109377,0.0,0.0,0.0,473.1043839999999,473.104384,37.42857142857143,38.0,9.334914285714284,9.761,300.0,405.0,1.0,357.11553378439567,9632.915026837338,60.27428571428571,70.3,4.015394581942857,4.239147008,16.1,3.0229401014857142,3.120218112,26.924048384,0.0,2216.304883002791,0.6156402452785531,0.43895149488360835,713.0,638,Tesla T4,16106.12736,70.0,GPU-ebb034dc-0b3b-1c3c-d046-c48876f98f58,Tesla T4,16106.12736,70.0,GPU-a83d4ee2-e765-2411-f12f-266bb2f84198,580.159.04,1.0,57,1.0,2,1.0,60,1.0,67
a-mobilenetv4-base-f0-s3,a,mobilenetv4,base,0,3,59,2301,147264,1787890217.428806,1787890254.0039144,2026-08-28T04:10:17Z,2026-08-28T04:10:54Z,acct3,2,ecce7d,Interactive,ec679acfcc56,v2,3.990030561409899e-07,1.0,4.302912852789411e-10,2.4463441107965276e-07,0.00017982422321812427,0.005043343175202608,0.0,0.0002622280830109982,0.003808028884232036,0.0,371.65965488041445,1.1836418714583506e-13,128.0,0,0,36.55325198173523,32.35928702354431,4.192538022994995,21.63118839263916,10.061236381530762,9.100714683532715,0.5323381423950195,0.5917719278013277,0.27327970969371307,0.2712268829345703,0.27805280685424805,0.30901340484619133,77.13396151725883,8437074,8437074,2429.2216985225677,140850.01582725625,60,384,64,coral,coral_bce,0.0,session_balanced,adamw,0.0003,0.05,cosine,5,60,5.0,True,full,raw,full_frame,dataset_v1_1,fp16,2,mobilenetv4,0,3,base,a,ec679acfcc56,1.0,1.0,1.0,1.0,1.0,1.0,1.0,1.0,1.0,1.0,67,1.0,1.0,1.0,57,1.0,1.0,1.0,62,1.0,0.0,1.0,1.0,-0.0,1.999999975690116e-16,1.0,1.0,NA,0.0,0.0,0.0,0.0,25.942857142857143,99.0,0.0,6435.30752,6435.30752,78.57142857142857,81.0,51.44508571428572,98.07,1277.5714285714287,5000.0,4.0,1821.1457886197604,51198.54382039529,0.0,0.0,0.0,473.1043839999999,473.104384,37.885714285714286,38.0,9.3658,9.96,300.0,405.0,1.0,345.2464592454344,9981.378656338673,59.97999999999999,70.6,3.8297017197714283,4.0311808,15.4,3.016633431771428,3.01664256,26.81184256,0.0,2166.392247865195,0.6017756244069986,0.42906602020219,713.0,612,Tesla T4,16106.12736,70.0,GPU-ebb034dc-0b3b-1c3c-d046-c48876f98f58,Tesla T4,16106.12736,70.0,GPU-a83d4ee2-e765-2411-f12f-266bb2f84198,580.159.04,1.0,57,1.0,2,1.0,60,1.0,67
a-mobilenetv4-base-f0-s3,a,mobilenetv4,base,0,3,60,2340,149760,1787890254.2634666,1787890291.5755215,2026-08-28T04:10:54Z,2026-08-28T04:11:31Z,acct3,2,ecce7d,Interactive,ec679acfcc56,v2,9.444011032569843e-08,1.0,9.621101502107476e-10,0.0,5.3911308530729955e-05,0.0020738712046295404,5.431344263229221e-08,4.895420579487117e-06,0.0012895416025094112,0.0,371.65965491336925,0.0,128.0,0,0,37.2844877243042,33.190934896469116,4.092100143432617,22.80405354499817,9.735133409500122,8.81298041343689,0.5188684463500977,0.6116230887660329,0.2645131257864145,0.26315951347351074,0.2664703369140625,0.2980726528167723,75.20125624016475,8437074,8437074,2466.506186246872,142996.46574031885,60,384,64,coral,coral_bce,0.0,session_balanced,adamw,0.0003,0.05,cosine,5,60,5.0,True,full,raw,full_frame,dataset_v1_1,fp16,2,mobilenetv4,0,3,base,a,ec679acfcc56,1.0,1.0,1.0,1.0,1.0,1.0,1.0,1.0,1.0,1.0,67,1.0,1.0,1.0,57,1.0,1.0,1.0,62,1.0,0.0,1.0,1.0,-0.0,2.0083667761995962e-16,1.0,1.0,NA,0.0,0.0,0.0,0.0,25.485714285714284,99.0,0.0,6435.30752,6435.30752,75.48571428571428,79.0,47.93462857142857,77.244,1321.2857142857142,5000.0,4.0,1795.2987268665238,53006.04874483619,0.0,0.0,0.0,473.1043839999999,473.104384,37.42857142857143,38.0,9.295314285714285,10.258,300.0,405.0,1.0,351.15118619608074,10335.77186187503,60.04285714285713,71.1,3.884949269942857,4.155375616,15.8,3.017022083657142,3.017048064,26.81184256,0.0,2146.4499130626045,0.5962360869618346,0.4251163300037881,713.0,624,Tesla T4,16106.12736,70.0,GPU-ebb034dc-0b3b-1c3c-d046-c48876f98f58,Tesla T4,16106.12736,70.0,GPU-a83d4ee2-e765-2411-f12f-266bb2f84198,580.159.04,1.0,57,1.0,2,1.0,60,1.0,67
