run_id,stage,arch,technique,fold,seed,epoch,global_step,samples_seen,ts_start,ts_end,iso_start,iso_end,account,worker_id,session_id,host,config_hash,lib_version,train_loss,train_acc,val_loss,lr_group0,grad_norm_mean,grad_norm_max,grad_norm_p50,grad_norm_p95,grad_norm_p99,grad_clip_hit_rate,weight_norm_total,update_to_weight_ratio,amp_scale,amp_scale_decreases,nan_or_inf_batches,epoch_seconds,train_seconds,val_seconds,dataload_seconds,compute_seconds,backward_seconds,optimizer_seconds,dataload_frac,step_time_mean,step_time_p50,step_time_p90,step_time_p99,images_per_second,n_params_total,n_params_trainable,wall_seconds_cumulative,energy_joules_cumulative,epochs_planned,cfg_input_resolution,cfg_batch_size,cfg_head_type,cfg_loss_name,cfg_label_smoothing,cfg_sampler_name,cfg_optimizer_name,cfg_lr_initial,cfg_weight_decay,cfg_scheduler_name,cfg_warmup_epochs,cfg_max_epochs,cfg_grad_clip,cfg_pretrained,cfg_finetune_depth,cfg_preprocessing,cfg_roi_mode,cfg_augment_policy,cfg_precision,cfg_num_workers,cfg_arch,cfg_fold,cfg_seed,cfg_technique,cfg_stage,cfg_config_hash,val_acc,val_balanced_acc,val_f1_macro,val_f1_micro,val_f1_weighted,val_precision_macro,val_recall_macro,val_f1_low,val_recall_low,val_precision_low,val_support_low,val_f1_mid,val_recall_mid,val_precision_mid,val_support_mid,val_f1_high,val_recall_high,val_precision_high,val_support_high,val_qwk,val_mae_class,val_cohen_kappa,val_mcc,val_nll,val_brier,val_mean_confidence,val_mean_confidence_correct,val_mean_confidence_incorrect,val_overconfidence_gap,val_ece,val_mce,val_ace,gpu0_util_mean,gpu0_util_max,gpu0_util_p50,gpu0_mem_used_mb_mean,gpu0_mem_used_mb_peak,gpu0_temp_c_mean,gpu0_temp_c_max,gpu0_power_w_mean,gpu0_power_w_max,gpu0_sm_clock_mhz_mean,gpu0_mem_clock_mhz_mean,gpu0_throttle_reasons,gpu0_energy_joules_epoch,gpu0_energy_joules_cumulative,gpu1_util_mean,gpu1_util_max,gpu1_util_p50,gpu1_mem_used_mb_mean,gpu1_mem_used_mb_peak,gpu1_temp_c_mean,gpu1_temp_c_max,gpu1_power_w_mean,gpu1_power_w_max,gpu1_sm_clock_mhz_mean,gpu1_mem_clock_mhz_mean,gpu1_throttle_reasons,gpu1_energy_joules_epoch,gpu1_energy_joules_cumulative,cpu_percent_mean,cpu_percent_max,ram_used_gb_mean,ram_used_gb_peak,ram_percent_peak,proc_rss_gb_mean,proc_rss_gb_peak,proc_vms_gb_peak,swap_used_gb_peak,energy_joules_epoch,energy_wh_epoch,co2_g_epoch,carbon_intensity_g_per_kwh,power_sample_count,gpu0_name,gpu0_mem_total_mb,gpu0_power_limit_w,gpu0_uuid,gpu1_name,gpu1_mem_total_mb,gpu1_power_limit_w,gpu1_uuid,gpu_driver,val_acc_session_mileage_000100_005000__session_002,val_n_session_mileage_000100_005000__session_002,val_acc_session_mileage_040000__session_001,val_n_session_mileage_040000__session_001,val_acc_session_mileage_100000_plus__session_003,val_n_session_mileage_100000_plus__session_003,val_acc_session_mileage_100000_plus__session_006,val_n_session_mileage_100000_plus__session_006
a-mobilenetv4-base-f1-s1,a,mobilenetv4,base,1,1,1,49,3136,1787866267.2388797,1787866312.6000612,2026-08-27T21:31:07Z,2026-08-27T21:31:52Z,acct4,3,4e3d33,Interactive,734a43176ed3,v2,0.635125198878123,0.8389668367346939,0.7301265001296997,6e-05,,,,,,0.8163265306122449,371.7329671583544,,128.0,9,0,45.33908438682556,42.68333721160889,2.6540446281433105,28.642078638076782,13.587103128433228,12.355576276779177,0.2756557464599609,0.6317304159410744,0.2846853976347008,0.2844929695129394,0.2960224151611328,0.3112267971038818,73.47129359761215,8437074,8437074,45.33908438682556,2686.822824804068,60,384,64,coral,coral_bce,0.0,session_balanced,adamw,0.0003,0.05,cosine,5,60,5.0,True,full,raw,full_frame,dataset_v1_1,fp16,2,mobilenetv4,1,1,base,a,734a43176ed3,0.703125,0.7844086021505375,0.6820003620974494,0.703125,0.6875543676590399,0.7302594092067776,0.7844086021505375,0.5681818181818181,0.4032258064516129,0.9615384615384616,62,0.5846153846153845,0.95,0.4222222222222222,20,0.8932038834951457,1.0,0.8070175438596491,46,0.6427672955974844,0.3828125,0.5676444444444444,0.6244288626432312,1.2718244308509128,0.4569790941870528,0.8925533178262413,0.924988861878713,0.8157322924388083,0.1894283178262412,0.1966617307625711,0.494181489944458,0.1966617307625711,27.666666666666668,99.0,0.0,6447.890431999999,6447.890432,77.69047619047619,80.0,48.924095238095234,69.061,1239.2857142857142,5000.0,4.0,2254.55102410698,2262.4638297338493,0.0,0.0,0.0,473.1043839999999,473.104384,39.5,40.0,9.540095238095237,10.059,300.0,405.0,1.0,432.27180069708805,435.0984359092711,61.12142857142858,69.7,4.250678905904762,4.618739712,19.4,4.350013732571429,4.423774208,29.237776384,0.0,2686.822824804068,0.7463396735566856,0.5321401872459168,713.0,756,Tesla T4,16106.12736,70.0,GPU-963b21b5-f207-d656-ea08-0b456c098fd0,Tesla T4,16106.12736,70.0,GPU-597f445a-b1c6-ff93-9d9b-85a347924989,580.159.04,0.4032258064516129,62,0.95,20,1.0,5,1.0,41
a-mobilenetv4-base-f1-s1,a,mobilenetv4,base,1,1,2,98,6272,1787866313.0209954,1787866358.5098944,2026-08-27T21:31:53Z,2026-08-27T21:32:38Z,acct4,3,4e3d33,Interactive,734a43176ed3,v2,0.0109965258753784,0.9955357142857144,0.4794029183740349,0.0001199999999999,23.30899816606412,348.07440185546875,0.0211007557809352,185.6893341064448,310.46190185546845,0.1632653061224489,371.7321150080632,7.524450180655022e-06,128.0,0,0,45.46493673324585,42.91960096359253,2.543294668197632,29.63879132270813,12.68685531616211,11.476855516433716,0.3951456546783447,0.6519043784577625,0.2689275109038061,0.2662909030914306,0.2815671443939209,0.3078730297088622,73.06684893599498,8437074,8437074,90.8040211200714,5384.4369705929785,60,384,64,coral,coral_bce,0.0,session_balanced,adamw,0.0003,0.05,cosine,5,60,5.0,True,full,raw,full_frame,dataset_v1_1,fp16,2,mobilenetv4,1,1,base,a,734a43176ed3,0.8671875,0.7166666666666667,0.7134340631102889,0.8671875,0.8261110468701819,0.9282700421940928,0.7166666666666667,0.8794326241134751,1.0,0.7848101265822784,62,0.2608695652173913,0.15,1.0,20,1.0,1.0,1.0,46,0.9243604004449388,0.1328125,0.7662728249194415,0.7957553186910886,0.95880987697567,0.2543274963874139,0.9938829359598458,0.9974855007352056,0.9703603071324964,0.1266954359598457,0.1307434844784439,0.5340353846549988,0.1307434844784439,28.186046511627907,99.0,0.0,6447.890431999999,6447.890432,76.30232558139535,79.0,50.42937209302326,94.141,1275.6976744186047,5000.0,4.0,2257.3658033237475,4542.698975224975,0.0,0.0,0.0,473.1043839999999,473.104384,39.04651162790697,40.0,9.600674418604653,10.158,300.0,405.0,1.0,440.2483424651625,881.1397519145013,60.34883720930232,70.6,4.56616440855814,4.79676416,19.3,4.352396264186047,4.434837504,29.254668288,0.0,2697.61414578891,0.7493372627191416,0.5342774683187479,713.0,764,Tesla T4,16106.12736,70.0,GPU-963b21b5-f207-d656-ea08-0b456c098fd0,Tesla T4,16106.12736,70.0,GPU-597f445a-b1c6-ff93-9d9b-85a347924989,580.159.04,1.0,62,0.15,20,1.0,5,1.0,41
a-mobilenetv4-base-f1-s1,a,mobilenetv4,base,1,1,3,147,9408,1787866359.0076318,1787866404.3560174,2026-08-27T21:32:39Z,2026-08-27T21:33:24Z,acct4,3,4e3d33,Interactive,734a43176ed3,v2,0.0059852585701911,0.9971301020408164,0.0002250507022836,0.0001799999999999,16.25330517548724,268.0848083496094,0.0121035128831863,83.79346466064437,215.5622570800777,0.2244897959183673,371.739518719076,7.870013233106321e-06,128.0,0,0,45.32984161376953,42.80025553703308,2.5286970138549805,29.365236043930054,12.925434350967407,11.687961339950562,0.3334269523620605,0.647812456397597,0.2722492120703872,0.2723832130432129,0.284529447555542,0.2893663597106933,73.27059057595028,8437074,8437074,136.13386273384094,8113.004551129581,60,384,64,coral,coral_bce,0.0,session_balanced,adamw,0.0003,0.05,cosine,5,60,5.0,True,full,raw,full_frame,dataset_v1_1,fp16,2,mobilenetv4,1,1,base,a,734a43176ed3,1.0,1.0,1.0,1.0,1.0,1.0,1.0,1.0,1.0,1.0,62,1.0,1.0,1.0,20,1.0,1.0,1.0,46,1.0,0.0,1.0,1.0,0.0004501208308141,1.4689215191901222e-05,0.9995536073110998,0.9995536073110998,,-0.0004463926889002,0.0004463926889002,0.0004463926889002,0.0004463926889002,24.906976744186046,99.0,0.0,6447.890431999999,6447.890432,77.62790697674419,79.0,51.65555813953488,99.466,1255.813953488372,5000.0,4.0,2285.6207611865966,6857.886264341354,0.0,0.0,0.0,473.1043839999999,473.104384,39.0,39.0,9.656162790697676,10.158,300.0,405.0,1.0,442.94681935000585,1330.6723762114066,61.75581395348837,71.8,4.474136433116279,4.687384576,19.3,4.348528116093024,4.359602176,29.254668288,0.0,2728.5675805366027,0.7579354390379452,0.5404079680340549,713.0,762,Tesla T4,16106.12736,70.0,GPU-963b21b5-f207-d656-ea08-0b456c098fd0,Tesla T4,16106.12736,70.0,GPU-597f445a-b1c6-ff93-9d9b-85a347924989,580.159.04,1.0,62,1.0,20,1.0,5,1.0,41
a-mobilenetv4-base-f1-s1,a,mobilenetv4,base,1,1,4,196,12544,1787866404.8760648,1787866450.456772,2026-08-27T21:33:24Z,2026-08-27T21:34:10Z,acct4,3,4e3d33,Interactive,734a43176ed3,v2,0.0297248066753937,0.9933035714285714,0.2809178686257283,0.0002399999999999,11.237135156112569,130.78390502929688,0.010639808140695,62.625537109374925,110.89264160156232,0.2040816326530612,371.7732700816569,7.254185963597279e-06,128.0,0,0,45.56194305419922,43.13187599182129,2.429169178009033,29.830300092697144,12.799779653549194,11.666924476623535,0.3263273239135742,0.6547196649890864,0.269615144145732,0.2685520648956299,0.2804673671722412,0.2926775836944579,72.70724789699969,8437074,8437074,181.69580578804016,10871.108548793092,60,384,64,coral,coral_bce,0.0,session_balanced,adamw,0.0003,0.05,cosine,5,60,5.0,True,full,raw,full_frame,dataset_v1_1,fp16,2,mobilenetv4,1,1,base,a,734a43176ed3,0.84375,0.6666666666666666,0.6203703703703703,0.84375,0.7764756944444444,0.5853658536585366,0.6666666666666666,0.8611111111111112,1.0,0.7560975609756098,62,0.0,0.0,0.0,20,1.0,1.0,1.0,46,0.9118942731277532,0.15625,0.7212543554006968,0.7617263074577288,0.5618357156348812,0.2656197683881562,0.9868169901892544,0.999999964678729,0.9156289279460909,0.1430669901892542,0.1430669901892543,0.9123033583164216,0.1430669901892543,27.511627906976745,99.0,0.0,6447.890431999999,6447.890432,76.86046511627907,78.0,48.38283720930232,68.278,1341.6279069767445,5000.0,4.0,2316.964346856368,9199.972821355355,0.0,0.0,0.0,473.1043839999999,473.104384,39.0,39.0,9.610348837209305,10.059,300.0,405.0,1.0,441.13965080714274,1778.8045250716232,60.73720930232559,70.3,4.560569082046512,4.742541312,19.1,4.34972910139535,4.411244544,29.254668288,0.0,2758.103997663511,0.7661399993509753,0.5462578195372454,713.0,766,Tesla T4,16106.12736,70.0,GPU-963b21b5-f207-d656-ea08-0b456c098fd0,Tesla T4,16106.12736,70.0,GPU-597f445a-b1c6-ff93-9d9b-85a347924989,580.159.04,1.0,62,0.0,20,1.0,5,1.0,41
a-mobilenetv4-base-f1-s1,a,mobilenetv4,base,1,1,5,245,15680,1787866458.6885252,1787866503.8093312,2026-08-27T21:34:18Z,2026-08-27T21:35:03Z,acct4,3,4e3d33,Interactive,734a43176ed3,v2,0.015252066127378,0.9958545918367347,4.362238526344299,0.0003,5.288032032073981,49.08258056640625,0.0181415267288684,25.73136100769041,44.86981262207028,0.2653061224489796,371.8134936292578,4.266681109760994e-06,128.0,0,0,45.09405016899109,42.66169595718384,2.431472063064575,29.24735903739929,12.898446559906006,11.72336459159851,0.3368494510650635,0.6485857652571476,0.2718559819824842,0.2695703506469726,0.2858728408813477,0.2966308784484863,73.50856382145132,8437074,8437074,226.78985595703125,13570.22790326121,60,384,64,coral,coral_bce,0.0,session_balanced,adamw,0.0003,0.05,cosine,5,60,5.0,True,full,raw,full_frame,dataset_v1_1,fp16,2,mobilenetv4,1,1,base,a,734a43176ed3,0.359375,0.3333333333333333,0.3333333333333333,0.359375,0.359375,0.3333333333333333,0.3333333333333333,0.0,0.0,0.0,62,0.0,0.0,0.0,20,1.0,1.0,1.0,46,0.5457063711911357,0.640625,0.1096029860875466,0.1288906624102155,7.240932937472733,1.2790632153978354,0.9994492731057107,1.0,0.9991403287503776,0.6400742731057107,0.6400742731057107,0.6400742731057107,0.6400742731057107,32.07142857142857,99.0,0.0,6447.890431999999,6447.890432,77.73809523809524,80.0,52.083047619047626,99.655,1248.2142857142858,5000.0,4.0,2264.186906351815,11748.377580977458,0.0,0.0,0.0,473.1043839999999,473.104384,39.333333333333336,40.0,9.594619047619046,10.456,300.0,405.0,1.0,434.932448116303,2295.2660839548143,61.07857142857142,70.9,4.589371977142857,4.8690176,19.5,4.3604360045714285,4.418973696,29.249376256,0.0,2699.119354468118,0.749755376241144,0.5345755832599357,713.0,756,Tesla T4,16106.12736,70.0,GPU-963b21b5-f207-d656-ea08-0b456c098fd0,Tesla T4,16106.12736,70.0,GPU-597f445a-b1c6-ff93-9d9b-85a347924989,580.159.04,0.0,62,0.0,20,1.0,5,1.0,41
a-mobilenetv4-base-f1-s1,a,mobilenetv4,base,1,1,6,294,18816,1787866504.0830443,1787866549.0902276,2026-08-27T21:35:04Z,2026-08-27T21:35:49Z,acct4,3,4e3d33,Interactive,734a43176ed3,v2,0.0093597502803467,0.9958545918367347,0.5060082823038101,0.0002997553655889,2.2138885926840146,30.348018646240234,0.0043758805841207,10.154243278503415,22.32433792114251,0.1632653061224489,371.8479610781234,1.7846675360247918e-06,128.0,0,0,44.98763012886048,42.51151204109192,2.4752037525177,29.40294122695923,12.612374544143677,11.43466854095459,0.3287692070007324,0.6535783534882547,0.2656551477860431,0.2614428997039795,0.2755564212799072,0.2977170276641844,73.76825357255514,8437074,8437074,271.7774860858917,16239.74866697552,60,384,64,coral,coral_bce,0.0,session_balanced,adamw,0.0003,0.05,cosine,5,60,5.0,True,full,raw,full_frame,dataset_v1_1,fp16,2,mobilenetv4,1,1,base,a,734a43176ed3,0.84375,0.6666666666666666,0.6203703703703703,0.84375,0.7764756944444444,0.5853658536585366,0.6666666666666666,0.8611111111111112,1.0,0.7560975609756098,62,0.0,0.0,0.0,20,1.0,1.0,1.0,46,0.9118942731277532,0.15625,0.7212543554006968,0.7617263074577288,1.0126653417561466,0.3504048609218178,0.9160290588624777,0.9022658632861243,0.9903503149747848,0.0722790588624775,0.2269630800001323,0.4285706430673599,0.2269630800001323,27.547619047619047,99.0,1.0,6447.890431999999,6447.890432,76.38095238095238,79.0,49.09914285714285,71.609,1285.0,5000.0,4.0,2235.6567925212366,14002.14920297076,0.0,0.0,0.0,473.1043839999999,473.104384,39.0,39.0,9.601714285714284,10.551,300.0,405.0,1.0,433.86397119307367,2733.49676940036,61.97619047619048,70.7,4.640489764571429,4.954468352,20.0,4.363090212571429,4.467142656,29.249376256,0.0,2669.5207637143103,0.7415335454761973,0.5287134179245286,713.0,756,Tesla T4,16106.12736,70.0,GPU-963b21b5-f207-d656-ea08-0b456c098fd0,Tesla T4,16106.12736,70.0,GPU-597f445a-b1c6-ff93-9d9b-85a347924989,580.159.04,1.0,62,0.0,20,1.0,5,1.0,41
a-mobilenetv4-base-f1-s1,a,mobilenetv4,base,1,1,7,343,21952,1787866549.3647964,1787866595.566847,2026-08-27T21:35:49Z,2026-08-27T21:36:35Z,acct4,3,4e3d33,Interactive,734a43176ed3,v2,0.0013261280908757,0.9993622448979592,0.6976360129192472,0.0002990222603022,0.3263252274123191,10.511247634887695,0.0005519486148841,0.8500251293182307,7.285822143554661,0.0204081632653061,371.8471404561516,2.6241564470493625e-07,128.0,0,0,46.18265008926392,43.71479415893555,2.4664411544799805,30.611040115356445,12.596303939819336,11.407496452331545,0.3511443138122558,0.6628255428432548,0.2657786242815913,0.2640202045440674,0.2723205089569092,0.2885382080078125,71.73772770376831,8437074,8437074,317.96013617515564,19026.30399620296,60,384,64,coral,coral_bce,0.0,session_balanced,adamw,0.0003,0.05,cosine,5,60,5.0,True,full,raw,full_frame,dataset_v1_1,fp16,2,mobilenetv4,1,1,base,a,734a43176ed3,0.84375,0.6666666666666666,0.6159512255816847,0.84375,0.7740014930944381,0.5745285455954533,0.6666666666666666,0.8794326241134751,1.0,0.7848101265822784,62,0.0,0.0,0.0,20,0.968421052631579,1.0,0.9387755102040816,46,0.912472647702407,0.15625,0.7227036395147314,0.7573714417839755,3.0431065079697355,0.2618242127116676,0.8669796832837164,0.9239480412668652,0.5593505501747131,0.0232296832837164,0.1006537736393511,0.5604047417640686,0.1006537736393511,27.88372093023256,99.0,0.0,6447.890431999999,6447.890432,77.5813953488372,79.0,51.13967441860464,69.355,1320.0,5000.0,4.0,2344.9874895822923,16362.335223457583,0.0,0.0,0.0,473.1043839999999,473.104384,39.0,39.0,9.462372093023257,9.86,300.0,405.0,1.0,441.5678396451449,3178.7130023086065,61.22093023255814,71.8,4.60194106344186,4.752113664,19.1,4.3616205514418604,4.47133696,29.249376256,0.0,2786.555329227437,0.7740431470076214,0.551892763816434,713.0,776,Tesla T4,16106.12736,70.0,GPU-963b21b5-f207-d656-ea08-0b456c098fd0,Tesla T4,16106.12736,70.0,GPU-597f445a-b1c6-ff93-9d9b-85a347924989,580.159.04,1.0,62,0.0,20,1.0,5,1.0,41
a-mobilenetv4-base-f1-s1,a,mobilenetv4,base,1,1,8,392,25088,1787866595.8245196,1787866641.1291158,2026-08-27T21:36:35Z,2026-08-27T21:37:21Z,acct4,3,4e3d33,Interactive,734a43176ed3,v2,0.0045615856942209,0.9993622448979592,0.4012510105094407,0.0002978030753771,0.3386826260781269,15.7848482131958,0.0019649320747703,0.0724947459995742,8.459102478027283,0.0204081632653061,371.8420972367464,2.712461240198425e-07,128.0,0,0,45.28292298316956,42.72581052780152,2.55552077293396,29.765753507614136,12.46367359161377,11.246240139007568,0.3285892009735107,0.6573284484898925,0.2627798051250224,0.2620034217834472,0.2680744647979736,0.2790818309783935,73.3982564932131,8437074,8437074,363.2430591583252,21727.83986812208,60,384,64,coral,coral_bce,0.0,session_balanced,adamw,0.0003,0.05,cosine,5,60,5.0,True,full,raw,full_frame,dataset_v1_1,fp16,2,mobilenetv4,1,1,base,a,734a43176ed3,0.84375,0.6666666666666666,0.6203703703703703,0.84375,0.7764756944444444,0.5853658536585366,0.6666666666666666,0.8611111111111112,1.0,0.7560975609756098,62,0.0,0.0,0.0,20,1.0,1.0,1.0,46,0.9118942731277532,0.15625,0.7212543554006968,0.7617263074577288,0.8608671396705702,0.3076923183545157,0.997468021698296,0.9986035724480948,0.9913360476493835,0.153718021698296,0.153718021698296,0.153718021698296,0.153718021698296,27.186046511627907,99.0,0.0,6447.890431999999,6447.890432,76.79069767441861,79.0,49.986232558139534,79.055,1351.046511627907,5000.0,4.0,2269.3189063183945,18645.52285171578,0.0,0.0,0.0,473.1043839999999,473.104384,39.0,39.0,9.474627906976746,9.96,300.0,405.0,1.0,432.2169656007268,3614.543546213624,60.61162790697676,71.3,4.597432034232559,4.850171904,19.4,4.362542627720931,4.455346176,29.249376256,0.0,2701.5358719191213,0.7504266310886448,0.5350541879662037,713.0,764,Tesla T4,16106.12736,70.0,GPU-963b21b5-f207-d656-ea08-0b456c098fd0,Tesla T4,16106.12736,70.0,GPU-597f445a-b1c6-ff93-9d9b-85a347924989,580.159.04,1.0,62,0.0,20,1.0,5,1.0,41
a-mobilenetv4-base-f1-s1,a,mobilenetv4,base,1,1,9,441,28224,1787866641.3976257,1787866686.633734,2026-08-27T21:37:21Z,2026-08-27T21:38:06Z,acct4,3,4e3d33,Interactive,734a43176ed3,v2,2.964534499060289e-05,1.0,0.6551835989494066,0.0002961017875413,0.0138025569478774,0.4232254326343536,6.10913775744848e-06,0.021794769912958,0.3145623862743368,0.0,371.8313680723337,1.0991438958191233e-08,128.0,0,0,45.213948249816895,42.6549699306488,2.558095693588257,29.74786329269409,12.391540288925173,11.112571716308594,0.3417558670043945,0.6579355363599454,0.2616466356783497,0.2599925994873047,0.2676156520843506,0.2862235260009765,73.52015498073754,8437074,8437074,408.4570074081421,24439.127079621558,60,384,64,coral,coral_bce,0.0,session_balanced,adamw,0.0003,0.05,cosine,5,60,5.0,True,full,raw,full_frame,dataset_v1_1,fp16,2,mobilenetv4,1,1,base,a,734a43176ed3,0.84375,0.6666666666666666,0.6203703703703703,0.84375,0.7764756944444444,0.5853658536585366,0.6666666666666666,0.8611111111111112,1.0,0.7560975609756098,62,0.0,0.0,0.0,20,1.0,1.0,1.0,46,0.9118942731277532,0.15625,0.7212543554006968,0.7617263074577288,2.878509114583884,0.3120168265364386,0.9996672659181058,0.9998925929820096,0.9984504997730256,0.1559172659181058,0.1559172659181058,0.1559172659181058,0.1559172659181058,29.071428571428573,99.0,0.0,6447.890431999999,6447.890432,76.95238095238095,78.0,51.01016666666667,72.152,1339.642857142857,5000.0,4.0,2281.2916314070426,20950.52235263228,0.0,0.0,0.0,473.1043839999999,473.104384,39.0,39.0,9.436190476190475,9.86,300.0,405.0,1.0,429.9955800924322,4049.378262501716,61.41428571428572,70.6,4.627934939428571,4.888756224,19.5,4.359008256,4.359008256,29.136121856,0.0,2711.287211499475,0.7531353365276319,0.5369854949442016,713.0,756,Tesla T4,16106.12736,70.0,GPU-963b21b5-f207-d656-ea08-0b456c098fd0,Tesla T4,16106.12736,70.0,GPU-597f445a-b1c6-ff93-9d9b-85a347924989,580.159.04,1.0,62,0.0,20,1.0,5,1.0,41
a-mobilenetv4-base-f1-s1,a,mobilenetv4,base,1,1,10,490,31360,1787866686.9296007,1787866732.3950934,2026-08-27T21:38:06Z,2026-08-27T21:38:52Z,acct4,3,4e3d33,Interactive,734a43176ed3,v2,0.0004294596697962,0.9996811224489796,1.292487493253816,0.0002939239460421,0.1075198139238992,2.2714126110076904,5.7313159231853206e-06,0.3064536392688742,2.138416242599486,0.0,371.8267751867704,8.499293244914555e-08,128.0,0,0,45.4430046081543,42.93266248703003,2.509107828140259,29.95697450637817,12.444979906082152,11.250414609909058,0.3537442684173584,0.6592208143957693,0.2628049509865897,0.2607665061950683,0.270936918258667,0.2836799240112304,73.04461960511735,8437074,8437074,453.9000120162964,27136.23532937026,60,384,64,coral,coral_bce,0.0,session_balanced,adamw,0.0003,0.05,cosine,5,60,5.0,True,full,raw,full_frame,dataset_v1_1,fp16,2,mobilenetv4,1,1,base,a,734a43176ed3,0.84375,0.6666666666666666,0.6203703703703703,0.84375,0.7764756944444444,0.5853658536585366,0.6666666666666666,0.8611111111111112,1.0,0.7560975609756098,62,0.0,0.0,0.0,20,1.0,1.0,1.0,46,0.9118942731277532,0.15625,0.7212543554006968,0.7617263074577288,2.5827678494419835,0.3124999318591832,0.9999858965165912,0.9999833051805144,0.9999998897314072,0.1562358965165913,0.1562358965165913,0.1562358965165913,0.1562358965165913,30.761904761904763,99.0,0.0,6447.890431999999,6447.890432,76.9047619047619,78.0,50.21457142857143,87.826,1309.2857142857142,5000.0,4.0,2264.0812641670677,23235.24720555353,0.0,0.0,0.0,473.1043839999999,473.104384,39.0,39.0,9.442642857142856,9.761,300.0,405.0,1.0,433.02698558163866,4487.480966115238,61.00238095238095,71.2,4.674536691809523,4.852686848,19.4,4.359482611809524,4.3789312,29.249376256,0.0,2697.108249748706,0.7491967360413072,0.534177272797452,713.0,762,Tesla T4,16106.12736,70.0,GPU-963b21b5-f207-d656-ea08-0b456c098fd0,Tesla T4,16106.12736,70.0,GPU-597f445a-b1c6-ff93-9d9b-85a347924989,580.159.04,1.0,62,0.0,20,1.0,5,1.0,41
a-mobilenetv4-base-f1-s1,a,mobilenetv4,base,1,1,11,539,34496,1787866732.8492565,1787866779.080793,2026-08-27T21:38:52Z,2026-08-27T21:39:39Z,acct4,3,4e3d33,Interactive,734a43176ed3,v2,4.366591285433133e-07,1.0,1.7459106554707515,0.0002912766545459,0.0003730167327076,0.0042650792747735,5.076310003460094e-07,0.0024165480397641,0.0039699994027614,0.0,371.81686460729634,2.9221661612227406e-10,128.0,0,0,46.208449363708496,43.607831954956055,2.5995218753814697,30.715876579284668,12.37165880203247,10.964178323745728,0.3439610004425049,0.6647242442073485,0.261192326643029,0.2600409984588623,0.2635663032531738,0.2828775024414062,71.91368750547554,8437074,8437074,500.1084613800049,29886.150050828463,60,384,64,coral,coral_bce,0.0,session_balanced,adamw,0.0003,0.05,cosine,5,60,5.0,True,full,raw,full_frame,dataset_v1_1,fp16,2,mobilenetv4,1,1,base,a,734a43176ed3,0.84375,0.6666666666666666,0.6203703703703703,0.84375,0.7764756944444444,0.5853658536585366,0.6666666666666666,0.8611111111111112,1.0,0.7560975609756098,62,0.0,0.0,0.0,20,1.0,1.0,1.0,46,0.9118942731277532,0.15625,0.7212543554006968,0.7617263074577288,2.878231638207273,0.3124999968759672,0.9999997289851308,0.999999678797192,1.0,0.1562497289851308,0.1562497289851308,0.1562497289851308,0.1562497289851308,26.204545454545453,99.0,0.5,6447.890431999999,6447.890432,76.95454545454545,78.0,48.127386363636376,76.214,1359.8863636363635,5000.0,4.0,2308.3804291527194,25570.55646520733,0.0,0.0,0.0,473.1043839999999,473.104384,39.0,39.0,9.421613636363636,9.665,300.0,405.0,1.0,441.5342923054805,4934.790012647879,61.06363636363637,71.8,4.687150638545455,4.91968512,19.6,4.361582126545456,4.47225856,29.249376256,0.0,2749.9147214582,0.7638652004050556,0.5446358878888047,713.0,776,Tesla T4,16106.12736,70.0,GPU-963b21b5-f207-d656-ea08-0b456c098fd0,Tesla T4,16106.12736,70.0,GPU-597f445a-b1c6-ff93-9d9b-85a347924989,580.159.04,1.0,62,0.0,20,1.0,5,1.0,41
a-mobilenetv4-base-f1-s1,a,mobilenetv4,base,1,1,12,588,37632,1787866779.3441048,1787866826.0732892,2026-08-27T21:39:39Z,2026-08-27T21:40:26Z,acct4,3,4e3d33,Interactive,734a43176ed3,v2,1.2060348940469906e-05,1.0,1.6456910781706071,0.0002881685479672,0.0049024594967353,0.23825104534626,1.1681346734349066e-07,0.0002544682196457,0.1245867623947551,0.0,371.80598843228313,3.799655407916285e-09,128.0,0,0,46.70152282714844,44.06666851043701,2.632696866989136,31.17139768600464,12.394587993621826,11.228821277618408,0.334688663482666,0.6674599841503271,0.2614015803045156,0.2603280544281006,0.2633378028869629,0.2914140415191649,71.16489868657195,8437074,8437074,546.8099842071533,32664.93019763973,60,384,64,coral,coral_bce,0.0,session_balanced,adamw,0.0003,0.05,cosine,5,60,5.0,True,full,raw,full_frame,dataset_v1_1,fp16,2,mobilenetv4,1,1,base,a,734a43176ed3,0.84375,0.6666666666666666,0.6203703703703703,0.84375,0.7764756944444444,0.5853658536585366,0.6666666666666666,0.8611111111111112,1.0,0.7560975609756098,62,0.0,0.0,0.0,20,1.0,1.0,1.0,46,0.9118942731277532,0.15625,0.7212543554006968,0.7617263074577288,2.878231855206017,0.3124999968783092,0.9999995119869708,0.9999994216141878,1.0,0.1562495119869709,0.1562495119869709,0.1562495119869709,0.1562495119869709,32.63636363636363,99.0,1.0,6447.890431999999,6447.890432,77.04545454545455,78.0,48.10125,69.637,1345.909090909091,5000.0,4.0,2333.3543717682624,27917.014837183968,0.0,0.0,0.0,473.1043839999999,473.104384,39.0,39.0,9.463840909090909,9.964,300.0,405.0,1.0,445.4257750430024,5383.535558891776,60.95,69.8,4.706162781090909,4.876967936,19.5,4.359008256000001,4.359008256,29.136121856,0.0,2778.780146811265,0.7718833741142402,0.5503528457434533,713.0,786,Tesla T4,16106.12736,70.0,GPU-963b21b5-f207-d656-ea08-0b456c098fd0,Tesla T4,16106.12736,70.0,GPU-597f445a-b1c6-ff93-9d9b-85a347924989,580.159.04,1.0,62,0.0,20,1.0,5,1.0,41
a-mobilenetv4-base-f1-s1,a,mobilenetv4,base,1,1,13,637,40768,1787866826.3307,1787866871.3568628,2026-08-27T21:40:26Z,2026-08-27T21:41:11Z,acct4,3,4e3d33,Interactive,734a43176ed3,v2,3.4742138670813154e-08,1.0,1.465028513224084,0.0002846097643037,1.3147270165681411e-05,0.0004095595213584,7.367581389416955e-08,3.5681172084877977e-05,0.0002785098343156,0.0,371.79493156952793,1.0064261627493312e-11,128.0,0,0,45.00463843345642,42.44040274620056,2.5634424686431885,29.58139443397522,12.331382513046265,11.069112300872805,0.3523054122924804,0.6572965690573003,0.2607065074297847,0.2595279216766357,0.2645355224609375,0.2828180027008056,73.89185297683697,8437074,8437074,591.8146226406097,35373.17927384592,60,384,64,coral,coral_bce,0.0,session_balanced,adamw,0.0003,0.05,cosine,5,60,5.0,True,full,raw,full_frame,dataset_v1_1,fp16,2,mobilenetv4,1,1,base,a,734a43176ed3,0.84375,0.6666666666666666,0.6203703703703703,0.84375,0.7764756944444444,0.5853658536585366,0.6666666666666666,0.8611111111111112,1.0,0.7560975609756098,62,0.0,0.0,0.0,20,1.0,1.0,1.0,46,0.9118942731277532,0.15625,0.7212543554006968,0.7617263074577288,2.81460856790609,0.3124999907639629,0.9999967915937304,0.9999961996520008,0.9999999880790712,0.1562467915937304,0.1562467915937304,0.1562467915937304,0.1562467915937304,29.452380952380956,99.0,0.0,6447.890431999999,6447.890432,77.0,78.0,51.62942857142856,86.862,1330.357142857143,5000.0,4.0,2275.5644776396657,30214.1240276351,0.0,0.0,0.0,473.1043839999999,473.104384,39.0,39.0,9.489476190476193,10.258,300.0,405.0,1.0,432.6845985665304,5820.658475620986,60.93809523809523,70.1,4.666829677714286,4.93924352,19.7,4.361704594285714,4.472254464,29.249376256,0.0,2708.249076206196,0.7522914100572767,0.5363837753708384,713.0,756,Tesla T4,16106.12736,70.0,GPU-963b21b5-f207-d656-ea08-0b456c098fd0,Tesla T4,16106.12736,70.0,GPU-597f445a-b1c6-ff93-9d9b-85a347924989,580.159.04,1.0,62,0.0,20,1.0,5,1.0,41
a-mobilenetv4-base-f1-s1,a,mobilenetv4,base,1,1,14,686,43904,1787866871.619063,1787866916.4452748,2026-08-27T21:41:11Z,2026-08-27T21:41:56Z,acct4,3,4e3d33,Interactive,734a43176ed3,v2,0.0106131950498579,0.9974489795918368,0.2293980605900287,0.0002806119115679,1.0763269075606907,39.25338745117188,2.486985977157019e-07,4.391057586669921,22.64351890563951,0.0204081632653061,371.7920556974632,8.12363110976242e-07,128.0,0,0,44.80529356002808,42.27169060707092,2.5320069789886475,29.328994274139404,12.426422595977783,11.25767469406128,0.3494014739990234,0.6545877047953221,0.2623497807249731,0.2602849006652832,0.2731141090393066,0.2860869503021239,74.18676553890728,8437074,8437074,636.6199162006378,38091.15033274125,60,384,64,coral,coral_bce,0.0,session_balanced,adamw,0.0003,0.05,cosine,5,60,5.0,True,full,raw,full_frame,dataset_v1_1,fp16,2,mobilenetv4,1,1,base,a,734a43176ed3,0.859375,0.7000000000000001,0.6850192061459667,0.859375,0.810759443021767,0.925,0.7000000000000001,0.8732394366197184,1.0,0.775,62,0.1818181818181818,0.1,1.0,20,1.0,1.0,1.0,46,0.9201773835920176,0.140625,0.7514026758739749,0.784361884064355,0.4593066723190694,0.2452020632531933,0.9808129775337876,0.990610647201538,0.9209383295642004,0.1214379775337874,0.1339417272247373,0.9023219645023346,0.1339417272247373,23.214285714285715,99.0,0.0,6447.890431999999,6447.890432,77.19047619047619,78.0,50.03809523809524,74.111,1365.7142857142858,5000.0,4.0,2288.86833248923,32515.955672008015,0.0,0.0,0.0,473.1043839999999,473.104384,39.0,39.0,9.525238095238096,10.063,300.0,405.0,1.0,429.10272640609855,6253.169735121729,61.72142857142857,69.8,4.62481593295238,4.806680576,19.3,4.359008256,4.359008256,29.136121856,0.0,2717.9710588953285,0.7549919608042579,0.5383092680534358,713.0,752,Tesla T4,16106.12736,70.0,GPU-963b21b5-f207-d656-ea08-0b456c098fd0,Tesla T4,16106.12736,70.0,GPU-597f445a-b1c6-ff93-9d9b-85a347924989,580.159.04,1.0,62,0.1,20,1.0,5,1.0,41
a-mobilenetv4-base-f1-s1,a,mobilenetv4,base,1,1,15,735,47040,1787866916.7088113,1787866961.7125268,2026-08-27T21:41:56Z,2026-08-27T21:42:41Z,acct4,3,4e3d33,Interactive,734a43176ed3,v2,0.0042657280533049,0.9974489795918368,2.2909024953842163,0.0002761880299246,0.466100742979468,10.337299346923828,0.013032847084105,2.064788627624507,7.659894790649392,0.0204081632653061,371.8221545418728,3.462177935807493e-07,128.0,0,0,44.97986388206482,42.54008626937866,2.438345432281494,29.3840913772583,12.659764289855955,11.42891812324524,0.3298580646514892,0.6532721275969635,0.2668559989150689,0.2651140689849853,0.274387788772583,0.2857130527496337,73.71870334586899,8437074,8437074,681.5997800827026,40751.97236365792,60,384,64,coral,coral_bce,0.0,session_balanced,adamw,0.0003,0.05,cosine,5,60,5.0,True,full,raw,full_frame,dataset_v1_1,fp16,2,mobilenetv4,1,1,base,a,734a43176ed3,0.515625,0.6666666666666666,0.4640522875816993,0.515625,0.4206495098039216,0.4146341463414634,0.6666666666666666,0.0,0.0,0.0,62,0.392156862745098,1.0,0.2439024390243902,20,1.0,1.0,1.0,46,0.6253776435045317,0.484375,0.3715552739942984,0.5395561344492246,4.581155761538683,0.9675839942706372,0.9960552426055074,0.9935341757355314,0.9987389589509656,0.4804302426055074,0.4804302426055074,0.4804302426055074,0.4804302426055074,33.38095238095238,99.0,0.0,6447.890431999999,6447.890432,76.97619047619048,78.0,49.82754761904762,87.643,1301.428571428571,5000.0,4.0,2231.5292142338585,34761.87323442694,0.0,0.0,0.0,473.1043839999999,473.104384,39.0,39.0,9.506261904761905,10.063,300.0,405.0,1.0,429.2928166828124,6686.377204529046,61.55238095238096,69.6,4.73689507352381,4.853026816,20.0,4.359008256,4.359008256,29.136121856,0.0,2660.822030916671,0.7391172308101863,0.5269905855676629,713.0,756,Tesla T4,16106.12736,70.0,GPU-963b21b5-f207-d656-ea08-0b456c098fd0,Tesla T4,16106.12736,70.0,GPU-597f445a-b1c6-ff93-9d9b-85a347924989,580.159.04,0.0,62,1.0,20,1.0,5,1.0,41
a-mobilenetv4-base-f1-s1,a,mobilenetv4,base,1,1,16,784,50176,1787866961.9708316,1787867007.321621,2026-08-27T21:42:41Z,2026-08-27T21:43:27Z,acct4,3,4e3d33,Interactive,734a43176ed3,v2,0.0003104235721575,0.9996811224489796,1.572465144101443,0.0002713525491562,0.1518231673128768,3.4641642570495605,6.894697889947565e-06,1.0599441766738869,2.448524284362785,0.0,371.8205454211616,1.1079969619392389e-07,128.0,0,0,45.32748293876648,42.847148418426514,2.479506015777588,29.832541704177856,12.50744366645813,11.268598318099976,0.3344509601593017,0.6581557097374908,0.2637768910855663,0.2607340812683105,0.2753574848175049,0.2898990535736083,73.19040159627883,8437074,8437074,726.9272630214691,43426.01171906805,60,384,64,coral,coral_bce,0.0,session_balanced,adamw,0.0003,0.05,cosine,5,60,5.0,True,full,raw,full_frame,dataset_v1_1,fp16,2,mobilenetv4,1,1,base,a,734a43176ed3,0.84375,0.6666666666666666,0.6203703703703703,0.84375,0.7764756944444444,0.5853658536585366,0.6666666666666666,0.8611111111111112,1.0,0.7560975609756098,62,0.0,0.0,0.0,20,1.0,1.0,1.0,46,0.9118942731277532,0.15625,0.7212543554006968,0.7617263074577288,2.859284646490276,0.3125013634481657,0.9997234339825808,0.999672218605324,0.9999999970197676,0.1559734339825809,0.1559734339825809,0.1559734339825809,0.1559734339825809,26.80952380952381,99.0,0.0,6447.890431999999,6447.890432,76.97619047619048,78.0,48.57347619047619,78.86,1290.7142857142858,5000.0,4.0,2238.1602757773726,37020.53215425038,0.0,0.0,0.0,473.1043839999999,473.104384,39.0,39.0,9.565190476190477,10.162,300.0,405.0,1.0,435.87907963275575,7126.795877910134,60.50476190476192,71.3,4.653378023619048,4.896325632,19.8,4.365313755428572,4.432146432,29.249376256,0.0,2674.0393554101283,0.7427887098361468,0.5296083501131726,713.0,761,Tesla T4,16106.12736,70.0,GPU-963b21b5-f207-d656-ea08-0b456c098fd0,Tesla T4,16106.12736,70.0,GPU-597f445a-b1c6-ff93-9d9b-85a347924989,580.159.04,1.0,62,0.0,20,1.0,5,1.0,41
a-mobilenetv4-base-f1-s1,a,mobilenetv4,base,1,1,17,833,53312,1787867007.591271,1787867053.013037,2026-08-27T21:43:27Z,2026-08-27T21:44:13Z,acct4,3,4e3d33,Interactive,734a43176ed3,v2,0.0039339281838755,0.9980867346938777,0.6406991630792618,0.0002661212415958,0.5186876938438683,8.042706489562988,0.0001357920264126,4.760760688781735,6.821610679626454,0.0612244897959183,371.8253602210264,3.712329169913867e-07,128.0,0,0,45.39878249168396,42.83430242538452,2.562896728515625,29.79818844795227,12.512593984603882,11.250856161117554,0.3507642745971679,0.6563653651595311,0.2641978896394067,0.261509895324707,0.2754919052124023,0.2834398174285888,73.21235137335958,8437074,8437074,772.3260455131531,46076.47884020978,60,384,64,coral,coral_bce,0.0,session_balanced,adamw,0.0003,0.05,cosine,5,60,5.0,True,full,raw,full_frame,dataset_v1_1,fp16,2,mobilenetv4,1,1,base,a,734a43176ed3,0.515625,0.6666666666666666,0.4640522875816993,0.515625,0.4206495098039216,0.4146341463414634,0.6666666666666666,0.0,0.0,0.0,62,0.392156862745098,1.0,0.2439024390243902,20,1.0,1.0,1.0,46,0.6253776435045317,0.484375,0.3715552739942984,0.5395561344492246,1.2813967134128086,0.8018985855066154,0.9537351406179368,0.9968482824889096,0.9078405057230304,0.4381101406179368,0.4381101406179368,0.9057103842496872,0.4381101406179368,25.714285714285715,99.0,0.0,6447.890431999999,6447.890432,77.07142857142857,78.0,49.4095,90.263,1261.428571428571,5000.0,4.0,2211.086601787407,39247.44552691753,0.0,0.0,0.0,473.1043839999999,473.104384,39.0,39.0,9.662071428571428,10.162,300.0,405.0,1.0,439.3805193543303,7571.505923077567,60.99761904761905,71.1,4.6415918811428565,4.909584384,19.6,4.36105235504762,4.444860416,29.249376256,0.0,2650.467121141737,0.7362408669838159,0.5249397381594607,713.0,762,Tesla T4,16106.12736,70.0,GPU-963b21b5-f207-d656-ea08-0b456c098fd0,Tesla T4,16106.12736,70.0,GPU-597f445a-b1c6-ff93-9d9b-85a347924989,580.159.04,0.0,62,1.0,20,1.0,5,1.0,41
a-mobilenetv4-base-f1-s1,a,mobilenetv4,base,1,1,18,882,56448,1787867053.2781117,1787867098.6958892,2026-08-27T21:44:13Z,2026-08-27T21:44:58Z,acct4,3,4e3d33,Interactive,734a43176ed3,v2,0.0035624751547445,0.9993622448979592,0.3166025429964065,0.0002605111706814,0.6186067201337666,19.283714294433597,6.847762415418401e-05,0.288951671496031,15.071769866943324,0.0408163265306122,371.82621842170266,4.334120426943515e-07,128.0,0,0,45.3928587436676,42.86888027191162,2.5230021476745605,29.893210411071777,12.480469465255736,11.307944297790527,0.3306834697723388,0.658544344604468,0.2630831368115483,0.2613351345062256,0.2656664371490478,0.3014997005462645,73.15329861915609,8437074,8437074,817.7189042568207,48830.94932772397,60,384,64,coral,coral_bce,0.0,session_balanced,adamw,0.0003,0.05,cosine,5,60,5.0,True,full,raw,full_frame,dataset_v1_1,fp16,2,mobilenetv4,1,1,base,a,734a43176ed3,0.5234375,0.6720430107526881,0.4759285452354759,0.5234375,0.436633172245796,0.7489711934156379,0.6720430107526881,0.0317460317460317,0.0161290322580645,1.0,62,0.396039603960396,1.0,0.2469135802469135,20,1.0,1.0,1.0,46,0.6330827067669174,0.4765625,0.3796281582710948,0.5436396373377366,0.6332050843992781,0.5030525958147479,0.8621635297313333,0.992302466684313,0.7192240416026506,0.3387260297313332,0.3467843849211931,0.8292394916216532,0.3467843849211931,28.72093023255814,99.0,0.0,6447.890431999999,6447.890432,77.20930232558139,78.0,51.95283720930233,85.354,1294.5348837209303,5000.0,4.0,2311.4333566483765,41578.15520382118,0.0,0.0,0.0,473.1043839999999,473.104384,39.0,39.0,9.708209302325582,10.456,300.0,405.0,1.0,443.0371308658096,8018.940526740532,60.84418604651163,69.8,4.634039415069768,4.827983872,19.3,4.359739820651163,4.390465536,29.249376256,0.0,2754.470487514186,0.7651306909761628,0.5455381826660041,713.0,764,Tesla T4,16106.12736,70.0,GPU-963b21b5-f207-d656-ea08-0b456c098fd0,Tesla T4,16106.12736,70.0,GPU-597f445a-b1c6-ff93-9d9b-85a347924989,580.159.04,0.0161290322580645,62,1.0,20,1.0,5,1.0,41
a-mobilenetv4-base-f1-s1,a,mobilenetv4,base,1,1,19,931,59584,1787867098.967682,1787867145.2845018,2026-08-27T21:44:58Z,2026-08-27T21:45:45Z,acct4,3,4e3d33,Interactive,734a43176ed3,v2,1.988069759707694e-05,1.0,0.1100867912173271,0.0002545406352982,0.0187283197846041,0.90833842754364,2.324315755686257e-05,0.0010337351821362,0.4740727922320329,0.0,371.8169731944525,1.2821142550557096e-08,128.0,0,0,46.28516602516174,43.72941708564758,2.55430269241333,30.80484700202942,12.38911747932434,11.191819190979004,0.3687896728515625,0.6655447014121794,0.2621131819121691,0.2594585418701172,0.2677011966705322,0.2990856647491454,71.7137389199104,8437074,8437074,864.0040702819824,51608.71643036531,60,384,64,coral,coral_bce,0.0,session_balanced,adamw,0.0003,0.05,cosine,5,60,5.0,True,full,raw,full_frame,dataset_v1_1,fp16,2,mobilenetv4,1,1,base,a,734a43176ed3,0.9296875,0.9516129032258064,0.9126885536823424,0.9296875,0.9333934117125112,0.896551724137931,0.9516129032258064,0.9217391304347826,0.8548387096774194,1.0,62,0.8163265306122449,1.0,0.6896551724137931,20,1.0,1.0,1.0,46,0.9561510353227772,0.0703125,0.8892520669102095,0.8966022889397937,0.2201735965696759,0.1362164050993682,0.84618277894333,0.8645183769594721,0.6037454273965623,-0.0835047210566699,0.1110785068012774,0.3401042819023132,0.1110785068012774,27.90909090909091,99.0,0.0,6447.890431999999,6447.890432,77.02272727272727,78.0,51.19240909090909,97.327,1335.6818181818182,5000.0,4.0,2330.342327212573,43927.53104277992,0.0,0.0,0.0,473.1043839999999,473.104384,39.0,39.0,9.567477272727272,9.964,300.0,405.0,1.0,447.42477542876986,8470.70764713929,60.1909090909091,73.5,4.641967848727273,4.75891712,19.8,4.360612398545455,4.429590528,29.249376256,0.0,2777.7671026413427,0.7716019729559286,0.550152206717577,713.0,778,Tesla T4,16106.12736,70.0,GPU-963b21b5-f207-d656-ea08-0b456c098fd0,Tesla T4,16106.12736,70.0,GPU-597f445a-b1c6-ff93-9d9b-85a347924989,580.159.04,0.8548387096774194,62,1.0,20,1.0,5,1.0,41
a-mobilenetv4-base-f1-s1,a,mobilenetv4,base,1,1,20,980,62720,1787867145.548973,1787867191.8718505,2026-08-27T21:45:45Z,2026-08-27T21:46:31Z,acct4,3,4e3d33,Interactive,734a43176ed3,v2,1.2320392112505634e-06,1.0,0.1664265394210815,0.0002482291100917,0.0001903442344263,0.0032011012081056,2.538949775043875e-05,0.001206698664464,0.0022497641388326,0.0,371.8073904919574,1.2707918436004676e-10,128.0,0,0,46.29956340789795,43.7321412563324,2.5664727687835693,30.866494178771973,12.36484956741333,11.106025457382202,0.3325722217559814,0.6666692276736815,0.2608462888367322,0.2597846984863281,0.2638193130493164,0.2888248252868652,71.70927171433455,8437074,8437074,910.3036336898804,54365.78586836648,60,384,64,coral,coral_bce,0.0,session_balanced,adamw,0.0003,0.05,cosine,5,60,5.0,True,full,raw,full_frame,dataset_v1_1,fp16,2,mobilenetv4,1,1,base,a,734a43176ed3,0.8046875,0.8655913978494624,0.7876197876197876,0.8046875,0.8175869269619269,0.8148148148148149,0.8655913978494624,0.7474747474747475,0.5967741935483871,1.0,62,0.6153846153846153,1.0,0.4444444444444444,20,1.0,1.0,1.0,46,0.8706338939197931,0.1953125,0.7110348564204443,0.7541890404379249,0.3328530893838839,0.2378525171646238,0.8177568516694009,0.8647981112443127,0.6239468622207641,0.0130693516694009,0.0556778642348945,0.2318803412573677,0.0556778642348945,24.181818181818183,99.0,0.0,6447.890431999999,6447.890432,76.88636363636364,78.0,51.65202272727272,90.083,1298.8636363636365,5000.0,4.0,2311.1837630000373,46258.21464512637,0.0,0.0,0.0,473.1043839999999,473.104384,39.0,39.0,9.558204545454547,10.456,300.0,405.0,1.0,445.8856750011346,8921.055612637727,60.13636363636363,71.0,4.688107985454546,4.87766016,19.5,4.359008256000001,4.359008256,29.136121856,0.0,2757.069438001172,0.7658526216669922,0.5460529192485655,713.0,778,Tesla T4,16106.12736,70.0,GPU-963b21b5-f207-d656-ea08-0b456c098fd0,Tesla T4,16106.12736,70.0,GPU-597f445a-b1c6-ff93-9d9b-85a347924989,580.159.04,0.5967741935483871,62,1.0,20,1.0,5,1.0,41
a-mobilenetv4-base-f1-s1,a,mobilenetv4,base,1,1,21,1029,65856,1787867192.36976,1787867239.2970324,2026-08-27T21:46:32Z,2026-08-27T21:47:19Z,acct4,3,4e3d33,Interactive,734a43176ed3,v2,1.6611265631248e-06,1.0,0.0339604327455163,0.0002415971819453,0.0003184866352428,0.0087393000721931,2.9316968721104782e-05,0.000371928763343,0.0066134572029113,0.0,371.7982714648335,2.0695489857647958e-10,128.0,0,0,46.901646852493286,44.22507190704346,2.674915313720703,31.32560515403748,12.366868257522585,11.195061922073364,0.3632457256317138,0.6678998981114074,0.2614555991425806,0.2602574825286865,0.2655329704284668,0.2832356166839599,70.91000341597066,8437074,8437074,957.2052805423735,57149.80694857591,60,384,64,coral,coral_bce,0.0,session_balanced,adamw,0.0003,0.05,cosine,5,60,5.0,True,full,raw,full_frame,dataset_v1_1,fp16,2,mobilenetv4,1,1,base,a,734a43176ed3,1.0,1.0,1.0,1.0,1.0,1.0,1.0,1.0,1.0,1.0,62,1.0,1.0,1.0,20,1.0,1.0,1.0,46,1.0,0.0,1.0,1.0,0.067920882142304,0.0217479314408256,0.9385641012340784,0.9385641012340784,,-0.0614358987659215,0.0614358987659216,0.3084939462797982,0.0614358987659216,25.431818181818183,99.0,0.0,6447.890431999999,6447.890432,77.0909090909091,78.0,48.11461363636364,90.319,1348.9772727272727,5000.0,4.0,2331.9614749409666,48622.23924621079,0.0,0.0,0.0,473.1043839999999,473.104384,39.0,39.0,9.511363636363638,10.258,300.0,405.0,1.0,452.0596052684614,9379.787005428503,60.875,73.1,4.663036928,4.856147968,19.4,4.361087534545455,4.450496512,29.249376256,0.0,2784.021080209428,0.7733391889470633,0.5513908417192561,713.0,790,Tesla T4,16106.12736,70.0,GPU-963b21b5-f207-d656-ea08-0b456c098fd0,Tesla T4,16106.12736,70.0,GPU-597f445a-b1c6-ff93-9d9b-85a347924989,580.159.04,1.0,62,1.0,20,1.0,5,1.0,41
a-mobilenetv4-base-f1-s1,a,mobilenetv4,base,1,1,22,1078,68992,1787867239.5664454,1787867285.975945,2026-08-27T21:47:19Z,2026-08-27T21:48:05Z,acct4,3,4e3d33,Interactive,734a43176ed3,v2,4.609767998564051e-07,1.0,0.0493956804275512,0.00023466648283,4.4463346676062265e-05,0.0005673704436048,1.7647887943894602e-05,0.0001634838670724,0.000460093691945,0.0,371.7891351157175,2.806444888733943e-11,128.0,0,0,46.386242151260376,43.776028871536255,2.609300374984741,30.85902452468872,12.397645950317385,11.111591815948486,0.3429615497589111,0.6652624376008057,0.2618543031264324,0.259986400604248,0.2646452903747558,0.2974705219268798,71.63737965366401,8437074,8437074,1003.591522693634,59916.65232430315,60,384,64,coral,coral_bce,0.0,session_balanced,adamw,0.0003,0.05,cosine,5,60,5.0,True,full,raw,full_frame,dataset_v1_1,fp16,2,mobilenetv4,1,1,base,a,734a43176ed3,1.0,1.0,1.0,1.0,1.0,1.0,1.0,1.0,1.0,1.0,62,1.0,1.0,1.0,20,1.0,1.0,1.0,46,1.0,0.0,1.0,1.0,0.0987913740724182,0.0403388783566978,0.9139475203119218,0.9139475203119218,,-0.0860524796880781,0.0860524796880781,0.4114481210708618,0.0860524796880781,27.023255813953487,99.0,0.0,6447.890431999999,6447.890432,77.18604651162791,78.0,50.85558139534884,100.434,1340.2325581395348,5000.0,4.0,2324.1724258308823,50962.46326572301,0.0,0.0,0.0,473.1043839999999,473.104384,39.0,39.0,9.459139534883723,10.063,300.0,405.0,1.0,442.67294989635593,9826.18741609809,61.75116279069767,72.4,4.673704507534884,4.945211392,19.7,4.360290018232559,4.40875008,29.249376256,0.0,2766.845375727238,0.7685681599242329,0.547989098025978,713.0,780,Tesla T4,16106.12736,70.0,GPU-963b21b5-f207-d656-ea08-0b456c098fd0,Tesla T4,16106.12736,70.0,GPU-597f445a-b1c6-ff93-9d9b-85a347924989,580.159.04,1.0,62,1.0,20,1.0,5,1.0,41
a-mobilenetv4-base-f1-s1,a,mobilenetv4,base,1,1,23,1127,72128,1787867286.2448866,1787867331.3587923,2026-08-27T21:48:06Z,2026-08-27T21:48:51Z,acct4,3,4e3d33,Interactive,734a43176ed3,v2,1.0044859225397616e-06,1.0,0.0407356778159737,0.0002274596192458,0.0004007280083465,0.0092743746936321,1.4242618817661423e-05,0.0020601374097168,0.0064961246028542,0.0,371.7809205007083,2.4516976308760953e-10,128.0,0,0,45.09167742729187,42.55116581916809,2.5395853519439697,29.64984488487244,12.391307592391968,11.090033292770386,0.3363378047943115,0.6575458394219502,0.2615158849832963,0.2596666812896728,0.265365743637085,0.2960230350494384,73.69950833608702,8437074,8437074,1048.683200120926,62590.38159748912,60,384,64,coral,coral_bce,0.0,session_balanced,adamw,0.0003,0.05,cosine,5,60,5.0,True,full,raw,full_frame,dataset_v1_1,fp16,2,mobilenetv4,1,1,base,a,734a43176ed3,1.0,1.0,1.0,1.0,1.0,1.0,1.0,1.0,1.0,1.0,62,1.0,1.0,1.0,20,1.0,1.0,1.0,46,1.0,0.0,1.0,1.0,0.0814713686670345,0.0303483425207754,0.927917093038559,0.927917093038559,,-0.072082906961441,0.072082906961441,0.3623682090214321,0.072082906961441,30.3953488372093,99.0,0.0,6447.890431999999,6447.890432,76.83720930232558,78.0,48.57988372093023,78.517,1323.8372093023256,5000.0,4.0,2243.979392104615,53219.1721754079,0.0,0.0,0.0,473.1043839999999,473.104384,39.0,39.0,9.447418604651164,9.864,300.0,405.0,1.0,429.7498810813522,10259.169139410476,61.40465116279068,71.6,4.688453631999999,4.816760832,20.0,4.362720946604651,4.434112512,29.249376256,0.0,2673.729273185967,0.7427025758849909,0.5295469366059985,713.0,758,Tesla T4,16106.12736,70.0,GPU-963b21b5-f207-d656-ea08-0b456c098fd0,Tesla T4,16106.12736,70.0,GPU-597f445a-b1c6-ff93-9d9b-85a347924989,580.159.04,1.0,62,1.0,20,1.0,5,1.0,41
a-mobilenetv4-base-f1-s1,a,mobilenetv4,base,1,1,24,1176,75264,1787867331.6106534,1787867376.5997343,2026-08-27T21:48:51Z,2026-08-27T21:49:36Z,acct4,3,4e3d33,Interactive,734a43176ed3,v2,7.856084464596278e-07,1.0,0.0320465117692947,0.0002200000984838,0.0001259402161692,0.0024545011110603,1.961123416549526e-05,0.0003019067575223,0.0022182332538068,0.0,371.772562106428,7.452637118601526e-11,128.0,0,0,44.9651038646698,42.37625169754028,2.587836742401123,29.45776653289795,12.38149619102478,11.169670104980469,0.3595643043518066,0.6551250636839661,0.2616920860446229,0.2613844871520996,0.2651638984680176,0.2734941959381103,74.00371374002454,8437074,8437074,1093.6483039855957,65261.83731740406,60,384,64,coral,coral_bce,0.0,session_balanced,adamw,0.0003,0.05,cosine,5,60,5.0,True,full,raw,full_frame,dataset_v1_1,fp16,2,mobilenetv4,1,1,base,a,734a43176ed3,1.0,1.0,1.0,1.0,1.0,1.0,1.0,1.0,1.0,1.0,62,1.0,1.0,1.0,20,1.0,1.0,1.0,46,1.0,0.0,1.0,1.0,0.0640930273409292,0.0194383317820152,0.941629090346396,0.941629090346396,,-0.058370909653604,0.058370909653604,0.2885080661092486,0.058370909653604,25.19047619047619,99.0,0.0,6447.890431999999,6447.890432,77.04761904761905,78.0,50.428976190476185,90.401,1317.142857142857,5000.0,4.0,2243.1219383280622,55475.87199463253,0.0,0.0,0.0,473.1043839999999,473.104384,39.0,39.0,9.444666666666668,9.864,300.0,405.0,1.0,428.3337815868781,10691.016355664704,62.15000000000001,72.9,4.706432243809524,4.921618432,19.7,4.364800390095239,4.455739392,29.249376256,0.0,2671.4557199149403,0.7420710333097057,0.5290966467498202,713.0,758,Tesla T4,16106.12736,70.0,GPU-963b21b5-f207-d656-ea08-0b456c098fd0,Tesla T4,16106.12736,70.0,GPU-597f445a-b1c6-ff93-9d9b-85a347924989,580.159.04,1.0,62,1.0,20,1.0,5,1.0,41
a-mobilenetv4-base-f1-s1,a,mobilenetv4,base,1,1,25,1225,78400,1787867376.869541,1787867422.585498,2026-08-27T21:49:36Z,2026-08-27T21:50:22Z,acct4,3,4e3d33,Interactive,734a43176ed3,v2,1.1806900907914856e-06,1.0,0.050362991169095,0.0002123122519502,0.000111415968251,0.0023532332852482,1.3765517905994784e-05,0.0005320325319189,0.0017532142996787,0.0,371.76448135509696,6.362892720782104e-11,128.0,0,0,45.69187617301941,43.17429804801941,2.5166571140289307,30.295072078704838,12.351426362991331,11.041563749313354,0.3477668762207031,0.663029724671139,0.2608691040350466,0.2597913742065429,0.2633576393127441,0.2892838478088377,72.63580745452008,8437074,8437074,1139.340180158615,67986.7420368159,60,384,64,coral,coral_bce,0.0,session_balanced,adamw,0.0003,0.05,cosine,5,60,5.0,True,full,raw,full_frame,dataset_v1_1,fp16,2,mobilenetv4,1,1,base,a,734a43176ed3,1.0,1.0,1.0,1.0,1.0,1.0,1.0,1.0,1.0,1.0,62,1.0,1.0,1.0,20,1.0,1.0,1.0,46,1.0,0.0,1.0,1.0,0.1007259911399356,0.0416878133504048,0.9124871003441511,0.9124871003441511,,-0.0875128996558487,0.0875128996558487,0.4110596179962158,0.0875128996558487,30.69047619047619,99.0,6.0,6447.890431999999,6447.890432,76.95238095238095,78.0,50.52838095238095,89.539,1375.357142857143,5000.0,4.0,2289.397465896378,57786.27309586197,0.0,0.0,0.0,473.1043839999999,473.104384,39.0,39.0,9.498523809523808,10.655,300.0,405.0,1.0,435.5072535154595,11131.603066961956,62.05238095238096,71.0,4.780386791619048,5.045121024,20.0,4.359008256,4.359008256,29.136121856,0.0,2724.904719411837,0.7569179776143993,0.5396825180390667,713.0,766,Tesla T4,16106.12736,70.0,GPU-963b21b5-f207-d656-ea08-0b456c098fd0,Tesla T4,16106.12736,70.0,GPU-597f445a-b1c6-ff93-9d9b-85a347924989,580.159.04,1.0,62,1.0,20,1.0,5,1.0,41
a-mobilenetv4-base-f1-s1,a,mobilenetv4,base,1,1,26,1274,81536,1787867422.876286,1787867469.4341812,2026-08-27T21:50:22Z,2026-08-27T21:51:09Z,acct4,3,4e3d33,Interactive,734a43176ed3,v2,2.9222416373874103e-06,1.0,0.0519084390252828,0.0002044211558025,0.0014868843039999,0.0707194432616233,1.0920894055743702e-05,0.0001377777400193,0.0373927445150909,0.0,371.7564485648406,8.17606820653179e-10,128.0,0,0,46.53400588035584,43.98674464225769,2.546196222305298,31.087050199508667,12.360597133636476,11.099569082260132,0.3633711338043213,0.6680501627011646,0.2615480909542161,0.2597591876983642,0.2679377079010009,0.2786699867248535,71.29420523171136,8437074,8437074,1185.874186038971,70755.50148217654,60,384,64,coral,coral_bce,0.0,session_balanced,adamw,0.0003,0.05,cosine,5,60,5.0,True,full,raw,full_frame,dataset_v1_1,fp16,2,mobilenetv4,1,1,base,a,734a43176ed3,1.0,1.0,1.0,1.0,1.0,1.0,1.0,1.0,1.0,1.0,62,1.0,1.0,1.0,20,1.0,1.0,1.0,46,1.0,0.0,1.0,1.0,0.1038168905990483,0.0432028724707956,0.9098336515016854,0.9098336515016854,,-0.0901663484983146,0.0901663484983146,0.4115337133407593,0.0901663484983146,29.302325581395348,99.0,0.0,6447.890431999999,6447.890432,76.97674418604652,78.0,50.82151162790697,86.721,1359.7674418604652,5000.0,4.0,2323.197133749949,60124.32174629717,0.0,0.0,0.0,473.1043839999999,473.104384,39.0,39.0,9.481139534883722,10.158,300.0,405.0,1.0,445.5623116106945,11580.986272973963,61.39534883720931,71.2,4.645881998883722,4.96265216,19.7,4.359008256000001,4.359008256,29.136121856,0.0,2768.7594453606434,0.7690998459335121,0.548368190150594,713.0,784,Tesla T4,16106.12736,70.0,GPU-963b21b5-f207-d656-ea08-0b456c098fd0,Tesla T4,16106.12736,70.0,GPU-597f445a-b1c6-ff93-9d9b-85a347924989,580.159.04,1.0,62,1.0,20,1.0,5,1.0,41
a-mobilenetv4-base-f1-s1,a,mobilenetv4,base,1,1,27,1323,84672,1787867469.6951025,1787867515.6005273,2026-08-27T21:51:09Z,2026-08-27T21:51:55Z,acct4,3,4e3d33,Interactive,734a43176ed3,v2,9.314944560452026e-07,1.0,0.0414756145328283,0.0001963525491562,0.0002303766472823,0.0088773472234606,7.554034709755797e-06,0.0004322345252148,0.0050552485790103,0.0,371.7488137909288,1.216817385337823e-10,128.0,0,0,45.88163995742798,43.264488697052,2.6162397861480717,30.37538146972656,12.395487070083618,11.125511646270752,0.3268940448760986,0.6620378325166854,0.2613341516377974,0.259843111038208,0.2631879806518554,0.2911186122894286,72.48438833887533,8437074,8437074,1231.755825996399,73509.51319071658,60,384,64,coral,coral_bce,0.0,session_balanced,adamw,0.0003,0.05,cosine,5,60,5.0,True,full,raw,full_frame,dataset_v1_1,fp16,2,mobilenetv4,1,1,base,a,734a43176ed3,1.0,1.0,1.0,1.0,1.0,1.0,1.0,1.0,1.0,1.0,62,1.0,1.0,1.0,20,1.0,1.0,1.0,46,1.0,0.0,1.0,1.0,0.0829512565735997,0.0321070188766634,0.9271205691620708,0.9271205691620708,,-0.0728794308379292,0.0728794308379292,0.4044486284255981,0.0728794308379292,27.511627906976745,99.0,0.0,6447.890431999999,6447.890432,77.30232558139535,78.0,52.09881395348838,93.636,1334.6511627906978,5000.0,4.0,2313.608798292,62450.4868195888,0.0,0.0,0.0,473.1043839999999,473.104384,39.0,39.0,9.493186046511626,10.258,300.0,405.0,1.0,440.4029102480436,12024.585336134149,60.89302325581396,70.9,4.642191502883721,4.781727744,19.4,4.364165786790698,4.466683904,29.249376256,0.0,2754.0117085400434,0.7650032523722343,0.5454473189414031,713.0,772,Tesla T4,16106.12736,70.0,GPU-963b21b5-f207-d656-ea08-0b456c098fd0,Tesla T4,16106.12736,70.0,GPU-597f445a-b1c6-ff93-9d9b-85a347924989,580.159.04,1.0,62,1.0,20,1.0,5,1.0,41
a-mobilenetv4-base-f1-s1,a,mobilenetv4,base,1,1,28,1372,87808,1787867515.8674457,1787867560.9743438,2026-08-27T21:51:55Z,2026-08-27T21:52:40Z,acct4,3,4e3d33,Interactive,734a43176ed3,v2,2.772026641746512e-07,1.0,0.0422403858974576,0.000188132750129,2.2807917967985043e-05,0.0005121179856359,8.3467084550648e-06,5.48083706235047e-05,0.0003035769541747,0.0,371.74145359144495,1.154274372841408e-11,128.0,0,0,45.08148646354675,42.61100554466248,2.469612598419189,29.70293593406677,12.382815599441528,11.07712459564209,0.3471295833587646,0.6588721505020648,0.2615025724683489,0.2603042125701904,0.2632590770721436,0.2977617263793944,73.59601023057341,8437074,8437074,1276.8373124599457,76214.68157154405,60,384,64,coral,coral_bce,0.0,session_balanced,adamw,0.0003,0.05,cosine,5,60,5.0,True,full,raw,full_frame,dataset_v1_1,fp16,2,mobilenetv4,1,1,base,a,734a43176ed3,1.0,1.0,1.0,1.0,1.0,1.0,1.0,1.0,1.0,1.0,62,1.0,1.0,1.0,20,1.0,1.0,1.0,46,1.0,0.0,1.0,1.0,0.0844807963715211,0.0324802959246309,0.92564398329705,0.92564398329705,,-0.07435601670295,0.0743560167029499,0.3723713840757098,0.0743560167029499,31.928571428571427,99.0,0.0,6447.890431999999,6447.890432,76.92857142857143,78.0,51.65519047619048,95.271,1324.642857142857,5000.0,4.0,2274.414401921553,64745.7839339928,0.0,0.0,0.0,473.1043839999999,473.104384,39.0,39.0,9.481785714285715,10.456,300.0,405.0,1.0,430.7539789059192,12460.351427285388,61.96904761904763,71.7,4.611729700571429,4.8268288,19.7,4.3590144,4.35904512,29.136121856,0.0,2705.168380827472,0.7514356613409644,0.5357736265361077,713.0,756,Tesla T4,16106.12736,70.0,GPU-963b21b5-f207-d656-ea08-0b456c098fd0,Tesla T4,16106.12736,70.0,GPU-597f445a-b1c6-ff93-9d9b-85a347924989,580.159.04,1.0,62,1.0,20,1.0,5,1.0,41
a-mobilenetv4-base-f1-s1,a,mobilenetv4,base,1,1,29,1421,90944,1787867561.2457807,1787867606.646233,2026-08-27T21:52:41Z,2026-08-27T21:53:26Z,acct4,3,4e3d33,Interactive,734a43176ed3,v2,3.076208878013341e-07,1.0,0.1129952669143676,0.0001797885699968,3.0215340780043745e-05,0.000281537300907,8.018128937692381e-06,0.0001905930548673,0.0002712688269093,0.0,371.7343985751096,1.4613586828753775e-11,128.0,0,0,45.3758442401886,42.91641330718994,2.4585063457489014,30.07998561859131,12.3206787109375,11.167934894561768,0.3458778858184814,0.6629074592941675,0.2601010507466841,0.259836196899414,0.2621102809906006,0.2751620769500731,73.07227604396789,8437074,8437074,1322.2131567001345,78932.71045191227,60,384,64,coral,coral_bce,0.0,session_balanced,adamw,0.0003,0.05,cosine,5,60,5.0,True,full,raw,full_frame,dataset_v1_1,fp16,2,mobilenetv4,1,1,base,a,734a43176ed3,0.9140625,0.9408602150537636,0.8956561975822778,0.9140625,0.9191474709352768,0.8817204301075269,0.9408602150537636,0.9026548672566372,0.8225806451612904,1.0,62,0.7843137254901961,1.0,0.6451612903225806,20,1.0,1.0,1.0,46,0.9460122699386504,0.0859375,0.8657257295441542,0.8763064935578945,0.2259905524457623,0.1420450382767132,0.8468756093643606,0.8697395936036721,0.6036859588189558,-0.0671868906356394,0.1149219092912971,0.2928142760481153,0.1149219092912971,25.13953488372093,99.0,0.0,6447.890431999999,6447.890432,76.95348837209302,78.0,50.65141860465116,84.377,1321.7441860465117,5000.0,4.0,2286.517210973252,67053.61748789827,0.0,0.0,0.0,473.1043839999999,473.104384,39.0,39.0,9.431046511627908,10.162,300.0,405.0,1.0,431.5116693949713,12896.61933124371,60.88837209302325,70.3,4.568068000744186,4.849475584,19.4,4.359394423069768,4.373921792,29.249376256,0.0,2718.028880368224,0.7550080223245065,0.5383207199173731,713.0,764,Tesla T4,16106.12736,70.0,GPU-963b21b5-f207-d656-ea08-0b456c098fd0,Tesla T4,16106.12736,70.0,GPU-597f445a-b1c6-ff93-9d9b-85a347924989,580.159.04,0.8225806451612904,62,1.0,20,1.0,5,1.0,41
a-mobilenetv4-base-f1-s1,a,mobilenetv4,base,1,1,30,1470,94080,1787867606.9046006,1787867651.6055927,2026-08-27T21:53:26Z,2026-08-27T21:54:11Z,acct4,3,4e3d33,Interactive,734a43176ed3,v2,4.800265933510856e-07,1.0,0.0676048323512077,0.0001713472257409,9.836426956714004e-05,0.0023348550312221,7.508633643737994e-06,0.0001524896826595,0.0020000045374035,0.0,371.7277782698487,4.5340826507007626e-11,128.0,0,0,44.6777822971344,42.12358713150024,2.553211212158203,29.2418110370636,12.330559968948364,11.090184450149536,0.382066011428833,0.6545045329821384,0.2611594832673364,0.2598931789398193,0.2627467155456543,0.2935218906402587,74.44760082302874,8437074,8437074,1366.890938997269,81611.74517949091,60,384,64,coral,coral_bce,0.0,session_balanced,adamw,0.0003,0.05,cosine,5,60,5.0,True,full,raw,full_frame,dataset_v1_1,fp16,2,mobilenetv4,1,1,base,a,734a43176ed3,0.984375,0.989247311827957,0.9786625032526672,0.984375,0.984618950039032,0.9696969696969696,0.989247311827957,0.9836065573770492,0.967741935483871,1.0,62,0.9523809523809524,1.0,0.9090909090909092,20,1.0,1.0,1.0,46,0.990498812351544,0.015625,0.9746735259200632,0.9750899467463682,0.1352096796455829,0.0675573313550771,0.8882416719570756,0.8941828726776062,0.5139460265636444,-0.0961333280429244,0.0961333280429243,0.4216113090515136,0.0961333280429243,30.047619047619047,98.0,0.0,6447.890431999999,6447.890432,77.04761904761905,79.0,48.36730952380952,79.251,1388.571428571429,5000.0,4.0,2252.659472636471,69322.07910411494,0.0,0.0,0.0,473.1043839999999,473.104384,39.0,39.0,9.446904761904763,9.864,300.0,405.0,1.0,426.37525494218426,13326.898124011956,61.4642857142857,69.7,4.671263695238095,4.946812928,20.0,4.360697953523809,4.428128256,29.249376256,0.0,2679.0347275786557,0.7441763132162932,0.530597711323217,713.0,748,Tesla T4,16106.12736,70.0,GPU-963b21b5-f207-d656-ea08-0b456c098fd0,Tesla T4,16106.12736,70.0,GPU-597f445a-b1c6-ff93-9d9b-85a347924989,580.159.04,0.967741935483871,62,1.0,20,1.0,5,1.0,41
a-mobilenetv4-base-f1-s1,a,mobilenetv4,base,1,1,31,1519,97216,1787867652.235695,1787867697.7194405,2026-08-27T21:54:12Z,2026-08-27T21:54:57Z,acct4,3,4e3d33,Interactive,734a43176ed3,v2,0.0001328086661379,0.9996811224489796,0.0977103933691978,0.0001628362512718,0.028113023884732,1.3761447668075562,1.0069625204778276e-05,0.0001785116066457,0.7157030313601662,0.0,371.72143720046506,1.2315188103709776e-08,128.0,0,0,45.45862340927124,42.9303457736969,2.527084827423096,29.99136710166931,12.41296362876892,11.123030424118042,0.3620281219482422,0.6597508866833086,0.2623456789522755,0.2597496509552002,0.2696432590484619,0.2869908618927002,73.04856141926076,8437074,8437074,1412.34956240654,84324.30276199135,60,384,64,coral,coral_bce,0.0,session_balanced,adamw,0.0003,0.05,cosine,5,60,5.0,True,full,raw,full_frame,dataset_v1_1,fp16,2,mobilenetv4,1,1,base,a,734a43176ed3,0.9296875,0.9516129032258064,0.9126885536823424,0.9296875,0.9333934117125112,0.896551724137931,0.9516129032258064,0.9217391304347826,0.8548387096774194,1.0,62,0.8163265306122449,1.0,0.6896551724137931,20,1.0,1.0,1.0,46,0.9561510353227772,0.0703125,0.8892520669102095,0.8966022889397937,0.1954207999974663,0.1144711693560727,0.8584181773476303,0.8793867991751984,0.5811663998497857,-0.0712693226523697,0.0856920988298952,0.2960258722305298,0.0856920988298952,25.48837209302325,99.0,0.0,6447.890431999999,6447.890432,77.06976744186046,78.0,49.67186046511628,95.136,1321.046511627907,5000.0,4.0,2275.1769923236134,71628.00030366363,0.0,0.0,0.0,473.1043839999999,473.104384,39.0,39.0,9.551302325581393,10.258,300.0,405.0,1.0,437.3805901768228,13771.955134322372,60.84186046511629,71.1,4.7245135776744185,4.947615744,19.7,4.361689897674419,4.472303616,29.249376256,0.0,2712.557582500436,0.7534882173612323,0.5372370989785586,713.0,764,Tesla T4,16106.12736,70.0,GPU-963b21b5-f207-d656-ea08-0b456c098fd0,Tesla T4,16106.12736,70.0,GPU-597f445a-b1c6-ff93-9d9b-85a347924989,580.159.04,0.8548387096774194,62,1.0,20,1.0,5,1.0,41
a-mobilenetv4-base-f1-s1,a,mobilenetv4,base,1,1,32,1568,100352,1787867697.9922545,1787867743.619784,2026-08-27T21:54:57Z,2026-08-27T21:55:43Z,acct4,3,4e3d33,Interactive,734a43176ed3,v2,2.994209453427319e-05,1.0,0.4511196091771126,0.000154283407619,0.0052323194058852,0.151108056306839,4.141914541833103e-05,0.0253943413496016,0.0956783741712565,0.0,371.7164193994717,2.1717094687274133e-09,128.0,0,0,45.60247683525085,43.08105611801148,2.5206215381622314,30.15961003303528,12.40708827972412,11.206276893615724,0.3413429260253906,0.6613590341154849,0.261994050473583,0.259920597076416,0.2688095092773437,0.2899571514129637,72.7930158306609,8437074,8437074,1457.9520392417908,87059.67929359889,60,384,64,coral,coral_bce,0.0,session_balanced,adamw,0.0003,0.05,cosine,5,60,5.0,True,full,raw,full_frame,dataset_v1_1,fp16,2,mobilenetv4,1,1,base,a,734a43176ed3,0.84375,0.6666666666666666,0.6203703703703703,0.84375,0.7764756944444444,0.5853658536585366,0.6666666666666666,0.8611111111111112,1.0,0.7560975609756098,62,0.0,0.0,0.0,20,1.0,1.0,1.0,46,0.9118942731277532,0.15625,0.7212543554006968,0.7617263074577288,0.9022410788166768,0.3085013395755953,0.998983140103519,0.9999887120944484,0.9935530513525008,0.1552331401035189,0.1552331401035189,0.1552331401035189,0.1552331401035189,30.46511627906977,99.0,0.0,6447.890431999999,6447.890432,76.90697674418605,78.0,50.65974418604652,95.758,1342.3255813953488,5000.0,4.0,2290.4528049935325,73938.83568582324,0.0,0.0,0.0,473.1043839999999,473.104384,39.0,39.0,9.712953488372092,10.262,300.0,405.0,1.0,444.9237266140044,14221.203109766697,60.77209302325581,71.0,4.709447632372093,4.91503616,19.6,4.359064742697675,4.359077888,29.136121856,0.0,2735.376531607537,0.7598268143354269,0.5417565186211594,713.0,766,Tesla T4,16106.12736,70.0,GPU-963b21b5-f207-d656-ea08-0b456c098fd0,Tesla T4,16106.12736,70.0,GPU-597f445a-b1c6-ff93-9d9b-85a347924989,580.159.04,1.0,62,0.0,20,1.0,5,1.0,41
a-mobilenetv4-base-f1-s1,a,mobilenetv4,base,1,1,33,1617,103488,1787867743.8837106,1787867789.7443976,2026-08-27T21:55:43Z,2026-08-27T21:56:29Z,acct4,3,4e3d33,Interactive,734a43176ed3,v2,9.135730425991201e-08,1.0,0.3093213513493538,0.0001457165923809,6.84598260141882e-06,7.136066415114328e-05,1.2917987533000996e-06,2.7306620177114317e-05,5.4141208820510514e-05,0.0,371.7107026236457,2.683735628640284e-12,128.0,0,0,45.83683156967163,43.339247941970825,2.4967257976531982,30.50343489646912,12.328595638275146,11.07669186592102,0.3345410823822021,0.6654786958846431,0.2601674868136036,0.2598819732666015,0.2626072883605957,0.2768020439147948,72.35935437086849,8437074,8437074,1503.7888708114624,89825.6731023293,60,384,64,coral,coral_bce,0.0,session_balanced,adamw,0.0003,0.05,cosine,5,60,5.0,True,full,raw,full_frame,dataset_v1_1,fp16,2,mobilenetv4,1,1,base,a,734a43176ed3,0.84375,0.6666666666666666,0.6203703703703703,0.84375,0.7764756944444444,0.5853658536585366,0.6666666666666666,0.8611111111111112,1.0,0.7560975609756098,62,0.0,0.0,0.0,20,1.0,1.0,1.0,46,0.9118942731277532,0.15625,0.7212543554006968,0.7617263074577288,0.6186432107415634,0.2914726072908602,0.9944743462838233,0.9999129590060976,0.9651058375835418,0.1507243462838232,0.1507243462838232,0.914667397737503,0.1507243462838232,23.511627906976745,99.0,0.0,6447.890431999999,6447.890432,77.11627906976744,78.0,50.53088372093024,84.723,1407.5581395348838,5000.0,4.0,2321.9944007342274,76282.34350689061,0.0,0.0,0.0,473.1043839999999,473.104384,39.0,39.0,9.63444186046512,10.162,300.0,405.0,1.0,443.99940799617616,14669.682009512637,60.63720930232558,69.9,4.7656521823255815,4.980035584,19.8,4.36223399888372,4.445519872,29.249376256,0.0,2765.9938087304035,0.7683316135362233,0.5478204404513272,713.0,774,Tesla T4,16106.12736,70.0,GPU-963b21b5-f207-d656-ea08-0b456c098fd0,Tesla T4,16106.12736,70.0,GPU-597f445a-b1c6-ff93-9d9b-85a347924989,580.159.04,1.0,62,0.0,20,1.0,5,1.0,41
a-mobilenetv4-base-f1-s1,a,mobilenetv4,base,1,1,34,1666,106624,1787867790.0181575,1787867836.292739,2026-08-27T21:56:30Z,2026-08-27T21:57:16Z,acct4,3,4e3d33,Interactive,734a43176ed3,v2,1.8940589569389798e-07,1.0,0.3701180517673492,0.0001371637487281,1.8060291891802128e-05,0.0002504846197552,3.4849895200750325e-06,6.801218551117902e-05,0.0002321942453272,0.0,371.7053032509121,6.664465955527223e-12,128.0,0,0,46.25096654891968,43.69513535499573,2.5545427799224854,30.896703720092773,12.281439065933228,11.097901821136476,0.3457536697387695,0.6680228766119581,0.2593778250168781,0.2586214542388916,0.2613573551177978,0.278579864501953,71.77000310267849,8437074,8437074,1550.039837360382,92562.170413042,60,384,64,coral,coral_bce,0.0,session_balanced,adamw,0.0003,0.05,cosine,5,60,5.0,True,full,raw,full_frame,dataset_v1_1,fp16,2,mobilenetv4,1,1,base,a,734a43176ed3,0.84375,0.6666666666666666,0.6203703703703703,0.84375,0.7764756944444444,0.5853658536585366,0.6666666666666666,0.8611111111111112,1.0,0.7560975609756098,62,0.0,0.0,0.0,20,1.0,1.0,1.0,46,0.9118942731277532,0.15625,0.7212543554006968,0.7617263074577288,0.7402366950717807,0.3020830083771898,0.9973190780729057,0.9999687671661376,0.983010756969452,0.1535690780729055,0.1535690780729055,0.9231777787208556,0.1535690780729055,26.55813953488372,99.0,0.0,6447.890431999999,6447.890432,76.79069767441861,79.0,48.88176744186047,71.413,1352.7906976744189,5000.0,4.0,2291.346191716075,78589.5887887363,0.0,0.0,0.0,473.1043839999999,473.104384,38.97674418604651,39.0,9.553209302325582,10.357,300.0,405.0,1.0,445.1511189966423,15118.619967661376,61.03023255813954,72.3,4.730823227534884,4.990316544,19.9,4.362037676651164,4.44309504,29.249376256,0.0,2736.497310712717,0.7601381418646437,0.5419784951494909,713.0,778,Tesla T4,16106.12736,70.0,GPU-963b21b5-f207-d656-ea08-0b456c098fd0,Tesla T4,16106.12736,70.0,GPU-597f445a-b1c6-ff93-9d9b-85a347924989,580.159.04,1.0,62,0.0,20,1.0,5,1.0,41
a-mobilenetv4-base-f1-s1,a,mobilenetv4,base,1,1,35,1715,109760,1787867836.5714035,1787867882.4780548,2026-08-27T21:57:16Z,2026-08-27T21:58:02Z,acct4,3,4e3d33,Interactive,734a43176ed3,v2,1.6262557823498374e-06,1.0,0.545745346695611,0.000128652774259,0.0007292598114689,0.0220059342682361,1.929572817971348e-06,0.001324780381401,0.0167566192150115,0.0,371.700331787216,2.5241112228759656e-10,128.0,0,0,45.8822181224823,43.35018348693848,2.530681610107422,30.509398937225345,12.347227573394775,11.152525901794434,0.3276829719543457,0.6649503922365019,0.2604162741680534,0.2598624229431152,0.2627353191375732,0.2778407859802245,72.34110095392987,8437074,8437074,1595.9220554828644,95309.33411874078,60,384,64,coral,coral_bce,0.0,session_balanced,adamw,0.0003,0.05,cosine,5,60,5.0,True,full,raw,full_frame,dataset_v1_1,fp16,2,mobilenetv4,1,1,base,a,734a43176ed3,0.84375,0.6666666666666666,0.6203703703703703,0.84375,0.7764756944444444,0.5853658536585366,0.6666666666666666,0.8611111111111112,1.0,0.7560975609756098,62,0.0,0.0,0.0,20,1.0,1.0,1.0,46,0.9118942731277532,0.15625,0.7212543554006968,0.7617263074577288,1.0914927106498165,0.3111764167430558,0.999666313175112,0.9999977808307718,0.9978763878345488,0.155916313175112,0.155916313175112,0.155916313175112,0.155916313175112,28.69767441860465,99.0,0.0,6447.890431999999,6447.890432,77.16279069767442,78.0,48.98351162790698,67.241,1402.6744186046512,5000.0,4.0,2305.517733324319,80913.30825810193,0.0,0.0,0.0,473.1043839999999,473.104384,39.0,39.0,9.551023255813956,10.353,300.0,405.0,1.0,441.645972374452,15564.69905615402,61.1,71.6,4.721730964837209,4.846804992,19.4,4.362037676651163,4.471615488,29.249376256,0.0,2747.163705698771,0.7631010293607697,0.5440910339342289,713.0,768,Tesla T4,16106.12736,70.0,GPU-963b21b5-f207-d656-ea08-0b456c098fd0,Tesla T4,16106.12736,70.0,GPU-597f445a-b1c6-ff93-9d9b-85a347924989,580.159.04,1.0,62,0.0,20,1.0,5,1.0,41
a-mobilenetv4-base-f1-s1,a,mobilenetv4,base,1,1,36,1764,112896,1787867882.7563682,1787867928.6725109,2026-08-27T21:58:02Z,2026-08-27T21:58:48Z,acct4,3,4e3d33,Interactive,734a43176ed3,v2,2.0359622212431646e-07,1.0,0.4435468055311276,0.0001202114300031,5.92244594826192e-05,0.0020380318164825,2.511817228878499e-06,0.0001208114466862,0.0011911726556718,0.0,371.6958192338898,1.9153987204490587e-11,128.0,0,0,45.89024829864502,43.359949350357056,2.5294673442840576,30.477694749832157,12.366995334625244,11.167886018753052,0.3448483943939209,0.6641431650465063,0.26109123716549,0.2601511478424072,0.262884521484375,0.2953397560119626,72.32480773121974,8437074,8437074,1641.8123037815094,98090.04181635183,60,384,64,coral,coral_bce,0.0,session_balanced,adamw,0.0003,0.05,cosine,5,60,5.0,True,full,raw,full_frame,dataset_v1_1,fp16,2,mobilenetv4,1,1,base,a,734a43176ed3,0.84375,0.6666666666666666,0.6203703703703703,0.84375,0.7764756944444444,0.5853658536585366,0.6666666666666666,0.8611111111111112,1.0,0.7560975609756098,62,0.0,0.0,0.0,20,1.0,1.0,1.0,46,0.9118942731277532,0.15625,0.7212543554006968,0.7617263074577288,0.8870942394253692,0.3078821670720834,0.9988271910697222,0.9999908098468074,0.992543649673462,0.1550771910697221,0.1550771910697221,0.1550771910697221,0.1550771910697221,31.511627906976745,99.0,17.0,6447.890431999999,6447.890432,76.88372093023256,78.0,50.34581395348838,92.194,1365.3488372093022,5000.0,4.0,2342.5709447898557,83272.11587896082,0.0,0.0,0.0,473.1043839999999,473.104384,39.0,39.0,9.469744186046514,10.258,300.0,405.0,1.0,438.1367528212159,16007.076291897314,61.82093023255814,69.5,4.706999081674419,4.949815296,20.0,4.362797151255815,4.443541504,29.249376256,0.0,2780.707697611071,0.7724188048919642,0.5507346078879705,713.0,774,Tesla T4,16106.12736,70.0,GPU-963b21b5-f207-d656-ea08-0b456c098fd0,Tesla T4,16106.12736,70.0,GPU-597f445a-b1c6-ff93-9d9b-85a347924989,580.159.04,1.0,62,0.0,20,1.0,5,1.0,41
a-mobilenetv4-base-f1-s1,a,mobilenetv4,base,1,1,37,1813,116032,1787867928.9420948,1787867975.4480166,2026-08-27T21:58:48Z,2026-08-27T21:59:35Z,acct4,3,4e3d33,Interactive,734a43176ed3,v2,1.7706115891450478e-07,1.0,0.3682541027665138,0.0001118672498709,9.62924036658208e-05,0.0044756424613296,1.1670236972349812e-06,3.8441316428361297e-05,0.0023584778793155,0.0,371.6916253384212,2.8980923021210384e-11,128.0,0,0,46.477906227111816,43.879422664642334,2.596726655960083,31.016863584518436,12.349421262741089,11.17555856704712,0.3429038524627685,0.6673464039657074,0.2605808608385981,0.2593142986297607,0.2622391223907471,0.2924389648437498,71.46857933768946,8437074,8437074,1688.2902100086212,100879.20919912816,60,384,64,coral,coral_bce,0.0,session_balanced,adamw,0.0003,0.05,cosine,5,60,5.0,True,full,raw,full_frame,dataset_v1_1,fp16,2,mobilenetv4,1,1,base,a,734a43176ed3,0.84375,0.6666666666666666,0.6203703703703703,0.84375,0.7764756944444444,0.5853658536585366,0.6666666666666666,0.8611111111111112,1.0,0.7560975609756098,62,0.0,0.0,0.0,20,1.0,1.0,1.0,46,0.9118942731277532,0.15625,0.7212543554006968,0.7617263074577288,0.736508718227701,0.3014927468152606,0.9971635732799768,0.9999677643731788,0.982020941376686,0.1534135732799768,0.1534135732799768,0.917302668094635,0.1534135732799768,28.295454545454547,99.0,0.0,6447.890431999999,6447.890432,77.0,78.0,49.962568181818185,79.983,1352.7272727272727,5000.0,4.0,2347.549404654783,85640.11737444092,0.0,0.0,0.0,473.1043839999999,473.104384,39.0,39.0,9.485613636363636,9.96,300.0,405.0,1.0,441.6179781215287,16453.221984780816,60.54318181818181,70.7,4.748159720727272,5.077184512,20.1,4.361656785454546,4.459073536,29.249376256,0.0,2789.167382776312,0.7747687174378644,0.5524100955331973,713.0,782,Tesla T4,16106.12736,70.0,GPU-963b21b5-f207-d656-ea08-0b456c098fd0,Tesla T4,16106.12736,70.0,GPU-597f445a-b1c6-ff93-9d9b-85a347924989,580.159.04,1.0,62,0.0,20,1.0,5,1.0,41
a-mobilenetv4-base-f1-s1,a,mobilenetv4,base,1,1,38,1862,119168,1787867975.7172444,1787868021.3703356,2026-08-27T21:59:35Z,2026-08-27T22:00:21Z,acct4,3,4e3d33,Interactive,734a43176ed3,v2,1.2615763589932618e-07,1.0,0.2726413067430258,0.0001036474508437,1.6944913550749252e-05,0.0002303389483131,6.577839712917921e-07,9.279940568376312e-05,0.0001875506597571,0.0,371.68752989987047,4.7251977885191415e-12,128.0,0,0,45.62845873832703,43.1454827785492,2.482144355773926,30.3112907409668,12.329397678375244,11.11589503288269,0.341670274734497,0.6643066975984857,0.2602432358021639,0.2591023445129394,0.2624387264251709,0.2836331367492674,72.68431821926761,8437074,8437074,1733.9186687469482,103595.71669684746,60,384,64,coral,coral_bce,0.0,session_balanced,adamw,0.0003,0.05,cosine,5,60,5.0,True,full,raw,full_frame,dataset_v1_1,fp16,2,mobilenetv4,1,1,base,a,734a43176ed3,0.84375,0.6666666666666666,0.6203703703703703,0.84375,0.7764756944444444,0.5853658536585366,0.6666666666666666,0.8611111111111112,1.0,0.7560975609756098,62,0.0,0.0,0.0,20,1.0,1.0,1.0,46,0.9118942731277532,0.15625,0.7212543554006968,0.7617263074577288,0.5452828753203327,0.2808286818073509,0.9914974947459996,0.9998133177006686,0.9465920507907868,0.1477474947459995,0.1477474947459995,0.9055014699697496,0.1477474947459995,29.55813953488372,99.0,0.0,6447.890431999999,6447.890432,76.95348837209302,78.0,49.83458139534883,74.307,1333.6046511627908,5000.0,4.0,2281.364870909456,87941.63721183324,0.0,0.0,0.0,473.1043839999999,473.104384,39.0,39.0,9.499302325581397,9.96,300.0,405.0,1.0,435.1426268098367,16892.73938604954,61.8,89.4,4.739201166883721,4.909682688,19.9,4.380804596093023,4.58917888,29.381947392,0.0,2716.5074977192926,0.7545854160331368,0.5380194016316265,713.0,768,Tesla T4,16106.12736,70.0,GPU-963b21b5-f207-d656-ea08-0b456c098fd0,Tesla T4,16106.12736,70.0,GPU-597f445a-b1c6-ff93-9d9b-85a347924989,580.159.04,1.0,62,0.0,20,1.0,5,1.0,41
a-mobilenetv4-base-f1-s1,a,mobilenetv4,base,1,1,39,1911,122304,1787868021.642868,1787868066.770234,2026-08-27T22:00:21Z,2026-08-27T22:01:06Z,acct4,3,4e3d33,Interactive,734a43176ed3,v2,2.338003561285875e-07,1.0,0.3464730475097894,9.557884419740386e-05,4.341764217790407e-05,0.0015374806243926,3.3576022815395845e-06,8.868267468642424e-05,0.0008747791894711,0.0,371.6837834415696,1.1164888655393524e-11,128.0,0,0,45.10057806968689,42.50377535820007,2.5959601402282715,29.54109835624695,12.372128248214722,11.194432497024536,0.4138209819793701,0.6550048717912594,0.2626515505265216,0.2606425285339355,0.2647593021392822,0.3035786819458007,73.78168112294487,8437074,8437074,1779.0192468166351,106324.44586682276,60,384,64,coral,coral_bce,0.0,session_balanced,adamw,0.0003,0.05,cosine,5,60,5.0,True,full,raw,full_frame,dataset_v1_1,fp16,2,mobilenetv4,1,1,base,a,734a43176ed3,0.84375,0.6666666666666666,0.6203703703703703,0.84375,0.7764756944444444,0.5853658536585366,0.6666666666666666,0.8611111111111112,1.0,0.7560975609756098,62,0.0,0.0,0.0,20,1.0,1.0,1.0,46,0.9118942731277532,0.15625,0.7212543554006968,0.7617263074577288,0.69294700788243,0.2984374837515076,0.9963434981182218,0.999941141517074,0.9769162237644196,0.1525934981182217,0.1525934981182216,0.8971559405326843,0.1525934981182216,26.3953488372093,99.0,0.0,6447.890431999999,6447.890432,77.04651162790698,78.0,50.86925581395348,95.953,1316.1627906976744,5000.0,4.0,2301.3597669770243,90260.01441680665,0.0,0.0,0.0,473.1043839999999,473.104384,39.0,39.0,9.45813953488372,9.864,300.0,405.0,1.0,427.3694029982544,17324.473529885847,61.57906976744185,72.9,4.75233389544186,4.964286464,19.8,4.391241870883721,4.450680832,29.277544448,0.0,2728.729169975278,0.757980324993133,0.5404399717201038,713.0,756,Tesla T4,16106.12736,70.0,GPU-963b21b5-f207-d656-ea08-0b456c098fd0,Tesla T4,16106.12736,70.0,GPU-597f445a-b1c6-ff93-9d9b-85a347924989,580.159.04,1.0,62,0.0,20,1.0,5,1.0,41
a-mobilenetv4-base-f1-s1,a,mobilenetv4,base,1,1,40,1960,125440,1787868067.4679778,1787868111.9904962,2026-08-27T22:01:07Z,2026-08-27T22:01:51Z,acct4,3,4e3d33,Interactive,734a43176ed3,v2,1.4864494166949912e-07,1.0,0.3322913125157356,8.768774804971705e-05,1.942435389380233e-05,0.0003387242613825,1.6053585341069263e-06,5.426353454822671e-05,0.0003299086506012,0.0,371.6803084380924,4.582642156712424e-12,128.0,0,0,44.49808526039124,41.99094986915589,2.506267547607422,29.125086784362797,12.359700441360474,11.123199701309204,0.3355305194854736,0.6545244950188385,0.2607458075698541,0.2601697444915771,0.2629334449768066,0.2824399948120117,74.68275925578725,8437074,8437074,1823.5173320770264,108975.7358346308,60,384,64,coral,coral_bce,0.0,session_balanced,adamw,0.0003,0.05,cosine,5,60,5.0,True,full,raw,full_frame,dataset_v1_1,fp16,2,mobilenetv4,1,1,base,a,734a43176ed3,0.84375,0.6666666666666666,0.6203703703703703,0.84375,0.7764756944444444,0.5853658536585366,0.6666666666666666,0.8611111111111112,1.0,0.7560975609756098,62,0.0,0.0,0.0,20,1.0,1.0,1.0,46,0.9118942731277532,0.15625,0.7212543554006968,0.7617263074577288,0.6645830160888231,0.2958706701647086,0.995660406537354,0.999932356454708,0.9725918769836426,0.151910406537354,0.1519104065373539,0.915107528368632,0.1519104065373539,29.19047619047619,98.0,0.0,6447.890431999999,6447.890432,77.0,78.0,49.994619047619054,79.887,1358.571428571429,5000.0,4.0,2228.5925509338704,92534.18996529005,0.0,0.0,0.0,473.1043839999999,473.104384,39.0,39.0,9.437214285714283,9.964,300.0,405.0,1.0,422.6974168741762,17756.95068799957,61.15952380952382,71.2,4.879999268571429,5.083738112,20.2,4.389539547428571,4.462088192,29.277544448,0.0,2651.289967808046,0.7364694355022352,0.5251027075130937,713.0,746,Tesla T4,16106.12736,70.0,GPU-963b21b5-f207-d656-ea08-0b456c098fd0,Tesla T4,16106.12736,70.0,GPU-597f445a-b1c6-ff93-9d9b-85a347924989,580.159.04,1.0,62,0.0,20,1.0,5,1.0,41
a-mobilenetv4-base-f1-s1,a,mobilenetv4,base,1,1,41,2009,128576,1787868112.7102923,1787868158.6052277,2026-08-27T22:01:52Z,2026-08-27T22:02:38Z,acct4,3,4e3d33,Interactive,734a43176ed3,v2,3.104751232901655e-07,1.0,0.4601724930107593,7.999990151614894e-05,0.0001310845159318,0.0057035628706216,1.0596972970233764e-06,0.000118103402201,0.0031270660692825,0.0,371.6772154918422,2.821466565003636e-11,128.0,0,0,45.86963748931885,43.29279971122742,2.576002597808838,30.46537137031555,12.338546991348268,11.1896653175354,0.3280112743377685,0.6641729265335852,0.2601001359978501,0.2589132785797119,0.2636070251464844,0.2819595336914062,72.43698769582508,8437074,8437074,1869.3869695663448,111693.33149142412,60,384,64,coral,coral_bce,0.0,session_balanced,adamw,0.0003,0.05,cosine,5,60,5.0,True,full,raw,full_frame,dataset_v1_1,fp16,2,mobilenetv4,1,1,base,a,734a43176ed3,0.84375,0.6666666666666666,0.6203703703703703,0.84375,0.7764756944444444,0.5853658536585366,0.6666666666666666,0.8611111111111112,1.0,0.7560975609756098,62,0.0,0.0,0.0,20,1.0,1.0,1.0,46,0.9118942731277532,0.15625,0.7212543554006968,0.7617263074577288,0.9203460508522016,0.3087541175089444,0.999050005339086,0.9999923297652492,0.9939614534378052,0.155300005339086,0.155300005339086,0.155300005339086,0.155300005339086,25.813953488372093,99.0,0.0,6447.890431999999,6447.890432,76.90697674418605,78.0,50.51620930232559,94.611,1347.2093023255811,5000.0,4.0,2279.496760195718,94846.04856037114,0.0,0.0,0.0,473.1043839999999,473.104384,39.0,39.0,9.463465116279068,10.158,300.0,405.0,1.0,438.0988965976285,18203.38824080786,60.434883720930216,70.6,4.924547834046511,5.181427712,20.4,4.388189207813955,4.411641856,29.277544448,0.0,2717.5956567933463,0.7548876824425962,0.5382349175815712,713.0,774,Tesla T4,16106.12736,70.0,GPU-963b21b5-f207-d656-ea08-0b456c098fd0,Tesla T4,16106.12736,70.0,GPU-597f445a-b1c6-ff93-9d9b-85a347924989,580.159.04,1.0,62,0.0,20,1.0,5,1.0,41
a-mobilenetv4-base-f1-s1,a,mobilenetv4,base,1,1,42,2058,131712,1787868158.8602316,1787868204.1392488,2026-08-27T22:02:38Z,2026-08-27T22:03:24Z,acct4,3,4e3d33,Interactive,734a43176ed3,v2,2.301060815216465e-07,1.0,0.4239364676182049,7.254038075415572e-05,7.319758382607015e-05,0.001200794824399,1.1508319630593178e-06,0.0006008284050039,0.0011678054416552,0.0,371.67442766387,1.4286106887690829e-11,256.0,0,0,45.24252247810364,42.801681995391846,2.4391300678253174,29.951855421066284,12.330821752548218,11.180386781692505,0.3351402282714844,0.6620288564936296,0.2602962377120037,0.259563684463501,0.261715030670166,0.2879446411132811,73.26814867550371,8437074,8437074,1914.6294920444489,114417.09223142246,60,384,64,coral,coral_bce,0.0,session_balanced,adamw,0.0003,0.05,cosine,5,60,5.0,True,full,raw,full_frame,dataset_v1_1,fp16,2,mobilenetv4,1,1,base,a,734a43176ed3,0.84375,0.6666666666666666,0.6203703703703703,0.84375,0.7764756944444444,0.5853658536585366,0.6666666666666666,0.8611111111111112,1.0,0.7560975609756098,62,0.0,0.0,0.0,20,1.0,1.0,1.0,46,0.9118942731277532,0.15625,0.7212543554006968,0.7617263074577288,0.8478735335309163,0.3068047894318255,0.9985481770709156,0.999985428871932,0.9907870173454284,0.1547981770709157,0.1547981770709157,0.1547981770709157,0.1547981770709157,29.069767441860463,99.0,0.0,6447.890431999999,6447.890432,77.04651162790698,78.0,49.521093023255816,71.413,1383.139534883721,5000.0,4.0,2290.4783366825723,97159.1590327785,0.0,0.0,0.0,473.1043839999999,473.104384,39.0,39.0,9.518767441860463,10.357,300.0,405.0,1.0,433.2824033157485,18641.33877830463,60.77906976744186,70.4,4.913105229395348,5.1728384,20.4,4.389214731906976,4.429017088,29.277544448,0.0,2723.760739998321,0.7566002055550891,0.5394559465607786,713.0,762,Tesla T4,16106.12736,70.0,GPU-963b21b5-f207-d656-ea08-0b456c098fd0,Tesla T4,16106.12736,70.0,GPU-597f445a-b1c6-ff93-9d9b-85a347924989,580.159.04,1.0,62,0.0,20,1.0,5,1.0,41
a-mobilenetv4-base-f1-s1,a,mobilenetv4,base,1,1,43,2107,134848,1787868204.3969948,1787868249.582722,2026-08-27T22:03:24Z,2026-08-27T22:04:09Z,acct4,3,4e3d33,Interactive,734a43176ed3,v2,1.0888048376828192e-07,1.0,0.4487824067475685,6.533351716998465e-05,1.777263993893271e-05,0.0003936685970984,7.64822004839516e-07,4.8727239482104655e-05,0.0003139501810073,0.0,371.6718511764005,3.1241243396049322e-12,256.0,0,0,45.15843629837036,42.71629190444946,2.4413421154022217,29.89897632598877,12.33136749267578,11.16865372657776,0.3186902999877929,0.6620906031475615,0.2597958409056372,0.2590386867523193,0.2623250961303711,0.278675947189331,73.41461208793136,8437074,8437074,1959.7879283428192,117133.03783862924,60,384,64,coral,coral_bce,0.0,session_balanced,adamw,0.0003,0.05,cosine,5,60,5.0,True,full,raw,full_frame,dataset_v1_1,fp16,2,mobilenetv4,1,1,base,a,734a43176ed3,0.84375,0.6666666666666666,0.6203703703703703,0.84375,0.7764756944444444,0.5853658536585366,0.6666666666666666,0.8611111111111112,1.0,0.7560975609756098,62,0.0,0.0,0.0,20,1.0,1.0,1.0,46,0.9118942731277532,0.15625,0.7212543554006968,0.7617263074577288,0.8975656018108804,0.3081658619065889,0.9988985271193088,0.9999898031905844,0.9930056363344192,0.1551485271193087,0.1551485271193087,0.1551485271193087,0.1551485271193087,27.69047619047619,99.0,0.0,6447.890431999999,6447.890432,76.9047619047619,78.0,49.04783333333334,68.516,1351.071428571429,5000.0,4.0,2285.071021616168,99458.07544850367,0.0,0.0,0.0,473.1043839999999,473.104384,39.0,39.0,9.401904761904762,10.162,300.0,405.0,1.0,430.87458559061633,19075.472948292565,61.32857142857144,70.5,4.971872451047618,5.139562496,20.3,4.389920182857142,4.488327168,29.277544448,0.0,2715.945607206784,0.7544293353352178,0.5379081160940103,713.0,758,Tesla T4,16106.12736,70.0,GPU-963b21b5-f207-d656-ea08-0b456c098fd0,Tesla T4,16106.12736,70.0,GPU-597f445a-b1c6-ff93-9d9b-85a347924989,580.159.04,1.0,62,0.0,20,1.0,5,1.0,41
a-mobilenetv4-base-f1-s1,a,mobilenetv4,base,1,1,44,2156,137984,1787868249.8359902,1787868294.8235748,2026-08-27T22:04:09Z,2026-08-27T22:04:54Z,acct4,3,4e3d33,Interactive,734a43176ed3,v2,7.015292294065812e-05,1.0,0.4249876402325299,5.840281805468426e-05,0.021223040490348,1.0374099016189575,2.3113157112675253e-06,0.0001185116445412,0.5404120905324776,0.0,371.6695675618362,3.334912192182037e-09,256.0,0,0,44.96287298202515,42.5393373966217,2.4227895736694336,29.61313557624817,12.403156518936155,11.196583032608032,0.354501724243164,0.6586130647853985,0.2620761589128144,0.2607300281524658,0.2704189777374268,0.2837840366363525,73.72000110770526,8437074,8437074,2004.7508013248444,119789.52739497066,60,384,64,coral,coral_bce,0.0,session_balanced,adamw,0.0003,0.05,cosine,5,60,5.0,True,full,raw,full_frame,dataset_v1_1,fp16,2,mobilenetv4,1,1,base,a,734a43176ed3,0.84375,0.6666666666666666,0.6203703703703703,0.84375,0.7764756944444444,0.5853658536585366,0.6666666666666666,0.8611111111111112,1.0,0.7560975609756098,62,0.0,0.0,0.0,20,1.0,1.0,1.0,46,0.9118942731277532,0.15625,0.7212543554006968,0.7617263074577288,0.8499758853540766,0.3067451224292958,0.9985371576622128,0.9999910355718048,0.9906862169504166,0.1547871576622128,0.1547871576622128,0.1547871576622128,0.1547871576622128,29.44186046511628,99.0,0.0,6447.890431999999,6447.890432,77.04651162790698,78.0,48.25206976744186,83.603,1354.5348837209303,5000.0,4.0,2229.3769480340416,101706.3702815508,0.0,0.0,0.0,473.1043839999999,473.104384,39.0,39.0,9.44706976744186,9.86,300.0,405.0,1.0,427.1126083073796,19506.984767070622,61.46976744186046,70.9,4.93930638883721,5.273133056,21.0,4.390948101953489,4.453453824,29.277544448,0.0,2656.489556341421,0.7379137656503948,0.5261325149087315,713.0,758,Tesla T4,16106.12736,70.0,GPU-963b21b5-f207-d656-ea08-0b456c098fd0,Tesla T4,16106.12736,70.0,GPU-597f445a-b1c6-ff93-9d9b-85a347924989,580.159.04,1.0,62,0.0,20,1.0,5,1.0,41
a-mobilenetv4-base-f1-s1,a,mobilenetv4,base,1,1,45,2205,141120,1787868301.9551206,1787868346.7040873,2026-08-27T22:05:01Z,2026-08-27T22:05:46Z,acct4,3,4e3d33,Interactive,734a43176ed3,v2,2.0759351175350875e-08,1.0,0.4145967550664409,5.1770889908207245e-05,3.264150178413344e-06,7.90603953646496e-05,1.311942128268129e-07,5.144209444551951e-06,6.854947307147077e-05,0.0,371.6676366855884,4.546749376337208e-13,256.0,0,0,44.72329616546631,42.22586727142334,2.496611356735229,29.258323669433597,12.46901035308838,11.233349084854126,0.3354039192199707,0.6542076764911124,0.2629528434909119,0.2614920139312744,0.2680019378662109,0.2907598209381103,74.26727270850658,8437074,8437074,2049.4740974903107,122491.03188872492,60,384,64,coral,coral_bce,0.0,session_balanced,adamw,0.0003,0.05,cosine,5,60,5.0,True,full,raw,full_frame,dataset_v1_1,fp16,2,mobilenetv4,1,1,base,a,734a43176ed3,0.84375,0.6666666666666666,0.6203703703703703,0.84375,0.7764756944444444,0.5853658536585366,0.6666666666666666,0.8611111111111112,1.0,0.7560975609756098,62,0.0,0.0,0.0,20,1.0,1.0,1.0,46,0.9118942731277532,0.15625,0.7212543554006968,0.7617263074577288,0.829196818616885,0.3052647122989491,0.9981540027074516,0.9999917066759534,0.988230401277542,0.1544040027074515,0.1544040027074515,0.9329437017440796,0.1544040027074515,23.547619047619047,99.0,0.0,6447.890431999999,6447.890432,77.5,80.0,49.29442857142858,88.186,1348.2142857142858,5000.0,4.0,2268.355769652044,104226.23205490646,0.0,0.0,0.0,473.1043839999999,473.104384,39.0,39.0,9.564857142857145,10.063,300.0,405.0,1.0,433.1487241022296,20009.69812492209,60.60714285714285,71.4,4.906039296,5.138690048,20.3,4.387704051809524,4.38786048,29.164290048,0.0,2701.5044937542734,0.7504179149317426,0.5350479733463325,713.0,750,Tesla T4,16106.12736,70.0,GPU-963b21b5-f207-d656-ea08-0b456c098fd0,Tesla T4,16106.12736,70.0,GPU-597f445a-b1c6-ff93-9d9b-85a347924989,580.159.04,1.0,62,0.0,20,1.0,5,1.0,41
a-mobilenetv4-base-f1-s1,a,mobilenetv4,base,1,1,46,2254,144256,1787868346.9564376,1787868392.5282588,2026-08-27T22:05:46Z,2026-08-27T22:06:32Z,acct4,3,4e3d33,Interactive,734a43176ed3,v2,4.7818365178168476e-08,1.0,0.2125144377350807,4.5459364701706e-05,4.776044748405648e-06,8.140609133988619e-05,5.200722625886556e-07,1.5937352145556303e-05,7.076862151734522e-05,0.0,371.6657877107211,5.841698838808054e-13,256.0,0,0,45.54510974884033,43.07136821746826,2.472672700881958,30.23252844810486,12.299802303314207,11.131640911102297,0.369417667388916,0.6637930749277564,0.2602678659010906,0.2591016292572021,0.2626760959625244,0.2940882587432861,72.80938892319995,8437074,8437074,2095.019207239151,125230.3507241188,60,384,64,coral,coral_bce,0.0,session_balanced,adamw,0.0003,0.05,cosine,5,60,5.0,True,full,raw,full_frame,dataset_v1_1,fp16,2,mobilenetv4,1,1,base,a,734a43176ed3,0.84375,0.6666666666666666,0.6203703703703703,0.84375,0.7764756944444444,0.5853658536585366,0.6666666666666666,0.8611111111111112,1.0,0.7560975609756098,62,0.0,0.0,0.0,20,1.0,1.0,1.0,46,0.9118942731277532,0.15625,0.7212543554006968,0.7617263074577288,0.4250305629492922,0.2474531499302775,0.9815251845866442,0.9998170413352824,0.8827491581439972,0.1377751845866441,0.1377751845866441,0.9195754726727804,0.1377751845866441,22.142857142857142,99.0,0.0,6447.890431999999,6447.890432,76.64285714285714,78.0,51.69809523809524,102.836,1375.357142857143,5000.0,4.0,2297.9097897198226,106539.6913659657,0.0,0.0,0.0,473.1043839999999,473.104384,39.0,39.0,9.62654761904762,10.162,300.0,405.0,1.0,441.409045674056,20454.81699880745,60.833333333333336,71.5,4.92895651352381,5.053865984,20.1,4.387865258666666,4.387868672,29.164290048,0.0,2739.3188353938785,0.7609218987205218,0.5425373137877321,713.0,768,Tesla T4,16106.12736,70.0,GPU-963b21b5-f207-d656-ea08-0b456c098fd0,Tesla T4,16106.12736,70.0,GPU-597f445a-b1c6-ff93-9d9b-85a347924989,580.159.04,1.0,62,0.0,20,1.0,5,1.0,41
a-mobilenetv4-base-f1-s1,a,mobilenetv4,base,1,1,47,2303,147392,1787868392.7832415,1787868436.8433802,2026-08-27T22:06:32Z,2026-08-27T22:07:16Z,acct4,3,4e3d33,Interactive,734a43176ed3,v2,9.486187716569817e-08,1.0,0.3914614878615339,3.948882931853924e-05,2.578311312703073e-05,0.001119561609812,1.0180027487649569e-07,1.1367284787411325e-05,0.0006242967688012,0.0,371.66418286101214,2.739421769771804e-12,256.0,0,0,44.03421092033386,41.59778356552124,2.4355859756469727,28.734756231307983,12.35002875328064,11.168920278549194,0.3405368328094482,0.6525552662518364,0.260722170070726,0.2601101398468017,0.2624824047088623,0.2828613758087157,75.38863206642833,8437074,8437074,2139.053418159485,127891.14904326826,60,384,64,coral,coral_bce,0.0,session_balanced,adamw,0.0003,0.05,cosine,5,60,5.0,True,full,raw,full_frame,dataset_v1_1,fp16,2,mobilenetv4,1,1,base,a,734a43176ed3,0.84375,0.6666666666666666,0.6203703703703703,0.84375,0.7764756944444444,0.5853658536585366,0.6666666666666666,0.8611111111111112,1.0,0.7560975609756098,62,0.0,0.0,0.0,20,1.0,1.0,1.0,46,0.9118942731277532,0.15625,0.7212543554006968,0.7617263074577288,0.7829267720608157,0.3033575274163451,0.9976576697081329,0.9999871695483172,0.9850783705711365,0.1539076697081327,0.1539076697081326,0.9192084670066832,0.1539076697081326,40.75609756097561,99.0,33.0,6447.890432,6447.890432,77.0,78.0,50.64819512195122,99.786,1281.5853658536585,5000.0,4.0,2231.33608974691,108785.88702012424,0.0,0.0,0.0,473.104384,473.104384,39.0,39.0,9.712365853658534,10.357,300.0,405.0,1.0,429.462229402543,20888.114891409423,61.79756097560975,70.4,4.924615904780487,5.064835072,20.7,4.390807402146342,4.4581888,29.277544448,0.0,2660.798319149453,0.7391106442081814,0.5269858893204333,713.0,738,Tesla T4,16106.12736,70.0,GPU-963b21b5-f207-d656-ea08-0b456c098fd0,Tesla T4,16106.12736,70.0,GPU-597f445a-b1c6-ff93-9d9b-85a347924989,580.159.04,1.0,62,0.0,20,1.0,5,1.0,41
a-mobilenetv4-base-f1-s1,a,mobilenetv4,base,1,1,48,2352,150528,1787894817.2877197,1787894933.9981887,2026-08-28T05:26:57Z,2026-08-28T05:28:53Z,acct1,0,30333c,Interactive,734a43176ed3,v2,4.340172698440023e-08,1.0,0.31653551384806633,3.3878758404137624e-05,3.148623915770958e-06,4.202020863885991e-05,5.056324425822822e-07,1.685015486145856e-05,3.202462496119543e-05,0.0,371.66278850746346,2.870114314544889e-13,256.0,0,0,116.68015694618225,113.75317883491516,2.925349235534668,31.430411338806152,81.42096066474915,60.27629733085632,0.7071971893310547,0.2693723779725731,1.6778289493249388,0.2585270404815674,0.26229181289672854,36.42027351379367,27.56846034651159,8437074,8437074,2255.733575105667,134995.15227604492,60,384,64,coral,coral_bce,0.0,session_balanced,adamw,0.0003,0.05,cosine,5,60,5.0,True,full,raw,full_frame,dataset_v1_1,fp16,2,mobilenetv4,1,1,base,a,734a43176ed3,0.84375,0.6666666666666666,0.6203703703703703,0.84375,0.7764756944444444,0.5853658536585366,0.6666666666666666,0.8611111111111112,1.0,0.7560975609756098,62,0.0,0.0,0.0,20,1.0,1.0,1.0,46,0.9118942731277533,0.15625,0.7212543554006968,0.7617263074577288,0.6330745325234665,0.2901201511841016,0.9941012258641422,0.9999648514721129,0.9624376475811005,0.15035122586414218,0.15035122586414224,0.9000091850757599,0.15035122586414224,38.31818181818182,100.0,8.0,4941.563345454544,6458.376192,76.94545454545455,81.0,50.691736363636366,95.001,1381.090909090909,5000.0,4.0,5860.714880639789,5867.898981265781,0.0,0.0,0.0,473.10438400000004,473.104384,50.472727272727276,51.0,10.578763636363636,10.962,300.0,405.0,1.0,1243.2883521368506,1246.1569608833793,43.30000000000001,77.9,3.583080075636364,4.000579584,17.1,3.5373244043636367,3.688476672,28.533387264,0.0,7104.003232776639,1.9733342313268443,1.40698730693604,713.0,1982,Tesla T4,16106.12736,70.0,GPU-43a5895b-4634-8fcf-71c5-c56fc6b5bfe4,Tesla T4,16106.12736,70.0,GPU-7e83d3c6-6dae-dba4-092f-d17286ffce95,580.159.04,1.0,62,0.0,20,1.0,5,1.0,41
a-mobilenetv4-base-f1-s1,a,mobilenetv4,base,1,1,49,2401,153664,1787894934.3140361,1787894983.425222,2026-08-28T05:28:54Z,2026-08-28T05:29:43Z,acct1,0,30333c,Interactive,734a43176ed3,v2,4.722858435910972e-08,1.0,0.5006482564049861,2.8647450843757897e-05,2.1241777786652052e-05,0.0009429781930521131,1.436459768910936e-07,1.5870304559939506e-05,0.0005050630879122728,0.0,371.66160332682057,1.6373033413463448e-12,256.0,0,0,49.08987617492676,46.54024314880371,2.548839807510376,33.617743730545044,12.074568748474121,10.862831354141235,0.6694684028625488,0.6848203000299217,0.2617184531931974,0.26090335845947266,0.2646528720855713,0.29028889656066875,67.38254439224194,8437074,8437074,2304.823451280594,137873.4802869907,60,384,64,coral,coral_bce,0.0,session_balanced,adamw,0.0003,0.05,cosine,5,60,5.0,True,full,raw,full_frame,dataset_v1_1,fp16,2,mobilenetv4,1,1,base,a,734a43176ed3,0.84375,0.6666666666666666,0.6203703703703703,0.84375,0.7764756944444444,0.5853658536585366,0.6666666666666666,0.8611111111111112,1.0,0.7560975609756098,62,0.0,0.0,0.0,20,1.0,1.0,1.0,46,0.9118942731277533,0.15625,0.7212543554006968,0.7617263074577288,1.0013019552406988,0.3097396401599805,0.9993035336956382,0.9999981710204372,0.9955524921417236,0.15555353369563818,0.15555353369563818,0.15555353369563818,0.15555353369563818,28.0,98.0,0.0,6458.376192,6458.376192,77.76086956521739,80.0,46.99906521739131,79.056,1426.6304347826087,5000.0,4.0,2351.8126635050785,8238.443714191435,0.0,0.0,0.0,473.1043839999998,473.104384,50.84782608695652,51.0,10.676,11.36,300.0,405.0,1.0,526.5153474407166,1777.6880524001097,59.93478260869566,70.5,4.004468557913044,4.273963008,17.2,3.5971072000000013,3.5971072,28.437024768,0.0,2878.328010945795,0.7995355585960542,0.5700688532789866,713.0,828,Tesla T4,16106.12736,70.0,GPU-43a5895b-4634-8fcf-71c5-c56fc6b5bfe4,Tesla T4,16106.12736,70.0,GPU-7e83d3c6-6dae-dba4-092f-d17286ffce95,580.159.04,1.0,62,0.0,20,1.0,5,1.0,41
a-mobilenetv4-base-f1-s1,a,mobilenetv4,base,1,1,50,2450,156800,1787894983.7081888,1787895032.1661227,2026-08-28T05:29:43Z,2026-08-28T05:30:32Z,acct1,0,30333c,Interactive,734a43176ed3,v2,4.9794186945765194e-08,1.0,0.2719343602657318,2.38119700753228e-05,3.889551361589722e-06,3.389143603271805e-05,2.3279953609289805e-07,1.831634035625028e-05,3.0550962110282825e-05,0.0,371.66060617174605,2.492001549010184e-13,256.0,0,0,48.43573307991028,45.891459703445435,2.5432584285736084,32.998464822769165,12.01381802558899,10.83648943901062,0.6615874767303467,0.6812834806965266,0.261256286076137,0.25983214378356934,0.2627126693725586,0.30257371902465807,68.33515473826944,8437074,8437074,2353.259184360504,140725.57055094198,60,384,64,coral,coral_bce,0.0,session_balanced,adamw,0.0003,0.05,cosine,5,60,5.0,True,full,raw,full_frame,dataset_v1_1,fp16,2,mobilenetv4,1,1,base,a,734a43176ed3,0.84375,0.6666666666666666,0.6203703703703703,0.84375,0.7764756944444444,0.5853658536585366,0.6666666666666666,0.8611111111111112,1.0,0.7560975609756098,62,0.0,0.0,0.0,20,1.0,1.0,1.0,46,0.9118942731277533,0.15625,0.7212543554006968,0.7617263074577288,0.5438706997796567,0.27642005037566963,0.9902389170601964,0.9999136913705755,0.9379951357841492,0.1464889170601964,0.1464889170601964,0.9124070554971695,0.1464889170601964,28.0,99.0,0.0,6458.376192,6458.376192,76.71111111111111,79.0,48.251311111111114,76.855,1427.3333333333333,5000.0,4.0,2336.612815711247,10589.478631574853,0.0,0.0,0.0,473.10438399999987,473.104384,50.82222222222222,51.0,10.590044444444443,11.061,300.0,405.0,1.0,515.4774482400412,2297.6769712944,59.18000000000001,70.7,4.07470771768889,4.31210496,17.3,3.5971072000000013,3.5971072,28.437024768,0.0,2852.0902639512883,0.7922472955420246,0.5648723217214635,713.0,818,Tesla T4,16106.12736,70.0,GPU-43a5895b-4634-8fcf-71c5-c56fc6b5bfe4,Tesla T4,16106.12736,70.0,GPU-7e83d3c6-6dae-dba4-092f-d17286ffce95,580.159.04,1.0,62,0.0,20,1.0,5,1.0,41
a-mobilenetv4-base-f1-s1,a,mobilenetv4,base,1,1,51,2499,159936,1787895032.5121148,1787895078.6993132,2026-08-28T05:30:32Z,2026-08-28T05:31:18Z,acct1,0,30333c,Interactive,734a43176ed3,v2,4.2681128691034285e-08,1.0,0.5306822210639268,1.9388088432033443e-05,4.792767437453217e-06,0.00011859296500915661,2.47927118834923e-07,1.2831665299017913e-05,7.43439709185619e-05,0.0,371.65978285216323,2.5002059194679e-13,256.0,0,0,46.16735363006592,43.57838153839111,2.5880277156829834,30.636151790618896,12.075796127319336,10.873127460479736,0.6943073272705078,0.6635890814990851,0.2622428475594034,0.26045823097229004,0.2648061752319336,0.29403331756591794,71.9622870169533,8437074,8437074,2399.42653799057,143454.9313488262,60,384,64,coral,coral_bce,0.0,session_balanced,adamw,0.0003,0.05,cosine,5,60,5.0,True,full,raw,full_frame,dataset_v1_1,fp16,2,mobilenetv4,1,1,base,a,734a43176ed3,0.84375,0.6666666666666666,0.6203703703703703,0.84375,0.7764756944444444,0.5853658536585366,0.6666666666666666,0.8611111111111112,1.0,0.7560975609756098,62,0.0,0.0,0.0,20,1.0,1.0,1.0,46,0.9118942731277533,0.15625,0.7212543554006968,0.7617263074577288,1.0613745109271417,0.31065493188100973,0.9995355964638293,0.9999988862761745,0.9970338314771652,0.15578559646382928,0.15578559646382928,0.15578559646382928,0.15578559646382928,21.209302325581394,99.0,0.0,6458.376192,6458.376192,76.97674418604652,78.0,50.97544186046512,85.114,1339.8837209302326,5000.0,4.0,2237.1932832071816,12847.93708558582,0.0,0.0,0.0,473.1043839999999,473.104384,51.0,51.0,10.531093023255814,10.862,300.0,405.0,1.0,492.1675146770517,2795.5383507084857,61.41162790697675,69.1,4.050491344372094,4.259110912,17.2,3.5975705242790705,3.612442624,28.550279168,0.0,2729.3607978842333,0.7581557771900648,0.5405650691365163,713.0,780,Tesla T4,16106.12736,70.0,GPU-43a5895b-4634-8fcf-71c5-c56fc6b5bfe4,Tesla T4,16106.12736,70.0,GPU-7e83d3c6-6dae-dba4-092f-d17286ffce95,580.159.04,1.0,62,0.0,20,1.0,5,1.0,41
a-mobilenetv4-base-f1-s1,a,mobilenetv4,base,1,1,52,2548,163072,1787895078.9711962,1787895126.1723874,2026-08-28T05:31:18Z,2026-08-28T05:32:06Z,acct1,0,30333c,Interactive,734a43176ed3,v2,1.850592042562391e-08,1.0,0.38375044241706746,1.5390235696296265e-05,1.3243522261063845e-06,1.2443953892216086e-05,2.505112490780448e-07,6.540451249747991e-06,1.1358576448401427e-05,0.0,371.6591222006112,5.4840825065744563e-14,256.0,0,0,47.180649518966675,44.68132543563843,2.4983410835266113,31.80989909172058,12.030676126480103,10.801954746246338,0.6685705184936523,0.6742149465096483,0.2609358563715098,0.2596135139465332,0.2631837844848633,0.2944727706909178,70.18592151025771,8437074,8437074,2446.6071875095367,146216.25225707702,60,384,64,coral,coral_bce,0.0,session_balanced,adamw,0.0003,0.05,cosine,5,60,5.0,True,full,raw,full_frame,dataset_v1_1,fp16,2,mobilenetv4,1,1,base,a,734a43176ed3,0.84375,0.6666666666666666,0.6203703703703703,0.84375,0.7764756944444444,0.5853658536585366,0.6666666666666666,0.8611111111111112,1.0,0.7560975609756098,62,0.0,0.0,0.0,20,1.0,1.0,1.0,46,0.9118942731277533,0.15625,0.7212543554006968,0.7617263074577288,0.7675047560882573,0.30217999048822464,0.997348427772522,0.9999869366486868,0.9831004798412323,0.15359842777252197,0.15359842777252197,0.9058233499526978,0.15359842777252197,23.244444444444444,99.0,0.0,6458.376192,6458.376192,77.04444444444445,79.0,47.01564444444445,70.531,1398.3333333333333,5000.0,4.0,2259.479525755183,15119.44358364058,0.0,0.0,0.0,473.10438399999987,473.104384,51.0,51.0,10.556911111111111,10.858,300.0,405.0,1.0,501.84138249564194,3300.9877151029123,60.1311111111111,70.4,4.070111277511111,4.305559552,17.3,3.5987354055111123,3.670376448,28.550279168,0.0,2761.320908250825,0.7670335856252292,0.5468949465507884,713.0,796,Tesla T4,16106.12736,70.0,GPU-43a5895b-4634-8fcf-71c5-c56fc6b5bfe4,Tesla T4,16106.12736,70.0,GPU-7e83d3c6-6dae-dba4-092f-d17286ffce95,580.159.04,1.0,62,0.0,20,1.0,5,1.0,41
a-mobilenetv4-base-f1-s1,a,mobilenetv4,base,1,1,53,2597,166208,1787895126.4451063,1787895173.4150703,2026-08-28T05:32:06Z,2026-08-28T05:32:53Z,acct1,0,30333c,Interactive,734a43176ed3,v2,4.115575724911399e-08,1.0,0.4399545975051069,1.1831452032772498e-05,3.050087596693977e-06,5.766767208115198e-05,2.720659040278406e-07,1.2109118324588011e-05,3.991227960796081e-05,0.0,371.6586042036322,9.709707965288233e-14,256.0,0,0,46.949100732803345,44.40032124519348,2.5478484630584717,31.541314840316772,12.018868923187256,10.811310291290283,0.658710241317749,0.6718193607120327,0.26049237835163974,0.259476900100708,0.26140532493591306,0.293793725967407,70.63011960390907,8437074,8437074,2493.55628824234,148980.6277508047,60,384,64,coral,coral_bce,0.0,session_balanced,adamw,0.0003,0.05,cosine,5,60,5.0,True,full,raw,full_frame,dataset_v1_1,fp16,2,mobilenetv4,1,1,base,a,734a43176ed3,0.84375,0.6666666666666666,0.6203703703703703,0.84375,0.7764756944444444,0.5853658536585366,0.6666666666666666,0.8611111111111112,1.0,0.7560975609756098,62,0.0,0.0,0.0,20,1.0,1.0,1.0,46,0.9118942731277533,0.15625,0.7212543554006968,0.7617263074577288,0.8799140561931151,0.3070628916273007,0.9986182488501072,0.9999940704416346,0.9911888122558594,0.1548682488501072,0.1548682488501072,0.1548682488501072,0.1548682488501072,23.431818181818183,99.0,0.0,6458.376192,6458.376192,76.95454545454545,78.0,47.36095454545455,96.209,1411.3636363636363,5000.0,4.0,2261.4564565389064,17401.15310614657,0.0,0.0,0.0,473.10438399999987,473.104384,51.0,51.0,10.615977272727273,11.161,300.0,405.0,1.0,502.9190371887753,3809.047388089188,60.320454545454545,70.6,4.12726784,4.294111232,17.3,3.5993681920000014,3.696590848,28.550279168,0.0,2764.3754937276817,0.7678820815910227,0.5474999241743992,713.0,792,Tesla T4,16106.12736,70.0,GPU-43a5895b-4634-8fcf-71c5-c56fc6b5bfe4,Tesla T4,16106.12736,70.0,GPU-7e83d3c6-6dae-dba4-092f-d17286ffce95,580.159.04,1.0,62,0.0,20,1.0,5,1.0,41
a-mobilenetv4-base-f1-s1,a,mobilenetv4,base,1,1,54,2646,169344,1787895173.6905298,1787895222.1715956,2026-08-28T05:32:53Z,2026-08-28T05:33:42Z,acct1,0,30333c,Interactive,734a43176ed3,v2,4.011076157871196e-08,1.0,0.2881584167480469,8.723345454071307e-06,3.7660364616219886e-06,6.840178684797138e-05,2.414588493593328e-07,1.5982884360710148e-05,4.953350900905191e-05,0.0,371.658212308721,8.839421801896795e-14,256.0,0,0,48.45904469490051,45.944581747055054,2.5126595497131348,33.09760308265686,12.006582260131836,10.847764730453491,0.6642518043518066,0.683001559173118,0.260374015691329,0.2588329315185547,0.2623615741729736,0.2889632225036621,68.25614426669605,8437074,8437074,2542.0153329372406,151837.97075148107,60,384,64,coral,coral_bce,0.0,session_balanced,adamw,0.0003,0.05,cosine,5,60,5.0,True,full,raw,full_frame,dataset_v1_1,fp16,2,mobilenetv4,1,1,base,a,734a43176ed3,0.84375,0.6666666666666666,0.6203703703703703,0.84375,0.7764756944444444,0.5853658536585366,0.6666666666666666,0.8611111111111112,1.0,0.7560975609756098,62,0.0,0.0,0.0,20,1.0,1.0,1.0,46,0.9118942731277533,0.15625,0.7212543554006968,0.7617263074577288,0.576318394559827,0.28305769608030185,0.9921469162218273,0.9999358140759997,0.9500868678092956,0.14839691622182727,0.14839691622182732,0.9065075318018595,0.14839691622182732,24.73913043478261,99.0,0.0,6458.376192,6458.376192,76.93478260869566,78.0,48.0768695652174,90.458,1399.2391304347825,5000.0,4.0,2334.205446246615,19754.07054538463,0.0,0.0,0.0,473.1043839999998,473.104384,51.0,51.0,10.756086956521738,11.459,300.0,405.0,1.0,523.1375544297653,4337.099687172178,59.50652173913043,68.9,3.939620240695652,4.163731456,17.0,3.5971072000000013,3.5971072,28.437024768,0.0,2857.34300067638,0.7937063890767723,0.5659126554117386,713.0,818,Tesla T4,16106.12736,70.0,GPU-43a5895b-4634-8fcf-71c5-c56fc6b5bfe4,Tesla T4,16106.12736,70.0,GPU-7e83d3c6-6dae-dba4-092f-d17286ffce95,580.159.04,1.0,62,0.0,20,1.0,5,1.0,41
a-mobilenetv4-base-f1-s1,a,mobilenetv4,base,1,1,55,2695,172480,1787895222.4629335,1787895270.1232016,2026-08-28T05:33:42Z,2026-08-28T05:34:30Z,acct1,0,30333c,Interactive,734a43176ed3,v2,3.1825502623222375e-08,1.0,0.5141016692003006,6.076053957825411e-06,3.1445981426230094e-06,7.864330109441653e-05,2.6526669216764276e-07,1.03723665233701e-05,5.278632685076424e-05,0.0,371.6579305618237,5.140949894805661e-14,256.0,0,0,47.63762640953064,45.201972007751465,2.434830665588379,32.30918288230896,12.060794115066528,10.86726188659668,0.6633050441741943,0.6782282266659073,0.26129361074797963,0.2607753276824951,0.2643733024597168,0.28347241401672363,69.37750413770051,8437074,8437074,2589.6529593467712,154663.4902374611,60,384,64,coral,coral_bce,0.0,session_balanced,adamw,0.0003,0.05,cosine,5,60,5.0,True,full,raw,full_frame,dataset_v1_1,fp16,2,mobilenetv4,1,1,base,a,734a43176ed3,0.84375,0.6666666666666666,0.6203703703703703,0.84375,0.7764756944444444,0.5853658536585366,0.6666666666666666,0.8611111111111112,1.0,0.7560975609756098,62,0.0,0.0,0.0,20,1.0,1.0,1.0,46,0.9118942731277533,0.15625,0.7212543554006968,0.7617263074577288,1.0282109115180544,0.3101932263758088,0.9994184705428779,0.9999982085492876,0.9962878853082657,0.1556684705428779,0.1556684705428779,0.1556684705428779,0.1556684705428779,29.288888888888888,99.0,0.0,6458.376192,6458.376192,77.06666666666666,79.0,48.97962222222221,91.254,1380.3333333333333,5000.0,4.0,2306.4647763299836,22079.63485619805,0.0,0.0,0.0,473.10438399999987,473.104384,51.0,51.0,10.846422222222222,11.36,300.0,405.0,1.0,519.054709650045,4861.1215049328885,60.36,71.2,3.9047302712888885,4.080873472,16.8,3.5971072000000013,3.5971072,28.437024768,0.0,2825.5194859800285,0.7848665238833412,0.5596098315288224,713.0,800,Tesla T4,16106.12736,70.0,GPU-43a5895b-4634-8fcf-71c5-c56fc6b5bfe4,Tesla T4,16106.12736,70.0,GPU-7e83d3c6-6dae-dba4-092f-d17286ffce95,580.159.04,1.0,62,0.0,20,1.0,5,1.0,41
a-mobilenetv4-base-f1-s1,a,mobilenetv4,base,1,1,56,2744,175616,1787895270.4255662,1787895317.9278438,2026-08-28T05:34:30Z,2026-08-28T05:35:17Z,acct1,0,30333c,Interactive,734a43176ed3,v2,7.954489642305094e-08,1.0,0.6314480975401935,3.8982124586499795e-06,9.31892227094861e-06,0.00027384405257180333,1.0456534482727875e-07,2.954559022327884e-05,0.00016720524930860758,0.0,371.65774016474035,9.774352844555405e-14,256.0,0,0,47.47883915901184,44.94507122039795,2.532464027404785,32.06810641288757,12.034817218780518,10.762630224227905,0.6665832996368408,0.6754189230593437,0.26097537546741717,0.25971007347106934,0.26262354850769043,0.29821307182311985,69.77405786325136,8437074,8437074,2637.131798505783,157464.7286376143,60,384,64,coral,coral_bce,0.0,session_balanced,adamw,0.0003,0.05,cosine,5,60,5.0,True,full,raw,full_frame,dataset_v1_1,fp16,2,mobilenetv4,1,1,base,a,734a43176ed3,0.84375,0.6666666666666666,0.6203703703703703,0.84375,0.7764756944444444,0.5853658536585366,0.6666666666666666,0.8611111111111112,1.0,0.7560975609756098,62,0.0,0.0,0.0,20,1.0,1.0,1.0,46,0.9118942731277533,0.15625,0.7212543554006968,0.7617263074577288,1.2629152006480142,0.3119432756444448,0.9998603253625333,0.999999671070664,0.9991078585386276,0.15611032536253333,0.15611032536253333,0.15611032536253333,0.15611032536253333,25.477272727272727,99.0,0.0,6458.376192,6458.376192,76.97727272727273,78.0,47.55845454545454,81.353,1416.1363636363637,5000.0,4.0,2285.108340451723,24383.746368746262,0.0,0.0,0.0,473.10438399999987,473.104384,51.0,51.0,10.785522727272728,11.753,300.0,405.0,1.0,516.1300597014433,5382.340848849068,59.88409090909091,72.7,3.844867351272728,4.108509184,16.7,3.5993235083636375,3.694624768,28.550279168,0.0,2801.2384001531664,0.778121777820324,0.554800827585891,713.0,800,Tesla T4,16106.12736,70.0,GPU-43a5895b-4634-8fcf-71c5-c56fc6b5bfe4,Tesla T4,16106.12736,70.0,GPU-7e83d3c6-6dae-dba4-092f-d17286ffce95,580.159.04,1.0,62,0.0,20,1.0,5,1.0,41
a-mobilenetv4-base-f1-s1,a,mobilenetv4,base,1,1,57,2793,178752,1787895318.2309563,1787895364.5353673,2026-08-28T05:35:18Z,2026-08-28T05:36:04Z,acct1,0,30333c,Interactive,734a43176ed3,v2,7.710637665981248e-08,1.0,0.3583952225753819,2.1969246228460523e-06,1.0903843500381535e-05,0.00015981805336195976,1.8334095841510134e-07,8.3284697029739e-05,0.00015201277623418712,0.0,371.6576246436758,6.445427372198997e-14,256.0,0,0,46.28197169303894,43.737916469573975,2.542703151702881,30.858018159866333,12.036651611328125,10.795422077178955,0.6718623638153076,0.6667394890721033,0.2610332235998037,0.2603933811187744,0.2629698276519775,0.2823259162902831,71.69980312577395,8437074,8437074,2683.413770198822,160200.48830278474,60,384,64,coral,coral_bce,0.0,session_balanced,adamw,0.0003,0.05,cosine,5,60,5.0,True,full,raw,full_frame,dataset_v1_1,fp16,2,mobilenetv4,1,1,base,a,734a43176ed3,0.84375,0.6666666666666666,0.6203703703703703,0.84375,0.7764756944444444,0.5853658536585366,0.6666666666666666,0.8611111111111112,1.0,0.7560975609756098,62,0.0,0.0,0.0,20,1.0,1.0,1.0,46,0.9118942731277533,0.15625,0.7212543554006968,0.7617263074577288,0.7167940289697798,0.298512078291725,0.9963781000114977,0.9999827207238586,0.9769131481647492,0.15262810001149774,0.1526281000114977,0.8743993639945984,0.1526281000114977,25.72093023255814,99.0,0.0,6458.376192,6458.376192,77.02325581395348,78.0,47.582162790697666,73.425,1368.8372093023256,5000.0,4.0,2237.578930186053,26635.93732030726,0.0,0.0,0.0,473.1043839999999,473.104384,51.0,51.0,10.653139534883723,11.355,300.0,405.0,1.0,498.1807349843957,5884.858855357416,61.18604651162789,71.2,3.741440523906977,3.936546816,16.3,3.599544224744187,3.701899264,28.550279168,0.0,2735.759665170449,0.7599332403251247,0.5418324003518139,713.0,778,Tesla T4,16106.12736,70.0,GPU-43a5895b-4634-8fcf-71c5-c56fc6b5bfe4,Tesla T4,16106.12736,70.0,GPU-7e83d3c6-6dae-dba4-092f-d17286ffce95,580.159.04,1.0,62,0.0,20,1.0,5,1.0,41
a-mobilenetv4-base-f1-s1,a,mobilenetv4,base,1,1,58,2842,181888,1787895364.852722,1787895411.8537805,2026-08-28T05:36:04Z,2026-08-28T05:36:51Z,acct1,0,30333c,Interactive,734a43176ed3,v2,6.477967132317731e-08,1.0,0.3083060849503454,9.777396977174666e-07,1.5600431683740874e-05,0.0006437217234633863,1.0045596354757436e-07,1.3210546239861246e-05,0.0003631813626270718,0.0,371.65755283965655,4.1040902417240615e-14,256.0,0,0,46.97244334220886,44.500155448913574,2.471386671066284,31.642520427703857,12.022256135940552,10.823869228363037,0.657996416091919,0.6736400786558675,0.2605088486963389,0.2596774101257324,0.2631114959716797,0.28479514122009275,70.47166393834614,8437074,8437074,2730.386213541031,162955.35677506647,60,384,64,coral,coral_bce,0.0,session_balanced,adamw,0.0003,0.05,cosine,5,60,5.0,True,full,raw,full_frame,dataset_v1_1,fp16,2,mobilenetv4,1,1,base,a,734a43176ed3,0.84375,0.6666666666666666,0.6203703703703703,0.84375,0.7764756944444444,0.5853658536585366,0.6666666666666666,0.8611111111111112,1.0,0.7560975609756098,62,0.0,0.0,0.0,20,1.0,1.0,1.0,46,0.9118942731277533,0.15625,0.7212543554006968,0.7617263074577288,0.6166133711546019,0.2887660183272771,0.9937303401529789,0.999944657087326,0.9601730287075043,0.1499803401529789,0.14998034015297887,0.8945237100124359,0.14998034015297887,21.545454545454547,99.0,0.0,6458.376192,6458.376192,77.02272727272727,78.0,46.937295454545456,80.716,1410.0,5000.0,4.0,2251.3472808172883,28907.858615753437,0.0,0.0,0.0,473.10438399999987,473.104384,51.0,51.0,10.64015909090909,11.156,300.0,405.0,1.0,503.5211914644269,6393.554588033925,60.29545454545455,70.1,3.752510370909091,3.947474944,16.3,3.599536500363637,3.703996416,28.550279168,0.0,2754.868472281715,0.7652412423004764,0.5456170057602396,713.0,792,Tesla T4,16106.12736,70.0,GPU-43a5895b-4634-8fcf-71c5-c56fc6b5bfe4,Tesla T4,16106.12736,70.0,GPU-7e83d3c6-6dae-dba4-092f-d17286ffce95,580.159.04,1.0,62,0.0,20,1.0,5,1.0,41
a-mobilenetv4-base-f1-s1,a,mobilenetv4,base,1,1,59,2891,185024,1787895412.1579587,1787895459.428753,2026-08-28T05:36:52Z,2026-08-28T05:37:39Z,acct1,0,30333c,Interactive,734a43176ed3,v2,4.670418593970563e-08,1.0,0.36578006297395405,2.4463441107965276e-07,4.3370467476425545e-06,7.046230894047767e-05,4.5816997840120166e-07,2.0861070152022855e-05,5.2286958671174794e-05,0.0,371.6575235308275,2.8547542018114283e-15,256.0,0,0,47.248197078704834,44.71866250038147,2.5286176204681396,31.858062028884888,12.023132085800171,10.843427419662476,0.6566345691680908,0.674270427204165,0.26046388976427975,0.2589383125305176,0.2625272274017334,0.2927107620239257,70.12732100324442,8437074,8437074,2777.6344106197357,165727.47814303476,60,384,64,coral,coral_bce,0.0,session_balanced,adamw,0.0003,0.05,cosine,5,60,5.0,True,full,raw,full_frame,dataset_v1_1,fp16,2,mobilenetv4,1,1,base,a,734a43176ed3,0.84375,0.6666666666666666,0.6203703703703703,0.84375,0.7764756944444444,0.5853658536585366,0.6666666666666666,0.8611111111111112,1.0,0.7560975609756098,62,0.0,0.0,0.0,20,1.0,1.0,1.0,46,0.9118942731277533,0.15625,0.7212543554006968,0.7617263074577288,0.7315633144876316,0.3000043846541312,0.9967713230289519,0.9999772674507565,0.9794592231512069,0.15302132302895188,0.15302132302895188,0.8902942538261414,0.15302132302895188,25.25,99.0,0.0,6458.376192,6458.376192,76.97727272727273,78.0,46.40313636363636,72.054,1415.1136363636363,5000.0,4.0,2265.9845560405047,31195.407704916004,0.0,0.0,0.0,473.10438399999987,473.104384,51.0,51.0,10.631977272727273,11.057,300.0,405.0,1.0,506.1368119277977,6905.2016643326415,60.60454545454545,70.4,3.7634573032727276,4.230381568,17.1,3.5982674850909095,3.640229888,28.550279168,0.0,2772.1213679683024,0.7700337133245284,0.5490340376003887,713.0,796,Tesla T4,16106.12736,70.0,GPU-43a5895b-4634-8fcf-71c5-c56fc6b5bfe4,Tesla T4,16106.12736,70.0,GPU-7e83d3c6-6dae-dba4-092f-d17286ffce95,580.159.04,1.0,62,0.0,20,1.0,5,1.0,41
a-mobilenetv4-base-f1-s1,a,mobilenetv4,base,1,1,60,2940,188160,1787895459.7486598,1787895507.92903,2026-08-28T05:37:39Z,2026-08-28T05:38:27Z,acct1,0,30333c,Interactive,734a43176ed3,v2,5.5644658324234647e-08,1.0,0.2743534222281596,0.0,3.851723419414236e-06,4.499423812376335e-05,2.5131487291218946e-07,2.7232032880419744e-05,4.4864311639685184e-05,0.0,371.6575235308275,0.0,256.0,0,0,48.15818977355957,45.60614275932312,2.5505666732788086,32.72795486450195,12.023415088653564,10.827160120010376,0.6760735511779785,0.6795927134800793,0.2609223832889479,0.25992345809936523,0.263031530380249,0.28765331268310534,68.76266683086057,8437074,8437074,2825.7926003932953,168531.9064780572,60,384,64,coral,coral_bce,0.0,session_balanced,adamw,0.0003,0.05,cosine,5,60,5.0,True,full,raw,full_frame,dataset_v1_1,fp16,2,mobilenetv4,1,1,base,a,734a43176ed3,0.84375,0.6666666666666666,0.6203703703703703,0.84375,0.7764756944444444,0.5853658536585366,0.6666666666666666,0.8611111111111112,1.0,0.7560975609756098,62,0.0,0.0,0.0,20,1.0,1.0,1.0,46,0.9118942731277533,0.15625,0.7212543554006968,0.7617263074577288,0.5487080994424229,0.2782365538518779,0.9907731437124312,0.9999224361446168,0.9413669645786286,0.1470231437124312,0.1470231437124312,0.9181171208620071,0.1470231437124312,29.6,99.0,0.0,6458.376192,6458.376192,77.2,79.0,47.34282222222222,78.468,1364.3333333333333,5000.0,4.0,2289.7832986473913,33502.31993353223,0.0,0.0,0.0,473.10438399999987,473.104384,51.0,51.0,10.606022222222222,10.957,300.0,405.0,1.0,514.6450363750464,7425.368025081886,60.36888888888889,70.4,3.8374037731555557,4.08510464,17.0,3.597785861688889,3.622797312,28.550279168,0.0,2804.4283350224378,0.779007870839566,0.5554326119086106,713.0,810,Tesla T4,16106.12736,70.0,GPU-43a5895b-4634-8fcf-71c5-c56fc6b5bfe4,Tesla T4,16106.12736,70.0,GPU-7e83d3c6-6dae-dba4-092f-d17286ffce95,580.159.04,1.0,62,0.0,20,1.0,5,1.0,41
