run_id,stage,arch,technique,fold,seed,epoch,global_step,samples_seen,ts_start,ts_end,iso_start,iso_end,account,worker_id,session_id,host,config_hash,lib_version,train_loss,train_acc,val_loss,lr_group0,grad_norm_mean,grad_norm_max,grad_norm_p50,grad_norm_p95,grad_norm_p99,grad_clip_hit_rate,weight_norm_total,update_to_weight_ratio,amp_scale,amp_scale_decreases,nan_or_inf_batches,epoch_seconds,train_seconds,val_seconds,dataload_seconds,compute_seconds,backward_seconds,optimizer_seconds,dataload_frac,step_time_mean,step_time_p50,step_time_p90,step_time_p99,images_per_second,n_params_total,n_params_trainable,wall_seconds_cumulative,energy_joules_cumulative,epochs_planned,cfg_input_resolution,cfg_batch_size,cfg_head_type,cfg_loss_name,cfg_label_smoothing,cfg_sampler_name,cfg_optimizer_name,cfg_lr_initial,cfg_weight_decay,cfg_scheduler_name,cfg_warmup_epochs,cfg_max_epochs,cfg_grad_clip,cfg_pretrained,cfg_finetune_depth,cfg_preprocessing,cfg_roi_mode,cfg_augment_policy,cfg_precision,cfg_num_workers,cfg_arch,cfg_fold,cfg_seed,cfg_technique,cfg_stage,cfg_config_hash,val_acc,val_balanced_acc,val_f1_macro,val_f1_micro,val_f1_weighted,val_precision_macro,val_recall_macro,val_f1_low,val_recall_low,val_precision_low,val_support_low,val_f1_mid,val_recall_mid,val_precision_mid,val_support_mid,val_f1_high,val_recall_high,val_precision_high,val_support_high,val_qwk,val_mae_class,val_cohen_kappa,val_mcc,val_nll,val_brier,val_mean_confidence,val_mean_confidence_correct,val_mean_confidence_incorrect,val_overconfidence_gap,val_ece,val_mce,val_ace,gpu0_util_mean,gpu0_util_max,gpu0_util_p50,gpu0_mem_used_mb_mean,gpu0_mem_used_mb_peak,gpu0_temp_c_mean,gpu0_temp_c_max,gpu0_power_w_mean,gpu0_power_w_max,gpu0_sm_clock_mhz_mean,gpu0_mem_clock_mhz_mean,gpu0_throttle_reasons,gpu0_energy_joules_epoch,gpu0_energy_joules_cumulative,gpu1_util_mean,gpu1_util_max,gpu1_util_p50,gpu1_mem_used_mb_mean,gpu1_mem_used_mb_peak,gpu1_temp_c_mean,gpu1_temp_c_max,gpu1_power_w_mean,gpu1_power_w_max,gpu1_sm_clock_mhz_mean,gpu1_mem_clock_mhz_mean,gpu1_throttle_reasons,gpu1_energy_joules_epoch,gpu1_energy_joules_cumulative,cpu_percent_mean,cpu_percent_max,ram_used_gb_mean,ram_used_gb_peak,ram_percent_peak,proc_rss_gb_mean,proc_rss_gb_peak,proc_vms_gb_peak,swap_used_gb_peak,energy_joules_epoch,energy_wh_epoch,co2_g_epoch,carbon_intensity_g_per_kwh,power_sample_count,gpu0_name,gpu0_mem_total_mb,gpu0_power_limit_w,gpu0_uuid,gpu1_name,gpu1_mem_total_mb,gpu1_power_limit_w,gpu1_uuid,gpu_driver,val_acc_session_mileage_090000__session_001,val_n_session_mileage_090000__session_001,val_acc_session_mileage_100000_plus__session_002,val_n_session_mileage_100000_plus__session_002,val_acc_session_mileage_100000_plus__session_004,val_n_session_mileage_100000_plus__session_004,val_acc_session_new_tire__session_001,val_n_session_new_tire__session_001
a-resnet50-base-f0-s1,a,resnet50,base,0,1,1,79,2528,1787782249.9162889,1787782297.2680454,2026-08-26T22:10:49Z,2026-08-26T22:11:37Z,acct1,0,1eca9c,Interactive,7e7a9e91427c,v1,0.655350845825823,0.5130537974683544,0.5955193709301693,6e-05,0.8574569255490846,3.0890963077545166,0.7988925576210022,1.1948856830596912,2.2489699935913072,0.0,1095.4765092447246,4.6963504099613646e-08,65536.0,0,0,47.33278727531433,42.8316535949707,4.498861789703369,15.054455995559692,26.830320596694943,24.70576810836792,0.7106130123138428,0.3180555564580307,0.3499676638011691,0.2764749526977539,0.2795289993286133,1.555475168228143,59.02176983185254,23512130,23512130,47.33278727531433,3044.1824183719195,60,384,32,coral,coral_bce,0.0,session_balanced,adamw,0.0003,0.05,cosine,5,60,5.0,True,full,raw,full_frame,dataset_v1_1,fp16,2,resnet50,0,1,base,a,7e7a9e91427c,0.6935483870967742,0.6666666666666666,0.5572114588508031,0.6935483870967742,0.5768953415701169,0.4877668308702791,0.6666666666666666,0.73224043715847,1.0,0.5775862068965517,67,0.0,0.0,0.0,57,0.9393939393939392,1.0,0.8857142857142857,62,0.8176156889729915,0.3064516129032258,0.5284646859989326,0.6146112157237953,0.9383711307538876,0.5783688084196232,0.4328174675985049,0.4610331596792206,0.3689609013105693,-0.2607309194982693,0.4868682461079731,0.5724088141033726,0.4868682461079731,49.53488372093023,99.0,55.0,5691.0624148837205,7701.987328,77.95348837209302,81.0,60.79320930232557,87.716,1120.1162790697674,5000.0,4.0,2589.378780636076,2595.881777104143,0.0,0.0,0.0,473.1043839999999,473.104384,38.65116279069768,39.0,9.584209302325585,10.25,300.0,405.0,1.0,454.8036377358436,457.3221045503616,63.40930232558139,76.2,3.254402881488372,3.649609728,13.4,2.6477528945116275,2.693251072,28.457680896,0.0,3044.1824183719195,0.8456062273255333,0.6029172400831052,713.0,788,Tesla T4,16106.12736,70.0,GPU-9f4ff8b5-8ab3-4db4-8aad-33910b4643c3,Tesla T4,16106.12736,70.0,GPU-9f111faa-2f37-e4bf-0799-ffd89e5ef19c,580.159.04,0.0,57,1.0,2,1.0,60,1.0,67
a-resnet50-base-f0-s1,a,resnet50,base,0,1,2,158,5056,1787782298.0795856,1787782339.146395,2026-08-26T22:11:38Z,2026-08-26T22:12:19Z,acct1,0,1eca9c,Interactive,7e7a9e91427c,v1,0.3564150531457949,0.8690664556962026,0.1151158805656176,0.0001199999999999,0.7855682565441614,1.4270445108413696,0.7357353568077087,1.2176143407821651,1.306859574317932,0.0,1095.1438358453815,8.60783649597318e-08,65536.0,0,0,41.05123949050903,37.37965250015259,3.669918775558472,15.47849440574646,20.95006275177002,19.56918215751648,0.7128863334655762,0.3770530341556449,0.2755285697647288,0.2754466533660888,0.2772145271301269,0.281766939163208,67.63037724841557,23512130,23512130,88.38402676582336,5777.476990869529,60,384,32,coral,coral_bce,0.0,session_balanced,adamw,0.0003,0.05,cosine,5,60,5.0,True,full,raw,full_frame,dataset_v1_1,fp16,2,resnet50,0,1,base,a,7e7a9e91427c,1.0,1.0,1.0,1.0,1.0,1.0,1.0,1.0,1.0,1.0,67,1.0,1.0,1.0,57,1.0,1.0,1.0,62,1.0,0.0,1.0,1.0,0.17985115373252,0.0472450324095649,0.8377966900025645,0.8377966900025645,,-0.1622033099974354,0.1622033099974355,0.219013192823955,0.1622033099974355,48.31578947368421,99.0,41.5,5661.292867368423,5774.70464,76.36842105263158,78.0,53.4695,87.728,1247.7631578947369,5000.0,4.0,2337.096357397799,4967.800994605072,0.0,0.0,0.0,473.1043839999998,473.104384,38.44736842105263,39.0,9.60592105263158,10.651,300.0,405.0,1.0,396.19821509981097,862.9629367568486,67.56842105263156,76.9,3.7528467132631578,3.878129664,14.0,2.664335898947368,2.715107328,26.321383424,0.0,2733.29457249761,0.7592484923604471,0.5413441750529988,713.0,682,Tesla T4,16106.12736,70.0,GPU-9f4ff8b5-8ab3-4db4-8aad-33910b4643c3,Tesla T4,16106.12736,70.0,GPU-9f111faa-2f37-e4bf-0799-ffd89e5ef19c,580.159.04,1.0,57,1.0,2,1.0,60,1.0,67
a-resnet50-base-f0-s1,a,resnet50,base,0,1,3,237,7584,1787782340.3227494,1787782380.0951705,2026-08-26T22:12:20Z,2026-08-26T22:13:00Z,acct1,0,1eca9c,Interactive,7e7a9e91427c,v1,0.0408340837169863,0.9988132911392406,0.0127073257150108,0.0001799999999999,0.2494342303068577,1.345301628112793,0.1917965710163116,0.5919923126697535,1.1177266216278072,0.0,1094.5747201957945,4.1018818201102926e-08,65536.0,0,0,39.75741910934448,36.26731252670288,3.4886674880981445,14.328981161117554,20.998252630233765,19.61177635192871,0.7051835060119629,0.3604102449836767,0.2760390601580656,0.2756063938140869,0.2772987365722656,0.2880374336242675,69.70464100803403,23512130,23512130,128.14144587516785,8385.480188310628,60,384,32,coral,coral_bce,0.0,session_balanced,adamw,0.0003,0.05,cosine,5,60,5.0,True,full,raw,full_frame,dataset_v1_1,fp16,2,resnet50,0,1,base,a,7e7a9e91427c,1.0,1.0,1.0,1.0,1.0,1.0,1.0,1.0,1.0,1.0,67,1.0,1.0,1.0,57,1.0,1.0,1.0,62,1.0,0.0,1.0,1.0,0.0175999624383296,0.0007289467000405,0.9826263496952672,0.9826263496952672,,-0.0173736503047328,0.0173736503047328,0.0173736503047328,0.0173736503047328,58.78378378378378,99.0,65.0,5774.704640000002,5774.70464,77.4054054054054,79.0,57.40213513513515,77.296,1173.2432432432431,5000.0,4.0,2225.097077731608,7247.129930219656,0.0,0.0,0.0,473.1043839999999,473.104384,38.810810810810814,39.0,9.502405405405405,9.956,300.0,405.0,1.0,382.9061197094911,1258.2082863352286,67.79459459459459,74.5,3.855880081297297,3.997732864,14.4,2.7492845734054057,2.79015424,26.405924864,0.0,2608.003197441099,0.7244453326225275,0.5165295221598621,713.0,658,Tesla T4,16106.12736,70.0,GPU-9f4ff8b5-8ab3-4db4-8aad-33910b4643c3,Tesla T4,16106.12736,70.0,GPU-9f111faa-2f37-e4bf-0799-ffd89e5ef19c,580.159.04,1.0,57,1.0,2,1.0,60,1.0,67
a-resnet50-base-f0-s1,a,resnet50,base,0,1,4,316,10112,1787782380.7640336,1787782421.3129246,2026-08-26T22:13:00Z,2026-08-26T22:13:41Z,acct1,0,1eca9c,Interactive,7e7a9e91427c,v1,0.0082691494298839,0.9992088607594936,0.0067349312356322,0.0002399999999999,0.1020954080939858,1.6109944581985474,0.0527688562870025,0.2474321693181991,1.2030971360206597,0.0,1093.7928452430515,2.2401772007488143e-08,65536.0,0,0,40.53297996520996,37.00189995765686,3.5295748710632324,15.166700839996338,20.890207529067997,19.559982299804688,0.7041316032409668,0.374181736773712,0.2747442058370083,0.2746493816375732,0.2759661197662353,0.2782492923736572,68.32081603628241,23512130,23512130,168.6744258403778,11049.580784443851,60,384,32,coral,coral_bce,0.0,session_balanced,adamw,0.0003,0.05,cosine,5,60,5.0,True,full,raw,full_frame,dataset_v1_1,fp16,2,resnet50,0,1,base,a,7e7a9e91427c,1.0,1.0,1.0,1.0,1.0,1.0,1.0,1.0,1.0,1.0,67,1.0,1.0,1.0,57,1.0,1.0,1.0,62,1.0,0.0,1.0,1.0,0.0088579095397072,0.0002189323143204,0.9912040534839835,0.9912040534839835,,-0.0087959465160164,0.0087959465160164,0.0087959465160164,0.0087959465160164,48.83783783783784,99.0,45.0,5774.704640000002,5774.70464,76.72972972972973,77.0,53.37667567567567,97.389,1202.837837837838,5000.0,4.0,2272.6748353714875,9555.486385243175,0.0,0.0,0.0,473.1043839999999,473.104384,39.0,39.0,9.59627027027027,9.952,300.0,405.0,1.0,391.42576076173714,1657.8148174591045,68.32162162162163,74.5,3.9171339900540536,4.126527488,14.8,2.7742325344864875,2.817155072,26.431483904,0.0,2664.100596133225,0.7400279433703403,0.5276399236230526,713.0,674,Tesla T4,16106.12736,70.0,GPU-9f4ff8b5-8ab3-4db4-8aad-33910b4643c3,Tesla T4,16106.12736,70.0,GPU-9f111faa-2f37-e4bf-0799-ffd89e5ef19c,580.159.04,1.0,57,1.0,2,1.0,60,1.0,67
a-resnet50-base-f0-s1,a,resnet50,base,0,1,5,395,12640,1787782421.8855991,1787782462.371626,2026-08-26T22:13:41Z,2026-08-26T22:14:22Z,acct1,0,1eca9c,Interactive,7e7a9e91427c,v1,0.0029577685231225,1.0,0.0017299321304846,0.0003,0.0360012315979958,0.3294322788715362,0.0224109105765819,0.0905079826712607,0.2069951951503751,0.0,1092.7966323658288,9.88323825268083e-09,65536.0,0,0,40.46894764900208,36.91150140762329,3.55606746673584,15.084224224090576,20.887358903884888,19.544837713241577,0.7164778709411621,0.3727357665665057,0.2747197603877586,0.2745637893676758,0.2761587619781494,0.2800553750991821,68.48813794060122,23512130,23512130,209.14337348937988,13759.298170314314,60,384,32,coral,coral_bce,0.0,session_balanced,adamw,0.0003,0.05,cosine,5,60,5.0,True,full,raw,full_frame,dataset_v1_1,fp16,2,resnet50,0,1,base,a,7e7a9e91427c,1.0,1.0,1.0,1.0,1.0,1.0,1.0,1.0,1.0,1.0,67,1.0,1.0,1.0,57,1.0,1.0,1.0,62,1.0,0.0,1.0,1.0,0.0023020886960273,1.4722648906694528e-05,0.9977017897431568,0.9977017897431568,,-0.0022982102568431,0.0022982102568431,0.0022982102568431,0.0022982102568431,55.32432432432432,99.0,71.0,5774.704640000002,5774.70464,77.1891891891892,78.0,56.87640540540541,100.147,1251.4864864864865,5000.0,4.0,2315.651755705363,11904.703503355508,0.0,0.0,0.0,473.1043839999999,473.104384,39.0,39.0,9.808027027027029,10.75,300.0,405.0,1.0,394.0656301650981,2058.838416243311,68.07567567567568,76.3,3.8624364488648646,4.043010048,14.7,2.6629837353513506,2.683260928,26.321383424,0.0,2709.717385870461,0.7526992738529058,0.5366745822571218,713.0,675,Tesla T4,16106.12736,70.0,GPU-9f4ff8b5-8ab3-4db4-8aad-33910b4643c3,Tesla T4,16106.12736,70.0,GPU-9f111faa-2f37-e4bf-0799-ffd89e5ef19c,580.159.04,1.0,57,1.0,2,1.0,60,1.0,67
a-resnet50-base-f0-s1,a,resnet50,base,0,1,6,474,15168,1787782462.9464755,1787782503.2267666,2026-08-26T22:14:22Z,2026-08-26T22:15:03Z,acct1,0,1eca9c,Interactive,7e7a9e91427c,v1,0.0023622225860982,1.0,0.0017749615722731,0.0002997553655889,0.0538292408337274,1.258228778839111,0.0142995454370975,0.130971786379814,0.9173039412498468,0.0,1091.7021205465246,1.4780225724403876e-08,65536.0,0,0,40.26417350769043,36.67872071266174,3.5843634605407715,14.853891134262083,20.88006854057312,19.52604842185974,0.7124805450439453,0.3689108664163937,0.2747046615504011,0.2744855880737304,0.2765595436096191,0.2814938402175903,68.92279640296498,23512130,23512130,249.4075469970703,16427.47296214796,60,384,32,coral,coral_bce,0.0,session_balanced,adamw,0.0003,0.05,cosine,5,60,5.0,True,full,raw,full_frame,dataset_v1_1,fp16,2,resnet50,0,1,base,a,7e7a9e91427c,1.0,1.0,1.0,1.0,1.0,1.0,1.0,1.0,1.0,1.0,67,1.0,1.0,1.0,57,1.0,1.0,1.0,62,1.0,0.0,1.0,1.0,0.0028055417163271,3.3578107256851305e-05,0.9972046165056128,0.9972046165056128,,-0.0027953834943873,0.0027953834943873,0.0027953834943873,0.0027953834943873,51.5945945945946,99.0,53.0,5774.704640000002,5774.70464,76.89189189189189,78.0,58.038189189189175,94.86,1194.3243243243244,5000.0,4.0,2272.690016728646,14202.953476257097,0.0,0.0,0.0,473.1043839999999,473.104384,39.0,39.0,9.794594594594596,10.746,300.0,405.0,1.0,395.48477510500015,2461.651119661089,67.38918918918918,74.7,3.8689197526486496,4.076658688,14.6,2.662572032,2.662572032,26.321522688,0.0,2668.174791833646,0.741159664398235,0.5284468407159416,713.0,672,Tesla T4,16106.12736,70.0,GPU-9f4ff8b5-8ab3-4db4-8aad-33910b4643c3,Tesla T4,16106.12736,70.0,GPU-9f111faa-2f37-e4bf-0799-ffd89e5ef19c,580.159.04,1.0,57,1.0,2,1.0,60,1.0,67
a-resnet50-base-f0-s1,a,resnet50,base,0,1,7,553,17696,1787782503.7940683,1787782543.857191,2026-08-26T22:15:03Z,2026-08-26T22:15:43Z,acct1,0,1eca9c,Interactive,7e7a9e91427c,v1,0.0011843422297358,1.0,0.0017211463143398,0.0002990222603022,0.0195890402515666,0.5140954852104187,0.0059566963464021,0.0572777193039655,0.2353673034906383,0.0,1090.6116381540207,5.370893623591261e-09,65536.0,0,0,40.046021461486816,36.50733685493469,3.537146806716919,14.740260124206545,20.820034742355347,19.47205400466919,0.7150108814239502,0.3680830101532705,0.2739244382592696,0.2737753391265869,0.2756860256195068,0.2794947624206543,69.24635478192353,23512130,23512130,289.4535684585572,19068.21439674639,60,384,32,coral,coral_bce,0.0,session_balanced,adamw,0.0003,0.05,cosine,5,60,5.0,True,full,raw,full_frame,dataset_v1_1,fp16,2,resnet50,0,1,base,a,7e7a9e91427c,1.0,1.0,1.0,1.0,1.0,1.0,1.0,1.0,1.0,1.0,67,1.0,1.0,1.0,57,1.0,1.0,1.0,62,1.0,0.0,1.0,1.0,0.0025120352566413,2.092827108623209e-05,0.997493496184708,0.997493496184708,,-0.002506503815292,0.002506503815292,0.002506503815292,0.002506503815292,47.54054054054054,99.0,48.0,5774.704640000002,5774.70464,76.78378378378379,78.0,55.81208108108108,81.787,1253.108108108108,5000.0,4.0,2245.992355217444,16481.448791810035,0.0,0.0,0.0,473.1043839999999,473.104384,39.0,39.0,9.824054054054056,10.651,300.0,405.0,1.0,394.7490793809857,2863.448440312379,68.73783783783784,74.6,3.931651874594595,4.093693952,14.7,2.662572032,2.662572032,26.264899584,0.0,2640.74143459843,0.7335392873884528,0.5230135119079667,713.0,665,Tesla T4,16106.12736,70.0,GPU-9f4ff8b5-8ab3-4db4-8aad-33910b4643c3,Tesla T4,16106.12736,70.0,GPU-9f111faa-2f37-e4bf-0799-ffd89e5ef19c,580.159.04,1.0,57,1.0,2,1.0,60,1.0,67
a-resnet50-base-f0-s1,a,resnet50,base,0,1,8,632,20224,1787782544.4248662,1787782584.6051767,2026-08-26T22:15:44Z,2026-08-26T22:16:24Z,acct1,0,1eca9c,Interactive,7e7a9e91427c,v1,0.0010334940377071,0.9996044303797468,0.0003602268206836,0.0002978030753771,0.0253784333346883,0.8114232420921326,0.0047376714646816,0.0588715750724073,0.4185209560394281,0.0,1089.532693214395,6.9367129067296964e-09,65536.0,0,0,40.16304111480713,36.62954258918762,3.531527042388916,14.810116052627563,20.888963222503666,19.54044342041016,0.703880786895752,0.3687498665823748,0.2746551187732551,0.2744030952453613,0.2763897895812988,0.2824839496612549,69.01533083151904,23512130,23512130,329.61660957336426,21673.81938476538,60,384,32,coral,coral_bce,0.0,session_balanced,adamw,0.0003,0.05,cosine,5,60,5.0,True,full,raw,full_frame,dataset_v1_1,fp16,2,resnet50,0,1,base,a,7e7a9e91427c,1.0,1.0,1.0,1.0,1.0,1.0,1.0,1.0,1.0,1.0,67,1.0,1.0,1.0,57,1.0,1.0,1.0,62,1.0,0.0,1.0,1.0,0.0005604337221659,3.101679044984905e-06,0.9994404190971006,0.9994404190971006,,-0.0005595809028994,0.0005595809028994,0.0005595809028994,0.0005595809028994,56.54054054054054,99.0,65.0,5774.704640000002,5774.70464,77.45945945945945,78.0,57.26413513513513,76.855,1150.945945945946,5000.0,4.0,2214.551074790241,18726.57799083185,0.0,0.0,0.0,473.1043839999999,473.104384,39.0,39.0,9.705972972972976,10.154,300.0,405.0,1.0,391.0539132287472,3262.9669418871304,68.28648648648648,74.1,3.929631107459461,4.101685248,14.7,2.662572032,2.662572032,26.264899584,0.0,2605.604988018988,0.7237791633386078,0.5160545434604273,713.0,667,Tesla T4,16106.12736,70.0,GPU-9f4ff8b5-8ab3-4db4-8aad-33910b4643c3,Tesla T4,16106.12736,70.0,GPU-9f111faa-2f37-e4bf-0799-ffd89e5ef19c,580.159.04,1.0,57,1.0,2,1.0,60,1.0,67
a-resnet50-base-f0-s1,a,resnet50,base,0,1,9,711,22752,1787782585.1641362,1787782624.2669756,2026-08-26T22:16:25Z,2026-08-26T22:17:04Z,acct1,0,1eca9c,Interactive,7e7a9e91427c,v1,0.0006343851756021,1.0,0.0005654604530953,0.0002961017875413,0.0105947155705829,0.1297389715909958,0.0037768606562167,0.0297930916771292,0.1213840898871421,0.0,1088.46060464653,2.88215687876049e-09,65536.0,0,0,39.08720707893372,35.53728246688843,3.5484206676483154,13.777320623397827,20.797427892684937,19.45730233192444,0.719041109085083,0.3524764661638666,0.2737273687048803,0.273665189743042,0.275031042098999,0.2799388980865478,71.13655925591506,23512130,23512130,368.703816652298,24273.58604834313,60,384,32,coral,coral_bce,0.0,session_balanced,adamw,0.0003,0.05,cosine,5,60,5.0,True,full,raw,full_frame,dataset_v1_1,fp16,2,resnet50,0,1,base,a,7e7a9e91427c,1.0,1.0,1.0,1.0,1.0,1.0,1.0,1.0,1.0,1.0,67,1.0,1.0,1.0,57,1.0,1.0,1.0,62,1.0,0.0,1.0,1.0,0.0008442836394218,3.924105687434206e-06,0.9991567051538855,0.9991567051538855,,-0.0008432948461143,0.0008432948461143,0.0008432948461143,0.0008432948461143,58.66666666666666,99.0,59.5,5774.704640000001,5774.70464,76.94444444444444,78.0,58.76097222222222,93.07,1142.5,5000.0,4.0,2218.998583643636,20973.55295241424,0.0,0.0,0.0,473.1043839999999,473.104384,39.0,39.0,9.666000000000002,10.055,300.0,405.0,1.0,380.76807993411785,3651.903606894243,68.84444444444445,77.6,3.896372565333333,4.052369408,14.6,2.665357312,2.719080448,26.321678336,0.0,2599.766663577753,0.7221574065493759,0.5148982308697051,713.0,646,Tesla T4,16106.12736,70.0,GPU-9f4ff8b5-8ab3-4db4-8aad-33910b4643c3,Tesla T4,16106.12736,70.0,GPU-9f111faa-2f37-e4bf-0799-ffd89e5ef19c,580.159.04,1.0,57,1.0,2,1.0,60,1.0,67
a-resnet50-base-f0-s1,a,resnet50,base,0,1,10,790,25280,1787782624.826386,1787782664.9238987,2026-08-26T22:17:04Z,2026-08-26T22:17:44Z,acct1,0,1eca9c,Interactive,7e7a9e91427c,v1,0.0004292890042489,1.0,0.0005979689793543,0.0002939239460421,0.0063342671337407,0.1338845938444137,0.0028944520745426,0.0113111852668225,0.0962899275124072,0.0,1087.3869744742822,1.7121713198141476e-09,65536.0,0,0,40.08078575134277,36.50546741485596,3.573789596557617,14.738906621932983,20.7962019443512,19.431176900863647,0.7306101322174072,0.3677299819761943,0.2738353632673432,0.2734949588775635,0.2754055023193359,0.2816283893585205,69.24990087844284,23512130,23512130,408.7846024036408,26941.279768606128,60,384,32,coral,coral_bce,0.0,session_balanced,adamw,0.0003,0.05,cosine,5,60,5.0,True,full,raw,full_frame,dataset_v1_1,fp16,2,resnet50,0,1,base,a,7e7a9e91427c,1.0,1.0,1.0,1.0,1.0,1.0,1.0,1.0,1.0,1.0,67,1.0,1.0,1.0,57,1.0,1.0,1.0,62,1.0,0.0,1.0,1.0,0.0008947939542845,3.263066262439671e-06,0.9991060585104008,0.9991060585104008,,-0.000893941489599,0.000893941489599,0.000893941489599,0.000893941489599,55.67567567567568,99.0,61.0,5774.704640000002,5774.70464,77.13513513513513,78.0,55.772702702702695,84.325,1224.7297297297298,5000.0,4.0,2278.226254668705,23277.00953401776,0.0,0.0,0.0,473.1043839999999,473.104384,39.0,39.0,9.625945945945949,10.15,300.0,405.0,1.0,389.46746559429175,4047.349999117839,68.17837837837837,75.8,3.818255885837838,3.929571328,14.3,2.662719487999999,2.662719488,26.26504704,0.0,2667.693720262997,0.7410260334063881,0.5283515618187546,713.0,667,Tesla T4,16106.12736,70.0,GPU-9f4ff8b5-8ab3-4db4-8aad-33910b4643c3,Tesla T4,16106.12736,70.0,GPU-9f111faa-2f37-e4bf-0799-ffd89e5ef19c,580.159.04,1.0,57,1.0,2,1.0,60,1.0,67
a-resnet50-base-f0-s1,a,resnet50,base,0,1,11,869,27808,1787782665.6164768,1787782705.279777,2026-08-26T22:17:45Z,2026-08-26T22:18:25Z,acct1,0,1eca9c,Interactive,7e7a9e91427c,v1,0.00027108643719,1.0,0.0002807404583705,0.0002912766545459,0.0032211796364369,0.0283860731869936,0.0021267097909003,0.0078156569041311,0.0176837132126092,0.0,1086.323443118117,8.636971190640277e-10,65536.0,0,0,39.64768099784851,36.1339967250824,3.5122997760772705,14.403407573699951,20.77747368812561,19.410601139068604,0.7151803970336914,0.3632849945115719,0.2734019424341902,0.2731478214263916,0.274392032623291,0.28420814037323,69.96181516353518,23512130,23512130,448.43228340148926,29542.192002085587,60,384,32,coral,coral_bce,0.0,session_balanced,adamw,0.0003,0.05,cosine,5,60,5.0,True,full,raw,full_frame,dataset_v1_1,fp16,2,resnet50,0,1,base,a,7e7a9e91427c,1.0,1.0,1.0,1.0,1.0,1.0,1.0,1.0,1.0,1.0,67,1.0,1.0,1.0,57,1.0,1.0,1.0,62,1.0,0.0,1.0,1.0,0.0004248897066223,5.428805211176429e-07,0.9995752608263364,0.9995752608263364,,-0.0004247391736635,0.0004247391736635,0.0004247391736635,0.0004247391736635,58.94594594594594,99.0,60.0,5774.704640000002,5774.70464,77.08108108108108,78.0,57.10967567567568,99.209,1195.1351351351352,5000.0,4.0,2216.865505131678,25526.26143395177,0.0,0.0,0.0,473.1043839999999,473.104384,39.0,39.0,9.660567567567568,10.055,300.0,405.0,1.0,384.0467283477806,4440.163816454878,67.27297297297298,76.6,3.858531189621622,3.9979008,14.4,2.6637096129729723,2.69266944,26.321678336,0.0,2600.912233479459,0.7224756204109608,0.515125117353015,713.0,658,Tesla T4,16106.12736,70.0,GPU-9f4ff8b5-8ab3-4db4-8aad-33910b4643c3,Tesla T4,16106.12736,70.0,GPU-9f111faa-2f37-e4bf-0799-ffd89e5ef19c,580.159.04,1.0,57,1.0,2,1.0,60,1.0,67
a-resnet50-base-f0-s1,a,resnet50,base,0,1,12,948,30336,1787782705.8542333,1787782745.5420334,2026-08-26T22:18:25Z,2026-08-26T22:19:05Z,acct1,0,1eca9c,Interactive,7e7a9e91427c,v1,0.0004250098851415,1.0,0.000252696042842,0.0002881685479672,0.0182207105106591,0.5426906943321228,0.0026032056193798,0.0385412894189357,0.4220579504966734,0.0,1085.2829824162786,4.838033744063519e-09,65536.0,0,0,39.671847105026245,36.056299686431885,3.614392995834351,14.297420024871826,20.821470022201535,19.416061639785767,0.7036380767822266,0.3603920933406805,0.2738357163682768,0.273205041885376,0.2755861759185791,0.2834956312179565,70.11257455659809,23512130,23512130,488.1041305065155,32183.55869822277,60,384,32,coral,coral_bce,0.0,session_balanced,adamw,0.0003,0.05,cosine,5,60,5.0,True,full,raw,full_frame,dataset_v1_1,fp16,2,resnet50,0,1,base,a,7e7a9e91427c,1.0,1.0,1.0,1.0,1.0,1.0,1.0,1.0,1.0,1.0,67,1.0,1.0,1.0,57,1.0,1.0,1.0,62,1.0,0.0,1.0,1.0,0.0003462239189238,5.687113370210706e-07,0.9996539184483147,0.9996539184483147,,-0.0003460815516851,0.0003460815516851,0.0003460815516851,0.0003460815516851,52.45945945945946,99.0,62.0,5774.704640000002,5774.70464,76.97297297297297,78.0,57.30681081081081,91.786,1212.972972972973,5000.0,4.0,2257.2349735593707,27812.734863526013,0.0,0.0,0.0,473.1043839999999,473.104384,39.0,39.0,9.61791891891892,10.055,300.0,405.0,1.0,384.1317225778157,4831.466797104355,67.71351351351353,75.1,3.911165343135136,4.069658624,14.8,2.662719487999999,2.662719488,26.26504704,0.0,2641.3666961371864,0.7337129711492184,0.5231373484293927,713.0,662,Tesla T4,16106.12736,70.0,GPU-9f4ff8b5-8ab3-4db4-8aad-33910b4643c3,Tesla T4,16106.12736,70.0,GPU-9f111faa-2f37-e4bf-0799-ffd89e5ef19c,580.159.04,1.0,57,1.0,2,1.0,60,1.0,67
a-resnet50-base-f0-s1,a,resnet50,base,0,1,13,1027,32864,1787782746.1008034,1787782786.2050245,2026-08-26T22:19:06Z,2026-08-26T22:19:46Z,acct1,0,1eca9c,Interactive,7e7a9e91427c,v1,0.0003049374510415,1.0,0.0005561481294896,0.0002846097643037,0.0069706954896049,0.2218156903982162,0.00157405086793,0.0188808420673012,0.086360597759485,0.0,1084.2455682096077,1.829777366399908e-09,65536.0,0,0,40.08680176734924,36.48885822296143,3.596472978591919,14.775681495666504,20.76372528076172,19.34484577178955,0.7259976863861084,0.3685921760837832,0.273401375058331,0.2732462882995605,0.2743749618530273,0.284209246635437,69.28142241538266,23512130,23512130,528.1909322738647,34834.26393120948,60,384,32,coral,coral_bce,0.0,session_balanced,adamw,0.0003,0.05,cosine,5,60,5.0,True,full,raw,full_frame,dataset_v1_1,fp16,2,resnet50,0,1,base,a,7e7a9e91427c,1.0,1.0,1.0,1.0,1.0,1.0,1.0,1.0,1.0,1.0,67,1.0,1.0,1.0,57,1.0,1.0,1.0,62,1.0,0.0,1.0,1.0,0.0008544148424274,3.4055062564894665e-06,0.9991465614688012,0.9991465614688012,,-0.0008534385311987,0.0008534385311987,0.0008534385311987,0.0008534385311987,56.94594594594594,99.0,72.0,5774.704640000002,5774.70464,77.08108108108108,78.0,58.01635135135134,92.68,1221.4864864864865,5000.0,4.0,2262.2317975211336,30104.562413831874,0.0,0.0,0.0,473.1043839999999,473.104384,39.0,39.0,9.695702702702704,10.353,300.0,405.0,1.0,388.4734354655775,5227.044924383163,68.25135135135135,74.7,3.869113925189189,3.998732288,14.4,2.662719487999999,2.662719488,26.26504704,0.0,2650.705232986711,0.7363070091629753,0.5249868975332014,713.0,666,Tesla T4,16106.12736,70.0,GPU-9f4ff8b5-8ab3-4db4-8aad-33910b4643c3,Tesla T4,16106.12736,70.0,GPU-9f111faa-2f37-e4bf-0799-ffd89e5ef19c,580.159.04,1.0,57,1.0,2,1.0,60,1.0,67
a-resnet50-base-f0-s1,a,resnet50,base,0,1,14,1106,35392,1787782786.768217,1787782826.0173392,2026-08-26T22:19:46Z,2026-08-26T22:20:26Z,acct1,0,1eca9c,Interactive,7e7a9e91427c,v1,0.0001731397304739,1.0,0.0002332419056573,0.0002806119115679,0.0021525347716605,0.0253782700747251,0.0009455843828618,0.0061610407661646,0.0178160995990037,0.0,1083.223141451016,5.576200081758431e-10,65536.0,0,0,39.231820821762085,35.66922163963318,3.5612215995788574,13.975031852722168,20.742764949798584,19.24099183082581,0.7200741767883301,0.3562167536452998,0.2729857903492602,0.2727127075195312,0.2740964889526367,0.2853873205184936,70.87342767219403,23512130,23512130,567.4227530956268,37421.00202555335,60,384,32,coral,coral_bce,0.0,session_balanced,adamw,0.0003,0.05,cosine,5,60,5.0,True,full,raw,full_frame,dataset_v1_1,fp16,2,resnet50,0,1,base,a,7e7a9e91427c,1.0,1.0,1.0,1.0,1.0,1.0,1.0,1.0,1.0,1.0,67,1.0,1.0,1.0,57,1.0,1.0,1.0,62,1.0,0.0,1.0,1.0,0.0003318239095994,4.3700827171430156e-07,0.9996683091245672,0.9996683091245672,,-0.0003316908754328,0.0003316908754328,0.0003316908754328,0.0003316908754328,54.0,99.0,58.0,5774.704640000001,5774.70464,77.05555555555556,78.0,52.618027777777776,93.595,1283.75,5000.0,4.0,2205.574255477157,32340.691633088005,0.0,0.0,0.0,473.1043839999999,473.104384,39.0,39.0,9.643916666666666,10.547,300.0,405.0,1.0,381.1638388667079,5615.225609517571,69.01666666666667,75.9,3.996201073777778,4.19575808,15.0,2.6641430755555557,2.71396864,26.321678336,0.0,2586.7380943438648,0.7185383595399625,0.5123178503519933,713.0,652,Tesla T4,16106.12736,70.0,GPU-9f4ff8b5-8ab3-4db4-8aad-33910b4643c3,Tesla T4,16106.12736,70.0,GPU-9f111faa-2f37-e4bf-0799-ffd89e5ef19c,580.159.04,1.0,57,1.0,2,1.0,60,1.0,67
a-resnet50-base-f0-s1,a,resnet50,base,0,1,15,1185,37920,1787782826.5684988,1787782866.6657026,2026-08-26T22:20:26Z,2026-08-26T22:21:06Z,acct1,0,1eca9c,Interactive,7e7a9e91427c,v1,0.0001280847707768,1.0,0.0001842392535881,0.0002761880299246,0.0014719035991473,0.016654048115015,0.0009229537681676,0.0048608327284455,0.0093104133289307,0.0,1082.2174860692755,3.7563813237215046e-10,65536.0,0,0,40.07906723022461,36.45471119880676,3.6229727268218994,14.789984703063965,20.745931386947632,19.407735347747803,0.7039656639099121,0.3690201824834505,0.2727722970745231,0.2726426124572754,0.2741360187530517,0.2779863977432251,69.3463181264414,23512130,23512130,607.5018203258514,40049.87626169621,60,384,32,coral,coral_bce,0.0,session_balanced,adamw,0.0003,0.05,cosine,5,60,5.0,True,full,raw,full_frame,dataset_v1_1,fp16,2,resnet50,0,1,base,a,7e7a9e91427c,1.0,1.0,1.0,1.0,1.0,1.0,1.0,1.0,1.0,1.0,67,1.0,1.0,1.0,57,1.0,1.0,1.0,62,1.0,0.0,1.0,1.0,0.0002557812120338,3.940415022910649e-07,0.9997443175444038,0.9997443175444038,,-0.0002556824555961,0.0002556824555961,0.0002556824555961,0.0002556824555961,56.67567567567568,99.0,80.0,5774.704640000002,5774.70464,76.91891891891892,78.0,55.4111081081081,93.654,1247.027027027027,5000.0,4.0,2242.485328965893,34605.67058729375,0.0,0.0,0.0,473.1043839999999,473.104384,39.0,39.0,9.63645945945946,10.055,300.0,405.0,1.0,386.3889071769763,6007.564563512326,68.46486486486486,75.3,3.9379035883243234,4.106739712,14.7,2.664058547891891,2.712264704,26.321678336,0.0,2628.874236142869,0.7302428433730193,0.5206631473249628,713.0,670,Tesla T4,16106.12736,70.0,GPU-9f4ff8b5-8ab3-4db4-8aad-33910b4643c3,Tesla T4,16106.12736,70.0,GPU-9f111faa-2f37-e4bf-0799-ffd89e5ef19c,580.159.04,1.0,57,1.0,2,1.0,60,1.0,67
a-resnet50-base-f0-s1,a,resnet50,base,0,1,16,1264,40448,1787782867.3070452,1787782906.7638104,2026-08-26T22:21:07Z,2026-08-26T22:21:46Z,acct1,0,1eca9c,Interactive,7e7a9e91427c,v1,0.003223313617058,0.9992088607594936,0.0003527223085374,0.0002713525491562,0.0315961670473105,0.9171075820922852,0.0028298976831138,0.0396133743226524,0.913752235174179,0.0,1081.2920605100242,7.929125520268908e-09,65536.0,0,0,39.43995118141174,35.828734159469604,3.6098380088806152,14.060133457183838,20.823089838027958,19.43316102027893,0.7044551372528076,0.3564946972807221,0.2737998509708839,0.2737128734588623,0.2755430221557617,0.2783799886703491,70.55789324702795,23512130,23512130,646.9417715072632,42624.86797479567,60,384,32,coral,coral_bce,0.0,session_balanced,adamw,0.0003,0.05,cosine,5,60,5.0,True,full,raw,full_frame,dataset_v1_1,fp16,2,resnet50,0,1,base,a,7e7a9e91427c,1.0,1.0,1.0,1.0,1.0,1.0,1.0,1.0,1.0,1.0,67,1.0,1.0,1.0,57,1.0,1.0,1.0,62,1.0,0.0,1.0,1.0,0.0005278968094341,1.3160260511871212e-06,0.9994725200437732,0.9994725200437732,,-0.0005274799562269,0.0005274799562269,0.0005274799562269,0.0005274799562269,56.388888888888886,99.0,56.5,5774.704640000001,5774.70464,77.08333333333333,78.0,54.566138888888894,86.949,1209.1666666666667,5000.0,4.0,2195.4216631080926,36836.80842522299,0.0,0.0,0.0,473.1043839999999,473.104384,39.0,39.0,9.611083333333337,10.154,300.0,405.0,1.0,379.5700499913637,6395.47018510508,69.275,75.9,4.077798058666667,4.23401472,15.1,2.747357411555556,2.761056256,26.405924864,0.0,2574.9917130994563,0.7152754758609601,0.5099914142888645,713.0,654,Tesla T4,16106.12736,70.0,GPU-9f4ff8b5-8ab3-4db4-8aad-33910b4643c3,Tesla T4,16106.12736,70.0,GPU-9f111faa-2f37-e4bf-0799-ffd89e5ef19c,580.159.04,1.0,57,1.0,2,1.0,60,1.0,67
a-resnet50-base-f0-s1,a,resnet50,base,0,1,17,1343,42976,1787782907.4570484,1787782946.8690252,2026-08-26T22:21:47Z,2026-08-26T22:22:26Z,acct1,0,1eca9c,Interactive,7e7a9e91427c,v1,0.0002458561888764,1.0,0.0001534842918694,0.0002661212415958,0.0040896869462743,0.1262441277503967,0.0014205089537426,0.0098098227754235,0.0514579762518404,0.0,1080.323802908726,1.0074318134531394e-09,65536.0,0,0,39.39495444297791,35.826010942459106,3.5672476291656494,14.100534677505491,20.7738299369812,19.34605360031128,0.7216498851776123,0.357927426922533,0.2733905677553974,0.2731306552886963,0.2750862598419189,0.2854601430892944,70.56325651382937,23512130,23512130,686.3367259502411,45264.63460748446,60,384,32,coral,coral_bce,0.0,session_balanced,adamw,0.0003,0.05,cosine,5,60,5.0,True,full,raw,full_frame,dataset_v1_1,fp16,2,resnet50,0,1,base,a,7e7a9e91427c,1.0,1.0,1.0,1.0,1.0,1.0,1.0,1.0,1.0,1.0,67,1.0,1.0,1.0,57,1.0,1.0,1.0,62,1.0,0.0,1.0,1.0,0.0002267477762642,1.7537106913452074e-07,0.9997733084745304,0.9997733084745304,,-0.0002266915254695,0.0002266915254695,0.0002266915254695,0.0002266915254695,53.86111111111112,99.0,56.5,5774.704640000001,5774.70464,77.08333333333333,78.0,56.50763888888889,91.862,1248.3333333333333,5000.0,4.0,2259.3093426173,39132.66497857728,0.0,0.0,0.0,473.1043839999999,473.104384,39.0,39.0,9.57272222222222,9.956,300.0,405.0,1.0,380.4572900714938,6784.215844361544,68.75833333333331,77.0,4.073770325333334,4.17746944,14.9,2.7732459519999995,2.773245952,26.375573504,0.0,2639.766632688794,0.7332685090802205,0.5228204469741972,713.0,656,Tesla T4,16106.12736,70.0,GPU-9f4ff8b5-8ab3-4db4-8aad-33910b4643c3,Tesla T4,16106.12736,70.0,GPU-9f111faa-2f37-e4bf-0799-ffd89e5ef19c,580.159.04,1.0,57,1.0,2,1.0,60,1.0,67
a-resnet50-base-f0-s1,a,resnet50,base,0,1,18,1422,45504,1787782947.471974,1787782987.4336722,2026-08-26T22:22:27Z,2026-08-26T22:23:07Z,acct1,0,1eca9c,Interactive,7e7a9e91427c,v1,0.0002081453645656,1.0,0.0001191029944405,0.0002605111706814,0.0026199984695037,0.0293401665985584,0.0010362968314439,0.0098142471164464,0.0223727387562394,0.0,1079.3765945031214,6.323454408312911e-10,65536.0,0,0,39.94514179229736,36.35037612915039,3.59350323677063,14.624915838241575,20.78103089332581,19.46097612380981,0.720285177230835,0.3661250200158685,0.2735267168358911,0.2730989456176758,0.2748937129974365,0.2828347110748291,69.54536016403763,23512130,23512130,726.2818677425385,47890.19375575147,60,384,32,coral,coral_bce,0.0,session_balanced,adamw,0.0003,0.05,cosine,5,60,5.0,True,full,raw,full_frame,dataset_v1_1,fp16,2,resnet50,0,1,base,a,7e7a9e91427c,1.0,1.0,1.0,1.0,1.0,1.0,1.0,1.0,1.0,1.0,67,1.0,1.0,1.0,57,1.0,1.0,1.0,62,1.0,0.0,1.0,1.0,0.0001685627728119,8.043904077285505e-08,0.9998314624191612,0.9998314624191612,,-0.0001685375808387,0.0001685375808387,0.0001685375808387,0.0001685375808387,51.270270270270274,99.0,55.0,5774.704640000002,5774.70464,77.13513513513513,78.0,60.31070270270272,101.024,1183.3783783783783,5000.0,4.0,2240.182706911539,41402.19942329061,0.0,0.0,0.0,473.1043839999999,473.104384,39.0,39.0,9.601648648648649,9.956,300.0,405.0,1.0,385.3764413554673,7176.798831501246,68.37297297297297,73.6,4.045084395243243,4.151246848,14.8,2.664708926270269,2.712621056,26.321383424,0.0,2625.559148267006,0.729321985629724,0.5200065757539931,713.0,666,Tesla T4,16106.12736,70.0,GPU-9f4ff8b5-8ab3-4db4-8aad-33910b4643c3,Tesla T4,16106.12736,70.0,GPU-9f111faa-2f37-e4bf-0799-ffd89e5ef19c,580.159.04,1.0,57,1.0,2,1.0,60,1.0,67
a-resnet50-base-f0-s1,a,resnet50,base,0,1,19,1501,48032,1787782987.9983082,1787783027.4645455,2026-08-26T22:23:07Z,2026-08-26T22:23:47Z,acct1,0,1eca9c,Interactive,7e7a9e91427c,v1,0.0001326057146015,1.0,7.773532599203854e-05,0.0002545406352982,0.0017894878742193,0.0244058612734079,0.0008861909154802,0.0059240400791168,0.0136265663802623,0.0,1078.450832832646,4.2236267662382756e-10,65536.0,0,0,39.44984793663025,35.84262132644653,3.6059844493865967,14.158159732818604,20.737622022628784,19.38420557975769,0.7201457023620605,0.3588900964982521,0.2729148170616053,0.2727165222167969,0.273963451385498,0.2848038911819458,70.53055570281941,23512130,23512130,765.7317156791687,50524.55327608551,60,384,32,coral,coral_bce,0.0,session_balanced,adamw,0.0003,0.05,cosine,5,60,5.0,True,full,raw,full_frame,dataset_v1_1,fp16,2,resnet50,0,1,base,a,7e7a9e91427c,1.0,1.0,1.0,1.0,1.0,1.0,1.0,1.0,1.0,1.0,67,1.0,1.0,1.0,57,1.0,1.0,1.0,62,1.0,0.0,1.0,1.0,0.0001051020706089,3.057142016275868e-08,0.9998949073976086,0.9998949073976086,,-0.0001050926023914,0.0001050926023914,0.0001050926023914,0.0001050926023914,54.45945945945946,99.0,63.0,5774.704640000002,5774.70464,77.16216216216216,78.0,56.60554054054053,90.791,1187.837837837838,5000.0,4.0,2254.1700864591985,43683.41619673816,0.0,0.0,0.0,473.1043839999999,473.104384,39.0,39.0,9.593216216216216,10.154,300.0,405.0,1.0,380.1894338748434,7563.462266407726,67.84324324324324,74.4,4.020506070486485,4.145557504,14.8,2.663135287351351,2.68341248,26.32153088,0.0,2634.359520334042,0.7317665334261227,0.5217495383328256,713.0,654,Tesla T4,16106.12736,70.0,GPU-9f4ff8b5-8ab3-4db4-8aad-33910b4643c3,Tesla T4,16106.12736,70.0,GPU-9f111faa-2f37-e4bf-0799-ffd89e5ef19c,580.159.04,1.0,57,1.0,2,1.0,60,1.0,67
a-resnet50-base-f0-s1,a,resnet50,base,0,1,20,1580,50560,1787783028.111117,1787783068.0315993,2026-08-26T22:23:48Z,2026-08-26T22:24:28Z,acct1,0,1eca9c,Interactive,7e7a9e91427c,v1,0.0002234525246778,1.0,6.391250383697502e-05,0.0002482291100917,0.0030086341806204,0.0610188096761703,0.0007889361004345,0.0115707128308713,0.0325125248357653,0.0,1077.5478709298254,6.930834400913503e-10,65536.0,0,0,39.90228581428528,36.2371940612793,3.663481950759888,14.578578472137451,20.727361917495728,19.344502210617065,0.7044823169708252,0.3653569757880443,0.272619660896591,0.2725312709808349,0.2742095470428466,0.2762183427810669,69.76257586956093,23512130,23512130,805.634001493454,53129.408859406576,60,384,32,coral,coral_bce,0.0,session_balanced,adamw,0.0003,0.05,cosine,5,60,5.0,True,full,raw,full_frame,dataset_v1_1,fp16,2,resnet50,0,1,base,a,7e7a9e91427c,1.0,1.0,1.0,1.0,1.0,1.0,1.0,1.0,1.0,1.0,67,1.0,1.0,1.0,57,1.0,1.0,1.0,62,1.0,0.0,1.0,1.0,8.943452924536078e-05,2.2741947889111704e-08,0.9999105722032569,0.9999105722032569,,-8.942779674325774e-05,8.942779674325774e-05,8.942779674325774e-05,8.942779674325774e-05,55.7027027027027,99.0,69.0,5774.704640000002,5774.70464,76.75675675675676,78.0,56.04472972972973,95.638,1223.5135135135135,5000.0,4.0,2221.1139537667914,45941.59784265864,0.0,0.0,0.0,473.1043839999999,473.104384,39.0,39.0,9.633864864864863,10.055,300.0,405.0,1.0,383.74162955427255,7954.938790445327,67.82702702702704,75.1,4.18899392345946,4.272631808,15.2,2.774411651459459,2.82198016,26.432049152,0.0,2604.855583321064,0.7235709953669622,0.5159061196966441,713.0,663,Tesla T4,16106.12736,70.0,GPU-9f4ff8b5-8ab3-4db4-8aad-33910b4643c3,Tesla T4,16106.12736,70.0,GPU-9f111faa-2f37-e4bf-0799-ffd89e5ef19c,580.159.04,1.0,57,1.0,2,1.0,60,1.0,67
a-resnet50-base-f0-s1,a,resnet50,base,0,1,21,1659,53088,1787783068.9145625,1787783108.0717297,2026-08-26T22:24:28Z,2026-08-26T22:25:08Z,acct1,0,1eca9c,Interactive,7e7a9e91427c,v1,0.0001095071744041,1.0,6.283262448578757e-05,0.0002415971819453,0.0012270696520145,0.0126986317336559,0.0005789709393866,0.0031487966654822,0.0115471417456865,0.0,1076.6695877785144,2.7534591237874915e-10,65536.0,0,0,39.13875484466553,35.61351203918457,3.523809671401977,13.941293716430664,20.724217653274536,19.355886459350582,0.716644287109375,0.3562017691099545,0.2727819967873489,0.2725675106048584,0.2742151737213135,0.2794417905807494,70.98429374835347,23512130,23512130,844.7727563381195,55680.3599366218,60,384,32,coral,coral_bce,0.0,session_balanced,adamw,0.0003,0.05,cosine,5,60,5.0,True,full,raw,full_frame,dataset_v1_1,fp16,2,resnet50,0,1,base,a,7e7a9e91427c,1.0,1.0,1.0,1.0,1.0,1.0,1.0,1.0,1.0,1.0,67,1.0,1.0,1.0,57,1.0,1.0,1.0,62,1.0,0.0,1.0,1.0,8.801741108444297e-05,2.192544500400976e-08,0.999911989255618,0.999911989255618,,-8.801074438202772e-05,8.801074438202772e-05,8.801074438202772e-05,8.801074438202772e-05,58.05555555555556,99.0,73.0,5774.704640000001,5774.70464,77.27777777777777,78.0,54.019527777777775,76.073,1235.0,5000.0,4.0,2173.0134799418665,48156.42715007559,0.0,0.0,0.0,473.1043839999999,473.104384,39.0,39.0,9.614166666666666,10.154,300.0,405.0,1.0,377.9375972733578,8343.677209597832,68.88888888888889,76.6,4.082893027555555,4.227407872,15.2,2.6530524728888887,2.695041024,26.310811648,0.0,2550.9510772152244,0.7085975214486734,0.5052300327929041,713.0,648,Tesla T4,16106.12736,70.0,GPU-9f4ff8b5-8ab3-4db4-8aad-33910b4643c3,Tesla T4,16106.12736,70.0,GPU-9f111faa-2f37-e4bf-0799-ffd89e5ef19c,580.159.04,1.0,57,1.0,2,1.0,60,1.0,67
a-resnet50-base-f0-s1,a,resnet50,base,0,1,22,1738,55616,1787783108.7190225,1787783148.6537523,2026-08-26T22:25:08Z,2026-08-26T22:25:48Z,acct1,0,1eca9c,Interactive,7e7a9e91427c,v1,6.494177855126474e-05,1.0,0.0001986932774177,0.00023466648283,0.0007868232572071,0.0046048909425735,0.0005636100540868,0.0023443197133019,0.0037006492167711,0.0,1075.8169101867777,1.716286894445555e-10,65536.0,0,0,39.91746425628662,36.37397861480713,3.542122364044189,14.755548000335692,20.693690299987797,19.32098412513733,0.7035021781921387,0.3696514364138707,0.2721261887610713,0.2717976570129394,0.2737007141113281,0.2757073354721069,69.50023330609484,23512130,23512130,884.6902205944061,58299.79458347305,60,384,32,coral,coral_bce,0.0,session_balanced,adamw,0.0003,0.05,cosine,5,60,5.0,True,full,raw,full_frame,dataset_v1_1,fp16,2,resnet50,0,1,base,a,7e7a9e91427c,1.0,1.0,1.0,1.0,1.0,1.0,1.0,1.0,1.0,1.0,67,1.0,1.0,1.0,57,1.0,1.0,1.0,62,1.0,0.0,1.0,1.0,0.0002864399479314,4.4251150144918486e-07,0.9997137031888448,0.9997137031888448,,-0.0002862968111551,0.0002862968111551,0.0002862968111551,0.0002862968111551,50.78378378378378,99.0,56.0,5774.704640000002,5774.70464,76.75675675675676,78.0,52.67124324324325,93.108,1310.6756756756756,5000.0,4.0,2225.2442663154216,50411.77165392457,0.0,0.0,0.0,473.1043839999999,473.104384,39.0,39.0,9.776054054054054,10.353,300.0,405.0,1.0,394.1903805358343,8745.10824508834,68.22702702702702,76.4,4.152500113297297,4.329951232,15.4,2.775841487567568,2.823307264,26.432,0.0,2619.434646851256,0.72762073523646,0.5187935842235959,713.0,666,Tesla T4,16106.12736,70.0,GPU-9f4ff8b5-8ab3-4db4-8aad-33910b4643c3,Tesla T4,16106.12736,70.0,GPU-9f111faa-2f37-e4bf-0799-ffd89e5ef19c,580.159.04,1.0,57,1.0,2,1.0,60,1.0,67
a-resnet50-base-f0-s1,a,resnet50,base,0,1,23,1817,58144,1787783149.3146577,1787783188.8210404,2026-08-26T22:25:49Z,2026-08-26T22:26:28Z,acct1,0,1eca9c,Interactive,7e7a9e91427c,v1,8.356117107527834e-05,1.0,3.488033294210039e-05,0.0002274596192458,0.0010831859175526,0.0098504517227411,0.0004720653232652,0.0046020036097615,0.0089767898619174,0.0,1074.990025691172,2.2919380691051934e-10,65536.0,0,0,39.48910069465637,35.95439314842224,3.5315029621124268,14.307335376739502,20.702362060546875,19.297765016555783,0.7047288417816162,0.3623109953140958,0.2725430168683015,0.2722048759460449,0.2737788677215576,0.2846791124343872,70.31129657964856,23512130,23512130,924.1793212890624,60935.75394745672,60,384,32,coral,coral_bce,0.0,session_balanced,adamw,0.0003,0.05,cosine,5,60,5.0,True,full,raw,full_frame,dataset_v1_1,fp16,2,resnet50,0,1,base,a,7e7a9e91427c,1.0,1.0,1.0,1.0,1.0,1.0,1.0,1.0,1.0,1.0,67,1.0,1.0,1.0,57,1.0,1.0,1.0,62,1.0,0.0,1.0,1.0,4.966537907659096e-05,9.879605387265835e-09,0.999950337153609,0.999950337153609,,-4.966284639096319e-05,4.966284639096319e-05,4.966284639096319e-05,4.966284639096319e-05,58.41666666666666,99.0,68.0,5774.704640000001,5774.70464,77.08333333333333,78.0,53.84766666666667,93.692,1218.75,5000.0,4.0,2248.649037657786,52699.20003270022,0.0,0.0,0.0,473.1043839999999,473.104384,39.0,39.0,9.803611111111111,10.448,300.0,405.0,1.0,387.3103263258836,9140.793070880642,68.93055555555556,74.9,4.215289287111111,4.334342144,15.5,2.773041152,2.773041152,26.375368704,0.0,2635.9593639836694,0.7322109344399081,0.5220663962556544,713.0,655,Tesla T4,16106.12736,70.0,GPU-9f4ff8b5-8ab3-4db4-8aad-33910b4643c3,Tesla T4,16106.12736,70.0,GPU-9f111faa-2f37-e4bf-0799-ffd89e5ef19c,580.159.04,1.0,57,1.0,2,1.0,60,1.0,67
a-resnet50-base-f0-s1,a,resnet50,base,0,1,24,1896,60672,1787783189.505764,1787783229.360353,2026-08-26T22:26:29Z,2026-08-26T22:27:09Z,acct1,0,1eca9c,Interactive,7e7a9e91427c,v1,0.0001189302068303,1.0,4.266808297958754e-05,0.0002200000984838,0.0019760250120904,0.067132644355297,0.0003953034174628,0.005216817324981,0.0318287815526127,0.0,1074.1903150478313,4.0470081621159137e-10,65536.0,0,0,39.836979150772095,36.26376914978027,3.5721065998077397,14.619564771652222,20.69978427886963,19.314871072769165,0.7066502571105957,0.3669847735271582,0.2722943855237357,0.2720293998718261,0.2738213062286377,0.2809189701080322,69.71145193315675,23512130,23512130,964.0163004398346,63578.83941065871,60,384,32,coral,coral_bce,0.0,session_balanced,adamw,0.0003,0.05,cosine,5,60,5.0,True,full,raw,full_frame,dataset_v1_1,fp16,2,resnet50,0,1,base,a,7e7a9e91427c,1.0,1.0,1.0,1.0,1.0,1.0,1.0,1.0,1.0,1.0,67,1.0,1.0,1.0,57,1.0,1.0,1.0,62,1.0,0.0,1.0,1.0,5.73469553514409e-05,1.252508549577537e-08,0.9999426571271752,0.9999426571271752,,-5.734287282477269e-05,5.734287282477269e-05,5.734287282477269e-05,5.734287282477269e-05,53.47222222222222,99.0,54.5,5774.704640000001,5774.70464,76.77777777777777,78.0,55.11958333333333,94.335,1207.5,5000.0,4.0,2250.0052386476964,54978.4792391552,0.0,0.0,0.0,473.1043839999999,473.104384,39.0,39.0,9.828666666666669,10.353,300.0,405.0,1.0,393.08022455429455,9542.487028927551,68.6861111111111,74.1,4.182857159111111,4.279058432,15.2,2.773332423111112,2.78208512,26.432,0.0,2643.085463201991,0.7341904064449974,0.5234777597952832,713.0,664,Tesla T4,16106.12736,70.0,GPU-9f4ff8b5-8ab3-4db4-8aad-33910b4643c3,Tesla T4,16106.12736,70.0,GPU-9f111faa-2f37-e4bf-0799-ffd89e5ef19c,580.159.04,1.0,57,1.0,2,1.0,60,1.0,67
a-resnet50-base-f0-s1,a,resnet50,base,0,1,25,1975,63200,1787783230.0224526,1787783270.3160949,2026-08-26T22:27:10Z,2026-08-26T22:27:50Z,acct1,0,1eca9c,Interactive,7e7a9e91427c,v1,6.377544117571279e-05,1.0,3.812574721607273e-05,0.0002123122519502,0.0007767477439336,0.0053897546604275,0.0003360973496455,0.0030294133815914,0.005070969229564,0.0,1073.418628986574,1.5363350165400628e-10,65536.0,0,0,40.27570557594299,36.784109115600586,3.490112543106079,15.123952627182009,20.71090650558472,19.35554790496826,0.7286167144775391,0.3755105568210248,0.2726254825350604,0.2721033096313476,0.273785924911499,0.2843137407302856,68.72532897440337,23512130,23512130,1004.2920060157776,66238.37771430552,60,384,32,coral,coral_bce,0.0,session_balanced,adamw,0.0003,0.05,cosine,5,60,5.0,True,full,raw,full_frame,dataset_v1_1,fp16,2,resnet50,0,1,base,a,7e7a9e91427c,1.0,1.0,1.0,1.0,1.0,1.0,1.0,1.0,1.0,1.0,67,1.0,1.0,1.0,57,1.0,1.0,1.0,62,1.0,0.0,1.0,1.0,5.275545868967354e-05,8.789701665963495e-09,0.9999472473257331,0.9999472473257331,,-5.2752674266853816e-05,5.2752674266853816e-05,5.2752674266853816e-05,5.2752674266853816e-05,56.24324324324324,99.0,65.0,5774.704640000002,5774.70464,77.05405405405405,78.0,56.83210810810811,87.144,1264.054054054054,5000.0,4.0,2264.2814888591747,57282.169175337454,0.0,0.0,0.0,473.1043839999999,473.104384,39.0,39.0,9.7867027027027,10.254,300.0,405.0,1.0,395.25681478763545,9946.33786382508,67.82162162162163,75.9,4.209744370162163,4.386729984,15.5,2.7735388713513505,2.798534656,26.431803392,0.0,2659.53830364681,0.7387606399018917,0.5267363362500488,713.0,670,Tesla T4,16106.12736,70.0,GPU-9f4ff8b5-8ab3-4db4-8aad-33910b4643c3,Tesla T4,16106.12736,70.0,GPU-9f111faa-2f37-e4bf-0799-ffd89e5ef19c,580.159.04,1.0,57,1.0,2,1.0,60,1.0,67
a-resnet50-base-f0-s1,a,resnet50,base,0,1,26,2054,65728,1787783271.0111318,1787783310.9504778,2026-08-26T22:27:51Z,2026-08-26T22:28:30Z,acct1,0,1eca9c,Interactive,7e7a9e91427c,v1,7.355598074377955e-05,1.0,2.5358293833148788e-05,0.0002044211558025,0.0009216522549085,0.008114019408822,0.000397152500227,0.0040640193969011,0.0079262135922908,0.0,1072.6751123580746,1.7564052435439777e-10,131072.0,0,0,39.91629266738892,36.3426353931427,3.57165265083313,14.674206733703612,20.71924352645874,19.414865732192997,0.7075140476226807,0.3676244899790568,0.2726100788840764,0.2723908424377441,0.2745714664459228,0.2769868850708007,69.56017285628644,23512130,23512130,1044.2082986831665,68872.36487721474,60,384,32,coral,coral_bce,0.0,session_balanced,adamw,0.0003,0.05,cosine,5,60,5.0,True,full,raw,full_frame,dataset_v1_1,fp16,2,resnet50,0,1,base,a,7e7a9e91427c,1.0,1.0,1.0,1.0,1.0,1.0,1.0,1.0,1.0,1.0,67,1.0,1.0,1.0,57,1.0,1.0,1.0,62,1.0,0.0,1.0,1.0,3.630923966266096e-05,3.772046515626922e-09,0.9999636917985896,0.9999636917985896,,-3.630820141042879e-05,3.630820141042879e-05,3.630820141042879e-05,3.630820141042879e-05,58.2972972972973,99.0,84.0,5774.704640000002,5774.70464,77.05405405405405,78.0,57.30535135135136,103.772,1219.4594594594594,5000.0,4.0,2245.122260070748,59566.36198253926,0.0,0.0,0.0,473.1043839999999,473.104384,39.0,39.0,9.681972972972972,10.154,300.0,405.0,1.0,388.8649028384698,10343.680863761423,68.27837837837838,76.5,4.196874516756758,4.286042112,15.2,2.773845296432434,2.797748224,26.432131072,0.0,2633.9871629092177,0.731663100808116,0.5216757908761867,713.0,664,Tesla T4,16106.12736,70.0,GPU-9f4ff8b5-8ab3-4db4-8aad-33910b4643c3,Tesla T4,16106.12736,70.0,GPU-9f111faa-2f37-e4bf-0799-ffd89e5ef19c,580.159.04,1.0,57,1.0,2,1.0,60,1.0,67
a-resnet50-base-f0-s1,a,resnet50,base,0,1,27,2133,68256,1787783311.6215749,1787783351.3805246,2026-08-26T22:28:31Z,2026-08-26T22:29:11Z,acct1,0,1eca9c,Interactive,7e7a9e91427c,v1,4.48289274572744e-05,1.0,0.0001139756241857,0.0001963525491562,0.0005334539288659,0.0041831210255622,0.0003143199719488,0.0023299847031012,0.0034076926950365,0.0,1071.9613660528182,9.771344575218376e-11,131072.0,0,0,39.74069857597351,36.1832013130188,3.5562753677368164,14.54761815071106,20.701544523239136,19.33678388595581,0.7143845558166504,0.366063473265321,0.2724262370338923,0.2722134590148926,0.2738409519195556,0.2782509469985962,69.86667592318372,23512130,23512130,1083.94899725914,71458.24840900044,60,384,32,coral,coral_bce,0.0,session_balanced,adamw,0.0003,0.05,cosine,5,60,5.0,True,full,raw,full_frame,dataset_v1_1,fp16,2,resnet50,0,1,base,a,7e7a9e91427c,1.0,1.0,1.0,1.0,1.0,1.0,1.0,1.0,1.0,1.0,67,1.0,1.0,1.0,57,1.0,1.0,1.0,62,1.0,0.0,1.0,1.0,0.0001575235133475,1.356511160572176e-07,0.9998425210034976,0.9998425210034976,,-0.0001574789965024,0.0001574789965024,0.0001574789965024,0.0001574789965024,54.55555555555556,99.0,55.0,5774.704640000001,5774.70464,77.08333333333333,78.0,60.023694444444445,94.238,1167.9166666666667,5000.0,4.0,2200.9091009354306,61801.24171853858,0.0,0.0,0.0,473.1043839999999,473.104384,39.0,39.0,9.64161111111111,10.353,300.0,405.0,1.0,384.9744308502759,10737.120213180311,69.07222222222224,75.3,4.220139633777777,4.35705856,15.5,2.774064241777777,2.807578624,26.432065536,0.0,2585.8835317857065,0.7183009810515851,0.5121485994897802,713.0,662,Tesla T4,16106.12736,70.0,GPU-9f4ff8b5-8ab3-4db4-8aad-33910b4643c3,Tesla T4,16106.12736,70.0,GPU-9f111faa-2f37-e4bf-0799-ffd89e5ef19c,580.159.04,1.0,57,1.0,2,1.0,60,1.0,67
a-resnet50-base-f0-s1,a,resnet50,base,0,1,28,2212,70784,1787783352.0494545,1787783391.3990223,2026-08-26T22:29:12Z,2026-08-26T22:29:51Z,acct1,0,1eca9c,Interactive,7e7a9e91427c,v1,6.712181369303962e-05,1.0,2.1383770183425067e-05,0.000188132750129,0.000914842097838,0.0105890790000557,0.0003050205414183,0.0038821095135062,0.0089938969351351,0.0,1071.2766254087237,1.60660426744966e-10,131072.0,0,0,39.32922720909119,35.79319190979004,3.534914255142212,14.13829493522644,20.71283435821533,19.315252780914307,0.7068774700164795,0.3594857041065452,0.2724382756631585,0.2722880840301513,0.2742862701416015,0.2798937797546387,70.62795646645164,23512130,23512130,1123.2782244682312,74022.49650067354,60,384,32,coral,coral_bce,0.0,session_balanced,adamw,0.0003,0.05,cosine,5,60,5.0,True,full,raw,full_frame,dataset_v1_1,fp16,2,resnet50,0,1,base,a,7e7a9e91427c,1.0,1.0,1.0,1.0,1.0,1.0,1.0,1.0,1.0,1.0,67,1.0,1.0,1.0,57,1.0,1.0,1.0,62,1.0,0.0,1.0,1.0,2.9309480831562226e-05,2.2751667882769283e-09,0.9999706911784346,0.9999706911784346,,-2.9308821565376952e-05,2.9308821565376952e-05,2.9308821565376952e-05,2.9308821565376952e-05,60.97222222222222,99.0,76.0,5774.704640000001,5774.70464,76.91666666666667,78.0,55.939833333333326,89.468,1224.5833333333333,5000.0,4.0,2183.9546907536715,64017.01410902647,0.0,0.0,0.0,473.1043839999999,473.104384,39.0,39.0,9.641472222222225,10.353,300.0,405.0,1.0,380.2934009194305,11125.480723765377,68.83333333333333,76.2,4.194575473777778,4.400746496,15.6,2.773024768,2.773024768,26.37535232,0.0,2564.248091673102,0.7122911365758616,0.5078635803785894,713.0,654,Tesla T4,16106.12736,70.0,GPU-9f4ff8b5-8ab3-4db4-8aad-33910b4643c3,Tesla T4,16106.12736,70.0,GPU-9f111faa-2f37-e4bf-0799-ffd89e5ef19c,580.159.04,1.0,57,1.0,2,1.0,60,1.0,67
a-resnet50-base-f0-s1,a,resnet50,base,0,1,29,2291,73312,1787783392.0693362,1787783430.9290423,2026-08-26T22:29:52Z,2026-08-26T22:30:30Z,acct1,0,1eca9c,Interactive,7e7a9e91427c,v1,4.031298913450652e-05,1.0,3.630895106388996e-05,0.0001797885699968,0.0005367835168542,0.0042070974595844,0.0002884928835555,0.0020821189507842,0.0031753421062603,0.0,1070.622272186578,9.014154048561983e-11,131072.0,0,0,38.84182238578797,35.369176387786865,3.471489191055298,13.709895133972168,20.723666429519653,19.32232451438904,0.7062671184539795,0.3529673504451365,0.2726487841787217,0.2724475860595703,0.2736680030822754,0.2801144552230835,71.47466404880521,23512130,23512130,1162.1200468540192,76621.69938066263,60,384,32,coral,coral_bce,0.0,session_balanced,adamw,0.0003,0.05,cosine,5,60,5.0,True,full,raw,full_frame,dataset_v1_1,fp16,2,resnet50,0,1,base,a,7e7a9e91427c,1.0,1.0,1.0,1.0,1.0,1.0,1.0,1.0,1.0,1.0,67,1.0,1.0,1.0,57,1.0,1.0,1.0,62,1.0,0.0,1.0,1.0,4.765941596198006e-05,8.20643040671027e-09,0.9999523432024064,0.9999523432024064,,-4.765679759366481e-05,4.765679759366481e-05,4.765679759366481e-05,4.765679759366481e-05,54.25,99.0,62.5,5774.704640000001,5774.70464,77.08333333333333,78.0,57.501444444444445,96.78,1261.6666666666667,5000.0,4.0,2224.27739766211,66274.21944689273,0.0,0.0,0.0,473.1043839999999,473.104384,39.0,39.0,9.66086111111111,10.055,300.0,405.0,1.0,374.92548232697663,11508.750725041384,68.85277777777777,75.5,4.224640455111111,4.37047296,15.5,2.7757608959999995,2.82591232,26.432180224,0.0,2599.202879989087,0.7220007999969685,0.5147865703978386,713.0,646,Tesla T4,16106.12736,70.0,GPU-9f4ff8b5-8ab3-4db4-8aad-33910b4643c3,Tesla T4,16106.12736,70.0,GPU-9f111faa-2f37-e4bf-0799-ffd89e5ef19c,580.159.04,1.0,57,1.0,2,1.0,60,1.0,67
a-resnet50-base-f0-s1,a,resnet50,base,0,1,30,2370,75840,1787783431.6045125,1787783471.235661,2026-08-26T22:30:31Z,2026-08-26T22:31:11Z,acct1,0,1eca9c,Interactive,7e7a9e91427c,v1,5.563084779986397e-05,1.0,2.055228395708768e-05,0.0001713472257409,0.0008794596659858,0.018987413495779,0.0002649421512614,0.0025274429703131,0.0100230451393872,0.0,1069.9982471804217,1.408347857717178e-10,131072.0,0,0,39.61220407485962,36.05827736854553,3.552420854568481,14.410370349884031,20.710803031921387,19.320146560668945,0.7172806262969971,0.3637861282005702,0.272525075115735,0.2721562385559082,0.2736380577087402,0.2836647462844848,70.10872910432579,23512130,23512130,1201.7322509288788,79251.75829784508,60,384,32,coral,coral_bce,0.0,session_balanced,adamw,0.0003,0.05,cosine,5,60,5.0,True,full,raw,full_frame,dataset_v1_1,fp16,2,resnet50,0,1,base,a,7e7a9e91427c,1.0,1.0,1.0,1.0,1.0,1.0,1.0,1.0,1.0,1.0,67,1.0,1.0,1.0,57,1.0,1.0,1.0,62,1.0,0.0,1.0,1.0,2.7441229293988416e-05,2.168953231534988e-09,0.9999725594315476,0.9999725594315476,,-2.7440568452274935e-05,2.7440568452274935e-05,2.7440568452274935e-05,2.7440568452274935e-05,69.52777777777777,99.0,86.0,5774.704640000001,5774.70464,76.86111111111111,78.0,56.79713888888889,99.272,1253.75,5000.0,4.0,2244.9843160987075,68549.45368596032,0.0,0.0,0.0,473.1043839999999,473.104384,39.0,39.0,9.677388888888888,10.547,300.0,405.0,1.0,385.07460108373925,11901.058311691024,68.6611111111111,76.5,4.248904704,4.400345088,15.6,2.774679665777777,2.829733888,26.37543424,0.0,2630.0589171824467,0.7305719214395685,0.5208977799864124,713.0,660,Tesla T4,16106.12736,70.0,GPU-9f4ff8b5-8ab3-4db4-8aad-33910b4643c3,Tesla T4,16106.12736,70.0,GPU-9f111faa-2f37-e4bf-0799-ffd89e5ef19c,580.159.04,1.0,57,1.0,2,1.0,60,1.0,67
a-resnet50-base-f0-s1,a,resnet50,base,0,1,31,2449,78368,1787821224.392793,1787821270.9375262,2026-08-27T09:00:24Z,2026-08-27T09:01:10Z,acct1,0,f9a278,Interactive,7e7a9e91427c,v2,6.60982180168595e-05,1.0,2.8192203625553458e-05,0.00016283625127182596,0.0007972973266699723,0.01059481780976057,0.00022053814609535038,0.003439832408912475,0.007992561087012287,0.0,1069.4045628605352,1.2140298660846294e-10,131072.0,0,0,46.527496099472046,42.17797827720642,4.347647428512573,13.626488447189331,27.137798309326172,24.984752655029297,1.1928012371063232,0.29286958442932315,0.3599204805832875,0.29178380966186523,0.3001809597015381,1.491974549293512,59.93649063464398,23512130,23512130,1248.2597470283508,82219.14181329007,60,384,32,coral,coral_bce,0.0,session_balanced,adamw,0.0003,0.05,cosine,5,60,5.0,True,full,raw,full_frame,dataset_v1_1,fp16,2,resnet50,0,1,base,a,7e7a9e91427c,1.0,1.0,1.0,1.0,1.0,1.0,1.0,1.0,1.0,1.0,67,1.0,1.0,1.0,57,1.0,1.0,1.0,62,1.0,0.0,1.0,1.0,3.77913399403022e-05,5.2208150156755175e-09,0.9999622103347573,0.9999622103347573,NA,-3.778966524270455e-05,3.778966524270455e-05,3.778966524270455e-05,3.778966524270455e-05,53.348837209302324,99.0,64.0,5605.566892651163,7716.667392,77.30232558139535,81.0,55.92979069767441,100.96,1052.093023255814,5000.0,4.0,2509.8335759925844,2516.536877032757,0.0,0.0,0.0,473.1043839999999,473.104384,37.97674418604651,38.0,9.84281395348837,10.551,300.0,405.0,1.0,457.5499394524096,459.70606479549394,63.24186046511628,78.0,3.294147607813953,3.698745344,13.5,2.641848939162791,2.654081024,27.433181184,0.0,2967.383515444994,0.8242731987347205,0.5877067906978558,713.0,772,Tesla T4,16106.12736,70.0,GPU-68af6dd9-efa6-2c59-74be-fc9e28c1dbdf,Tesla T4,16106.12736,70.0,GPU-015b8c66-85ec-6208-2309-fc83f3d55e16,580.159.04,1.0,57,1.0,2,1.0,60,1.0,67
a-resnet50-base-f0-s1,a,resnet50,base,0,1,32,2528,80896,1787821271.566735,1787821312.3726127,2026-08-27T09:01:11Z,2026-08-27T09:01:52Z,acct1,0,f9a278,Interactive,7e7a9e91427c,v2,3.0477854522095058e-05,1.0,4.594120450600448e-05,0.0001542834076190544,0.0004088755961709444,0.0072685955092310905,0.00013949893764220178,0.0018114902311936014,0.004016683008521791,0.0,1068.8418632339417,5.90196945305449e-11,131072.0,0,0,40.791399002075195,37.28519058227539,3.5052218437194824,14.40483021736145,21.48301362991333,20.035343170166016,1.1635286808013916,0.3531340078978078,0.28800789313980296,0.2870171070098877,0.2938068389892578,0.2962745475769043,67.80171860518152,23512130,23512130,1289.051146030426,84920.2926735601,60,384,32,coral,coral_bce,0.0,session_balanced,adamw,0.0003,0.05,cosine,5,60,5.0,True,full,raw,full_frame,dataset_v1_1,fp16,2,resnet50,0,1,base,a,7e7a9e91427c,1.0,1.0,1.0,1.0,1.0,1.0,1.0,1.0,1.0,1.0,67,1.0,1.0,1.0,57,1.0,1.0,1.0,62,1.0,0.0,1.0,1.0,5.995843741408069e-05,1.5756724630409146e-08,0.9999400467000982,0.9999400467000982,NA,-5.995329990182707e-05,5.995329990182707e-05,5.995329990182707e-05,5.995329990182707e-05,57.78947368421053,99.0,61.0,5670.7300513684195,5787.287552,76.39473684210526,79.0,55.262263157894736,76.319,1164.078947368421,5000.0,4.0,2305.7738146247925,4854.042653102642,0.0,0.0,0.0,473.1043839999998,473.104384,37.3421052631579,38.0,9.624605263157896,10.353,300.0,405.0,1.0,395.37704564523733,862.9443960554602,67.39999999999999,75.0,3.7615174063157886,3.927482368,14.2,2.6521896421052635,2.6966016,25.36865792,0.0,2701.1508602700296,0.7503196834083415,0.5349779342701475,713.0,676,Tesla T4,16106.12736,70.0,GPU-68af6dd9-efa6-2c59-74be-fc9e28c1dbdf,Tesla T4,16106.12736,70.0,GPU-015b8c66-85ec-6208-2309-fc83f3d55e16,580.159.04,1.0,57,1.0,2,1.0,60,1.0,67
a-resnet50-base-f0-s1,a,resnet50,base,0,1,33,2607,83424,1787821344.973284,1787821384.4342642,2026-08-27T09:02:24Z,2026-08-27T09:03:04Z,acct1,0,f9a278,Interactive,7e7a9e91427c,v2,5.2536233172908905e-05,1.0,3.821903643960644e-05,0.00014571659238094556,0.000684367374399503,0.00844183936715126,0.0001832975831348449,0.0036725238664075724,0.005789203885942694,0.0,1068.3097942516788,9.334715666820597e-11,131072.0,0,0,39.440539836883545,35.97762703895569,3.4608259201049805,12.971469640731812,21.612095832824707,20.198203325271606,1.1735942363739014,0.3288867164186557,0.28972501392605937,0.2884502410888672,0.2991784572601318,0.30953910350799557,70.26589044526878,23512130,23512130,1328.4916858673096,87538.51516606566,60,384,32,coral,coral_bce,0.0,session_balanced,adamw,0.0003,0.05,cosine,5,60,5.0,True,full,raw,full_frame,dataset_v1_1,fp16,2,resnet50,0,1,base,a,7e7a9e91427c,1.0,1.0,1.0,1.0,1.0,1.0,1.0,1.0,1.0,1.0,67,1.0,1.0,1.0,57,1.0,1.0,1.0,62,1.0,0.0,1.0,1.0,5.404867220576696e-05,1.2236146818036844e-08,0.9999459552508528,0.9999459552508528,NA,-5.404474914716406e-05,5.404474914716406e-05,5.404474914716406e-05,5.404474914716406e-05,60.5,99.0,81.0,5787.287551999999,5787.287552,77.11111111111111,81.0,57.78513888888889,90.052,1132.0833333333333,5000.0,4.0,2237.880363824127,8128.213673845057,0.0,0.0,0.0,473.1043839999999,473.104384,38.0,38.0,9.617027777777778,10.254,300.0,405.0,1.0,380.3421286814207,1561.7891571860305,69.27222222222224,76.6,4.062094108444444,4.167876608,14.9,2.715557319111111,2.715578368,25.328041984,0.0,2618.222492505548,0.7272840256959855,0.5185535103212376,713.0,654,Tesla T4,16106.12736,70.0,GPU-68af6dd9-efa6-2c59-74be-fc9e28c1dbdf,Tesla T4,16106.12736,70.0,GPU-015b8c66-85ec-6208-2309-fc83f3d55e16,580.159.04,1.0,57,1.0,2,1.0,60,1.0,67
a-resnet50-base-f0-s1,a,resnet50,base,0,1,34,2686,85952,1787821384.998182,1787821424.6464527,2026-08-27T09:03:04Z,2026-08-27T09:03:44Z,acct1,0,f9a278,Interactive,7e7a9e91427c,v2,3.193791534429209e-05,1.0,2.8468314369131813e-05,0.00013716374872817407,0.0004012727476486972,0.0028282792773097754,0.0001811518013710156,0.0015565306064672761,0.0020317481085658064,0.0,1067.8084335603528,5.1544895694850325e-11,131072.0,0,0,39.62663698196411,36.08667278289795,3.5382513999938965,12.974767208099365,21.74442481994629,20.38482165336609,1.1522703170776367,0.32742539353023503,0.2910383592678022,0.29048633575439453,0.29801173210144044,0.30175487518310545,70.05356285431944,23512130,23512130,1368.1183228492737,90221.71544078822,60,384,32,coral,coral_bce,0.0,session_balanced,adamw,0.0003,0.05,cosine,5,60,5.0,True,full,raw,full_frame,dataset_v1_1,fp16,2,resnet50,0,1,base,a,7e7a9e91427c,1.0,1.0,1.0,1.0,1.0,1.0,1.0,1.0,1.0,1.0,67,1.0,1.0,1.0,57,1.0,1.0,1.0,62,1.0,0.0,1.0,1.0,3.696688796474344e-05,5.446246283285189e-09,0.9999630348656767,0.9999630348656767,NA,-3.696513432327464e-05,3.696513432327464e-05,3.696513432327464e-05,3.696513432327464e-05,61.611111111111114,99.0,72.0,5787.287551999999,5787.287552,77.52777777777777,81.0,58.12713888888888,94.449,1122.5,5000.0,4.0,2302.039498278612,10460.350855785131,0.0,0.0,0.0,473.1043839999999,473.104384,37.52777777777778,38.0,9.553666666666667,10.154,300.0,405.0,1.0,381.16077644395773,1950.0355098896011,69.75555555555555,76.8,4.074885461333333,4.196233216,15.1,2.7166717724444447,2.754572288,25.38467328,0.0,2683.2002747225697,0.7453334096451583,0.5314227210769978,713.0,660,Tesla T4,16106.12736,70.0,GPU-68af6dd9-efa6-2c59-74be-fc9e28c1dbdf,Tesla T4,16106.12736,70.0,GPU-015b8c66-85ec-6208-2309-fc83f3d55e16,580.159.04,1.0,57,1.0,2,1.0,60,1.0,67
a-resnet50-base-f0-s1,a,resnet50,base,0,1,35,2765,88480,1787821425.1737173,1787821465.0684392,2026-08-27T09:03:45Z,2026-08-27T09:04:25Z,acct1,0,f9a278,Interactive,7e7a9e91427c,v2,2.3828730891067076e-05,1.0,1.6198909942167737e-05,0.00012865277425900724,0.00031012002981225135,0.0041486299596726894,0.00015359533426817507,0.0010567241464741518,0.0022675174218602452,0.0,1067.3378562204475,3.7380668132501515e-11,131072.0,0,0,39.8791069984436,36.38878560066223,3.489225149154663,13.461950302124023,21.50796151161194,20.14969563484192,1.1943087577819824,0.3375690007965679,0.28867389280584793,0.28789758682250977,0.29459280967712403,0.30484388828277587,69.47195291820877,23512130,23512130,1407.9974298477173,92873.01530595894,60,384,32,coral,coral_bce,0.0,session_balanced,adamw,0.0003,0.05,cosine,5,60,5.0,True,full,raw,full_frame,dataset_v1_1,fp16,2,resnet50,0,1,base,a,7e7a9e91427c,1.0,1.0,1.0,1.0,1.0,1.0,1.0,1.0,1.0,1.0,67,1.0,1.0,1.0,57,1.0,1.0,1.0,62,1.0,0.0,1.0,1.0,2.2939889911355627e-05,1.632340024702886e-09,0.9999770605435936,0.9999770605435936,NA,-2.2939456406412262e-05,2.2939456406412262e-05,2.2939456406412262e-05,2.2939456406412262e-05,54.78378378378378,99.0,59.0,5787.287551999999,5787.287552,76.94594594594595,80.0,59.499216216216205,97.946,1075.945945945946,5000.0,4.0,2267.6125472228523,12751.027631017445,0.0,0.0,0.0,473.10438399999987,473.104384,37.24324324324324,38.0,9.591702702702705,10.75,300.0,405.0,1.0,383.68731794786595,2339.7412712430955,68.53513513513514,75.8,4.1075340038918915,4.288585728,15.3,2.715620435027027,2.715643904,25.328041984,0.0,2651.2998651707185,0.736472184769644,0.5251046677407561,713.0,662,Tesla T4,16106.12736,70.0,GPU-68af6dd9-efa6-2c59-74be-fc9e28c1dbdf,Tesla T4,16106.12736,70.0,GPU-015b8c66-85ec-6208-2309-fc83f3d55e16,580.159.04,1.0,57,1.0,2,1.0,60,1.0,67
a-resnet50-base-f0-s1,a,resnet50,base,0,1,36,2844,91008,1787821465.5895655,1787821505.2674646,2026-08-27T09:04:25Z,2026-08-27T09:05:05Z,acct1,0,f9a278,Interactive,7e7a9e91427c,v2,4.431307867509784e-05,1.0,1.0127251591002668e-05,0.0001202114300031382,0.0013658359929178017,0.07588035613298416,0.00014882214600220323,0.001936892105732104,0.01960377771873019,0.0,1066.8977622805437,1.538939377916055e-10,131072.0,0,0,39.66326928138733,36.10995054244995,3.5520212650299072,13.118139743804932,21.5789794921875,20.251060247421265,1.1937739849090576,0.3307377324531552,0.28957244414317457,0.28909945487976074,0.29372715950012207,0.29972938537597654,70.0084038339556,23512130,23512130,1447.6606991291046,95508.48116930312,60,384,32,coral,coral_bce,0.0,session_balanced,adamw,0.0003,0.05,cosine,5,60,5.0,True,full,raw,full_frame,dataset_v1_1,fp16,2,resnet50,0,1,base,a,7e7a9e91427c,1.0,1.0,1.0,1.0,1.0,1.0,1.0,1.0,1.0,1.0,67,1.0,1.0,1.0,57,1.0,1.0,1.0,62,1.0,0.0,1.0,1.0,1.5173774027468005e-05,8.752418279934917e-10,0.9999848264519886,0.9999848264519886,NA,-1.5173548011393478e-05,1.5173548011393478e-05,1.5173548011393478e-05,1.5173548011393478e-05,61.4054054054054,99.0,79.0,5787.287551999999,5787.287552,77.05405405405405,78.0,57.96421621621623,86.212,1045.1351351351352,5000.0,4.0,2255.4096331350756,15027.309969084017,0.0,0.0,0.0,473.10438399999987,473.104384,37.0,37.0,9.532486486486487,9.857,300.0,405.0,1.0,380.05623020910843,2725.3663645067177,68.93783783783783,77.1,4.124261846486487,4.22105088,15.2,2.717317839567568,2.765082624,25.38467328,0.0,2635.465863344184,0.7320738509289401,0.5219686557123342,713.0,658,Tesla T4,16106.12736,70.0,GPU-68af6dd9-efa6-2c59-74be-fc9e28c1dbdf,Tesla T4,16106.12736,70.0,GPU-015b8c66-85ec-6208-2309-fc83f3d55e16,580.159.04,1.0,57,1.0,2,1.0,60,1.0,67
a-resnet50-base-f0-s1,a,resnet50,base,0,1,37,2923,93536,1787821505.7992556,1787821545.3402328,2026-08-27T09:05:05Z,2026-08-27T09:05:45Z,acct1,0,f9a278,Interactive,7e7a9e91427c,v2,4.0728643726433344e-05,1.0,1.17137049293829e-05,0.00011186724987097698,0.0006462304167765564,0.018918806686997414,0.00021584556088782847,0.0014532753964886065,0.006929296529851836,0.0,1066.486969903123,6.778518776871268e-11,131072.0,0,0,39.52589464187622,35.9396653175354,3.5841224193573,13.070705652236938,21.483954668045044,20.140125274658203,1.1615116596221924,0.3306871551084137,0.2879468428937695,0.2881598472595215,0.2925711154937744,0.29798614501953125,70.34010967171021,23512130,23512130,1487.1865937709808,98124.79976613207,60,384,32,coral,coral_bce,0.0,session_balanced,adamw,0.0003,0.05,cosine,5,60,5.0,True,full,raw,full_frame,dataset_v1_1,fp16,2,resnet50,0,1,base,a,7e7a9e91427c,1.0,1.0,1.0,1.0,1.0,1.0,1.0,1.0,1.0,1.0,67,1.0,1.0,1.0,57,1.0,1.0,1.0,62,1.0,0.0,1.0,1.0,1.9006540076529126e-05,1.319067061022477e-09,0.9999809938092385,0.9999809938092385,NA,-1.900619076145027e-05,1.900619076145027e-05,1.900619076145027e-05,1.900619076145027e-05,56.7027027027027,99.0,57.0,5787.287551999999,5787.287552,76.94594594594595,79.0,56.76343243243243,92.622,1075.5405405405406,5000.0,4.0,2236.971959032542,17292.85142765665,0.0,0.0,0.0,473.10438399999987,473.104384,37.0,37.0,9.585837837837838,10.055,300.0,405.0,1.0,379.3466377963987,3111.3777139873428,68.62972972972973,75.2,4.161681684756758,4.317437952,15.4,2.7171215636756756,2.768482304,25.38467328,0.0,2616.318596828941,0.7267551657858169,0.5181764332052874,713.0,656,Tesla T4,16106.12736,70.0,GPU-68af6dd9-efa6-2c59-74be-fc9e28c1dbdf,Tesla T4,16106.12736,70.0,GPU-015b8c66-85ec-6208-2309-fc83f3d55e16,580.159.04,1.0,57,1.0,2,1.0,60,1.0,67
a-resnet50-base-f0-s1,a,resnet50,base,0,1,38,3002,96064,1787821545.8806148,1787821585.8106897,2026-08-27T09:05:45Z,2026-08-27T09:06:25Z,acct1,0,f9a278,Interactive,7e7a9e91427c,v2,3.097680520355264e-05,1.0,5.594935384667018e-05,0.0001036474508437579,0.00047028134749665164,0.014759262092411518,0.00014832850138191134,0.0011613743961788707,0.004590431447140858,0.0,1066.1059816544723,4.572102932182338e-11,131072.0,0,0,39.9146785736084,36.419551610946655,3.4940025806427,13.440967082977295,21.58972930908203,20.187464952468872,1.1728973388671875,0.33674246075138053,0.2894202033175698,0.2890326976776123,0.29439311027526854,0.29936325550079346,69.41326535278257,23512130,23512130,1527.1012723445892,100771.66401735108,60,384,32,coral,coral_bce,0.0,session_balanced,adamw,0.0003,0.05,cosine,5,60,5.0,True,full,raw,full_frame,dataset_v1_1,fp16,2,resnet50,0,1,base,a,7e7a9e91427c,1.0,1.0,1.0,1.0,1.0,1.0,1.0,1.0,1.0,1.0,67,1.0,1.0,1.0,57,1.0,1.0,1.0,62,1.0,0.0,1.0,1.0,7.958958813129024e-05,3.482838894405206e-08,0.9999204217105784,0.9999204217105784,NA,-7.957828942162237e-05,7.957828942162237e-05,7.957828942162237e-05,7.957828942162237e-05,49.0,99.0,38.0,5787.287551999999,5787.287552,77.16216216216216,78.0,55.53508108108109,72.748,1154.1891891891892,5000.0,4.0,2261.2897845678126,19586.166097027995,0.0,0.0,0.0,473.10438399999987,473.104384,37.0,37.0,9.580621621621622,10.055,300.0,405.0,1.0,385.5744666511978,3503.6843984143625,68.35675675675677,76.2,4.195085782486487,4.351045632,15.5,2.7166690110270277,2.750271488,25.38467328,0.0,2646.8642512190104,0.7352400697830584,0.5242261697553207,713.0,664,Tesla T4,16106.12736,70.0,GPU-68af6dd9-efa6-2c59-74be-fc9e28c1dbdf,Tesla T4,16106.12736,70.0,GPU-015b8c66-85ec-6208-2309-fc83f3d55e16,580.159.04,1.0,57,1.0,2,1.0,60,1.0,67
a-resnet50-base-f0-s1,a,resnet50,base,0,1,39,3081,98592,1787821586.353332,1787821626.516782,2026-08-27T09:06:26Z,2026-08-27T09:07:06Z,acct1,0,f9a278,Interactive,7e7a9e91427c,v2,2.9650433914498478e-05,1.0,2.6180942506803685e-05,9.557884419740386e-05,0.0003858729421925183,0.00646472442895174,0.00013458497414831072,0.001148712914437053,0.0033841758733615234,0.0,1065.7538901277908,3.4605822379302057e-11,131072.0,0,0,40.1485652923584,36.58901333808899,3.557971954345703,13.677628517150879,21.527379512786865,20.16121006011963,1.158872365951538,0.3406753994209149,0.28846230386178706,0.2883017063140869,0.2916057586669922,0.2932159185409546,69.09177836092027,23512130,23512130,1567.2498376369476,103435.12442728798,60,384,32,coral,coral_bce,0.0,session_balanced,adamw,0.0003,0.05,cosine,5,60,5.0,True,full,raw,full_frame,dataset_v1_1,fp16,2,resnet50,0,1,base,a,7e7a9e91427c,1.0,1.0,1.0,1.0,1.0,1.0,1.0,1.0,1.0,1.0,67,1.0,1.0,1.0,57,1.0,1.0,1.0,62,1.0,0.0,1.0,1.0,3.59798014097823e-05,5.146971092443486e-09,0.9999640218673214,0.9999640218673214,NA,-3.597813267863792e-05,3.597813267863792e-05,3.597813267863792e-05,3.597813267863792e-05,48.891891891891895,99.0,67.0,5787.287551999999,5787.287552,77.02702702702703,78.0,58.175,102.867,1157.027027027027,5000.0,4.0,2276.544070674412,21894.811269506426,0.0,0.0,0.0,473.10438399999987,473.104384,37.0,37.0,9.642756756756757,10.254,300.0,405.0,1.0,386.91633926248596,3897.8162707049746,69.0,75.2,4.222139862486485,4.423385088,15.8,2.7181651580540542,2.760134656,25.38467328,0.0,2663.460409936898,0.7398501138713606,0.5275131311902801,713.0,666,Tesla T4,16106.12736,70.0,GPU-68af6dd9-efa6-2c59-74be-fc9e28c1dbdf,Tesla T4,16106.12736,70.0,GPU-015b8c66-85ec-6208-2309-fc83f3d55e16,580.159.04,1.0,57,1.0,2,1.0,60,1.0,67
a-resnet50-base-f0-s1,a,resnet50,base,0,1,40,3160,101120,1787821627.0541108,1787821666.4851983,2026-08-27T09:07:07Z,2026-08-27T09:07:46Z,acct1,0,f9a278,Interactive,7e7a9e91427c,v2,2.8756706969828352e-05,1.0,4.6890208141708316e-05,8.768774804971705e-05,0.0003494188873630748,0.004907531663775444,0.00011608486238401383,0.0011329870671033851,0.0035936591494828444,0.0,1065.4303283451407,2.8758103222475725e-11,131072.0,0,0,39.41566014289856,35.825478076934814,3.5890660285949707,12.927122592926025,21.485331535339355,20.1085684299469,1.1825034618377686,0.3279692017350388,0.28827016564864144,0.2883751392364502,0.2934206485748291,0.2967155885696411,70.56430606651357,23512130,23512130,1606.6654977798462,106068.86255036417,60,384,32,coral,coral_bce,0.0,session_balanced,adamw,0.0003,0.05,cosine,5,60,5.0,True,full,raw,full_frame,dataset_v1_1,fp16,2,resnet50,0,1,base,a,7e7a9e91427c,1.0,1.0,1.0,1.0,1.0,1.0,1.0,1.0,1.0,1.0,67,1.0,1.0,1.0,57,1.0,1.0,1.0,62,1.0,0.0,1.0,1.0,6.354657632320313e-05,2.145498269932692e-08,0.9999364604873042,0.9999364604873042,NA,-6.353951269577607e-05,6.353951269577607e-05,6.353951269577607e-05,6.353951269577607e-05,60.08108108108108,99.0,76.0,5787.287551999999,5787.287552,76.89189189189189,78.0,58.48281081081081,92.914,1119.7297297297298,5000.0,4.0,2255.756116464363,24178.538277725656,0.0,0.0,0.0,473.10438399999987,473.104384,37.0,37.0,9.511162162162165,9.86,300.0,405.0,1.0,377.9820066118259,4282.435677892438,68.64864864864865,75.6,4.240811533837838,4.35605504,15.5,2.7158180393513502,2.715824128,25.328041984,0.0,2633.738123076189,0.7315939230767191,0.5216264671537008,713.0,654,Tesla T4,16106.12736,70.0,GPU-68af6dd9-efa6-2c59-74be-fc9e28c1dbdf,Tesla T4,16106.12736,70.0,GPU-015b8c66-85ec-6208-2309-fc83f3d55e16,580.159.04,1.0,57,1.0,2,1.0,60,1.0,67
a-resnet50-base-f0-s1,a,resnet50,base,0,1,41,3239,103648,1787821667.1016302,1787821707.1753144,2026-08-27T09:07:47Z,2026-08-27T09:08:27Z,acct1,0,f9a278,Interactive,7e7a9e91427c,v2,2.965308133557128e-05,1.0,1.332340716251037e-05,7.999990151614894e-05,0.0003806610853828289,0.0070307934656739235,0.00011507462477311492,0.0014281142270192485,0.004588279235176738,0.0,1065.134311719027,2.8590619048323242e-11,131072.0,0,0,40.05782508850098,36.45375919342041,3.6028554439544678,13.510533809661865,21.527313470840454,20.1323184967041,1.1802659034729004,0.33727577021000593,0.28873358195341087,0.2887115478515625,0.29270644187927247,0.29576858043670656,69.34812913495853,23512130,23512130,1646.7233228683472,108727.82531093044,60,384,32,coral,coral_bce,0.0,session_balanced,adamw,0.0003,0.05,cosine,5,60,5.0,True,full,raw,full_frame,dataset_v1_1,fp16,2,resnet50,0,1,base,a,7e7a9e91427c,1.0,1.0,1.0,1.0,1.0,1.0,1.0,1.0,1.0,1.0,67,1.0,1.0,1.0,57,1.0,1.0,1.0,62,1.0,0.0,1.0,1.0,1.7861141145752418e-05,8.626379407448059e-10,0.9999821391156924,0.9999821391156924,NA,-1.7860884307552283e-05,1.7860884307552283e-05,1.7860884307552283e-05,1.7860884307552283e-05,60.189189189189186,99.0,76.0,5787.287551999999,5787.287552,77.02702702702703,78.0,54.23472972972972,78.615,1175.2702702702702,5000.0,4.0,2275.7800492224997,26483.77027036213,0.0,0.0,0.0,473.10438399999987,473.104384,37.0,37.0,9.562432432432432,10.452,300.0,405.0,1.0,383.18271134376573,4672.364931844227,67.8162162162162,77.8,4.0767607558918915,4.28603392,15.3,2.7174470296216215,2.76957184,25.38467328,0.0,2658.9627605662654,0.7386007668239626,0.5266223467454854,713.0,666,Tesla T4,16106.12736,70.0,GPU-68af6dd9-efa6-2c59-74be-fc9e28c1dbdf,Tesla T4,16106.12736,70.0,GPU-015b8c66-85ec-6208-2309-fc83f3d55e16,580.159.04,1.0,57,1.0,2,1.0,60,1.0,67
a-resnet50-base-f0-s1,a,resnet50,base,0,1,42,3318,106176,1787821707.7102323,1787821747.2671857,2026-08-27T09:08:27Z,2026-08-27T09:09:07Z,acct1,0,f9a278,Interactive,7e7a9e91427c,v2,3.3950582916721814e-05,1.0,1.4348706582661903e-05,7.254038075415572e-05,0.00046321878858467656,0.00707962503656745,0.00012421015708241612,0.0026579649653285732,0.0038368514087051106,0.0,1064.8651009277362,3.155523386684029e-11,131072.0,0,0,39.54134774208069,35.831122398376465,3.709179401397705,12.848390579223633,21.55512833595276,20.206085443496704,1.1901404857635498,0.324935575363561,0.28935101967823657,0.288860559463501,0.29413490295410155,0.2998528528213501,70.55319037716066,23512130,23512130,1686.2646706104279,111376.84043316457,60,384,32,coral,coral_bce,0.0,session_balanced,adamw,0.0003,0.05,cosine,5,60,5.0,True,full,raw,full_frame,dataset_v1_1,fp16,2,resnet50,0,1,base,a,7e7a9e91427c,1.0,1.0,1.0,1.0,1.0,1.0,1.0,1.0,1.0,1.0,67,1.0,1.0,1.0,57,1.0,1.0,1.0,62,1.0,0.0,1.0,1.0,2.0882919931482737e-05,1.8306520607230164e-09,0.9999791175447484,0.9999791175447484,NA,-2.0882455251558518e-05,2.0882455251558518e-05,2.0882455251558518e-05,2.0882455251558518e-05,54.30555555555556,99.0,60.0,5787.287551999999,5787.287552,77.02777777777777,78.0,56.25191666666667,86.505,1180.4166666666667,5000.0,4.0,2270.6006550271777,28786.65002685453,0.0,0.0,0.0,473.1043839999999,473.104384,37.0,37.0,9.509833333333333,10.055,300.0,405.0,1.0,378.41446720695694,5057.762761404031,69.39166666666665,76.3,4.062592113777777,4.184838144,14.9,2.7172659200000004,2.765164544,25.38467328,0.0,2649.0151222341347,0.7358375339539263,0.5246521617091494,713.0,656,Tesla T4,16106.12736,70.0,GPU-68af6dd9-efa6-2c59-74be-fc9e28c1dbdf,Tesla T4,16106.12736,70.0,GPU-015b8c66-85ec-6208-2309-fc83f3d55e16,580.159.04,1.0,57,1.0,2,1.0,60,1.0,67
a-resnet50-base-f0-s1,a,resnet50,base,0,1,43,3397,108704,1787821747.7746887,1787821787.7195854,2026-08-27T09:09:07Z,2026-08-27T09:09:47Z,acct1,0,f9a278,Interactive,7e7a9e91427c,v2,1.5176663886956668e-05,1.0,2.706797352070142e-05,6.533351716998465e-05,0.0001949062935878667,0.0012521148892119527,0.00012199424236314371,0.0006027461262419817,0.0009482317941728975,0.0,1064.6219772766033,1.1960972016786117e-11,131072.0,0,0,39.92933702468872,36.30034518241882,3.627656936645508,13.404011726379395,21.505414247512817,20.011233806610107,1.1664600372314453,0.33569332037973876,0.288274719745298,0.287982702255249,0.291668176651001,0.29530829906463624,69.64121104898955,23512130,23512130,1726.1940076351166,114018.1353810093,60,384,32,coral,coral_bce,0.0,session_balanced,adamw,0.0003,0.05,cosine,5,60,5.0,True,full,raw,full_frame,dataset_v1_1,fp16,2,resnet50,0,1,base,a,7e7a9e91427c,1.0,1.0,1.0,1.0,1.0,1.0,1.0,1.0,1.0,1.0,67,1.0,1.0,1.0,57,1.0,1.0,1.0,62,1.0,0.0,1.0,1.0,3.7249566186310945e-05,5.53008070318268e-09,0.9999627522242966,0.9999627522242966,NA,-3.7247775703352914e-05,3.7247775703352914e-05,3.7247775703352914e-05,3.7247775703352914e-05,57.83783783783784,99.0,70.0,5787.287551999999,5787.287552,77.05405405405405,78.0,58.275945945945935,85.008,1101.4864864864865,5000.0,4.0,2258.7486060089905,31072.01807902575,0.0,0.0,0.0,473.10438399999987,473.104384,37.0,37.0,9.510756756756757,9.857,300.0,405.0,1.0,382.5463418357367,5446.253914515488,68.60810810810811,75.1,3.978597237621621,4.116996096,14.9,2.7175920501621613,2.750590976,25.38467328,0.0,2641.294947844727,0.7336930410679797,0.5231231382814695,713.0,662,Tesla T4,16106.12736,70.0,GPU-68af6dd9-efa6-2c59-74be-fc9e28c1dbdf,Tesla T4,16106.12736,70.0,GPU-015b8c66-85ec-6208-2309-fc83f3d55e16,580.159.04,1.0,57,1.0,2,1.0,60,1.0,67
a-resnet50-base-f0-s1,a,resnet50,base,0,1,44,3476,111232,1787821788.304488,1787821828.9172285,2026-08-27T09:09:48Z,2026-08-27T09:10:28Z,acct1,0,f9a278,Interactive,7e7a9e91427c,v2,2.3747719575987525e-05,1.0,2.9822026904576074e-05,5.840281805468426e-05,0.0002966974412468321,0.00202220119535923,0.0001071941660484299,0.0011372652952559277,0.001968991896137595,0.0,1064.4037589818063,1.6279505340158513e-11,131072.0,0,0,40.59523010253906,36.98079466819763,3.61335825920105,13.93909478187561,21.60864019393921,20.177566289901733,1.1852021217346191,0.34336779830209113,0.2900015553341636,0.2890744209289551,0.29533824920654295,0.3054240894317627,68.35980737250094,23512130,23512130,1766.7892377376556,116713.89233212375,60,384,32,coral,coral_bce,0.0,session_balanced,adamw,0.0003,0.05,cosine,5,60,5.0,True,full,raw,full_frame,dataset_v1_1,fp16,2,resnet50,0,1,base,a,7e7a9e91427c,1.0,1.0,1.0,1.0,1.0,1.0,1.0,1.0,1.0,1.0,67,1.0,1.0,1.0,57,1.0,1.0,1.0,62,1.0,0.0,1.0,1.0,3.9587549161531433e-05,7.227676076753469e-09,0.9999604148249472,0.9999604148249472,NA,-3.9585175052758714e-05,3.9585175052758714e-05,3.9585175052758714e-05,3.9585175052758714e-05,62.421052631578945,99.0,73.5,5787.287551999999,5787.287552,77.3157894736842,78.0,58.45189473684211,94.86,1116.3157894736842,5000.0,4.0,2301.611260469963,33402.904873000676,0.0,0.0,0.0,473.1043839999998,473.104384,37.0,37.0,9.679184210526316,10.254,300.0,405.0,1.0,394.1456906444955,5846.977536321148,67.90263157894736,75.9,4.049275203368421,4.327981056,15.4,2.7163078871578947,2.729775104,25.38467328,0.0,2695.7569511144584,0.7488213753095718,0.5339096405957247,713.0,674,Tesla T4,16106.12736,70.0,GPU-68af6dd9-efa6-2c59-74be-fc9e28c1dbdf,Tesla T4,16106.12736,70.0,GPU-015b8c66-85ec-6208-2309-fc83f3d55e16,580.159.04,1.0,57,1.0,2,1.0,60,1.0,67
a-resnet50-base-f0-s1,a,resnet50,base,0,1,45,3555,113760,1787821829.4326918,1787821870.9932442,2026-08-27T09:10:29Z,2026-08-27T09:11:10Z,acct1,0,f9a278,Interactive,7e7a9e91427c,v2,3.488766857646877e-05,1.0,1.1925241554025134e-05,5.1770889908207245e-05,0.0009587237393502676,0.05552813783288002,0.0001280872820643708,0.0011248624185100193,0.013487283824942945,0.0,1064.2092381522914,4.663930680442441e-11,131072.0,0,0,41.5432391166687,37.90176725387573,3.6400656700134277,14.931285381317139,21.485424041748047,20.045101642608643,1.2200334072113037,0.3594155318362296,0.2889683367330817,0.28848767280578613,0.2920975685119629,0.30160544872283934,66.69873684429565,23512130,23512130,1808.3324768543243,119444.26895650772,60,384,32,coral,coral_bce,0.0,session_balanced,adamw,0.0003,0.05,cosine,5,60,5.0,True,full,raw,full_frame,dataset_v1_1,fp16,2,resnet50,0,1,base,a,7e7a9e91427c,1.0,1.0,1.0,1.0,1.0,1.0,1.0,1.0,1.0,1.0,67,1.0,1.0,1.0,57,1.0,1.0,1.0,62,1.0,0.0,1.0,1.0,1.8929539801714e-05,8.989516640641849e-10,0.9999810707184577,0.9999810707184577,NA,-1.8929281542345855e-05,1.8929281542345855e-05,1.8929281542345855e-05,1.8929281542345855e-05,61.3421052631579,99.0,89.5,5787.287551999999,5787.287552,76.76315789473684,78.0,58.46084210526316,75.635,1062.2368421052631,5000.0,4.0,2325.1430076353936,35760.35162964902,0.0,0.0,0.0,473.1043839999998,473.104384,37.0,37.0,9.745210526315791,10.651,300.0,405.0,1.0,405.2336167485655,6259.066599454382,67.88421052631578,75.5,4.071702743578948,4.175773696,15.0,2.715994219789474,2.716053504,25.384665088,0.0,2730.376624383959,0.7584379512177665,0.5407662592182674,713.0,687,Tesla T4,16106.12736,70.0,GPU-68af6dd9-efa6-2c59-74be-fc9e28c1dbdf,Tesla T4,16106.12736,70.0,GPU-015b8c66-85ec-6208-2309-fc83f3d55e16,580.159.04,1.0,57,1.0,2,1.0,60,1.0,67
a-resnet50-base-f0-s1,a,resnet50,base,0,1,46,3634,116288,1787821871.540259,1787821913.0440006,2026-08-27T09:11:11Z,2026-08-27T09:11:53Z,acct1,0,f9a278,Interactive,7e7a9e91427c,v2,3.5208312933891533e-05,1.0,1.120810660018657e-05,4.5459364701705995e-05,0.0004795833696265664,0.008325798436999321,0.00013929343549534678,0.0015227458439767358,0.005509889824315902,0.0,1064.0377803092313,2.0489456021374704e-11,131072.0,0,0,41.48522162437439,37.823713064193726,3.660217523574829,14.751422643661499,21.615848064422607,20.21946907043457,1.2219436168670654,0.3555825922114489,0.29040845436385915,0.2898240089416504,0.295424747467041,0.30373350620269773,66.8363784303652,23512130,23512130,1849.8176984786987,122145.75165813729,60,384,32,coral,coral_bce,0.0,session_balanced,adamw,0.0003,0.05,cosine,5,60,5.0,True,full,raw,full_frame,dataset_v1_1,fp16,2,resnet50,0,1,base,a,7e7a9e91427c,1.0,1.0,1.0,1.0,1.0,1.0,1.0,1.0,1.0,1.0,67,1.0,1.0,1.0,57,1.0,1.0,1.0,62,1.0,0.0,1.0,1.0,1.6557483358062584e-05,7.806521189794229e-10,0.9999834427269556,0.9999834427269556,NA,-1.6557273044393028e-05,1.6557273044393028e-05,1.6557273044393028e-05,1.6557273044393028e-05,49.36842105263158,99.0,43.0,5787.287551999999,5787.287552,77.26315789473684,79.0,57.64207894736842,101.638,1167.2368421052631,5000.0,4.0,2294.255544087835,38080.79067477254,0.0,0.0,0.0,473.1043839999998,473.104384,37.0,37.0,9.746473684210525,10.361,300.0,405.0,1.0,407.2271575417444,6673.633092904063,68.31842105263158,73.9,4.060170671157895,4.25893888,15.2,2.7167243856842105,2.741354496,25.38467328,0.0,2701.4827016295794,0.750411861563772,0.5350436572949695,713.0,692,Tesla T4,16106.12736,70.0,GPU-68af6dd9-efa6-2c59-74be-fc9e28c1dbdf,Tesla T4,16106.12736,70.0,GPU-015b8c66-85ec-6208-2309-fc83f3d55e16,580.159.04,1.0,57,1.0,2,1.0,60,1.0,67
a-resnet50-base-f0-s1,a,resnet50,base,0,1,47,3713,118816,1787821913.5686681,1787821954.2726765,2026-08-27T09:11:53Z,2026-08-27T09:12:34Z,acct1,0,f9a278,Interactive,7e7a9e91427c,v2,2.7276329872252006e-05,1.0,1.79016533121451e-05,3.948882931853924e-05,0.0003481686726675584,0.009900780394673347,0.00011251276737311855,0.000961872341576963,0.0034528594813309516,0.0,1063.888136381075,1.292313808085072e-11,131072.0,0,0,40.687092304229736,37.08347725868225,3.602325677871704,14.112708806991577,21.52604341506958,20.171244859695435,1.214416265487671,0.34685960602607263,0.2891441508184505,0.28840041160583496,0.29309878349304197,0.30299417972564696,68.17052193799131,23512130,23512130,1890.5047907829285,124834.17807832854,60,384,32,coral,coral_bce,0.0,session_balanced,adamw,0.0003,0.05,cosine,5,60,5.0,True,full,raw,full_frame,dataset_v1_1,fp16,2,resnet50,0,1,base,a,7e7a9e91427c,1.0,1.0,1.0,1.0,1.0,1.0,1.0,1.0,1.0,1.0,67,1.0,1.0,1.0,57,1.0,1.0,1.0,62,1.0,0.0,1.0,1.0,2.3670709253629333e-05,1.9456145290575824e-09,0.9999763299060124,0.9999763299060124,NA,-2.367009398762665e-05,2.367009398762665e-05,2.367009398762665e-05,2.367009398762665e-05,58.421052631578945,99.0,61.5,5787.287551999999,5787.287552,76.73684210526316,78.0,59.69655263157894,92.836,1108.421052631579,5000.0,4.0,2292.009636490533,40398.47546710157,0.0,0.0,0.0,473.1043839999998,473.104384,37.0,37.0,9.746736842105264,11.251,300.0,405.0,1.0,396.41678370070804,7076.094099110578,68.22631578947367,76.7,4.138489101473684,4.231450624,15.2,2.7169946138947374,2.751254528,25.38467328,0.0,2688.426420191241,0.7467851167197892,0.5324577882212097,713.0,676,Tesla T4,16106.12736,70.0,GPU-68af6dd9-efa6-2c59-74be-fc9e28c1dbdf,Tesla T4,16106.12736,70.0,GPU-015b8c66-85ec-6208-2309-fc83f3d55e16,580.159.04,1.0,57,1.0,2,1.0,60,1.0,67
a-resnet50-base-f0-s1,a,resnet50,base,0,1,48,3792,121344,1787821954.8139937,1787821995.6771333,2026-08-27T09:12:34Z,2026-08-27T09:13:15Z,acct1,0,f9a278,Interactive,7e7a9e91427c,v2,5.211402774104407e-05,1.0,3.428627496882117e-05,3.3878758404137624e-05,0.000937538934844661,0.049968421459198,0.00013961497461423278,0.0012995995115488764,0.0140031098062172,0.0,1063.7587258570395,2.9858890269017113e-11,131072.0,0,0,40.84586787223816,37.19433093070984,3.6500492095947266,14.256581783294678,21.510786771774292,20.124589204788208,1.1963231563568115,0.34903363610458366,0.2887472110458567,0.28828954696655273,0.29297842979431155,0.29968728065490724,67.96734708602418,23512130,23512130,1931.3506586551666,127521.13206621283,60,384,32,coral,coral_bce,0.0,session_balanced,adamw,0.0003,0.05,cosine,5,60,5.0,True,full,raw,full_frame,dataset_v1_1,fp16,2,resnet50,0,1,base,a,7e7a9e91427c,1.0,1.0,1.0,1.0,1.0,1.0,1.0,1.0,1.0,1.0,67,1.0,1.0,1.0,57,1.0,1.0,1.0,62,1.0,0.0,1.0,1.0,4.745484266935966e-05,1.1558049056882864e-08,0.9999525489345673,0.9999525489345673,NA,-4.745106543269095e-05,4.745106543269095e-05,4.745106543269095e-05,4.745106543269095e-05,57.23684210526316,99.0,82.0,5787.287551999999,5787.287552,76.94736842105263,78.0,55.95444736842105,75.584,1192.5,5000.0,4.0,2293.5210869901202,42726.02056260919,0.0,0.0,0.0,473.1043839999998,473.104384,37.0,37.0,9.6085,10.556,300.0,405.0,1.0,393.4329008941677,7476.857335319973,68.30263157894738,74.8,4.103487272421052,4.278697984,15.2,2.7167735376842104,2.74210816,25.38467328,0.0,2686.953987884288,0.7463761077456356,0.5321661648226381,713.0,676,Tesla T4,16106.12736,70.0,GPU-68af6dd9-efa6-2c59-74be-fc9e28c1dbdf,Tesla T4,16106.12736,70.0,GPU-015b8c66-85ec-6208-2309-fc83f3d55e16,580.159.04,1.0,57,1.0,2,1.0,60,1.0,67
a-resnet50-base-f0-s1,a,resnet50,base,0,1,49,3871,123872,1787821996.2140942,1787822036.3277063,2026-08-27T09:13:16Z,2026-08-27T09:13:56Z,acct1,0,f9a278,Interactive,7e7a9e91427c,v2,1.7227440242935744e-05,1.0,5.626114245255702e-05,2.8647450843757897e-05,0.0002249745870174109,0.0011140621500089765,0.00014254596317186952,0.0007000819139648225,0.0011135940556414425,0.0,1063.6486963542488,6.059282961344898e-12,131072.0,0,0,40.09721827507019,36.53682994842529,3.5585739612579346,13.62243366241455,21.492714405059814,20.131092071533203,1.1876344680786133,0.33973512997743494,0.2884396269351621,0.28835272789001465,0.29188361167907717,0.2970128870010376,69.19045805474853,23512130,23512130,1971.4478769302368,130147.0657429478,60,384,32,coral,coral_bce,0.0,session_balanced,adamw,0.0003,0.05,cosine,5,60,5.0,True,full,raw,full_frame,dataset_v1_1,fp16,2,resnet50,0,1,base,a,7e7a9e91427c,1.0,1.0,1.0,1.0,1.0,1.0,1.0,1.0,1.0,1.0,67,1.0,1.0,1.0,57,1.0,1.0,1.0,62,1.0,0.0,1.0,1.0,7.449426621208088e-05,3.1081964025427375e-08,0.9999255159849761,0.9999255159849761,NA,-7.448401502385682e-05,7.448401502385682e-05,7.448401502385682e-05,7.448401502385682e-05,58.71052631578947,99.0,67.5,5787.287551999999,5787.287552,77.0,78.0,58.34465789473685,100.797,1146.3157894736842,5000.0,4.0,2239.7234816608907,44993.46249141746,0.0,0.0,0.0,473.1043839999998,473.104384,37.0,37.0,9.616263157894739,10.357,300.0,405.0,1.0,386.2101950740871,7869.567823751431,67.89736842105265,75.4,4.147676860631579,4.2998784,15.3,2.7164031730526315,2.726232064,25.38467328,0.0,2625.933676734978,0.7294260213152716,0.5200807531977887,713.0,666,Tesla T4,16106.12736,70.0,GPU-68af6dd9-efa6-2c59-74be-fc9e28c1dbdf,Tesla T4,16106.12736,70.0,GPU-015b8c66-85ec-6208-2309-fc83f3d55e16,580.159.04,1.0,57,1.0,2,1.0,60,1.0,67
a-resnet50-base-f0-s1,a,resnet50,base,0,1,50,3950,126400,1787822036.8580983,1787822077.0051847,2026-08-27T09:13:56Z,2026-08-27T09:14:37Z,acct1,0,f9a278,Interactive,7e7a9e91427c,v2,2.069499487046e-05,1.0,1.0663161037638185e-05,2.38119700753228e-05,0.00027297952681093896,0.0026585303712636232,0.00011237239959882572,0.0008716424985323093,0.001529173301532863,0.0,1063.556290863386,6.111740750760889e-12,131072.0,0,0,40.12945365905762,36.564475297927856,3.563614845275879,13.670955181121826,21.50479769706726,20.08885955810547,1.168163776397705,0.3406713507059211,0.2882819205899782,0.2878692150115967,0.29279441833496095,0.29887426376342774,69.13814513682532,23512130,23512130,2011.5773305892944,132801.79451095362,60,384,32,coral,coral_bce,0.0,session_balanced,adamw,0.0003,0.05,cosine,5,60,5.0,True,full,raw,full_frame,dataset_v1_1,fp16,2,resnet50,0,1,base,a,7e7a9e91427c,1.0,1.0,1.0,1.0,1.0,1.0,1.0,1.0,1.0,1.0,67,1.0,1.0,1.0,57,1.0,1.0,1.0,62,1.0,0.0,1.0,1.0,1.5127029825941529e-05,1.0590452850812032e-09,0.9999848732384302,0.9999848732384302,NA,-1.5126761569783653e-05,1.5126761569783653e-05,1.5126761569783653e-05,1.5126761569783653e-05,55.0,99.0,58.0,5787.287551999999,5787.287552,76.78378378378379,78.0,55.06399999999999,81.494,1155.4054054054054,5000.0,4.0,2269.8259239482795,47288.73310364822,0.0,0.0,0.0,473.10438399999987,473.104384,37.0,37.0,9.545513513513514,9.96,300.0,405.0,1.0,384.9028440575539,8261.340415823912,68.8891891891892,76.0,4.122253588756756,4.275949568,15.4,2.716230628324325,2.716233728,25.328041984,0.0,2654.7287680058334,0.7374246577793981,0.525783780996711,713.0,666,Tesla T4,16106.12736,70.0,GPU-68af6dd9-efa6-2c59-74be-fc9e28c1dbdf,Tesla T4,16106.12736,70.0,GPU-015b8c66-85ec-6208-2309-fc83f3d55e16,580.159.04,1.0,57,1.0,2,1.0,60,1.0,67
a-resnet50-base-f0-s1,a,resnet50,base,0,1,51,4029,128928,1787822077.7445376,1787822118.6233463,2026-08-27T09:14:37Z,2026-08-27T09:15:18Z,acct1,0,f9a278,Interactive,7e7a9e91427c,v2,2.0766263836592287e-05,1.0,1.016160367775013e-05,1.9388088432033443e-05,0.00025703820316680956,0.003087979042902589,9.213530574925244e-05,0.0011802009074017357,0.0026461222954094403,0.0,1063.480196220408,4.686010544550138e-12,262144.0,0,0,40.8614935874939,37.27308464050293,3.5865654945373535,14.3003249168396,21.54458451271057,20.18717622756958,1.2063937187194824,0.34997068538915005,0.2891957699498044,0.2886621952056885,0.29324965476989745,0.3003698825836182,67.82373995558554,23512130,23512130,2052.4388241767883,135522.5574264941,60,384,32,coral,coral_bce,0.0,session_balanced,adamw,0.0003,0.05,cosine,5,60,5.0,True,full,raw,full_frame,dataset_v1_1,fp16,2,resnet50,0,1,base,a,7e7a9e91427c,1.0,1.0,1.0,1.0,1.0,1.0,1.0,1.0,1.0,1.0,67,1.0,1.0,1.0,57,1.0,1.0,1.0,62,1.0,0.0,1.0,1.0,1.4364899761078789e-05,6.813672363784262e-10,0.9999856352806091,0.9999856352806091,NA,-1.436471939086914e-05,1.436471939086914e-05,1.436471939086914e-05,1.436471939086914e-05,50.6578947368421,99.0,45.0,5787.287551999999,5787.287552,77.28947368421052,78.0,57.36860526315788,102.318,1189.342105263158,5000.0,4.0,2328.460331466231,49650.51978368694,0.0,0.0,0.0,473.1043839999998,473.104384,37.0,37.0,9.541236842105262,9.96,300.0,405.0,1.0,392.30258407426663,8662.132628675923,68.19473684210526,74.0,4.029233690947367,4.248088576,15.1,2.717394836210527,2.76027392,25.38467328,0.0,2720.7629155404975,0.7557674765390271,0.5388622107723263,713.0,678,Tesla T4,16106.12736,70.0,GPU-68af6dd9-efa6-2c59-74be-fc9e28c1dbdf,Tesla T4,16106.12736,70.0,GPU-015b8c66-85ec-6208-2309-fc83f3d55e16,580.159.04,1.0,57,1.0,2,1.0,60,1.0,67
a-resnet50-base-f0-s1,a,resnet50,base,0,1,52,4108,131456,1787822119.1644068,1787822159.7753336,2026-08-27T09:15:19Z,2026-08-27T09:15:59Z,acct1,0,f9a278,Interactive,7e7a9e91427c,v2,1.6068961615387764e-05,1.0,1.4084026463845681e-05,1.5390235696296265e-05,0.00020580543011269986,0.003814245108515024,0.00010254739027004689,0.00042887852760031646,0.0014803467050660368,0.0,1063.418971365017,2.978500630796887e-12,262144.0,0,0,40.593034744262695,36.99980878829956,3.592013359069824,14.08144211769104,21.528862714767456,20.104337215423584,1.1610889434814453,0.3468930619847601,0.28858789311179633,0.2884194850921631,0.29144992828369143,0.3019131803512573,68.32467741831759,23512130,23512130,2093.031858921051,138142.20818119546,60,384,32,coral,coral_bce,0.0,session_balanced,adamw,0.0003,0.05,cosine,5,60,5.0,True,full,raw,full_frame,dataset_v1_1,fp16,2,resnet50,0,1,base,a,7e7a9e91427c,1.0,1.0,1.0,1.0,1.0,1.0,1.0,1.0,1.0,1.0,67,1.0,1.0,1.0,57,1.0,1.0,1.0,62,1.0,0.0,1.0,1.0,1.8954938543777118e-05,1.1194233802838907e-09,0.9999810454025063,0.9999810454025063,NA,-1.8954597493681113e-05,1.8954597493681113e-05,1.8954597493681113e-05,1.8954597493681113e-05,60.21052631578947,99.0,75.5,5787.287551999999,5787.287552,76.92105263157895,78.0,56.011710526315795,80.714,1108.0263157894738,5000.0,4.0,2229.4092664806667,51912.17449049549,0.0,0.0,0.0,473.1043839999998,473.104384,37.0,37.0,9.548315789473685,10.162,300.0,405.0,1.0,390.2414882206722,9059.106135450567,67.43947368421054,75.2,4.03589270905263,4.169392128,14.9,2.7162492496842114,2.716258304,25.328041984,0.0,2619.650754701339,0.7276807651948164,0.5188363855839041,713.0,674,Tesla T4,16106.12736,70.0,GPU-68af6dd9-efa6-2c59-74be-fc9e28c1dbdf,Tesla T4,16106.12736,70.0,GPU-015b8c66-85ec-6208-2309-fc83f3d55e16,580.159.04,1.0,57,1.0,2,1.0,60,1.0,67
a-resnet50-base-f0-s1,a,resnet50,base,0,1,53,4187,133984,1787822160.304898,1787822200.5541017,2026-08-27T09:16:00Z,2026-08-27T09:16:40Z,acct1,0,f9a278,Interactive,7e7a9e91427c,v2,2.0026442625806603e-05,1.0,1.0777628567764192e-05,1.1831452032772498e-05,0.00025599005259002434,0.0021889738272875547,0.00011962853750446811,0.0009188072115648536,0.001699559872504323,0.0,1063.3710539172334,2.8482381732402517e-12,262144.0,0,0,40.23162508010864,36.6734356880188,3.5570993423461914,13.601893663406372,21.612680912017822,20.2508807182312,1.221980094909668,0.3380895908709249,0.2903781902940967,0.2895052433013916,0.2950450420379639,0.3027076530456543,68.93272889689734,23512130,23512130,2133.2634840011597,140775.20131844183,60,384,32,coral,coral_bce,0.0,session_balanced,adamw,0.0003,0.05,cosine,5,60,5.0,True,full,raw,full_frame,dataset_v1_1,fp16,2,resnet50,0,1,base,a,7e7a9e91427c,1.0,1.0,1.0,1.0,1.0,1.0,1.0,1.0,1.0,1.0,67,1.0,1.0,1.0,57,1.0,1.0,1.0,62,1.0,0.0,1.0,1.0,1.4462650388707749e-05,6.27420127474962e-10,0.9999855375418099,0.9999855375418099,NA,-1.4462458190145355e-05,1.4462458190145355e-05,1.4462458190145355e-05,1.4462458190145355e-05,65.24324324324324,99.0,92.0,5787.287551999999,5787.287552,77.37837837837837,78.0,56.883702702702706,92.972,1060.945945945946,5000.0,4.0,2247.426540892113,54191.44871182827,0.0,0.0,0.0,473.10438399999987,473.104384,37.0,37.0,9.577567567567565,10.059,300.0,405.0,1.0,385.5665963542524,9451.128656294319,68.3081081081081,75.0,4.039341692540542,4.150898688,14.8,2.7171399403243246,2.748502016,25.38467328,0.0,2632.993137246365,0.7313869825684348,0.521478918571294,713.0,666,Tesla T4,16106.12736,70.0,GPU-68af6dd9-efa6-2c59-74be-fc9e28c1dbdf,Tesla T4,16106.12736,70.0,GPU-015b8c66-85ec-6208-2309-fc83f3d55e16,580.159.04,1.0,57,1.0,2,1.0,60,1.0,67
a-resnet50-base-f0-s1,a,resnet50,base,0,1,54,4266,136512,1787822201.0953813,1787822241.9060931,2026-08-27T09:16:41Z,2026-08-27T09:17:21Z,acct1,0,f9a278,Interactive,7e7a9e91427c,v2,5.4031251047087576e-05,1.0,2.2321294040089944e-05,8.723345454071307e-06,0.000993072600907954,0.05989387631416321,0.0001277653791476041,0.0008555872307624666,0.013987057711929016,0.0,1063.3347266127994,8.146931668721534e-12,262144.0,0,0,40.79142141342163,37.2277569770813,3.5625953674316406,14.189775466918945,21.57660460472107,20.252586364746094,1.2120728492736816,0.34786175561536264,0.2898972577686551,0.2894113063812256,0.2946650981903076,0.30030924797058106,67.90632058644641,23512130,23512130,2174.0549054145813,143465.90432466601,60,384,32,coral,coral_bce,0.0,session_balanced,adamw,0.0003,0.05,cosine,5,60,5.0,True,full,raw,full_frame,dataset_v1_1,fp16,2,resnet50,0,1,base,a,7e7a9e91427c,1.0,1.0,1.0,1.0,1.0,1.0,1.0,1.0,1.0,1.0,67,1.0,1.0,1.0,57,1.0,1.0,1.0,62,1.0,0.0,1.0,1.0,2.745292391300926e-05,3.6223812316444028e-09,0.99997254821562,0.99997254821562,NA,-2.7451784380017052e-05,2.7451784380017052e-05,2.7451784380017052e-05,2.7451784380017052e-05,63.567567567567565,99.0,79.0,5787.287551999999,5787.287552,76.83783783783784,78.0,55.52775675675676,81.936,1118.918918918919,5000.0,4.0,2298.5150006399563,56520.376444705566,0.0,0.0,0.0,473.10438399999987,473.104384,37.0,37.0,9.60202702702703,10.063,300.0,405.0,1.0,392.18800558423936,9850.602447663996,68.49189189189188,74.4,4.0020482767567565,4.112367616,14.8,2.716692590702702,2.7300864,25.38467328,0.0,2690.7030062241956,0.7474175017289433,0.5329086787327365,713.0,676,Tesla T4,16106.12736,70.0,GPU-68af6dd9-efa6-2c59-74be-fc9e28c1dbdf,Tesla T4,16106.12736,70.0,GPU-015b8c66-85ec-6208-2309-fc83f3d55e16,580.159.04,1.0,57,1.0,2,1.0,60,1.0,67
a-resnet50-base-f0-s1,a,resnet50,base,0,1,55,4345,139040,1787822242.4480639,1787822282.7031205,2026-08-27T09:17:22Z,2026-08-27T09:18:02Z,acct1,0,f9a278,Interactive,7e7a9e91427c,v2,4.1138946048531694e-05,1.0,1.321767128394386e-05,6.076053957825411e-06,0.000684858456270952,0.029619131237268448,0.00011720891779987141,0.001256003545131532,0.0100202418118715,0.0,1063.3086685222602,3.9134797420192426e-12,262144.0,0,0,40.23614025115967,36.53421950340271,3.7005326747894287,13.470810174942017,21.619829893112183,20.24142575263977,1.2018663883209229,0.3347937970902606,0.2902602545822723,0.2896709442138672,0.29424052238464354,0.29907662868499757,69.19540185508953,23512130,23512130,2214.291045665741,146138.31215521076,60,384,32,coral,coral_bce,0.0,session_balanced,adamw,0.0003,0.05,cosine,5,60,5.0,True,full,raw,full_frame,dataset_v1_1,fp16,2,resnet50,0,1,base,a,7e7a9e91427c,1.0,1.0,1.0,1.0,1.0,1.0,1.0,1.0,1.0,1.0,67,1.0,1.0,1.0,57,1.0,1.0,1.0,62,1.0,0.0,1.0,1.0,1.676399617163761e-05,1.1291599674768215e-09,0.9999832363538844,0.9999832363538844,NA,-1.6763646115580677e-05,1.6763646115580677e-05,1.6763646115580677e-05,1.6763646115580677e-05,45.5945945945946,99.0,33.0,5787.287551999999,5787.287552,76.97297297297297,78.0,54.65448648648648,71.868,1234.4594594594594,5000.0,4.0,2284.5879822490606,58838.7243678962,0.0,0.0,0.0,473.10438399999987,473.104384,37.0,37.0,9.561891891891891,10.357,300.0,405.0,1.0,387.8198482956759,10245.307359511096,68.31891891891891,76.4,4.074168984216217,4.234174464,15.1,2.7182852704864855,2.772414464,25.38467328,0.0,2672.4078305447365,0.742335508484649,0.5292852175495547,713.0,668,Tesla T4,16106.12736,70.0,GPU-68af6dd9-efa6-2c59-74be-fc9e28c1dbdf,Tesla T4,16106.12736,70.0,GPU-015b8c66-85ec-6208-2309-fc83f3d55e16,580.159.04,1.0,57,1.0,2,1.0,60,1.0,67
a-resnet50-base-f0-s1,a,resnet50,base,0,1,56,4424,141568,1787822283.2429442,1787822323.319236,2026-08-27T09:18:03Z,2026-08-27T09:18:43Z,acct1,0,f9a278,Interactive,7e7a9e91427c,v2,1.86066829543581e-05,1.0,7.516176472035436e-06,3.8982124586499795e-06,0.00023758872035453156,0.001757663325406611,0.00012865081953350455,0.0007918285788036869,0.001443136781454086,0.0,1063.2909451982187,8.710422240528758e-13,262144.0,0,0,40.05906558036804,36.467180252075195,3.590230941772461,13.49723482131958,21.5262508392334,20.158097743988037,1.1999101638793945,0.33693334144903875,0.28905546212498145,0.28897929191589355,0.29158382415771483,0.29700680255889894,69.32260686254024,23512130,23512130,2254.350111246109,148785.41427651717,60,384,32,coral,coral_bce,0.0,session_balanced,adamw,0.0003,0.05,cosine,5,60,5.0,True,full,raw,full_frame,dataset_v1_1,fp16,2,resnet50,0,1,base,a,7e7a9e91427c,1.0,1.0,1.0,1.0,1.0,1.0,1.0,1.0,1.0,1.0,67,1.0,1.0,1.0,57,1.0,1.0,1.0,62,1.0,0.0,1.0,1.0,1.0863194012911721e-05,3.243215689223922e-10,0.9999891368932622,0.9999891368932622,NA,-1.0863106737812878e-05,1.0863106737812878e-05,1.0863106737812878e-05,1.0863106737812878e-05,64.48648648648648,99.0,82.0,5787.287551999999,5787.287552,76.72972972972973,78.0,58.48251351351352,94.433,1117.7027027027027,5000.0,4.0,2263.658626959339,61131.02394627536,0.0,0.0,0.0,473.10438399999987,473.104384,37.0,37.0,9.486162162162161,10.059,300.0,405.0,1.0,383.4434943470842,10635.80555385465,68.35405405405406,76.6,4.073362957837838,4.243841024,15.1,2.717108943567568,2.740764672,25.38467328,0.0,2647.102121306423,0.7353061448073398,0.5242732812476333,713.0,664,Tesla T4,16106.12736,70.0,GPU-68af6dd9-efa6-2c59-74be-fc9e28c1dbdf,Tesla T4,16106.12736,70.0,GPU-015b8c66-85ec-6208-2309-fc83f3d55e16,580.159.04,1.0,57,1.0,2,1.0,60,1.0,67
a-resnet50-base-f0-s1,a,resnet50,base,0,1,57,4503,144096,1787822323.845491,1787822363.7078774,2026-08-27T09:18:43Z,2026-08-27T09:19:23Z,acct1,0,f9a278,Interactive,7e7a9e91427c,v2,1.5270147354719563e-05,1.0,9.264568903764944e-05,2.1969246228460523e-06,0.0002037578811447204,0.001685718190856278,8.956206147558987e-05,0.0008720621874090279,0.001362220670562237,0.0,1063.2802147581124,4.2099975149787796e-13,262144.0,0,0,39.84393382072449,36.34636616706848,3.496530294418335,13.282913446426392,21.645532846450806,20.223066568374634,1.1618170738220215,0.3333735445448761,0.2902094865147072,0.28946924209594727,0.2942852020263672,0.3041277647018433,69.55303285010338,23512130,23512130,2294.1940450668335,151402.1104100721,60,384,32,coral,coral_bce,0.0,session_balanced,adamw,0.0003,0.05,cosine,5,60,5.0,True,full,raw,full_frame,dataset_v1_1,fp16,2,resnet50,0,1,base,a,7e7a9e91427c,1.0,1.0,1.0,1.0,1.0,1.0,1.0,1.0,1.0,1.0,67,1.0,1.0,1.0,57,1.0,1.0,1.0,62,1.0,0.0,1.0,1.0,0.00013280510537542033,1.0797159123849896e-07,0.9998672296923976,0.9998672296923976,NA,-0.00013277030760239228,0.00013277030760239228,0.00013277030760239228,0.00013277030760239228,65.83783783783784,99.0,84.0,5787.287551999999,5787.287552,77.29729729729729,78.0,57.1428918918919,93.595,1177.7027027027027,5000.0,4.0,2233.949234040738,63396.62515239895,0.0,0.0,0.0,473.10438399999987,473.104384,37.0,37.0,9.553675675675674,10.556,300.0,405.0,1.0,382.7468995142008,11025.110817413039,68.72972972972974,75.8,4.098364166918919,4.2427392,15.1,2.71783482118919,2.76744192,25.38467328,0.0,2616.6961335549386,0.726860037098594,0.5182512064512975,713.0,662,Tesla T4,16106.12736,70.0,GPU-68af6dd9-efa6-2c59-74be-fc9e28c1dbdf,Tesla T4,16106.12736,70.0,GPU-015b8c66-85ec-6208-2309-fc83f3d55e16,580.159.04,1.0,57,1.0,2,1.0,60,1.0,67
a-resnet50-base-f0-s1,a,resnet50,base,0,1,58,4582,146624,1787822364.2427742,1787822404.8352425,2026-08-27T09:19:24Z,2026-08-27T09:20:04Z,acct1,0,f9a278,Interactive,7e7a9e91427c,v2,2.711801432810659e-05,1.0,1.3546113721883646e-05,9.777396977174666e-07,0.0003525953200355443,0.004618089646100998,0.00017084190039895475,0.001248949544969946,0.002111150738783177,0.0,1063.273553532967,3.242311825424872e-13,262144.0,0,0,40.57409954071045,37.05400800704956,3.5183136463165283,13.983672618865967,21.64700150489807,20.23974323272705,1.1860582828521729,0.34464529779238356,0.2903704311274275,0.2902228832244873,0.2945532321929932,0.29785426616668703,68.22473832032004,23512130,23512130,2334.768144607544,154080.16442376137,60,384,32,coral,coral_bce,0.0,session_balanced,adamw,0.0003,0.05,cosine,5,60,5.0,True,full,raw,full_frame,dataset_v1_1,fp16,2,resnet50,0,1,base,a,7e7a9e91427c,1.0,1.0,1.0,1.0,1.0,1.0,1.0,1.0,1.0,1.0,67,1.0,1.0,1.0,57,1.0,1.0,1.0,62,1.0,0.0,1.0,1.0,1.8128155141206126e-05,1.0684181860112668e-09,0.9999818721766113,0.9999818721766113,NA,-1.8127823388724984e-05,1.8127823388724984e-05,1.8127823388724984e-05,1.8127823388724984e-05,59.027027027027025,99.0,85.0,5787.287551999999,5787.287552,76.97297297297297,78.0,58.164675675675674,100.763,1167.972972972973,5000.0,4.0,2289.6700319506854,65712.49234617552,0.0,0.0,0.0,473.10438399999987,473.104384,37.0,37.0,9.526702702702703,9.96,300.0,405.0,1.0,388.3839817385615,11419.548871638952,69.0189189189189,74.7,4.175701296432433,4.264476672,15.3,2.7186915494054062,2.770460672,25.38467328,0.0,2678.054013689247,0.7439038926914575,0.5304034754890092,713.0,674,Tesla T4,16106.12736,70.0,GPU-68af6dd9-efa6-2c59-74be-fc9e28c1dbdf,Tesla T4,16106.12736,70.0,GPU-015b8c66-85ec-6208-2309-fc83f3d55e16,580.159.04,1.0,57,1.0,2,1.0,60,1.0,67
a-resnet50-base-f0-s1,a,resnet50,base,0,1,59,4661,149152,1787822405.37876,1787822445.7750497,2026-08-27T09:20:05Z,2026-08-27T09:20:45Z,acct1,0,f9a278,Interactive,7e7a9e91427c,v2,2.1722898209996926e-05,1.0,7.808953791594518e-06,2.4463441107965276e-07,0.00032915287139778367,0.006395377684384584,0.0001311608066316694,0.000979991524945943,0.002734594333451236,0.0,1063.270879804993,7.573057851856291e-14,262144.0,0,0,40.378291606903076,36.76569128036499,3.6110877990722656,13.71725583076477,21.62241840362549,20.26912832260132,1.1835126876831055,0.33971857859433724,0.28997496411770207,0.2897472381591797,0.29419784545898436,0.2977710723876953,68.75975704420111,23512130,23512130,2375.146436214447,156728.16143516602,60,384,32,coral,coral_bce,0.0,session_balanced,adamw,0.0003,0.05,cosine,5,60,5.0,True,full,raw,full_frame,dataset_v1_1,fp16,2,resnet50,0,1,base,a,7e7a9e91427c,1.0,1.0,1.0,1.0,1.0,1.0,1.0,1.0,1.0,1.0,67,1.0,1.0,1.0,57,1.0,1.0,1.0,62,1.0,0.0,1.0,1.0,1.1661154779009797e-05,4.385950876499563e-10,0.9999883389601143,0.9999883389601143,NA,-1.1661039885701996e-05,1.1661039885701996e-05,1.1661039885701996e-05,1.1661039885701996e-05,52.5945945945946,99.0,62.0,5787.287551999999,5787.287552,77.16216216216216,78.0,55.67078378378377,94.179,1156.2162162162163,5000.0,4.0,2263.0835276056896,68005.81934052944,0.0,0.0,0.0,473.10438399999987,473.104384,37.0,37.0,9.507783783783786,10.063,300.0,405.0,1.0,384.91348379898227,11811.591406406582,68.83513513513512,75.9,4.165892040648648,4.286394368,15.2,2.7167716324324327,2.72709632,25.38467328,0.0,2647.997011404672,0.7355547253901866,0.5244505192032031,713.0,672,Tesla T4,16106.12736,70.0,GPU-68af6dd9-efa6-2c59-74be-fc9e28c1dbdf,Tesla T4,16106.12736,70.0,GPU-015b8c66-85ec-6208-2309-fc83f3d55e16,580.159.04,1.0,57,1.0,2,1.0,60,1.0,67
a-resnet50-base-f0-s1,a,resnet50,base,0,1,60,4740,151680,1787822446.31077,1787822486.8062532,2026-08-27T09:20:46Z,2026-08-27T09:21:26Z,acct1,0,f9a278,Interactive,7e7a9e91427c,v2,1.8100349063987075e-05,1.0,1.3550191759213215e-05,0.0,0.00023954204058284205,0.0016403765184804797,0.00011650210217339918,0.0007736730913165951,0.0013720770855434234,0.0,1063.2708819314757,0.0,262144.0,0,0,40.4761221408844,36.94531798362732,3.5294296741485596,13.998847007751465,21.569977521896362,20.176973342895508,1.1532320976257324,0.34585445115087776,0.28884002830408795,0.28911733627319336,0.2921606063842773,0.295551552772522,68.42544977202004,23512130,23512130,2415.6225583553314,159370.10525742962,60,384,32,coral,coral_bce,0.0,session_balanced,adamw,0.0003,0.05,cosine,5,60,5.0,True,full,raw,full_frame,dataset_v1_1,fp16,2,resnet50,0,1,base,a,7e7a9e91427c,1.0,1.0,1.0,1.0,1.0,1.0,1.0,1.0,1.0,1.0,67,1.0,1.0,1.0,57,1.0,1.0,1.0,62,1.0,0.0,1.0,1.0,1.766798027877243e-05,1.0589176215582778e-09,0.9999823323501054,0.9999823323501054,NA,-1.7667649894637094e-05,1.7667649894637094e-05,1.7667649894637094e-05,1.7667649894637094e-05,56.351351351351354,99.0,61.0,5787.287551999999,5787.287552,76.86486486486487,78.0,57.30827027027027,82.666,1148.5135135135135,5000.0,4.0,2250.513704097888,70286.28104454651,0.0,0.0,0.0,473.10438399999987,473.104384,37.0,37.0,9.649972972972972,10.357,300.0,405.0,1.0,391.43011816571925,12209.95883937447,68.74864864864864,74.4,4.12286444627027,4.317741056,15.3,2.718744575999999,2.760585216,25.38467328,0.0,2641.943822263607,0.7338732839621132,0.5232516514649866,713.0,670,Tesla T4,16106.12736,70.0,GPU-68af6dd9-efa6-2c59-74be-fc9e28c1dbdf,Tesla T4,16106.12736,70.0,GPU-015b8c66-85ec-6208-2309-fc83f3d55e16,580.159.04,1.0,57,1.0,2,1.0,60,1.0,67
