run_id,stage,arch,technique,fold,seed,epoch,global_step,samples_seen,ts_start,ts_end,iso_start,iso_end,account,worker_id,session_id,host,config_hash,lib_version,train_loss,train_acc,val_loss,lr_group0,grad_norm_mean,grad_norm_max,grad_norm_p50,grad_norm_p95,grad_norm_p99,grad_clip_hit_rate,weight_norm_total,update_to_weight_ratio,amp_scale,amp_scale_decreases,nan_or_inf_batches,epoch_seconds,train_seconds,val_seconds,dataload_seconds,compute_seconds,backward_seconds,optimizer_seconds,dataload_frac,step_time_mean,step_time_p50,step_time_p90,step_time_p99,images_per_second,n_params_total,n_params_trainable,wall_seconds_cumulative,energy_joules_cumulative,epochs_planned,cfg_input_resolution,cfg_batch_size,cfg_head_type,cfg_loss_name,cfg_label_smoothing,cfg_sampler_name,cfg_optimizer_name,cfg_lr_initial,cfg_weight_decay,cfg_scheduler_name,cfg_warmup_epochs,cfg_max_epochs,cfg_grad_clip,cfg_pretrained,cfg_finetune_depth,cfg_preprocessing,cfg_roi_mode,cfg_augment_policy,cfg_precision,cfg_num_workers,cfg_arch,cfg_fold,cfg_seed,cfg_technique,cfg_stage,cfg_config_hash,val_acc,val_balanced_acc,val_f1_macro,val_f1_micro,val_f1_weighted,val_precision_macro,val_recall_macro,val_f1_low,val_recall_low,val_precision_low,val_support_low,val_f1_mid,val_recall_mid,val_precision_mid,val_support_mid,val_f1_high,val_recall_high,val_precision_high,val_support_high,val_qwk,val_mae_class,val_cohen_kappa,val_mcc,val_nll,val_brier,val_mean_confidence,val_mean_confidence_correct,val_mean_confidence_incorrect,val_overconfidence_gap,val_ece,val_mce,val_ace,gpu0_util_mean,gpu0_util_max,gpu0_util_p50,gpu0_mem_used_mb_mean,gpu0_mem_used_mb_peak,gpu0_temp_c_mean,gpu0_temp_c_max,gpu0_power_w_mean,gpu0_power_w_max,gpu0_sm_clock_mhz_mean,gpu0_mem_clock_mhz_mean,gpu0_throttle_reasons,gpu0_energy_joules_epoch,gpu0_energy_joules_cumulative,gpu1_util_mean,gpu1_util_max,gpu1_util_p50,gpu1_mem_used_mb_mean,gpu1_mem_used_mb_peak,gpu1_temp_c_mean,gpu1_temp_c_max,gpu1_power_w_mean,gpu1_power_w_max,gpu1_sm_clock_mhz_mean,gpu1_mem_clock_mhz_mean,gpu1_throttle_reasons,gpu1_energy_joules_epoch,gpu1_energy_joules_cumulative,cpu_percent_mean,cpu_percent_max,ram_used_gb_mean,ram_used_gb_peak,ram_percent_peak,proc_rss_gb_mean,proc_rss_gb_peak,proc_vms_gb_peak,swap_used_gb_peak,energy_joules_epoch,energy_wh_epoch,co2_g_epoch,carbon_intensity_g_per_kwh,power_sample_count,gpu0_name,gpu0_mem_total_mb,gpu0_power_limit_w,gpu0_uuid,gpu1_name,gpu1_mem_total_mb,gpu1_power_limit_w,gpu1_uuid,gpu_driver,val_acc_session_mileage_000100_005000__session_001,val_n_session_mileage_000100_005000__session_001,val_acc_session_mileage_070000__session_001,val_n_session_mileage_070000__session_001,val_acc_session_mileage_100000_plus__session_001,val_n_session_mileage_100000_plus__session_001,val_acc_session_mileage_100000_plus__session_005,val_n_session_mileage_100000_plus__session_005
a-resnet50-base-f2-s3,a,resnet50,base,2,3,1,107,3424,1787785484.5392003,1787785536.6919217,2026-08-26T23:04:44Z,2026-08-26T23:05:36Z,acct1,0,1eca9c,Interactive,7a381b1e332f,v1,0.6375415224895299,0.5549065420560748,0.5773874108607953,6e-05,0.8925607923035309,3.94773268699646,0.8365848064422607,1.3614424467086768,1.657772998809814,0.0,1095.4325112556508,4.888813047626772e-08,65536.0,0,0,52.133410692214966,49.29305839538574,2.838247299194336,19.35318279266357,28.64163446426392,26.746437072753903,0.9652605056762696,0.3712241830276714,0.2780350279585223,0.2773478031158447,0.2807232856750488,0.2997251939773559,69.46211315466918,23512130,23512130,52.133410692214966,3463.932425359965,60,384,32,coral,coral_bce,0.0,session_balanced,adamw,0.0003,0.05,cosine,5,60,5.0,True,full,raw,full_frame,dataset_v1_1,fp16,2,resnet50,2,3,base,a,7a381b1e332f,0.4423076923076923,0.3583333333333333,0.2489194363567901,0.4423076923076923,0.2920820130977164,0.8104575163398694,0.3583333333333333,0.048780487804878,0.025,1.0,40,0.0952380952380952,0.05,1.0,20,0.6027397260273972,1.0,0.4313725490196078,44,0.0236051502145921,0.9326923076923076,0.0376515634971282,0.1405160249277146,0.8040924539104264,0.4906602894974826,0.4600804385084372,0.4843008855114812,0.4408711184715402,0.0177727462007449,0.1472087468092257,0.4336369832356771,0.1472087468092257,54.04166666666666,99.0,56.5,5776.801791999999,5776.801792,78.5625,82.0,58.1195625,97.813,1176.25,5000.0,4.0,2959.1604918010244,2965.575605816365,0.0,0.0,0.0,473.104384,473.104384,39.60416666666666,40.0,9.688479166666664,10.055,300.0,405.0,1.0,504.771933558941,506.8504748759272,68.8125,79.0,3.425499136,3.834912768,13.9,2.7740389546666666,2.862567424,26.357248,0.0,3463.932425359965,0.9622034514888792,0.686051060911571,713.0,862,Tesla T4,16106.12736,70.0,GPU-9f4ff8b5-8ab3-4db4-8aad-33910b4643c3,Tesla T4,16106.12736,70.0,GPU-9f111faa-2f37-e4bf-0799-ffd89e5ef19c,580.159.04,0.025,40,0.05,20,1.0,3,1.0,41
a-resnet50-base-f2-s3,a,resnet50,base,2,3,2,214,6848,1787785548.329177,1787785599.291794,2026-08-26T23:05:48Z,2026-08-26T23:06:39Z,acct1,0,1eca9c,Interactive,7a381b1e332f,v1,0.2277526322961132,0.976927570093458,0.1021213932679249,0.0001199999999999,0.6990189914391419,2.0880022048950195,0.7109582424163818,1.355705177783966,1.8086742043495176,0.0,1094.9598793213072,7.66076278746305e-08,65536.0,0,0,50.94637823104858,48.51345491409302,2.4319064617156982,18.72199559211731,28.438228130340576,26.503220319747925,1.0044522285461426,0.3674843284680724,0.2765286525833272,0.2761261463165283,0.2793308734893799,0.2931815814971923,70.57835823202396,23512130,23512130,103.07978892326356,6848.281131546733,60,384,32,coral,coral_bce,0.0,session_balanced,adamw,0.0003,0.05,cosine,5,60,5.0,True,full,raw,full_frame,dataset_v1_1,fp16,2,resnet50,2,3,base,a,7a381b1e332f,1.0,1.0,1.0,1.0,1.0,1.0,1.0,1.0,1.0,1.0,40,1.0,1.0,1.0,20,1.0,1.0,1.0,44,1.0,0.0,1.0,1.0,0.1618547312942114,0.0419619434538228,0.8532414665588965,0.8532414665588965,,-0.1467585334411034,0.1467585334411034,0.2122399592399597,0.1467585334411034,60.7872340425532,99.0,74.0,5697.734699574467,5795.67616,77.59574468085107,81.0,58.33768085106383,86.071,1143.1914893617022,5000.0,4.0,2891.447672045228,6231.469944127795,0.0,0.0,0.0,473.1043839999998,473.104384,39.38297872340426,40.0,9.625851063829789,10.15,300.0,405.0,1.0,492.90103414154055,1113.994209094286,69.4127659574468,74.9,3.9852946192340415,4.174721024,14.9,2.774820471829787,2.82671104,26.374139904,0.0,3384.348706186768,0.9400968628296578,0.670289063197546,713.0,844,Tesla T4,16106.12736,70.0,GPU-9f4ff8b5-8ab3-4db4-8aad-33910b4643c3,Tesla T4,16106.12736,70.0,GPU-9f111faa-2f37-e4bf-0799-ffd89e5ef19c,580.159.04,1.0,40,1.0,20,1.0,3,1.0,41
a-resnet50-base-f2-s3,a,resnet50,base,2,3,3,321,10272,1787785600.306546,1787785651.5283325,2026-08-26T23:06:40Z,2026-08-26T23:07:31Z,acct1,0,1eca9c,Interactive,7a381b1e332f,v1,0.0195210597556188,0.9985397196261684,0.02677526178125,0.0001799999999999,0.2012262424262606,2.0776891708374023,0.1254486739635467,0.6912556767463668,2.009442403316496,0.0,1094.1871213022628,3.3102860499416486e-08,65536.0,0,0,51.20553660392761,48.84738659858704,2.357154607772827,19.21402645111084,28.33811330795288,26.425912380218502,0.9717340469360352,0.3752333775882561,0.2753312699148588,0.274799108505249,0.2769258022308349,0.283408932685852,70.0958687541954,23512130,23512130,154.28532552719116,10231.717976039168,60,384,32,coral,coral_bce,0.0,session_balanced,adamw,0.0003,0.05,cosine,5,60,5.0,True,full,raw,full_frame,dataset_v1_1,fp16,2,resnet50,2,3,base,a,7a381b1e332f,1.0,1.0,1.0,1.0,1.0,1.0,1.0,1.0,1.0,1.0,40,1.0,1.0,1.0,20,1.0,1.0,1.0,44,1.0,0.0,1.0,1.0,0.0373903407118971,0.0029270144985178,0.9635366837565716,0.9635366837565716,,-0.0364633162434284,0.0364633162434284,0.0748877695628574,0.0364633162434284,55.723404255319146,99.0,71.0,5795.67616,5795.67616,76.36170212765957,78.0,57.45540425531915,84.414,1182.4468085106382,5000.0,4.0,2888.7757759659307,9171.806997059344,0.0,0.0,0.0,473.1043839999998,473.104384,39.0,39.0,9.603106382978725,10.051,300.0,405.0,1.0,494.66106852650455,1619.8023943808062,68.77021276595744,75.6,4.075754169191489,4.240850944,15.1,2.783427910808512,2.802991104,26.383577088,0.0,3383.436844492436,0.9398435679145654,0.6701084639230851,713.0,848,Tesla T4,16106.12736,70.0,GPU-9f4ff8b5-8ab3-4db4-8aad-33910b4643c3,Tesla T4,16106.12736,70.0,GPU-9f111faa-2f37-e4bf-0799-ffd89e5ef19c,580.159.04,1.0,40,1.0,20,1.0,3,1.0,41
a-resnet50-base-f2-s3,a,resnet50,base,2,3,4,428,13696,1787785652.0284507,1787785704.6162636,2026-08-26T23:07:32Z,2026-08-26T23:08:24Z,acct1,0,1eca9c,Interactive,7a381b1e332f,v1,0.0038591724016407,1.0,0.0224220000493984,0.0002399999999999,0.0386679514232918,0.3629328310489654,0.0219893399626016,0.1027543663978576,0.3205486835539336,0.0,1093.1329910190211,8.4896425392293e-09,65536.0,0,0,52.57269310951233,50.13169097900391,2.439432382583618,20.26411247253418,28.607696056365967,26.803962469100952,0.9539737701416016,0.3854493896731278,0.2776201595769864,0.2744996547698974,0.2757908821105957,0.2849935913085937,68.3001098333993,23512130,23512130,206.8580186367035,13679.08978109383,60,384,32,coral,coral_bce,0.0,session_balanced,adamw,0.0003,0.05,cosine,5,60,5.0,True,full,raw,full_frame,dataset_v1_1,fp16,2,resnet50,2,3,base,a,7a381b1e332f,1.0,1.0,1.0,1.0,1.0,1.0,1.0,1.0,1.0,1.0,40,1.0,1.0,1.0,20,1.0,1.0,1.0,44,1.0,0.0,1.0,1.0,0.0355264711500386,0.0028820063352105,0.9654001811375984,0.9654001811375984,,-0.0345998188624014,0.0345998188624015,0.079402360049161,0.0345998188624015,57.265306122448976,99.0,69.0,5795.67616,5795.67616,77.16326530612245,78.0,54.399142857142856,96.161,1261.8367346938776,5000.0,4.0,2939.4792210462056,12139.601355393404,0.0,0.0,0.0,473.104384,473.104384,39.0,39.0,9.605142857142855,10.547,300.0,405.0,1.0,507.8925840084567,2134.4217766451834,68.38979591836734,75.1,4.225082263510204,4.36365312,15.5,2.783492137795919,2.8069888,26.383577088,0.0,3447.371805054662,0.9576032791818506,0.6827711380566595,713.0,868,Tesla T4,16106.12736,70.0,GPU-9f4ff8b5-8ab3-4db4-8aad-33910b4643c3,Tesla T4,16106.12736,70.0,GPU-9f111faa-2f37-e4bf-0799-ffd89e5ef19c,580.159.04,1.0,40,1.0,20,1.0,3,1.0,41
a-resnet50-base-f2-s3,a,resnet50,base,2,3,5,535,17120,1787785705.1223347,1787785756.5946324,2026-08-26T23:08:25Z,2026-08-26T23:09:16Z,acct1,0,1eca9c,Interactive,7a381b1e332f,v1,0.0035188236267297,0.999123831775701,0.225609161819403,0.0003,0.0585047799406277,2.7511849403381348,0.011251788586378,0.2229841247200958,0.5471588617563242,0.0,1091.804479318536,1.6075620053457992e-08,65536.0,0,0,51.45603370666504,49.07112407684326,2.383920192718506,19.496877193450928,28.26777672767639,26.42891526222229,0.9833731651306152,0.378903615163901,0.2746937408625522,0.2742524147033691,0.2764930248260498,0.2847331380844116,69.77626994315769,23512130,23512130,258.31405234336853,17078.553141484026,60,384,32,coral,coral_bce,0.0,session_balanced,adamw,0.0003,0.05,cosine,5,60,5.0,True,full,raw,full_frame,dataset_v1_1,fp16,2,resnet50,2,3,base,a,7a381b1e332f,0.6442307692307693,0.6916666666666668,0.5530051344004833,0.6442307692307693,0.5766442859466115,0.7836257309941521,0.6916666666666668,0.1395348837209302,0.075,1.0,40,0.5194805194805194,1.0,0.3508771929824561,20,1.0,1.0,1.0,44,0.710589651022864,0.3557692307692308,0.4950131233595801,0.6065017304406407,0.4302785885872909,0.3065889282846954,0.8224244782557855,0.9364888454551128,0.6158754890029495,0.1781937090250162,0.2318894014908717,0.6837061908509996,0.2318894014908717,52.87234042553192,99.0,59.0,5795.67616,5795.67616,76.95744680851064,78.0,57.96959574468085,102.641,1210.531914893617,5000.0,4.0,2901.477042286877,15065.095842625138,0.0,0.0,0.0,473.1043839999998,473.104384,39.0,39.0,9.592553191489362,10.25,300.0,405.0,1.0,497.9863181033184,2638.274438863282,69.34468085106383,74.0,4.220443190468085,4.543475712,16.0,2.784090242723405,2.803449856,26.383577088,0.0,3399.4633603901952,0.9442953778861654,0.6732826044328358,713.0,856,Tesla T4,16106.12736,70.0,GPU-9f4ff8b5-8ab3-4db4-8aad-33910b4643c3,Tesla T4,16106.12736,70.0,GPU-9f111faa-2f37-e4bf-0799-ffd89e5ef19c,580.159.04,0.075,40,1.0,20,1.0,3,1.0,41
a-resnet50-base-f2-s3,a,resnet50,base,2,3,6,642,20544,1787785757.0904582,1787785808.3655171,2026-08-26T23:09:17Z,2026-08-26T23:10:08Z,acct1,0,1eca9c,Interactive,7a381b1e332f,v1,0.0014199622427755,1.0,0.145602292490926,0.0002997553655889,0.0182179946291356,0.4375142157077789,0.0095401937142014,0.0550826594233512,0.0953112538158893,0.0,1090.341893961109,5.008467225371346e-09,65536.0,0,0,51.25910019874573,48.930290937423706,2.3273820877075195,19.41521644592285,28.25031566619873,26.373724937438965,0.9547114372253418,0.3787662360565184,0.2743291966268949,0.2741849422454834,0.2757070064544678,0.2815278148651123,69.9771028212137,23512130,23512130,309.57315254211426,20502.60948202469,60,384,32,coral,coral_bce,0.0,session_balanced,adamw,0.0003,0.05,cosine,5,60,5.0,True,full,raw,full_frame,dataset_v1_1,fp16,2,resnet50,2,3,base,a,7a381b1e332f,0.9423076923076924,0.95,0.9294947121034076,0.9423076923076924,0.9437313567748352,0.923076923076923,0.95,0.9189189189189187,0.85,1.0,40,0.8695652173913044,1.0,0.7692307692307693,20,1.0,1.0,1.0,44,0.9627862595419848,0.0576923076923076,0.9108571428571428,0.9156323781131348,0.2563986286231076,0.1552786878166729,0.8199701693195564,0.8386703486345253,0.5145339071750641,-0.1223375229881359,0.122337522988136,0.389894962310791,0.122337522988136,52.4468085106383,99.0,54.0,5795.67616,5795.67616,77.08510638297872,78.0,54.76872340425532,93.536,1209.2553191489362,5000.0,4.0,2921.834931390067,18014.9657718394,0.0,0.0,0.0,473.1043839999998,473.104384,39.0,39.0,9.739659574468089,10.452,300.0,405.0,1.0,502.2214091505998,3146.4112896473443,68.88085106382978,74.7,4.294987253106383,4.381315072,15.5,2.7830026240000003,2.783002624,26.383572992,0.0,3424.056340540667,0.9511267612612964,0.6781533807793043,713.0,852,Tesla T4,16106.12736,70.0,GPU-9f4ff8b5-8ab3-4db4-8aad-33910b4643c3,Tesla T4,16106.12736,70.0,GPU-9f111faa-2f37-e4bf-0799-ffd89e5ef19c,580.159.04,0.85,40,1.0,20,1.0,3,1.0,41
a-resnet50-base-f2-s3,a,resnet50,base,2,3,7,749,23968,1787785808.8826396,1787785859.997157,2026-08-26T23:10:08Z,2026-08-26T23:10:59Z,acct1,0,1eca9c,Interactive,7a381b1e332f,v1,0.0007984920761985,1.0,0.1238475597593396,0.0002990222603022,0.0097975952629104,0.1289680302143097,0.0035169105976819,0.0343425296247005,0.0914058944582938,0.0,1088.8628922247049,2.690604209182493e-09,65536.0,0,0,51.09770107269287,48.67247033119202,2.4241809844970703,19.17889904975891,28.21494746208191,26.29442572593689,0.9678750038146972,0.3753378067337027,0.2741418129929872,0.2736508846282959,0.2759932041168212,0.2824205207824707,70.34777517355043,23512130,23512130,360.67085361480713,23927.48003731946,60,384,32,coral,coral_bce,0.0,session_balanced,adamw,0.0003,0.05,cosine,5,60,5.0,True,full,raw,full_frame,dataset_v1_1,fp16,2,resnet50,2,3,base,a,7a381b1e332f,0.9519230769230768,0.9583333333333334,0.9407407407407408,0.9519230769230768,0.952991452991453,0.9333333333333332,0.9583333333333334,0.9333333333333332,0.875,1.0,40,0.888888888888889,1.0,0.8,20,1.0,1.0,1.0,44,0.9691943127962084,0.048076923076923,0.9255014326647564,0.9288821908347858,0.2271503840015678,0.137083810895794,0.8349126881131759,0.850155097667617,0.5331129789352417,-0.117010388809901,0.117010388809901,0.3745213113725185,0.117010388809901,56.7872340425532,99.0,58.0,5795.67616,5795.67616,76.91489361702128,78.0,57.04802127659575,83.784,1199.3617021276596,5000.0,4.0,2921.8208840134284,20963.37612128237,0.0,0.0,0.0,473.1043839999998,473.104384,39.0,39.0,9.725638297872342,10.254,300.0,405.0,1.0,503.0496712813351,3655.580416989089,68.84468085106381,77.5,4.345748196765958,4.460331008,15.9,2.78337492425532,2.800500736,26.383577088,0.0,3424.870555294764,0.9513529320263232,0.6783146405347684,713.0,848,Tesla T4,16106.12736,70.0,GPU-9f4ff8b5-8ab3-4db4-8aad-33910b4643c3,Tesla T4,16106.12736,70.0,GPU-9f111faa-2f37-e4bf-0799-ffd89e5ef19c,580.159.04,0.875,40,1.0,20,1.0,3,1.0,41
a-resnet50-base-f2-s3,a,resnet50,base,2,3,8,856,27392,1787785860.5060034,1787785912.3730123,2026-08-26T23:11:00Z,2026-08-26T23:11:52Z,acct1,0,1eca9c,Interactive,7a381b1e332f,v1,0.000382628689711,1.0,0.0988269328697172,0.0002978030753771,0.0052067409084552,0.0602076053619384,0.0023398937191814,0.0234046829864382,0.0436221327632665,0.0,1087.391779094255,1.425965769689356e-09,65536.0,0,0,51.84597206115723,49.45565557479858,2.389445543289185,20.041341304779053,28.14975070953369,26.214468240737915,0.9551782608032228,0.3865554161302713,0.2734233931960346,0.2730598449707031,0.2750507354736328,0.2770858001708984,69.233740008186,23512130,23512130,412.5168256759644,27328.53385098676,60,384,32,coral,coral_bce,0.0,session_balanced,adamw,0.0003,0.05,cosine,5,60,5.0,True,full,raw,full_frame,dataset_v1_1,fp16,2,resnet50,2,3,base,a,7a381b1e332f,0.971153846153846,0.975,0.9637571730594986,0.971153846153846,0.971598169272588,0.9565217391304348,0.975,0.961038961038961,0.925,1.0,40,0.9302325581395348,1.0,0.8695652173913043,20,1.0,1.0,1.0,44,0.9817586529466792,0.0288461538461538,0.9550432276657058,0.9563092540421624,0.1817896212982473,0.0993555947013762,0.8584219085482451,0.8686050300550933,0.5155901511510214,-0.112731937605601,0.1239711567759513,0.4275192419687906,0.1239711567759513,48.770833333333336,99.0,46.5,5795.67616,5795.67616,76.85416666666667,78.0,54.516416666666665,90.206,1266.5625,5000.0,4.0,2891.907211053138,23882.60898699168,0.0,0.0,0.0,473.104384,473.104384,39.0,39.0,9.810666666666666,10.651,300.0,405.0,1.0,509.1466026141634,4171.310842764615,68.70416666666667,74.9,4.340416938666666,4.460670976,15.9,2.783667541333333,2.814918656,26.383577088,0.0,3401.0538136673013,0.9447371704631392,0.6735976025402183,713.0,860,Tesla T4,16106.12736,70.0,GPU-9f4ff8b5-8ab3-4db4-8aad-33910b4643c3,Tesla T4,16106.12736,70.0,GPU-9f111faa-2f37-e4bf-0799-ffd89e5ef19c,580.159.04,0.925,40,1.0,20,1.0,3,1.0,41
a-resnet50-base-f2-s3,a,resnet50,base,2,3,9,963,30816,1787785912.8932369,1787785964.9105265,2026-08-26T23:11:52Z,2026-08-26T23:12:44Z,acct1,0,1eca9c,Interactive,7a381b1e332f,v1,0.0003029025088308,1.0,0.10716962274455,0.0002961017875413,0.0033765389495877,0.0259890891611576,0.0017423128010705,0.0119422511197626,0.0191742772981524,0.0,1085.930754889348,9.20684135866285e-10,65536.0,0,0,51.99348068237305,49.595364809036255,2.39707899093628,20.163758039474487,28.13499546051025,26.244779348373413,0.980933666229248,0.3878131984018229,0.2735577966565283,0.2733995914459228,0.2749850273132324,0.2771033477783203,69.03870983072493,23512130,23512130,464.5103063583374,30757.38919826392,60,384,32,coral,coral_bce,0.0,session_balanced,adamw,0.0003,0.05,cosine,5,60,5.0,True,full,raw,full_frame,dataset_v1_1,fp16,2,resnet50,2,3,base,a,7a381b1e332f,0.9615384615384616,0.9666666666666668,0.9521531100478468,0.9615384615384616,0.9622745675377254,0.9444444444444444,0.9666666666666668,0.9473684210526316,0.9,1.0,40,0.9090909090909092,1.0,0.8333333333333334,20,1.0,1.0,1.0,44,0.975517890772128,0.0384615384615384,0.9402298850574712,0.9424363420908016,0.197378696041194,0.1134327167850994,0.8509012896281022,0.8640504366159439,0.5221726149320602,-0.1106371719103593,0.1106371719103593,0.3588927090167999,0.1106371719103593,54.833333333333336,99.0,65.5,5795.67616,5795.67616,77.10416666666667,78.0,55.70604166666666,75.83,1233.75,5000.0,4.0,2922.4777289290505,26838.41703202276,0.0,0.0,0.0,473.104384,473.104384,39.0,39.0,9.709666666666664,10.25,300.0,405.0,1.0,506.3776183481105,4684.72693937205,68.83541666666666,75.1,4.302076074666666,4.417826816,15.7,2.7843597653333334,2.810724352,26.383577088,0.0,3428.855347277161,0.9524598186881004,0.6791038507246155,713.0,862,Tesla T4,16106.12736,70.0,GPU-9f4ff8b5-8ab3-4db4-8aad-33910b4643c3,Tesla T4,16106.12736,70.0,GPU-9f111faa-2f37-e4bf-0799-ffd89e5ef19c,580.159.04,0.9,40,1.0,20,1.0,3,1.0,41
a-resnet50-base-f2-s3,a,resnet50,base,2,3,10,1070,34240,1787785965.4441617,1787786016.7264533,2026-08-26T23:12:45Z,2026-08-26T23:13:36Z,acct1,0,1eca9c,Interactive,7a381b1e332f,v1,0.001350777769097,0.9994158878504672,0.0110592546569443,0.0002939239460421,0.0248357989068064,0.9531806707382202,0.0037535971496254,0.0391734518110752,0.4047356802225111,0.0,1084.5370256491651,6.730831539318875e-09,65536.0,0,0,51.26403164863586,48.75315737724304,2.5092101097106934,19.26215386390686,28.16886687278748,26.23286747932434,1.006907939910889,0.3757440303550418,0.274049901516638,0.2734766006469726,0.275524377822876,0.289053292274475,70.23134878230988,23512130,23512130,515.7743380069733,34148.78645804268,60,384,32,coral,coral_bce,0.0,session_balanced,adamw,0.0003,0.05,cosine,5,60,5.0,True,full,raw,full_frame,dataset_v1_1,fp16,2,resnet50,2,3,base,a,7a381b1e332f,1.0,1.0,1.0,1.0,1.0,1.0,1.0,1.0,1.0,1.0,40,1.0,1.0,1.0,20,1.0,1.0,1.0,44,1.0,0.0,1.0,1.0,0.0179120222345874,0.0015815423467139,0.9825871386207068,0.9825871386207068,,-0.0174128613792933,0.0174128613792932,0.0789816247092353,0.0174128613792932,50.47916666666666,99.0,51.5,5795.67616,5795.67616,76.95833333333333,78.0,55.79806250000001,91.747,1200.9375,5000.0,4.0,2893.2507669689803,29758.80177163249,0.0,0.0,0.0,473.104384,473.104384,39.0,39.0,9.637125,10.15,300.0,405.0,1.0,498.1464928097748,5189.655800911417,68.81875,74.2,4.3155792213333335,4.405694464,15.7,2.7852281173333338,2.824159232,26.383577088,0.0,3391.397259778755,0.9420547943829876,0.6716850683950701,713.0,852,Tesla T4,16106.12736,70.0,GPU-9f4ff8b5-8ab3-4db4-8aad-33910b4643c3,Tesla T4,16106.12736,70.0,GPU-9f111faa-2f37-e4bf-0799-ffd89e5ef19c,580.159.04,1.0,40,1.0,20,1.0,3,1.0,41
a-resnet50-base-f2-s3,a,resnet50,base,2,3,11,1177,37664,1787823624.067371,1787823676.7053645,2026-08-27T09:40:24Z,2026-08-27T09:41:16Z,acct1,0,f9a278,Interactive,7a381b1e332f,v2,0.0003256984144121,1.0,0.0041074236919834,0.0002912766545459,0.0056979258960356,0.1137329712510109,0.0017629245994612,0.0179504591971635,0.1060732046514748,0.0,1083.1066470229284,1.5323262925305891e-09,65536.0,0,0,52.61901426315308,49.66339468955994,2.9544029235839844,17.750735759735107,29.95050287246704,28.05310606956482,1.6501455307006836,0.3373445133533262,0.2967239473467675,0.2980594635009765,0.3062771320343017,0.3219359588623047,68.94413926802675,23512130,23512130,568.3933522701263,37657.2660684672,60,384,32,coral,coral_bce,0.0,session_balanced,adamw,0.0003,0.05,cosine,5,60,5.0,True,full,raw,full_frame,dataset_v1_1,fp16,2,resnet50,2,3,base,a,7a381b1e332f,1.0,1.0,1.0,1.0,1.0,1.0,1.0,1.0,1.0,1.0,40,1.0,1.0,1.0,20,1.0,1.0,1.0,44,1.0,0.0,1.0,1.0,0.0056011283808867,0.0001380189088834,0.9944451308021178,0.9944451308021178,,-0.0055548691978821,0.0055548691978821,0.0055548691978821,0.0055548691978821,57.708333333333336,99.0,56.5,5787.287552000001,5787.287552,78.22916666666667,82.0,61.73933333333334,93.73,1044.0625,5000.0,4.0,3005.425101131915,3012.3672353525158,0.0,0.0,0.0,473.104384,473.104384,37.35416666666666,38.0,9.553020833333331,10.059,300.0,405.0,1.0,503.0545092926029,505.1704307672981,70.29791666666667,76.9,3.402052181333333,3.779907584,13.9,2.983213824,3.024039936,25.543909376,0.0,3508.479610424518,0.974577669562366,0.694873878397967,713.0,868,Tesla T4,16106.12736,70.0,GPU-68af6dd9-efa6-2c59-74be-fc9e28c1dbdf,Tesla T4,16106.12736,70.0,GPU-015b8c66-85ec-6208-2309-fc83f3d55e16,580.159.04,1.0,40,1.0,20,1.0,3,1.0,41
a-resnet50-base-f2-s3,a,resnet50,base,2,3,12,1284,41088,1787823677.2624362,1787823741.9920828,2026-08-27T09:41:17Z,2026-08-27T09:42:21Z,acct1,0,f9a278,Interactive,7a381b1e332f,v2,0.0001811785986039,1.0,0.017256553864102,0.0002881685479672,0.0022670563878045,0.0526573807001113,0.0008638239232823,0.0081875283271074,0.0154673528112471,0.0,1081.6902980593277,6.039569261234437e-10,65536.0,0,0,64.71302795410156,62.29906153678894,2.4123780727386475,31.40624761581421,28.99720525741577,27.138442516326904,1.592026948928833,0.4853156869446665,0.2872166410784855,0.2870130538940429,0.2918221473693848,0.2963204860687256,54.96069949589938,23512130,23512130,633.1063802242279,41678.48110043936,60,384,32,coral,coral_bce,0.0,session_balanced,adamw,0.0003,0.05,cosine,5,60,5.0,True,full,raw,full_frame,dataset_v1_1,fp16,2,resnet50,2,3,base,a,7a381b1e332f,1.0,1.0,1.0,1.0,1.0,1.0,1.0,1.0,1.0,1.0,40,1.0,1.0,1.0,20,1.0,1.0,1.0,44,1.0,0.0,1.0,1.0,0.0299849518541444,0.0036199118265158,0.971117493051749,0.971117493051749,,-0.028882506948251,0.028882506948251,0.1580443382263183,0.028882506948251,43.833333333333336,99.0,36.5,5771.454054400002,5780.996096,75.1,78.0,51.165366666666685,89.801,1078.0,5000.0,4.0,3403.7030242257097,6447.261554927823,0.0,0.0,0.0,473.104384,473.104384,36.81666666666667,37.0,9.495466666666664,9.86,300.0,405.0,1.0,617.5120077464575,1129.7064630415437,55.62666666666666,75.6,3.703324603733334,3.863420928,14.0,2.8052881408,2.850914304,25.331699712,0.0,4021.2150319721673,1.1170041755478242,0.7964239771655988,713.0,1074,Tesla T4,16106.12736,70.0,GPU-68af6dd9-efa6-2c59-74be-fc9e28c1dbdf,Tesla T4,16106.12736,70.0,GPU-015b8c66-85ec-6208-2309-fc83f3d55e16,580.159.04,1.0,40,1.0,20,1.0,3,1.0,41
a-resnet50-base-f2-s3,a,resnet50,base,2,3,13,1391,44512,1787823742.8657708,1787823794.3900747,2026-08-27T09:42:22Z,2026-08-27T09:43:14Z,acct1,0,f9a278,Interactive,7a381b1e332f,v2,0.0001448974448254,1.0,0.0341380101218909,0.0002846097643037,0.0029254705576056,0.0882602855563163,0.0008643705514259,0.0078925318084656,0.0287821339443325,0.0,1080.2924034487366,7.707334451482847e-10,65536.0,0,0,51.508007526397705,49.08861565589905,2.4184939861297607,17.15263819694519,29.982850074768063,28.076272010803223,1.6403894424438477,0.3330091576179589,0.2969224854050395,0.2969002723693847,0.3064888954162598,0.3134311199188232,69.75140680278143,23512130,23512130,684.6143877506256,45109.68965455752,60,384,32,coral,coral_bce,0.0,session_balanced,adamw,0.0003,0.05,cosine,5,60,5.0,True,full,raw,full_frame,dataset_v1_1,fp16,2,resnet50,2,3,base,a,7a381b1e332f,1.0,1.0,1.0,1.0,1.0,1.0,1.0,1.0,1.0,1.0,40,1.0,1.0,1.0,20,1.0,1.0,1.0,44,1.0,0.0,1.0,1.0,0.0612776004480124,0.0171321684007998,0.9442442076710554,0.9442442076710554,,-0.0557557923289445,0.0557557923289445,0.2902564108371734,0.0557557923289445,59.91666666666666,99.0,76.0,5780.996096,5780.996096,78.79166666666667,82.0,61.911895833333325,99.146,1017.1875,5000.0,4.0,2936.348794807429,9436.440852671853,0.0,0.0,0.0,473.104384,473.104384,36.833333333333336,37.0,9.516083333333333,10.059,300.0,405.0,1.0,494.85975931072176,1635.1189670085896,69.79166666666666,77.3,3.831470677333334,3.967901696,14.5,2.806233770666667,2.851373056,25.331699712,0.0,3431.2085541181505,0.9531134872550416,0.6795699164128448,713.0,854,Tesla T4,16106.12736,70.0,GPU-68af6dd9-efa6-2c59-74be-fc9e28c1dbdf,Tesla T4,16106.12736,70.0,GPU-015b8c66-85ec-6208-2309-fc83f3d55e16,580.159.04,1.0,40,1.0,20,1.0,3,1.0,41
a-resnet50-base-f2-s3,a,resnet50,base,2,3,14,1498,47936,1787823794.943786,1787823847.168579,2026-08-27T09:43:14Z,2026-08-27T09:44:07Z,acct1,0,f9a278,Interactive,7a381b1e332f,v2,0.0020372408689921,0.999123831775701,0.1112824661281942,0.0002806119115679,0.0367275355100875,0.993890106678009,0.0030965022742748,0.0826594896614551,0.970968452692031,0.0,1079.0367274656694,9.551281883492644e-09,65536.0,0,0,52.20840120315552,49.692962646484375,2.513751983642578,18.424203634262085,29.33774185180664,27.36917924880981,1.6230318546295166,0.3528972964057844,0.2906967680030894,0.2907450199127197,0.2984282493591308,0.3011516904830932,68.90311661146727,23512130,23512130,736.8227889537811,48609.57300207859,60,384,32,coral,coral_bce,0.0,session_balanced,adamw,0.0003,0.05,cosine,5,60,5.0,True,full,raw,full_frame,dataset_v1_1,fp16,2,resnet50,2,3,base,a,7a381b1e332f,1.0,1.0,1.0,1.0,1.0,1.0,1.0,1.0,1.0,1.0,40,1.0,1.0,1.0,20,1.0,1.0,1.0,44,1.0,0.0,1.0,1.0,0.2095251100550625,0.0929111503304817,0.8223600880457804,0.8223600880457804,,-0.1776399119542195,0.1776399119542195,0.4786658883094787,0.1776399119542195,51.91666666666666,99.0,66.5,5780.996096,5780.996096,76.27083333333333,80.0,60.49460416666667,88.063,1080.3125,5000.0,4.0,2992.718176135315,12454.068761283164,0.0,0.0,0.0,473.104384,473.104384,36.375,37.0,9.664520833333333,10.254,300.0,405.0,1.0,507.1651713857655,2148.3925436320296,69.87291666666667,76.5,3.8841882453333336,4.063797248,14.6,2.8049053013333336,2.823258112,25.331699712,0.0,3499.8833475210804,0.9721898187558556,0.6931713407729251,713.0,865,Tesla T4,16106.12736,70.0,GPU-68af6dd9-efa6-2c59-74be-fc9e28c1dbdf,Tesla T4,16106.12736,70.0,GPU-015b8c66-85ec-6208-2309-fc83f3d55e16,580.159.04,1.0,40,1.0,20,1.0,3,1.0,41
a-resnet50-base-f2-s3,a,resnet50,base,2,3,15,1605,51360,1787823847.676276,1787823900.0774786,2026-08-27T09:44:07Z,2026-08-27T09:45:00Z,acct1,0,f9a278,Interactive,7a381b1e332f,v2,0.0001895468840387,1.0,0.0602785547634994,0.0002761880299246,0.0031014052268648,0.0620102770626544,0.001088420394808,0.0108845145441591,0.0204973613098263,0.0,1077.683288648987,7.948262802513371e-10,65536.0,0,0,52.38405919075012,49.982332706451416,2.4005463123321533,18.634286165237427,29.43535161018372,27.605428218841556,1.6021718978881836,0.3557243644938427,0.2914967559208379,0.2908365726470947,0.297832441329956,0.3086132907867431,68.5042056782206,23512130,23512130,789.2068481445312,52128.4149017015,60,384,32,coral,coral_bce,0.0,session_balanced,adamw,0.0003,0.05,cosine,5,60,5.0,True,full,raw,full_frame,dataset_v1_1,fp16,2,resnet50,2,3,base,a,7a381b1e332f,1.0,1.0,1.0,1.0,1.0,1.0,1.0,1.0,1.0,1.0,40,1.0,1.0,1.0,20,1.0,1.0,1.0,44,1.0,0.0,1.0,1.0,0.1134294341697582,0.0338375960489517,0.8970688661703696,0.8970688661703696,,-0.1029311338296303,0.1029311338296303,0.2969854831695556,0.1029311338296303,65.55102040816327,99.0,87.0,5780.996096000001,5780.996096,76.83673469387755,79.0,56.04348979591836,98.661,1158.6734693877552,5000.0,4.0,3004.034540455088,15482.96948253106,0.0,0.0,0.0,473.104384,473.104384,36.30612244897959,37.0,9.762102040816323,10.456,300.0,405.0,1.0,514.8073591678167,2669.999196001292,68.69795918367348,77.6,3.88063181844898,4.040056832,14.5,2.804949493551021,2.825814016,25.331699712,0.0,3518.8418996229047,0.9774560832285848,0.6969261873419809,713.0,868,Tesla T4,16106.12736,70.0,GPU-68af6dd9-efa6-2c59-74be-fc9e28c1dbdf,Tesla T4,16106.12736,70.0,GPU-015b8c66-85ec-6208-2309-fc83f3d55e16,580.159.04,1.0,40,1.0,20,1.0,3,1.0,41
a-resnet50-base-f2-s3,a,resnet50,base,2,3,16,1712,54784,1787823900.5926487,1787823952.0854194,2026-08-27T09:45:00Z,2026-08-27T09:45:52Z,acct1,0,f9a278,Interactive,7a381b1e332f,v2,0.0001482506393959,1.0,0.3410168057516085,0.0002713525491562,0.0027768350556921,0.1183102577924728,0.0010057310573756,0.0069525177590548,0.0175490917824208,0.0,1076.3548669859326,7.000491139678448e-10,65536.0,0,0,51.47684645652771,48.98358011245728,2.492323398590088,17.581910371780396,29.48716711997986,27.63867235183716,1.6092772483825684,0.3415498730410448,0.2919694084987462,0.2919971942901611,0.295246934890747,0.3026636743545532,69.90097481929918,23512130,23512130,840.683694601059,55592.39859538512,60,384,32,coral,coral_bce,0.0,session_balanced,adamw,0.0003,0.05,cosine,5,60,5.0,True,full,raw,full_frame,dataset_v1_1,fp16,2,resnet50,2,3,base,a,7a381b1e332f,0.6153846153846154,0.6666666666666666,0.5,0.6153846153846154,0.5192307692307693,0.4444444444444444,0.6666666666666666,0.0,0.0,0.0,40,0.5,1.0,0.3333333333333333,20,1.0,1.0,1.0,44,0.6790123456790124,0.3846153846153846,0.4583333333333333,0.5840250605220888,0.6795403297290066,0.4890776376012404,0.8486428427008482,0.898705636151135,0.7685423731803894,0.2332582273162328,0.2332582273162328,0.6504068076610565,0.2332582273162328,59.020833333333336,100.0,81.5,5780.996096,5780.996096,77.41666666666667,79.0,57.86872916666667,87.673,1117.1875,5000.0,4.0,2961.410099388124,18475.924291074265,0.0,0.0,0.0,473.104384,473.104384,36.125,37.0,9.656333333333334,10.353,300.0,405.0,1.0,502.5735942954998,3179.0654323759063,69.35416666666667,76.5,3.8703018666666655,3.982241792,14.3,2.8063484586666667,2.86113792,25.331699712,0.0,3463.983693683624,0.9622176926898954,0.6860612148878955,713.0,852,Tesla T4,16106.12736,70.0,GPU-68af6dd9-efa6-2c59-74be-fc9e28c1dbdf,Tesla T4,16106.12736,70.0,GPU-015b8c66-85ec-6208-2309-fc83f3d55e16,580.159.04,0.0,40,1.0,20,1.0,3,1.0,41
a-resnet50-base-f2-s3,a,resnet50,base,2,3,17,1819,58208,1787823952.6217127,1787824004.7738762,2026-08-27T09:45:52Z,2026-08-27T09:46:44Z,acct1,0,f9a278,Interactive,7a381b1e332f,v2,0.0001918456071881,1.0,0.0622480830154297,0.0002661212415958,0.00404437155657,0.1394748389720916,0.0007542956154793,0.0143694582395255,0.0587125341221689,0.0,1075.0552975495416,1.0011514594297623e-09,65536.0,0,0,52.13523554801941,49.72515511512756,2.409283399581909,18.468571186065677,29.312062740325928,27.44616413116455,1.6350808143615725,0.3542435550915485,0.2905873494727589,0.2900006771087646,0.2947637557983398,0.3016353607177734,68.85850817503712,23512130,23512130,892.8189301490784,59073.4031354964,60,384,32,coral,coral_bce,0.0,session_balanced,adamw,0.0003,0.05,cosine,5,60,5.0,True,full,raw,full_frame,dataset_v1_1,fp16,2,resnet50,2,3,base,a,7a381b1e332f,1.0,1.0,1.0,1.0,1.0,1.0,1.0,1.0,1.0,1.0,40,1.0,1.0,1.0,20,1.0,1.0,1.0,44,1.0,0.0,1.0,1.0,0.1148398484297208,0.0494074687157003,0.9022059836066686,0.9022059836066686,,-0.0977940163933314,0.0977940163933313,0.4239644408226013,0.0977940163933313,64.24489795918367,99.0,90.0,5780.996096000001,5780.996096,76.91836734693878,78.0,55.90655102040816,87.521,1130.5102040816328,5000.0,4.0,2979.256511218766,21486.401598213644,0.0,0.0,0.0,473.104384,473.104384,36.0,36.0,9.569326530612244,10.154,300.0,405.0,1.0,501.7480288925135,3687.4557983412697,68.91020408163266,75.1,3.902499944489796,4.032786432,14.5,2.805132726857143,2.826862592,25.331699712,0.0,3481.0045401112798,0.9669457055864664,0.6894322880831506,713.0,862,Tesla T4,16106.12736,70.0,GPU-68af6dd9-efa6-2c59-74be-fc9e28c1dbdf,Tesla T4,16106.12736,70.0,GPU-015b8c66-85ec-6208-2309-fc83f3d55e16,580.159.04,1.0,40,1.0,20,1.0,3,1.0,41
a-resnet50-base-f2-s3,a,resnet50,base,2,3,18,1926,61632,1787824005.312326,1787824056.9572413,2026-08-27T09:46:45Z,2026-08-27T09:47:36Z,acct1,0,f9a278,Interactive,7a381b1e332f,v2,7.82457198290112e-05,1.0,0.0202773025873214,0.0002605111706814,0.0011222926407065,0.0152164492756128,0.0003927665238734,0.0046792201697826,0.0098744058236479,0.0,1073.781546459422,2.7228049377611783e-10,65536.0,0,0,51.62842798233032,49.12989807128906,2.4974961280822754,17.925800561904907,29.27177882194519,27.31873607635498,1.6288938522338867,0.3472079484589374,0.290083542048374,0.2897953987121582,0.2933695793151855,0.3048022651672363,69.69279673716534,23512130,23512130,944.4473581314088,62491.84156449152,60,384,32,coral,coral_bce,0.0,session_balanced,adamw,0.0003,0.05,cosine,5,60,5.0,True,full,raw,full_frame,dataset_v1_1,fp16,2,resnet50,2,3,base,a,7a381b1e332f,1.0,1.0,1.0,1.0,1.0,1.0,1.0,1.0,1.0,1.0,40,1.0,1.0,1.0,20,1.0,1.0,1.0,44,1.0,0.0,1.0,1.0,0.03645492665345,0.005838214472758,0.9652736032238374,0.9652736032238374,,-0.0347263967761626,0.0347263967761626,0.1522142589092254,0.0347263967761626,55.54166666666666,99.0,54.0,5780.996096,5780.996096,76.875,78.0,55.98954166666667,73.485,1145.3125,5000.0,4.0,2925.9000541052737,24441.28313838287,0.0,0.0,0.0,473.104384,473.104384,36.0,36.0,9.4933125,9.956,300.0,405.0,1.0,492.53837488984846,4186.390113476985,69.51041666666667,76.2,3.958381738666666,4.072644608,14.8,2.8045148160000006,2.804514816,25.33169152,0.0,3418.438428995122,0.9495662302764228,0.6770407221870894,713.0,852,Tesla T4,16106.12736,70.0,GPU-68af6dd9-efa6-2c59-74be-fc9e28c1dbdf,Tesla T4,16106.12736,70.0,GPU-015b8c66-85ec-6208-2309-fc83f3d55e16,580.159.04,1.0,40,1.0,20,1.0,3,1.0,41
a-resnet50-base-f2-s3,a,resnet50,base,2,3,19,2033,65056,1787824057.487282,1787824110.1359296,2026-08-27T09:47:37Z,2026-08-27T09:48:30Z,acct1,0,f9a278,Interactive,7a381b1e332f,v2,7.354275343646447e-05,1.0,0.0686747457192233,0.0002545406352982,0.0009010719600792,0.0097644701600074,0.0002798991336021,0.0042880418244749,0.0070400759764015,0.0,1072.537893453615,2.138473899784702e-10,131072.0,0,0,52.63167810440064,50.16930365562439,2.461491346359253,18.949537992477417,29.319827795028687,27.456429719924927,1.589885950088501,0.3600405435465872,0.2902318339481532,0.2899060249328613,0.2958067893981934,0.2983157682418823,68.24890422046234,23512130,23512130,997.0790362358092,65949.07243867754,60,384,32,coral,coral_bce,0.0,session_balanced,adamw,0.0003,0.05,cosine,5,60,5.0,True,full,raw,full_frame,dataset_v1_1,fp16,2,resnet50,2,3,base,a,7a381b1e332f,0.9903846153846154,0.9916666666666668,0.9876505094164866,0.9903846153846154,0.9904410193079536,0.9841269841269842,0.9916666666666668,0.9873417721518988,0.975,1.0,40,0.975609756097561,1.0,0.9523809523809524,20,1.0,1.0,1.0,44,0.9939981532779316,0.0096153846153846,0.984927536231884,0.9850740357660184,0.1306177701187778,0.0631189508560885,0.8913018414034293,0.8951407769351329,0.4958914816379547,-0.0990827739811861,0.1086191486280698,0.4958914816379547,0.1086191486280698,55.38775510204081,99.0,79.0,5780.996096000001,5780.996096,77.08163265306122,79.0,53.86479591836735,72.943,1215.6122448979593,5000.0,4.0,2954.811155049534,27429.95231125419,0.0,0.0,0.0,473.104384,473.104384,36.0,36.0,9.512938775510204,10.158,300.0,405.0,1.0,502.4197191364783,4695.666700819486,68.97142857142858,77.3,3.947437996408163,4.061241344,14.7,2.805333347265307,2.844622848,25.331699712,0.0,3457.2308741860124,0.9603419094961144,0.6847237814707297,713.0,872,Tesla T4,16106.12736,70.0,GPU-68af6dd9-efa6-2c59-74be-fc9e28c1dbdf,Tesla T4,16106.12736,70.0,GPU-015b8c66-85ec-6208-2309-fc83f3d55e16,580.159.04,0.975,40,1.0,20,1.0,3,1.0,41
a-resnet50-base-f2-s3,a,resnet50,base,2,3,20,2140,68480,1787824110.675404,1787824162.5303984,2026-08-27T09:48:30Z,2026-08-27T09:49:22Z,acct1,0,f9a278,Interactive,7a381b1e332f,v2,6.711800930031905e-05,1.0,0.1412468359923195,0.0002482291100917,0.0010798118963185,0.0283280815929174,0.0002949409827124,0.0048912643454968,0.010173197761178,0.0,1071.3262938600726,2.501952464210599e-10,131072.0,0,0,51.83768177032471,49.43728399276733,2.3994765281677246,18.1569721698761,29.33327341079712,27.454476833343502,1.6422338485717771,0.3502658982769237,0.2908252399658488,0.2910923957824707,0.2955236434936523,0.3000244379043579,69.2594682284919,23512130,23512130,1048.916718006134,69450.28184301569,60,384,32,coral,coral_bce,0.0,session_balanced,adamw,0.0003,0.05,cosine,5,60,5.0,True,full,raw,full_frame,dataset_v1_1,fp16,2,resnet50,2,3,base,a,7a381b1e332f,0.8557692307692307,0.875,0.8321678321678322,0.8557692307692307,0.8587950511027435,0.8571428571428571,0.875,0.7692307692307693,0.625,1.0,40,0.7272727272727273,1.0,0.5714285714285714,20,1.0,1.0,1.0,44,0.901015228426396,0.1442307692307692,0.7827298050139275,0.8080987480636991,0.2765655951030517,0.194142455769299,0.8469860327358429,0.8846380402532856,0.623584121465683,-0.0087831980333877,0.0714498457427208,0.7598155736923218,0.0714498457427208,66.91666666666667,99.0,90.0,5780.996096,5780.996096,77.0625,79.0,59.414583333333326,93.206,1141.5625,5000.0,4.0,3005.5020413303755,30467.348616015635,0.0,0.0,0.0,473.104384,473.104384,36.0,36.0,9.468729166666668,9.96,300.0,405.0,1.0,495.70736300778026,5197.9814379427335,69.45416666666667,76.5,3.964268544,4.078354432,14.7,2.8058350933333336,2.844491776,25.331699712,0.0,3501.209404338156,0.97255816787171,0.6934339736925291,713.0,862,Tesla T4,16106.12736,70.0,GPU-68af6dd9-efa6-2c59-74be-fc9e28c1dbdf,Tesla T4,16106.12736,70.0,GPU-015b8c66-85ec-6208-2309-fc83f3d55e16,580.159.04,0.625,40,1.0,20,1.0,3,1.0,41
a-resnet50-base-f2-s3,a,resnet50,base,2,3,21,2247,71904,1787824163.212166,1787824214.8941786,2026-08-27T09:49:23Z,2026-08-27T09:50:14Z,acct1,0,f9a278,Interactive,7a381b1e332f,v2,6.121452242185914e-05,1.0,0.0453418046438051,0.0002415971819453,0.00136954280538,0.0733744204044342,0.0002660933532752,0.0017870251554995,0.0215242389775812,0.0,1070.1473716523792,3.0918889407017515e-10,131072.0,0,0,51.66369533538818,49.25400614738464,2.4081695079803467,18.148064851760864,29.21825480461121,27.35271644592285,1.5934748649597168,0.3512730696855505,0.289267163410365,0.2887532711029053,0.2928437709808349,0.3027815198898315,69.51718789643698,23512130,23512130,1100.5804133415222,72873.23482570102,60,384,32,coral,coral_bce,0.0,session_balanced,adamw,0.0003,0.05,cosine,5,60,5.0,True,full,raw,full_frame,dataset_v1_1,fp16,2,resnet50,2,3,base,a,7a381b1e332f,1.0,1.0,1.0,1.0,1.0,1.0,1.0,1.0,1.0,1.0,40,1.0,1.0,1.0,20,1.0,1.0,1.0,44,1.0,0.0,1.0,1.0,0.0856328757173911,0.0258787630442469,0.9224185588268132,0.9224185588268132,,-0.0775814411731866,0.0775814411731866,0.3361130952835083,0.0775814411731866,62.958333333333336,99.0,74.0,5780.996096,5780.996096,76.75,78.0,57.67252083333333,81.978,1106.875,5000.0,4.0,2929.619505838633,33431.47381929633,0.0,0.0,0.0,473.104384,473.104384,36.0,36.0,9.456125,10.055,300.0,405.0,1.0,493.33347684669934,5698.350306037182,69.41041666666666,75.2,3.93860864,4.056129536,14.6,2.8045148160000006,2.804514816,25.331695616,0.0,3422.952982685332,0.950820272968148,0.6779348546262894,713.0,854,Tesla T4,16106.12736,70.0,GPU-68af6dd9-efa6-2c59-74be-fc9e28c1dbdf,Tesla T4,16106.12736,70.0,GPU-015b8c66-85ec-6208-2309-fc83f3d55e16,580.159.04,1.0,40,1.0,20,1.0,3,1.0,41
a-resnet50-base-f2-s3,a,resnet50,base,2,3,22,2354,75328,1787824215.4261434,1787824266.659325,2026-08-27T09:50:15Z,2026-08-27T09:51:06Z,acct1,0,f9a278,Interactive,7a381b1e332f,v2,5.396173167771798e-05,1.0,0.0546224141090323,0.00023466648283,0.000806220824441,0.0194266699254512,0.0002722891222219,0.0017508500022813,0.0148161538690328,0.0,1069.0024753794885,1.7698088602528598e-10,131072.0,0,0,51.2156126499176,48.70141935348511,2.513164758682251,17.3894681930542,29.38555335998535,27.5772922039032,1.6300289630889893,0.3395345148347488,0.291192602888446,0.2909479141235351,0.2951296806335449,0.3029265928268432,70.30595915794343,23512130,23512130,1151.7960259914398,76283.79088476421,60,384,32,coral,coral_bce,0.0,session_balanced,adamw,0.0003,0.05,cosine,5,60,5.0,True,full,raw,full_frame,dataset_v1_1,fp16,2,resnet50,2,3,base,a,7a381b1e332f,1.0,1.0,1.0,1.0,1.0,1.0,1.0,1.0,1.0,1.0,40,1.0,1.0,1.0,20,1.0,1.0,1.0,44,1.0,0.0,1.0,1.0,0.1023788745753251,0.0417677631586874,0.9115144169101348,0.9115144169101348,,-0.0884855830898652,0.0884855830898651,0.4146617650985718,0.0884855830898651,66.85106382978724,99.0,81.0,5780.996095999999,5780.996096,77.2127659574468,78.0,54.37225531914893,73.726,1170.0,5000.0,4.0,2919.731213064675,36384.23395823714,0.0,0.0,0.0,473.1043839999998,473.104384,36.0,36.0,9.519170212765957,10.154,300.0,405.0,1.0,490.8248459985252,6196.295997078413,70.15531914893617,75.7,3.976077834893617,4.100046848,14.7,2.8045148159999997,2.804514816,25.275068416,0.0,3410.5560590632003,0.9473766830731112,0.6754795750311283,713.0,850,Tesla T4,16106.12736,70.0,GPU-68af6dd9-efa6-2c59-74be-fc9e28c1dbdf,Tesla T4,16106.12736,70.0,GPU-015b8c66-85ec-6208-2309-fc83f3d55e16,580.159.04,1.0,40,1.0,20,1.0,3,1.0,41
a-resnet50-base-f2-s3,a,resnet50,base,2,3,23,2461,78752,1787824267.1742818,1787824318.465348,2026-08-27T09:51:07Z,2026-08-27T09:51:58Z,acct1,0,f9a278,Interactive,7a381b1e332f,v2,4.75835100910572e-05,1.0,0.038664451418229,0.0002274596192458,0.0007428256230753,0.0134436944499611,0.0002863913832698,0.0027373858843929,0.0121015958441421,0.0,1067.893453035557,1.5822068476072219e-10,131072.0,0,0,51.271735429763794,48.82664799690247,2.4442355632781982,17.604933261871338,29.31444263458252,27.45305156707764,1.5994277000427246,0.3433652696618395,0.2902631536822452,0.2903008460998535,0.294061279296875,0.3017703437805176,70.12564123216521,23512130,23512130,1203.0677614212036,79678.2764782465,60,384,32,coral,coral_bce,0.0,session_balanced,adamw,0.0003,0.05,cosine,5,60,5.0,True,full,raw,full_frame,dataset_v1_1,fp16,2,resnet50,2,3,base,a,7a381b1e332f,1.0,1.0,1.0,1.0,1.0,1.0,1.0,1.0,1.0,1.0,40,1.0,1.0,1.0,20,1.0,1.0,1.0,44,1.0,0.0,1.0,1.0,0.0733695634462181,0.0244113880920779,0.9342253993336972,0.9342253993336972,,-0.0657746006663029,0.0657746006663029,0.3367671370506286,0.0657746006663029,53.340425531914896,99.0,57.0,5780.996095999999,5780.996096,77.14893617021276,79.0,56.423361702127664,92.719,1173.1914893617022,5000.0,4.0,2903.16401938536,39312.96542346668,0.0,0.0,0.0,473.1043839999998,473.104384,36.0,36.0,9.498,10.551,300.0,405.0,1.0,491.3215740969208,6693.357672301289,70.29787234042553,76.0,3.975522173276595,4.083482624,14.6,2.8046138171914885,2.809167872,25.331699712,0.0,3394.485593482281,0.9429126648561892,0.6722967300424628,713.0,848,Tesla T4,16106.12736,70.0,GPU-68af6dd9-efa6-2c59-74be-fc9e28c1dbdf,Tesla T4,16106.12736,70.0,GPU-015b8c66-85ec-6208-2309-fc83f3d55e16,580.159.04,1.0,40,1.0,20,1.0,3,1.0,41
a-resnet50-base-f2-s3,a,resnet50,base,2,3,24,2568,82176,1787824319.0021966,1787824370.2246337,2026-08-27T09:51:59Z,2026-08-27T09:52:50Z,acct1,0,f9a278,Interactive,7a381b1e332f,v2,0.0001015156895701,1.0,0.0700059486956923,0.0002200000984838,0.0031569358478213,0.1440994441509246,0.0002746779937297,0.0032513641286641,0.1215589324943718,0.0,1066.82302858433,6.510228771022355e-10,131072.0,0,0,51.20510149002075,48.793715715408325,2.4104065895080566,17.530401468276978,29.312949419021606,27.40051531791687,1.631134033203125,0.3423565417928805,0.2906065878467025,0.2899692058563232,0.2951063632965088,0.3064578676223755,70.17297104345657,23512130,23512130,1254.2728629112244,83090.22218562606,60,384,32,coral,coral_bce,0.0,session_balanced,adamw,0.0003,0.05,cosine,5,60,5.0,True,full,raw,full_frame,dataset_v1_1,fp16,2,resnet50,2,3,base,a,7a381b1e332f,0.9807692307692308,0.9833333333333334,0.9755799755799756,0.9807692307692308,0.9809805579036348,0.9696969696969696,0.9833333333333334,0.9743589743589745,0.95,1.0,40,0.9523809523809524,1.0,0.9090909090909092,20,1.0,1.0,1.0,44,0.9879182156133828,0.0192307692307692,0.969942196531792,0.9705163293664584,0.1343718621251628,0.0653987689449122,0.8897637249185488,0.8970371887964361,0.5188170671463013,-0.0910055058506819,0.1006526219157072,0.5016500353813171,0.1006526219157072,63.46808510638298,99.0,87.0,5780.996095999999,5780.996096,76.97872340425532,78.0,57.74195744680852,99.695,1104.2553191489362,5000.0,4.0,2923.12394677852,42271.32487447737,0.0,0.0,0.0,473.1043839999998,473.104384,36.0,36.0,9.48304255319149,9.96,300.0,405.0,1.0,488.8217606010448,7189.274943445203,70.01276595744682,76.1,4.003869717787235,4.1167872,14.7,2.8045148159999997,2.804514816,25.275068416,0.0,3411.9457073795647,0.9477626964943237,0.6757548026004527,713.0,848,Tesla T4,16106.12736,70.0,GPU-68af6dd9-efa6-2c59-74be-fc9e28c1dbdf,Tesla T4,16106.12736,70.0,GPU-015b8c66-85ec-6208-2309-fc83f3d55e16,580.159.04,0.95,40,1.0,20,1.0,3,1.0,41
a-resnet50-base-f2-s3,a,resnet50,base,2,3,25,2675,85600,1787824370.762858,1787824422.4017766,2026-08-27T09:52:50Z,2026-08-27T09:53:42Z,acct1,0,f9a278,Interactive,7a381b1e332f,v2,3.713069819564353e-05,1.0,0.1200236603376826,0.0002123122519502,0.0005165401437628,0.0061753378249704,0.0001893594308057,0.0021008071722462,0.0056196476984769,0.0,1065.789348460169,1.0289819588032651e-10,131072.0,0,0,51.62124180793762,49.21437406539917,2.405949115753174,17.944053649902344,29.30345320701599,27.39219975471497,1.6350674629211426,0.3476098796047008,0.2905007455950585,0.2894508838653564,0.2949390888214111,0.3024574899673461,69.573169729843,23512130,23512130,1305.894104719162,86542.37802078587,60,384,32,coral,coral_bce,0.0,session_balanced,adamw,0.0003,0.05,cosine,5,60,5.0,True,full,raw,full_frame,dataset_v1_1,fp16,2,resnet50,2,3,base,a,7a381b1e332f,0.875,0.8916666666666666,0.8535623767952689,0.875,0.8782033230076034,0.8686868686868686,0.8916666666666666,0.8059701492537313,0.675,1.0,40,0.7547169811320755,1.0,0.6060606060606061,20,1.0,1.0,1.0,44,0.9154154154154154,0.125,0.8106442577030812,0.8303676985781446,0.2343748862174506,0.1559694125172116,0.8575108996950663,0.8947364471770904,0.596932067320897,-0.0174891003049336,0.0548355447558256,0.525745709737142,0.0548355447558256,61.659574468085104,99.0,88.0,5780.996095999999,5780.996096,77.31914893617021,78.0,56.91859574468084,73.387,1139.6808510638298,5000.0,4.0,2958.238889911925,45260.55992344524,0.0,0.0,0.0,473.1043839999998,473.104384,36.0,36.0,9.534234042553193,10.357,300.0,405.0,1.0,493.9169452478855,7690.27596737265,70.44468085106384,75.7,3.9622084302978737,4.064145408,14.7,2.804927553361701,2.823913472,25.331699712,0.0,3452.1558351598105,0.9589321764332808,0.6837186417969291,713.0,854,Tesla T4,16106.12736,70.0,GPU-68af6dd9-efa6-2c59-74be-fc9e28c1dbdf,Tesla T4,16106.12736,70.0,GPU-015b8c66-85ec-6208-2309-fc83f3d55e16,580.159.04,0.675,40,1.0,20,1.0,3,1.0,41
a-resnet50-base-f2-s3,a,resnet50,base,2,3,26,2782,89024,1787824422.945393,1787824475.1634004,2026-08-27T09:53:42Z,2026-08-27T09:54:35Z,acct1,0,f9a278,Interactive,7a381b1e332f,v2,3.679161538933263e-05,1.0,0.066604707099224,0.0002044211558025,0.0004797655894316,0.0102061247453093,0.0002094939554808,0.0015618043835274,0.0028571954928338,0.0,1064.793510567271,9.210634299760555e-11,131072.0,0,0,52.20001840591431,49.72457766532898,2.474445104598999,18.62670111656189,29.180745601654053,27.27448558807373,1.610555648803711,0.3568332289026831,0.2891308169498622,0.2890758514404297,0.2920451641082763,0.2973653507232666,68.85930782650814,23512130,23512130,1358.0941231250763,90040.97744991192,60,384,32,coral,coral_bce,0.0,session_balanced,adamw,0.0003,0.05,cosine,5,60,5.0,True,full,raw,full_frame,dataset_v1_1,fp16,2,resnet50,2,3,base,a,7a381b1e332f,0.9807692307692308,0.9833333333333334,0.9755799755799756,0.9807692307692308,0.9809805579036348,0.9696969696969696,0.9833333333333334,0.9743589743589745,0.95,1.0,40,0.9523809523809524,1.0,0.9090909090909092,20,1.0,1.0,1.0,44,0.9879182156133828,0.0192307692307692,0.969942196531792,0.9705163293664584,0.1264930285914803,0.0617218805440108,0.8955863095246829,0.9033964796393524,0.4972676336765289,-0.0851829212445478,0.1043085994628759,0.4972676336765289,0.1043085994628759,69.14583333333333,100.0,84.5,5780.996096,5780.996096,76.89583333333333,78.0,59.88052083333334,103.806,1121.5625,5000.0,4.0,2996.538512186562,48283.06822662596,0.0,0.0,0.0,473.104384,473.104384,36.0,36.0,9.509875,10.353,300.0,405.0,1.0,502.06091693949566,8198.102128311388,69.45208333333333,77.3,4.011412394666666,4.156698624,14.9,2.806323882666667,2.86113792,25.331699712,0.0,3498.5994291260577,0.9718331747572382,0.6929170536019109,713.0,866,Tesla T4,16106.12736,70.0,GPU-68af6dd9-efa6-2c59-74be-fc9e28c1dbdf,Tesla T4,16106.12736,70.0,GPU-015b8c66-85ec-6208-2309-fc83f3d55e16,580.159.04,0.95,40,1.0,20,1.0,3,1.0,41
a-resnet50-base-f2-s3,a,resnet50,base,2,3,27,2889,92448,1787824475.7005186,1787824527.8470128,2026-08-27T09:54:35Z,2026-08-27T09:55:27Z,acct1,0,f9a278,Interactive,7a381b1e332f,v2,2.721446300379752e-05,1.0,0.1601943433323378,0.0001963525491562,0.0003307719309865,0.0032624313607811,0.0001570336753502,0.0010204074729699,0.0028596028592437,0.0,1063.8373381473596,6.105060379968936e-11,131072.0,0,0,52.1282057762146,49.69697427749634,2.4296679496765137,18.6653745174408,29.173972129821777,27.354326963424683,1.564788579940796,0.3580666980477113,0.2885541002327036,0.2885322570800781,0.2917303085327148,0.2973284149169922,68.89755462538184,23512130,23512130,1410.222328901291,93500.47126577556,60,384,32,coral,coral_bce,0.0,session_balanced,adamw,0.0003,0.05,cosine,5,60,5.0,True,full,raw,full_frame,dataset_v1_1,fp16,2,resnet50,2,3,base,a,7a381b1e332f,0.8269230769230769,0.85,0.7997775305895439,0.8269230769230769,0.8286557713698982,0.8421052631578947,0.85,0.7096774193548387,0.55,1.0,40,0.6896551724137931,1.0,0.5263157894736842,20,1.0,1.0,1.0,44,0.8786307053941909,0.173076923076923,0.7414364640883977,0.7761817127591104,0.3163920216335717,0.2308775510707938,0.8480268309895809,0.8888416269490885,0.6530228058497111,0.021103754066504,0.120491858285207,0.8267776966094971,0.120491858285207,52.06122448979592,99.0,42.0,5780.996096000001,5780.996096,77.0204081632653,78.0,57.948183673469394,99.174,1109.6938775510205,5000.0,4.0,2954.608255025436,51266.29184952507,0.0,0.0,0.0,473.104384,473.104384,36.0,36.0,9.656448979591836,10.154,300.0,405.0,1.0,504.8855608381964,8709.554605776038,68.89795918367348,76.3,3.9712700290612233,4.134637568,14.8,2.8053881835102046,2.847309824,25.331699712,0.0,3459.4938158636323,0.9609705044065644,0.6851719696418804,713.0,866,Tesla T4,16106.12736,70.0,GPU-68af6dd9-efa6-2c59-74be-fc9e28c1dbdf,Tesla T4,16106.12736,70.0,GPU-015b8c66-85ec-6208-2309-fc83f3d55e16,580.159.04,0.55,40,1.0,20,1.0,3,1.0,41
a-resnet50-base-f2-s3,a,resnet50,base,2,3,28,2996,95872,1787824528.3638308,1787824580.283731,2026-08-27T09:55:28Z,2026-08-27T09:56:20Z,acct1,0,f9a278,Interactive,7a381b1e332f,v2,0.0004306125554406,0.9997079439252337,0.0803919954234096,0.000188132750129,inf,inf,0.0001763281325111,0.0012156803393736,0.0795955747645346,0.0093457943925233,1062.9297030974658,inf,65536.0,1,0,51.90193247795105,49.48976230621338,2.4111506938934326,18.49044179916382,29.071908235549927,27.173277139663696,1.588542938232422,0.3562572897843238,0.2880594507556095,0.2881014347076416,0.2919421195983886,0.2969112348556518,69.18602637075347,23512130,23512130,1462.124261379242,96987.57033902514,60,384,32,coral,coral_bce,0.0,session_balanced,adamw,0.0003,0.05,cosine,5,60,5.0,True,full,raw,full_frame,dataset_v1_1,fp16,2,resnet50,2,3,base,a,7a381b1e332f,1.0,1.0,1.0,1.0,1.0,1.0,1.0,1.0,1.0,1.0,40,1.0,1.0,1.0,20,1.0,1.0,1.0,44,1.0,0.0,1.0,1.0,0.154944303050465,0.0601327673608039,0.8646824801197419,0.8646824801197419,,-0.135317519880258,0.1353175198802581,0.4454713861147562,0.1353175198802581,60.5,99.0,65.5,5780.996096,5780.996096,76.91666666666667,78.0,57.20639583333334,92.583,1155.625,5000.0,4.0,2978.706435243359,54270.88407429442,0.0,0.0,0.0,473.104384,473.104384,36.0,36.0,9.775875,10.551,300.0,405.0,1.0,508.3926380062312,9223.88999964403,69.24791666666667,74.8,3.93565312,4.162244608,14.9,2.8055920640000003,2.822602752,25.331699712,0.0,3487.09907324959,0.9686386314582196,0.6906393442297105,713.0,862,Tesla T4,16106.12736,70.0,GPU-68af6dd9-efa6-2c59-74be-fc9e28c1dbdf,Tesla T4,16106.12736,70.0,GPU-015b8c66-85ec-6208-2309-fc83f3d55e16,580.159.04,1.0,40,1.0,20,1.0,3,1.0,41
a-resnet50-base-f2-s3,a,resnet50,base,2,3,29,3103,99296,1787824580.837949,1787824632.6061656,2026-08-27T09:56:20Z,2026-08-27T09:57:12Z,acct1,0,f9a278,Interactive,7a381b1e332f,v2,2.699426644216928e-05,1.0,0.0373438433734218,0.0001797885699968,0.0003686101638683,0.0023564125876873,0.0001575358619447,0.0017297693993896,0.002118158377707,0.0,1062.053512717407,6.239976936627465e-11,65536.0,0,0,51.74756622314453,49.33049392700195,2.415731430053711,18.27012300491333,29.14344549179077,27.2840633392334,1.6154212951660156,0.3530624595199197,0.2887938245434627,0.2889981269836426,0.2915540695190429,0.2973646640777588,69.40940030048657,23512130,23512130,1513.8718276023865,100487.93708972586,60,384,32,coral,coral_bce,0.0,session_balanced,adamw,0.0003,0.05,cosine,5,60,5.0,True,full,raw,full_frame,dataset_v1_1,fp16,2,resnet50,2,3,base,a,7a381b1e332f,1.0,1.0,1.0,1.0,1.0,1.0,1.0,1.0,1.0,1.0,40,1.0,1.0,1.0,20,1.0,1.0,1.0,44,1.0,0.0,1.0,1.0,0.0690861316915176,0.01674344180549,0.936082766033136,0.936082766033136,,-0.0639172339668641,0.063917233966864,0.2779627740383148,0.063917233966864,64.9375,99.0,77.5,5780.996096,5780.996096,77.22916666666667,78.0,59.10995833333333,101.671,1115.0,5000.0,4.0,2998.169460490004,57299.3221173998,0.0,0.0,0.0,473.104384,473.104384,36.0,36.0,9.633666666666668,10.551,300.0,405.0,1.0,502.1972902107209,9733.341540485604,69.98541666666667,77.7,3.9634962773333338,4.14308352,14.9,2.805351765333333,2.844688384,25.331699712,0.0,3500.366750700725,0.972324097416868,0.6932670814582269,713.0,856,Tesla T4,16106.12736,70.0,GPU-68af6dd9-efa6-2c59-74be-fc9e28c1dbdf,Tesla T4,16106.12736,70.0,GPU-015b8c66-85ec-6208-2309-fc83f3d55e16,580.159.04,1.0,40,1.0,20,1.0,3,1.0,41
a-resnet50-base-f2-s3,a,resnet50,base,2,3,30,3210,102720,1787824633.1331189,1787824683.9302957,2026-08-27T09:57:13Z,2026-08-27T09:58:03Z,acct1,0,f9a278,Interactive,7a381b1e332f,v2,3.290508631078614e-05,1.0,0.0533498837582748,0.0001713472257409,0.0004886078644393,0.0166450142860412,0.0001500432117609,0.0012282949872314,0.0042888645455241,0.0,1061.2180260372145,7.889199014036784e-11,65536.0,0,0,50.77789330482483,48.377745151519775,2.3992745876312256,17.530394077301025,28.928624391555783,27.04800510406494,1.6124792098999023,0.3452367346566408,0.2867702279135445,0.286423921585083,0.290509033203125,0.2929488134384155,70.77634538931039,23512130,23512130,1564.6497209072113,103797.38848469988,60,384,32,coral,coral_bce,0.0,session_balanced,adamw,0.0003,0.05,cosine,5,60,5.0,True,full,raw,full_frame,dataset_v1_1,fp16,2,resnet50,2,3,base,a,7a381b1e332f,1.0,1.0,1.0,1.0,1.0,1.0,1.0,1.0,1.0,1.0,40,1.0,1.0,1.0,20,1.0,1.0,1.0,44,1.0,0.0,1.0,1.0,0.1022913704856433,0.0300928018019671,0.9069282956994495,0.9069282956994495,,-0.0930717043005503,0.0930717043005503,0.3482573926448822,0.0930717043005503,60.7872340425532,99.0,66.0,5780.996095999999,5780.996096,76.59574468085107,78.0,56.08102127659576,98.3,1091.8085106382978,5000.0,4.0,2823.170656224029,60152.45317455876,0.0,0.0,0.0,473.1043839999998,473.104384,36.0,36.0,9.598978723404258,10.059,300.0,405.0,1.0,486.280738749987,10226.556285827626,69.9191489361702,75.7,4.009041309957446,4.103667712,14.8,2.8047923853617016,2.814906368,25.331699712,0.0,3309.451394974016,0.9192920541594488,0.655455234615687,713.0,840,Tesla T4,16106.12736,70.0,GPU-68af6dd9-efa6-2c59-74be-fc9e28c1dbdf,Tesla T4,16106.12736,70.0,GPU-015b8c66-85ec-6208-2309-fc83f3d55e16,580.159.04,1.0,40,1.0,20,1.0,3,1.0,41
a-resnet50-base-f2-s3,a,resnet50,base,2,3,31,3317,106144,1787824684.7931046,1787824736.2441418,2026-08-27T09:58:04Z,2026-08-27T09:58:56Z,acct1,0,f9a278,Interactive,7a381b1e332f,v2,2.3874211207933333e-05,1.0,0.0367375150547366,0.0001628362512718,0.0003294499557537,0.0037655185442417,0.0001561785757075,0.000991671992233,0.0026247845217585,0.0,1060.4238976223137,5.0589576391940596e-11,65536.0,0,0,51.43231821060181,48.91353988647461,2.5173513889312744,17.719651222229004,29.264668464660645,27.44962739944458,1.6277456283569336,0.3445236738050907,0.2900150267877311,0.2897233963012695,0.2946260452270507,0.2993453311920166,70.00106735163511,23512130,23512130,1616.082039117813,107271.54849002331,60,384,32,coral,coral_bce,0.0,session_balanced,adamw,0.0003,0.05,cosine,5,60,5.0,True,full,raw,full_frame,dataset_v1_1,fp16,2,resnet50,2,3,base,a,7a381b1e332f,1.0,1.0,1.0,1.0,1.0,1.0,1.0,1.0,1.0,1.0,40,1.0,1.0,1.0,20,1.0,1.0,1.0,44,1.0,0.0,1.0,1.0,0.0696701969793139,0.020131481386142,0.9365534662054136,0.9365534662054136,,-0.0634465337945864,0.0634465337945865,0.3340461254119873,0.0634465337945865,52.4375,99.0,56.0,5780.996096,5780.996096,77.29166666666667,79.0,56.38210416666667,95.151,1116.5625,5000.0,4.0,2983.4639655032224,63177.62030625309,0.0,0.0,0.0,473.104384,473.104384,36.0,36.0,9.5038125,9.96,300.0,405.0,1.0,490.69603982020817,10727.51455324364,70.02916666666667,76.6,4.040163328,4.221382656,15.2,2.8062662826666664,2.841608192,25.332748288,0.0,3474.1600053234306,0.9650444459231752,0.6880766899432239,713.0,852,Tesla T4,16106.12736,70.0,GPU-68af6dd9-efa6-2c59-74be-fc9e28c1dbdf,Tesla T4,16106.12736,70.0,GPU-015b8c66-85ec-6208-2309-fc83f3d55e16,580.159.04,1.0,40,1.0,20,1.0,3,1.0,41
a-resnet50-base-f2-s3,a,resnet50,base,2,3,32,3424,109568,1787824736.7866874,1787824789.2972872,2026-08-27T09:58:56Z,2026-08-27T09:59:49Z,acct1,0,f9a278,Interactive,7a381b1e332f,v2,8.460110858943375e-05,1.0,0.056403147626812,0.000154283407619,0.0041661348581685,0.4048313796520233,0.0001061236544046,0.0014991076081059,0.0072825882956385,0.0,1059.6710569604495,6.065707639146759e-10,65536.0,0,0,52.49171209335327,50.0246319770813,2.466055631637573,19.06508469581604,29.020004749298096,27.150622367858887,1.628549098968506,0.3632018072092974,0.2877906883988425,0.2879345417022705,0.2921056747436523,0.3008396387100219,68.44628065567179,23512130,23512130,1668.5737512111664,110740.26084192484,60,384,32,coral,coral_bce,0.0,session_balanced,adamw,0.0003,0.05,cosine,5,60,5.0,True,full,raw,full_frame,dataset_v1_1,fp16,2,resnet50,2,3,base,a,7a381b1e332f,1.0,1.0,1.0,1.0,1.0,1.0,1.0,1.0,1.0,1.0,40,1.0,1.0,1.0,20,1.0,1.0,1.0,44,1.0,0.0,1.0,1.0,0.104388756362035,0.0444454247450451,0.9111210021835108,0.9111210021835108,,-0.0888789978164893,0.0888789978164893,0.4777978062629699,0.0888789978164893,51.57142857142857,99.0,67.0,5780.996096000001,5780.996096,76.79591836734694,79.0,55.64251020408162,93.806,1190.8163265306123,5000.0,4.0,2966.313899793604,66173.90218474352,0.0,0.0,0.0,473.104384,473.104384,36.0,36.0,9.500857142857145,10.055,300.0,405.0,1.0,502.398452107911,11236.7797763753,69.29387755102042,76.7,4.062478837551021,4.177481728,15.1,2.8072120737959185,2.842599424,25.332748288,0.0,3468.712351901515,0.963531208861532,0.6869977519182723,713.0,872,Tesla T4,16106.12736,70.0,GPU-68af6dd9-efa6-2c59-74be-fc9e28c1dbdf,Tesla T4,16106.12736,70.0,GPU-015b8c66-85ec-6208-2309-fc83f3d55e16,580.159.04,1.0,40,1.0,20,1.0,3,1.0,41
a-resnet50-base-f2-s3,a,resnet50,base,2,3,33,3531,112992,1787824789.839605,1787824841.127815,2026-08-27T09:59:49Z,2026-08-27T10:00:41Z,acct1,0,f9a278,Interactive,7a381b1e332f,v2,8.429833178524859e-05,1.0,0.0929859812187295,0.0001457165923809,0.0033608695072794,0.1665830165147781,0.0003873169771395,0.0036551390541717,0.1016205099038777,0.0,1058.973825215532,4.6246133792600457e-10,65536.0,0,0,51.26936340332031,48.84325408935547,2.425222396850586,17.796321630477905,29.140356302261356,27.17068290710449,1.6078472137451172,0.3471141525686542,0.2886583136620922,0.288459300994873,0.2924396514892578,0.2965858221054077,70.10179939559352,23512130,23512130,1719.8431146144867,114160.71289873934,60,384,32,coral,coral_bce,0.0,session_balanced,adamw,0.0003,0.05,cosine,5,60,5.0,True,full,raw,full_frame,dataset_v1_1,fp16,2,resnet50,2,3,base,a,7a381b1e332f,0.971153846153846,0.975,0.9637571730594986,0.971153846153846,0.971598169272588,0.9565217391304348,0.975,0.961038961038961,0.925,1.0,40,0.9302325581395348,1.0,0.8695652173913043,20,1.0,1.0,1.0,44,0.9817586529466792,0.0288461538461538,0.9550432276657058,0.9563092540421624,0.1697204693969354,0.0908780818942841,0.8707605078816414,0.8802606746701911,0.5509215593338013,-0.1003933382722047,0.1003933382722047,0.3613355815410614,0.1003933382722047,61.72916666666666,100.0,77.5,5780.996096,5780.996096,76.85416666666667,78.0,57.35625,85.097,1157.5,5000.0,4.0,2930.588122067071,69133.09969360278,0.0,0.0,0.0,473.104384,473.104384,36.0,36.0,9.503645833333332,10.556,300.0,405.0,1.0,489.8639347474418,11733.093281600704,69.20208333333333,76.1,4.056829952,4.236644352,15.1,2.805853866666667,2.843070464,25.332748288,0.0,3420.4520568145126,0.9501255713373646,0.6774395323635409,713.0,848,Tesla T4,16106.12736,70.0,GPU-68af6dd9-efa6-2c59-74be-fc9e28c1dbdf,Tesla T4,16106.12736,70.0,GPU-015b8c66-85ec-6208-2309-fc83f3d55e16,580.159.04,0.925,40,1.0,20,1.0,3,1.0,41
a-resnet50-base-f2-s3,a,resnet50,base,2,3,34,3638,116416,1787824841.6517034,1787824895.914029,2026-08-27T10:00:41Z,2026-08-27T10:01:35Z,acct1,0,f9a278,Interactive,7a381b1e332f,v2,4.598813438435818e-05,1.0,0.0362991661526078,0.0001371637487281,0.0010602723240965,0.0183209031820297,0.0002116378163918,0.00344889764674,0.0176577237807214,0.0,1058.303726410301,1.3741889309897134e-10,65536.0,0,0,54.2420117855072,51.843029260635376,2.397742509841919,20.655282020568848,29.223673820495605,27.348637580871586,1.6572661399841309,0.3807985976303276,0.2899517834743607,0.2895362377166748,0.2948111534118652,0.308867883682251,66.04552335833233,23512130,23512130,1774.085126399994,117763.66594325,60,384,32,coral,coral_bce,0.0,session_balanced,adamw,0.0003,0.05,cosine,5,60,5.0,True,full,raw,full_frame,dataset_v1_1,fp16,2,resnet50,2,3,base,a,7a381b1e332f,1.0,1.0,1.0,1.0,1.0,1.0,1.0,1.0,1.0,1.0,40,1.0,1.0,1.0,20,1.0,1.0,1.0,44,1.0,0.0,1.0,1.0,0.0645656264535474,0.0190154527669709,0.9417250293951768,0.9417250293951768,,-0.0582749706048232,0.0582749706048231,0.3189448316891988,0.0582749706048231,68.9,99.0,86.0,5780.996096000001,5780.996096,77.16,79.0,56.6742,92.291,1227.3,5000.0,4.0,3084.3959433102864,72247.14945732547,0.0,0.0,0.0,473.104384,473.104384,36.0,36.0,9.52804,9.86,300.0,405.0,1.0,518.5571012003602,12258.01104987193,71.168,91.8,4.2705436672,4.792221696,16.9,2.8820310425599995,3.328770048,25.794584576,0.0,3602.953044510647,1.0008202901418464,0.7135848668711363,713.0,896,Tesla T4,16106.12736,70.0,GPU-68af6dd9-efa6-2c59-74be-fc9e28c1dbdf,Tesla T4,16106.12736,70.0,GPU-015b8c66-85ec-6208-2309-fc83f3d55e16,580.159.04,1.0,40,1.0,20,1.0,3,1.0,41
a-resnet50-base-f2-s3,a,resnet50,base,2,3,35,3745,119840,1787824896.4505496,1787824947.7552135,2026-08-27T10:01:36Z,2026-08-27T10:02:27Z,acct1,0,f9a278,Interactive,7a381b1e332f,v2,4.098556652262853e-05,1.0,0.076830496668689,0.000128652774259,0.0012526589834523,0.0670056045055389,0.0001823758502723,0.002853144519031,0.0205001106858253,0.0,1057.6752103557783,1.5237007716896663e-10,65536.0,0,0,51.28616905212402,48.81440901756287,2.46974778175354,17.781075954437256,29.12415337562561,27.264910221099854,1.5985450744628906,0.346703142056988,0.2885429836879267,0.2880830764770508,0.2921817779541015,0.2985674476623535,70.14322346436856,23512130,23512130,1825.371295452118,121179.44021543428,60,384,32,coral,coral_bce,0.0,session_balanced,adamw,0.0003,0.05,cosine,5,60,5.0,True,full,raw,full_frame,dataset_v1_1,fp16,2,resnet50,2,3,base,a,7a381b1e332f,0.971153846153846,0.975,0.9637571730594986,0.971153846153846,0.971598169272588,0.9565217391304348,0.975,0.961038961038961,0.925,1.0,40,0.9302325581395348,1.0,0.8695652173913043,20,1.0,1.0,1.0,44,0.9817586529466792,0.0288461538461538,0.9550432276657058,0.9563092540421624,0.1433102073463471,0.0726743395098324,0.8855834803902186,0.8965442753074193,0.5165700515111288,-0.0855703657636275,0.105104960501194,0.5078994631767273,0.105104960501194,58.191489361702125,99.0,78.0,5780.996095999999,5780.996096,77.02127659574468,78.0,55.47557446808512,82.424,1211.1702127659576,5000.0,4.0,2921.958406044636,75203.16261455147,0.0,0.0,0.0,473.1043839999998,473.104384,36.0,36.0,9.58912765957447,10.158,300.0,405.0,1.0,493.8158661396501,12758.639040143496,69.72340425531915,75.5,4.299910470808509,4.40031232,15.6,2.822171713361702,2.842021888,25.332748288,0.0,3415.774272184286,0.9488261867178572,0.6765130711298323,713.0,850,Tesla T4,16106.12736,70.0,GPU-68af6dd9-efa6-2c59-74be-fc9e28c1dbdf,Tesla T4,16106.12736,70.0,GPU-015b8c66-85ec-6208-2309-fc83f3d55e16,580.159.04,0.925,40,1.0,20,1.0,3,1.0,41
a-resnet50-base-f2-s3,a,resnet50,base,2,3,36,3852,123264,1787824968.8122768,1787825020.608601,2026-08-27T10:02:48Z,2026-08-27T10:03:40Z,acct1,0,f9a278,Interactive,7a381b1e332f,v2,2.700119566236587e-05,1.0,0.0275595747848281,0.0001202114300031,0.0004249663826863,0.0052293087355792,0.0001720591390039,0.0014839887851849,0.0032227155333384,0.0,1057.0866690486762,4.832698969892802e-11,65536.0,0,0,51.7760157585144,49.38549447059631,2.3895857334136963,18.009239435195923,29.483438968658447,27.671717166900635,1.5829267501831057,0.3478297657971946,0.2917075736500392,0.2916207313537597,0.2995055675506591,0.3072934246063232,69.33209916605409,23512130,23512130,1877.1473112106323,124622.42227592084,60,384,32,coral,coral_bce,0.0,session_balanced,adamw,0.0003,0.05,cosine,5,60,5.0,True,full,raw,full_frame,dataset_v1_1,fp16,2,resnet50,2,3,base,a,7a381b1e332f,1.0,1.0,1.0,1.0,1.0,1.0,1.0,1.0,1.0,1.0,40,1.0,1.0,1.0,20,1.0,1.0,1.0,44,1.0,0.0,1.0,1.0,0.048932904198877,0.0115822519607772,0.9547521953399364,0.9547521953399364,,-0.0452478046600635,0.0452478046600635,0.2794350385665893,0.0452478046600635,67.64583333333333,99.0,93.5,5780.996096,5780.996096,78.16666666666667,81.0,59.959375,93.011,1102.1875,5000.0,4.0,2948.316900285252,78841.13189783692,0.0,0.0,0.0,473.104384,473.104384,36.875,37.0,9.542770833333332,10.158,300.0,405.0,1.0,494.6651602013153,13457.016483111143,68.78125,76.0,4.280809642666666,4.380880896,15.7,2.6947584,2.745376768,25.332748288,0.0,3442.982060486567,0.9563839056907132,0.6819017247574785,713.0,858,Tesla T4,16106.12736,70.0,GPU-68af6dd9-efa6-2c59-74be-fc9e28c1dbdf,Tesla T4,16106.12736,70.0,GPU-015b8c66-85ec-6208-2309-fc83f3d55e16,580.159.04,1.0,40,1.0,20,1.0,3,1.0,41
a-resnet50-base-f2-s3,a,resnet50,base,2,3,37,3959,126688,1787825021.1389525,1787825072.4145243,2026-08-27T10:03:41Z,2026-08-27T10:04:32Z,acct1,0,f9a278,Interactive,7a381b1e332f,v2,2.170346009899952e-05,1.0,0.0334389778122998,0.0001118672498709,0.0006229940762215,0.0213912986218929,0.0001109165023081,0.000806790345814,0.0127339065261185,0.0,1056.5380125431373,6.596320545538824e-11,65536.0,0,0,51.25471544265747,48.77666330337525,2.4767842292785645,18.172903776168823,28.728503227233887,26.885311603546143,1.578782081604004,0.3545606217734293,0.2845438128319856,0.2845311164855957,0.2880693435668945,0.2924400186538696,70.19750364439271,23512130,23512130,1928.4020266532896,128020.63255158968,60,384,32,coral,coral_bce,0.0,session_balanced,adamw,0.0003,0.05,cosine,5,60,5.0,True,full,raw,full_frame,dataset_v1_1,fp16,2,resnet50,2,3,base,a,7a381b1e332f,1.0,1.0,1.0,1.0,1.0,1.0,1.0,1.0,1.0,1.0,40,1.0,1.0,1.0,20,1.0,1.0,1.0,44,1.0,0.0,1.0,1.0,0.0620756632110221,0.0185317047204286,0.943763178701584,0.943763178701584,,-0.0562368212984158,0.0562368212984158,0.3361130952835083,0.0562368212984158,58.97916666666666,99.0,66.5,5780.996096,5780.996096,75.95833333333333,78.0,55.77277083333333,74.266,1174.6875,5000.0,4.0,2908.807138811841,81782.57592761758,0.0,0.0,0.0,473.104384,473.104384,36.04166666666666,37.0,9.5241875,9.96,300.0,405.0,1.0,489.4031368570213,13953.207299831858,68.49374999999999,76.0,4.280517717333333,4.452806656,15.7,2.6942368426666667,2.7363328,25.332748288,0.0,3398.210275668862,0.943947298796906,0.673034424042194,713.0,848,Tesla T4,16106.12736,70.0,GPU-68af6dd9-efa6-2c59-74be-fc9e28c1dbdf,Tesla T4,16106.12736,70.0,GPU-015b8c66-85ec-6208-2309-fc83f3d55e16,580.159.04,1.0,40,1.0,20,1.0,3,1.0,41
a-resnet50-base-f2-s3,a,resnet50,base,2,3,38,4066,130112,1787825072.9295514,1787825125.2007782,2026-08-27T10:04:32Z,2026-08-27T10:05:25Z,acct1,0,f9a278,Interactive,7a381b1e332f,v2,1.802101947785593e-05,1.0,0.0633243077880671,0.0001036474508437,0.0002900828412833,0.0045690755359828,8.795772009762004e-05,0.001097691594623,0.0035420550359413,0.0,1056.0291162947167,2.8471134525180042e-11,65536.0,0,0,52.25266170501709,49.76814293861389,2.483627319335937,18.613507747650143,29.209948778152462,27.34937047958374,1.635533571243286,0.3562212362066706,0.289675126565951,0.2893786430358886,0.2941099166870117,0.3050900506973266,68.7990308222532,23512130,23512130,1980.6546883583069,131538.68804149708,60,384,32,coral,coral_bce,0.0,session_balanced,adamw,0.0003,0.05,cosine,5,60,5.0,True,full,raw,full_frame,dataset_v1_1,fp16,2,resnet50,2,3,base,a,7a381b1e332f,0.9807692307692308,0.9833333333333334,0.9755799755799756,0.9807692307692308,0.9809805579036348,0.9696969696969696,0.9833333333333334,0.9743589743589745,0.95,1.0,40,0.9523809523809524,1.0,0.9090909090909092,20,1.0,1.0,1.0,44,0.9879182156133828,0.0192307692307692,0.969942196531792,0.9705163293664584,0.1199954512507055,0.0571112965228515,0.9007861416500348,0.9085676757728351,0.5039279013872147,-0.0799830891191959,0.0993649314802426,0.5039279013872147,0.0993649314802426,63.10416666666666,99.0,80.0,5780.996096,5780.996096,77.64583333333333,79.0,60.4571875,100.054,1134.6875,5000.0,4.0,3019.1628858457843,84834.09732623545,0.0,0.0,0.0,473.104384,473.104384,36.145833333333336,37.0,9.493041666666665,9.857,300.0,405.0,1.0,498.89260406160247,14458.630183531275,69.03750000000001,74.8,4.295376725333333,4.377427968,15.6,2.6936054613333327,2.693804032,25.277165568,0.0,3518.055489907387,0.9772376360853852,0.6967704345288797,713.0,866,Tesla T4,16106.12736,70.0,GPU-68af6dd9-efa6-2c59-74be-fc9e28c1dbdf,Tesla T4,16106.12736,70.0,GPU-015b8c66-85ec-6208-2309-fc83f3d55e16,580.159.04,0.95,40,1.0,20,1.0,3,1.0,41
a-resnet50-base-f2-s3,a,resnet50,base,2,3,39,4173,133536,1787825125.7144172,1787825177.7497263,2026-08-27T10:05:25Z,2026-08-27T10:06:17Z,acct1,0,f9a278,Interactive,7a381b1e332f,v2,2.744316862998152e-05,1.0,0.0248373251725673,9.557884419740386e-05,0.000417189022836,0.0125267840921878,0.000110992557893,0.0013210182194598,0.0043679158529266,0.0,1055.5592714267932,3.777565665319721e-11,65536.0,0,0,52.01597952842712,49.592710733413696,2.422386407852173,18.72520661354065,28.996246814727783,27.131251335144043,1.5654032230377195,0.3599895029047215,0.2869808963526075,0.2868402004241943,0.2916228771209717,0.2957917642593384,69.04240460671245,23512130,23512130,2032.670667886734,134986.82519315515,60,384,32,coral,coral_bce,0.0,session_balanced,adamw,0.0003,0.05,cosine,5,60,5.0,True,full,raw,full_frame,dataset_v1_1,fp16,2,resnet50,2,3,base,a,7a381b1e332f,1.0,1.0,1.0,1.0,1.0,1.0,1.0,1.0,1.0,1.0,40,1.0,1.0,1.0,20,1.0,1.0,1.0,44,1.0,0.0,1.0,1.0,0.0458300163259284,0.0112917213084153,0.957635545386718,0.957635545386718,,-0.042364454613282,0.0423644546132821,0.2758119106292724,0.0423644546132821,61.958333333333336,99.0,72.5,5780.996096,5780.996096,76.9375,79.0,55.19804166666666,84.069,1197.8125,5000.0,4.0,2943.010646774317,87805.90435767954,0.0,0.0,0.0,473.104384,473.104384,36.0,36.0,9.6338125,10.357,300.0,405.0,1.0,505.126504883754,14969.615758699396,68.90208333333334,75.1,4.333591040000001,4.455936,15.8,2.6950696106666663,2.730221568,25.333796864,0.0,3448.137151658071,0.9578158754605752,0.6829227192033902,713.0,862,Tesla T4,16106.12736,70.0,GPU-68af6dd9-efa6-2c59-74be-fc9e28c1dbdf,Tesla T4,16106.12736,70.0,GPU-015b8c66-85ec-6208-2309-fc83f3d55e16,580.159.04,1.0,40,1.0,20,1.0,3,1.0,41
a-resnet50-base-f2-s3,a,resnet50,base,2,3,40,4280,136960,1787825178.2655911,1787825230.0241618,2026-08-27T10:06:18Z,2026-08-27T10:07:10Z,acct1,0,f9a278,Interactive,7a381b1e332f,v2,1.784726919246916e-05,1.0,0.021100651860033,8.768774804971705e-05,0.0002605745448138,0.0046151177957654,9.320505341747776e-05,0.0009314562252257,0.0027916935202665,0.0,1055.1268470854304,2.1655401051466125e-11,65536.0,0,0,51.73892974853516,49.23777294158936,2.500261783599853,18.2887282371521,29.00900077819824,27.17091155052185,1.6211059093475342,0.3534809924758811,0.2876142831606285,0.287590742111206,0.2909917831420898,0.3036225032806396,69.54010702437502,23512130,23512130,2084.409597635269,138476.66888091032,60,384,32,coral,coral_bce,0.0,session_balanced,adamw,0.0003,0.05,cosine,5,60,5.0,True,full,raw,full_frame,dataset_v1_1,fp16,2,resnet50,2,3,base,a,7a381b1e332f,1.0,1.0,1.0,1.0,1.0,1.0,1.0,1.0,1.0,1.0,40,1.0,1.0,1.0,20,1.0,1.0,1.0,44,1.0,0.0,1.0,1.0,0.0373767240224513,0.0070868531892022,0.9648096618744044,0.9648096618744044,,-0.0351903381255956,0.0351903381255956,0.2176699638366699,0.0351903381255956,64.02127659574468,99.0,93.0,5780.996095999999,5780.996096,76.74468085106383,78.0,56.46082978723405,87.771,1186.276595744681,5000.0,4.0,2984.556361546114,90821.00339719297,0.0,0.0,0.0,473.1043839999998,473.104384,36.0,36.0,9.711191489361704,10.353,300.0,405.0,1.0,505.28732620905066,15482.252636668169,69.57446808510639,76.8,4.351470744510638,4.57674752,16.1,2.6954051322553187,2.716749824,25.33484544,0.0,3489.843687755165,0.9694010243764348,0.691182930380398,713.0,860,Tesla T4,16106.12736,70.0,GPU-68af6dd9-efa6-2c59-74be-fc9e28c1dbdf,Tesla T4,16106.12736,70.0,GPU-015b8c66-85ec-6208-2309-fc83f3d55e16,580.159.04,1.0,40,1.0,20,1.0,3,1.0,41
a-resnet50-base-f2-s3,a,resnet50,base,2,3,41,4387,140384,1787825230.945327,1787825282.1113684,2026-08-27T10:07:10Z,2026-08-27T10:08:02Z,acct1,0,f9a278,Interactive,7a381b1e332f,v2,1.832243120699327e-05,1.0,0.0939046908459842,7.999990151614894e-05,0.0002495095577189,0.0047832834534347,7.342085882555693e-05,0.0010129434929694,0.0025167240574955,0.0,1054.731558453971,1.892494813952016e-11,65536.0,0,0,51.14516592025757,48.71334862709045,2.4309422969818115,17.729177713394165,29.048535346984863,27.17095947265625,1.6159169673919678,0.3466442506225597,0.2879383252045818,0.2872540950775146,0.2911493301391601,0.3111447048187256,70.28874213126555,23512130,23512130,2135.5547635555267,141906.12448422646,60,384,32,coral,coral_bce,0.0,session_balanced,adamw,0.0003,0.05,cosine,5,60,5.0,True,full,raw,full_frame,dataset_v1_1,fp16,2,resnet50,2,3,base,a,7a381b1e332f,0.9519230769230768,0.9583333333333334,0.9407407407407408,0.9519230769230768,0.952991452991453,0.9333333333333332,0.9583333333333334,0.9333333333333332,0.875,1.0,40,0.888888888888889,1.0,0.8,20,1.0,1.0,1.0,44,0.9691943127962084,0.048076923076923,0.9255014326647564,0.9288821908347858,0.1796544710371677,0.1055149511887216,0.8702652574731753,0.8851626238437614,0.5752974033355713,-0.0816578194499015,0.0816578194499016,0.2924357891082764,0.0816578194499016,54.22916666666666,99.0,57.0,5780.996096,5780.996096,77.04166666666667,78.0,56.1069375,82.126,1160.3125,5000.0,4.0,2932.171534822264,93797.8175399168,0.0,0.0,0.0,473.104384,473.104384,36.0,36.0,9.720375,10.655,300.0,405.0,1.0,497.2840684938601,15989.7607438123,69.37708333333333,76.5,4.313781845333334,4.468170752,15.8,2.699218432,2.750701568,25.336942592,0.0,3429.4556033161243,0.9526265564767012,0.679222734767888,713.0,848,Tesla T4,16106.12736,70.0,GPU-68af6dd9-efa6-2c59-74be-fc9e28c1dbdf,Tesla T4,16106.12736,70.0,GPU-015b8c66-85ec-6208-2309-fc83f3d55e16,580.159.04,0.875,40,1.0,20,1.0,3,1.0,41
a-resnet50-base-f2-s3,a,resnet50,base,2,3,42,4494,143808,1787825282.650971,1787825334.1697807,2026-08-27T10:08:02Z,2026-08-27T10:08:54Z,acct1,0,f9a278,Interactive,7a381b1e332f,v2,1.5278464366976006e-05,1.0,0.0091701647884817,7.254038075415572e-05,0.0002484311416992,0.0068881581537425,7.390030077658594e-05,0.0006903046218212,0.0027921615587547,0.0,1054.3719337595269,1.7091966347962242e-11,65536.0,0,0,51.497114419937134,49.0799446105957,2.4163429737091064,18.111342668533325,29.01849889755249,27.162835121154785,1.6210482120513916,0.3516962624515813,0.2877004592218131,0.2877590656280517,0.2912594318389893,0.2977350473403931,69.76372991384355,23512130,23512130,2187.051877975464,145306.13877817467,60,384,32,coral,coral_bce,0.0,session_balanced,adamw,0.0003,0.05,cosine,5,60,5.0,True,full,raw,full_frame,dataset_v1_1,fp16,2,resnet50,2,3,base,a,7a381b1e332f,1.0,1.0,1.0,1.0,1.0,1.0,1.0,1.0,1.0,1.0,40,1.0,1.0,1.0,20,1.0,1.0,1.0,44,1.0,0.0,1.0,1.0,0.0163533299422934,0.0015359272422248,0.984089735035713,0.984089735035713,,-0.015910264964287,0.015910264964287,0.0821766512734549,0.015910264964287,62.4375,99.0,80.5,5780.996096,5780.996096,77.08333333333333,78.0,56.61591666666667,90.579,1149.375,5000.0,4.0,2904.2256922946253,96738.37704939276,0.0,0.0,0.0,473.104384,473.104384,36.0,36.0,9.5984375,10.357,300.0,405.0,1.0,495.788601653594,16492.770479823346,69.22708333333333,77.4,4.204678741333333,4.367110144,15.5,2.699669504,2.740887552,25.336942592,0.0,3400.01429394822,0.9444484149856164,0.6733917198847446,713.0,854,Tesla T4,16106.12736,70.0,GPU-68af6dd9-efa6-2c59-74be-fc9e28c1dbdf,Tesla T4,16106.12736,70.0,GPU-015b8c66-85ec-6208-2309-fc83f3d55e16,580.159.04,1.0,40,1.0,20,1.0,3,1.0,41
a-resnet50-base-f2-s3,a,resnet50,base,2,3,43,4601,147232,1787825334.727752,1787825385.592711,2026-08-27T10:08:54Z,2026-08-27T10:09:45Z,acct1,0,f9a278,Interactive,7a381b1e332f,v2,1.1739280130016505e-05,1.0,0.0208786574819966,6.533351716998465e-05,0.0001892229315714,0.003194835036993,5.98284495936241e-05,0.0008311246987432,0.0020550711848773,0.0,1054.0470230898777,1.1728698414742436e-11,65536.0,0,0,50.843913078308105,48.42278242111206,2.420313596725464,17.47532844543457,28.99501132965088,27.058311223983765,1.6443989276885986,0.3437054189460132,0.2877014931117262,0.2875261306762695,0.292239236831665,0.298174934387207,70.71051742179844,23512130,23512130,2237.895791053772,148671.64533708914,60,384,32,coral,coral_bce,0.0,session_balanced,adamw,0.0003,0.05,cosine,5,60,5.0,True,full,raw,full_frame,dataset_v1_1,fp16,2,resnet50,2,3,base,a,7a381b1e332f,1.0,1.0,1.0,1.0,1.0,1.0,1.0,1.0,1.0,1.0,40,1.0,1.0,1.0,20,1.0,1.0,1.0,44,1.0,0.0,1.0,1.0,0.0379245966607592,0.0075749378085618,0.964366737466592,0.964366737466592,,-0.0356332625334079,0.0356332625334079,0.2203424572944641,0.0356332625334079,58.14893617021277,99.0,64.0,5780.996095999999,5780.996096,77.19148936170212,78.0,56.363297872340425,83.245,1134.5744680851064,5000.0,4.0,2879.3046443696367,99650.77821091448,0.0,0.0,0.0,473.1043839999998,473.104384,36.0,36.0,9.519574468085104,9.96,300.0,405.0,1.0,486.2019145448394,16986.417351460226,69.82127659574468,76.7,4.217380253957446,4.352692224,15.4,2.697502720000001,2.69750272,25.280311296,0.0,3365.506558914476,0.9348629330317988,0.6665572712516726,713.0,840,Tesla T4,16106.12736,70.0,GPU-68af6dd9-efa6-2c59-74be-fc9e28c1dbdf,Tesla T4,16106.12736,70.0,GPU-015b8c66-85ec-6208-2309-fc83f3d55e16,580.159.04,1.0,40,1.0,20,1.0,3,1.0,41
a-resnet50-base-f2-s3,a,resnet50,base,2,3,44,4708,150656,1787825386.1104355,1787825438.0288222,2026-08-27T10:09:46Z,2026-08-27T10:10:38Z,acct1,0,f9a278,Interactive,7a381b1e332f,v2,1.5251846810816825e-05,1.0,0.0212646357471245,5.840281805468426e-05,0.0003113591166817,0.0129358181729912,6.648007547482848e-05,0.0007521309773437,0.0025191443855874,0.0,1053.755624066128,1.7256610001341385e-11,65536.0,0,0,51.89739370346069,49.45140314102173,2.4449727535247803,18.59822702407837,28.941462516784668,27.033647060394287,1.599851131439209,0.3583653377729868,0.2867697755867076,0.2861950397491455,0.2910370826721191,0.296750168800354,69.23969356816224,23512130,23512130,2289.7931847572327,152103.61361781432,60,384,32,coral,coral_bce,0.0,session_balanced,adamw,0.0003,0.05,cosine,5,60,5.0,True,full,raw,full_frame,dataset_v1_1,fp16,2,resnet50,2,3,base,a,7a381b1e332f,1.0,1.0,1.0,1.0,1.0,1.0,1.0,1.0,1.0,1.0,40,1.0,1.0,1.0,20,1.0,1.0,1.0,44,1.0,0.0,1.0,1.0,0.0366119923192533,0.0067916605912022,0.9655455643167864,0.9655455643167864,,-0.0344544356832137,0.0344544356832137,0.2040245532989502,0.0344544356832137,60.10416666666666,99.0,68.0,5780.996096,5780.996096,76.85416666666667,78.0,59.44295833333333,97.46,1146.875,5000.0,4.0,2934.8331000775943,102613.97247127684,0.0,0.0,0.0,473.104384,473.104384,36.0,36.0,9.51025,10.055,300.0,405.0,1.0,497.13518064759046,17489.50742079519,68.91041666666666,74.3,4.221117184,4.386267136,15.5,2.69795328,2.7191296,25.336942592,0.0,3431.9682807251847,0.9533245224236624,0.6797203844880714,713.0,862,Tesla T4,16106.12736,70.0,GPU-68af6dd9-efa6-2c59-74be-fc9e28c1dbdf,Tesla T4,16106.12736,70.0,GPU-015b8c66-85ec-6208-2309-fc83f3d55e16,580.159.04,1.0,40,1.0,20,1.0,3,1.0,41
a-resnet50-base-f2-s3,a,resnet50,base,2,3,45,4815,154080,1787825438.579066,1787825490.5719252,2026-08-27T10:10:38Z,2026-08-27T10:11:30Z,acct1,0,f9a278,Interactive,7a381b1e332f,v2,1.0543265127325527e-05,1.0,0.0734402300955795,5.1770889908207245e-05,0.0001519596338698,0.0014695193385705,6.264958210522309e-05,0.0004902533197309,0.0009582579473499,0.0,1053.4962350371634,7.467597143611841e-12,65536.0,0,0,51.97053122520447,49.54119038581848,2.4275331497192383,18.67166042327881,28.958187580108643,27.09838557243347,1.60603666305542,0.3592739959183542,0.2869594832447087,0.2868852615356445,0.2900850296020508,0.2942384624481201,69.11420523678301,23512130,23512130,2341.763715982437,155507.94602435365,60,384,32,coral,coral_bce,0.0,session_balanced,adamw,0.0003,0.05,cosine,5,60,5.0,True,full,raw,full_frame,dataset_v1_1,fp16,2,resnet50,2,3,base,a,7a381b1e332f,0.971153846153846,0.975,0.9637571730594986,0.971153846153846,0.971598169272588,0.9565217391304348,0.975,0.961038961038961,0.925,1.0,40,0.9302325581395348,1.0,0.8695652173913043,20,1.0,1.0,1.0,44,0.9817586529466792,0.0288461538461538,0.9550432276657058,0.9563092540421624,0.1394922432801403,0.0723190893905166,0.8894879264900317,0.9002004165460568,0.5288340946038564,-0.0816659196638144,0.0916010390680569,0.3694595575332642,0.0916010390680569,57.54166666666666,99.0,60.5,5780.996096,5780.996096,77.0,78.0,55.18345833333333,99.403,1169.6875,5000.0,4.0,2907.3512542461394,105553.690345747,0.0,0.0,0.0,473.104384,473.104384,36.0,36.0,9.515666666666666,10.254,300.0,405.0,1.0,496.981152293185,17993.02763747331,69.64583333333333,79.0,4.246212778666666,4.371902464,15.5,2.6981339306666663,2.720047104,25.336942592,0.0,3404.3324065393244,0.945647890705368,0.6742469460729273,713.0,860,Tesla T4,16106.12736,70.0,GPU-68af6dd9-efa6-2c59-74be-fc9e28c1dbdf,Tesla T4,16106.12736,70.0,GPU-015b8c66-85ec-6208-2309-fc83f3d55e16,580.159.04,0.925,40,1.0,20,1.0,3,1.0,41
a-resnet50-base-f2-s3,a,resnet50,base,2,3,46,4922,157504,1787825491.1173089,1787825542.3145175,2026-08-27T10:11:31Z,2026-08-27T10:12:22Z,acct1,0,f9a278,Interactive,7a381b1e332f,v2,1.5842740182183532e-05,1.0,0.0208985117049783,4.5459364701706e-05,0.0002396428044533,0.0052339076064527,6.571816629730165e-05,0.0009118607151322,0.003355777314864,0.0,1053.2674620401312,1.034306103473926e-11,65536.0,0,0,51.1764543056488,48.699742555618286,2.4758901596069336,17.696941614151,29.00800585746765,27.057628393173218,1.6356866359710691,0.3458024174253438,0.2880976734874405,0.2878189086914062,0.2926743030548095,0.3001360607147216,70.30837988701005,23512130,23512130,2392.940170288086,158920.71515475208,60,384,32,coral,coral_bce,0.0,session_balanced,adamw,0.0003,0.05,cosine,5,60,5.0,True,full,raw,full_frame,dataset_v1_1,fp16,2,resnet50,2,3,base,a,7a381b1e332f,1.0,1.0,1.0,1.0,1.0,1.0,1.0,1.0,1.0,1.0,40,1.0,1.0,1.0,20,1.0,1.0,1.0,44,1.0,0.0,1.0,1.0,0.0387160916267055,0.0082396051581905,0.9637459121071376,0.9637459121071376,,-0.0362540878928624,0.0362540878928624,0.222178965806961,0.0362540878928624,58.93617021276596,99.0,66.0,5780.996095999999,5780.996096,77.2127659574468,79.0,57.79068085106383,89.955,1147.659574468085,5000.0,4.0,2924.0597427555767,108507.58324804132,0.0,0.0,0.0,473.1043839999998,473.104384,36.0,36.0,9.525595744680851,10.254,300.0,405.0,1.0,488.7093876428553,18488.695945232597,69.96382978723403,76.3,4.230553948595745,4.38982656,15.6,2.6983803097872343,2.726576128,25.337991168,0.0,3412.769130398432,0.9479914251106756,0.6759178861039117,713.0,846,Tesla T4,16106.12736,70.0,GPU-68af6dd9-efa6-2c59-74be-fc9e28c1dbdf,Tesla T4,16106.12736,70.0,GPU-015b8c66-85ec-6208-2309-fc83f3d55e16,580.159.04,1.0,40,1.0,20,1.0,3,1.0,41
a-resnet50-base-f2-s3,a,resnet50,base,2,3,47,5029,160928,1787825542.8438375,1787825593.533318,2026-08-27T10:12:22Z,2026-08-27T10:13:13Z,acct1,0,f9a278,Interactive,7a381b1e332f,v2,1.0085509647681554e-05,1.0,0.0603652720304064,3.948882931853924e-05,0.0001469710236153,0.0015962689649313,5.651544415741228e-05,0.0005993393308017,0.0012438761838711,0.0,1053.0675805032763,5.511245217086403e-12,131072.0,0,0,50.66800093650818,48.22469139099121,2.44223427772522,17.25761914253235,28.98666501045227,27.011980533599854,1.665968656539917,0.3406019346245332,0.2878606497684371,0.2871620655059814,0.2918922424316406,0.3069025659561157,71.00097276391556,23512130,23512130,2443.608171224594,162319.82400459616,60,384,32,coral,coral_bce,0.0,session_balanced,adamw,0.0003,0.05,cosine,5,60,5.0,True,full,raw,full_frame,dataset_v1_1,fp16,2,resnet50,2,3,base,a,7a381b1e332f,1.0,1.0,1.0,1.0,1.0,1.0,1.0,1.0,1.0,1.0,40,1.0,1.0,1.0,20,1.0,1.0,1.0,44,1.0,0.0,1.0,1.0,0.113703415830455,0.052535572853827,0.9048981162217948,0.9048981162217948,,-0.0951018837782052,0.0951018837782052,0.5014929473400116,0.0951018837782052,61.85106382978724,99.0,76.0,5780.996095999999,5780.996096,76.85106382978724,78.0,56.19459574468083,82.568,1186.914893617021,5000.0,4.0,2913.791570938469,111449.60547921184,0.0,0.0,0.0,473.1043839999998,473.104384,36.0,36.0,9.46636170212766,10.055,300.0,405.0,1.0,485.3172789056225,18980.50532495542,69.94680851063828,76.6,4.2410587070638295,4.48331776,16.0,2.6993155921702128,2.754060288,25.337991168,0.0,3399.1088498440918,0.9441969027344698,0.6732123916496769,713.0,836,Tesla T4,16106.12736,70.0,GPU-68af6dd9-efa6-2c59-74be-fc9e28c1dbdf,Tesla T4,16106.12736,70.0,GPU-015b8c66-85ec-6208-2309-fc83f3d55e16,580.159.04,1.0,40,1.0,20,1.0,3,1.0,41
a-resnet50-base-f2-s3,a,resnet50,base,2,3,48,5136,164352,1787825594.0739086,1787825645.7339156,2026-08-27T10:13:14Z,2026-08-27T10:14:05Z,acct1,0,f9a278,Interactive,7a381b1e332f,v2,1.492151695123471e-05,1.0,0.0564939601924003,3.3878758404137624e-05,0.0002617282857457,0.0082636820152401,7.809080852894112e-05,0.0007493390061426,0.0035832002921961,0.0,1052.894869407054,8.42157143884912e-12,131072.0,0,0,51.63918447494507,49.16381883621216,2.473683834075928,18.19383144378662,29.04991888999939,27.13410997390747,1.612609624862671,0.3523260800645317,0.2878998038924743,0.2873556613922119,0.2910409927368164,0.2970109605789184,69.64471192538882,23512130,23512130,2495.247355699539,165759.5984303034,60,384,32,coral,coral_bce,0.0,session_balanced,adamw,0.0003,0.05,cosine,5,60,5.0,True,full,raw,full_frame,dataset_v1_1,fp16,2,resnet50,2,3,base,a,7a381b1e332f,1.0,1.0,1.0,1.0,1.0,1.0,1.0,1.0,1.0,1.0,40,1.0,1.0,1.0,20,1.0,1.0,1.0,44,1.0,0.0,1.0,1.0,0.1077840185818171,0.0487771985252648,0.9090207786514208,0.9090207786514208,,-0.0909792213485791,0.0909792213485791,0.4986577033996582,0.0909792213485791,62.319148936170215,99.0,88.0,5780.996095999999,5780.996096,76.85106382978724,78.0,57.76346808510639,92.719,1171.914893617021,5000.0,4.0,2945.3805852698133,114428.82700763816,0.0,0.0,0.0,473.1043839999998,473.104384,36.0,36.0,9.509021276595744,10.556,300.0,405.0,1.0,494.39384043742393,19482.05576927563,70.5468085106383,75.3,4.255485777702128,4.453404672,15.7,2.699467928510638,2.737917952,25.339039744,0.0,3439.774425707237,0.9554928960297882,0.6812664348692389,713.0,854,Tesla T4,16106.12736,70.0,GPU-68af6dd9-efa6-2c59-74be-fc9e28c1dbdf,Tesla T4,16106.12736,70.0,GPU-015b8c66-85ec-6208-2309-fc83f3d55e16,580.159.04,1.0,40,1.0,20,1.0,3,1.0,41
a-resnet50-base-f2-s3,a,resnet50,base,2,3,49,5243,167776,1787825646.27223,1787825698.9221966,2026-08-27T10:14:06Z,2026-08-27T10:14:58Z,acct1,0,f9a278,Interactive,7a381b1e332f,v2,9.342535398131264e-06,1.0,0.0152918752483558,2.8647450843757897e-05,0.0001445957309485,0.0012668434064835,6.150537228677422e-05,0.0006713896349538,0.0012525072786957,0.0,1052.747993831487,3.93474897965767e-12,131072.0,0,0,52.62810492515564,50.150365352630615,2.4767327308654785,19.123608589172363,29.028287172317505,27.13881468772888,1.6833879947662354,0.3633725481160446,0.2883625431595562,0.2878568172454834,0.2928016185760498,0.3034120273590088,68.27467708209619,23512130,23512130,2547.875460624695,169245.08892244688,60,384,32,coral,coral_bce,0.0,session_balanced,adamw,0.0003,0.05,cosine,5,60,5.0,True,full,raw,full_frame,dataset_v1_1,fp16,2,resnet50,2,3,base,a,7a381b1e332f,1.0,1.0,1.0,1.0,1.0,1.0,1.0,1.0,1.0,1.0,40,1.0,1.0,1.0,20,1.0,1.0,1.0,44,1.0,0.0,1.0,1.0,0.0277677527751415,0.0042516962415868,0.9734813960698936,0.9734813960698936,,-0.0265186039301065,0.0265186039301065,0.1491242249806722,0.0265186039301065,45.875,99.0,40.0,5780.996096,5780.996096,76.72916666666667,78.0,56.87641666666667,94.86,1180.625,5000.0,4.0,2984.126096419452,117438.3467367397,0.0,0.0,0.0,473.104384,473.104384,36.0,36.0,9.445687499999998,10.059,300.0,405.0,1.0,501.3643957240529,19989.266397654494,69.49791666666667,76.1,4.246786389333334,4.402683904,15.6,2.700576768,2.75566592,25.339039744,0.0,3485.4904921435045,0.9681918033731955,0.6903207558050886,713.0,870,Tesla T4,16106.12736,70.0,GPU-68af6dd9-efa6-2c59-74be-fc9e28c1dbdf,Tesla T4,16106.12736,70.0,GPU-015b8c66-85ec-6208-2309-fc83f3d55e16,580.159.04,1.0,40,1.0,20,1.0,3,1.0,41
a-resnet50-base-f2-s3,a,resnet50,base,2,3,50,5350,171200,1787825699.457887,1787825750.8282833,2026-08-27T10:14:59Z,2026-08-27T10:15:50Z,acct1,0,f9a278,Interactive,7a381b1e332f,v2,1.4958995905089978e-05,1.0,0.0573016317090028,2.38119700753228e-05,0.0002454585247191,0.0025909587275236,6.41987135168165e-05,0.0012054776307195,0.0024495183676481,0.0,1052.6246787573575,5.552644891667024e-12,131072.0,0,0,51.34624123573303,48.920371770858765,2.424803733825684,17.899317026138306,29.11239004135132,27.153874158859253,1.594543695449829,0.3486003375390555,0.288309661027427,0.2878084182739258,0.2926990509033203,0.2953578424453735,69.99129148155069,23512130,23512130,2599.221701860428,172698.28938887114,60,384,32,coral,coral_bce,0.0,session_balanced,adamw,0.0003,0.05,cosine,5,60,5.0,True,full,raw,full_frame,dataset_v1_1,fp16,2,resnet50,2,3,base,a,7a381b1e332f,1.0,1.0,1.0,1.0,1.0,1.0,1.0,1.0,1.0,1.0,40,1.0,1.0,1.0,20,1.0,1.0,1.0,44,1.0,0.0,1.0,1.0,0.1072547260107247,0.0470451297085018,0.9091141894459724,0.9091141894459724,,-0.0908858105540275,0.0908858105540275,0.4716947078704834,0.0908858105540275,55.97872340425532,99.0,62.0,5780.996095999999,5780.996096,77.12765957446808,78.0,54.998127659574486,84.37,1181.8085106382978,5000.0,4.0,2963.137468248417,120435.54504321396,0.0,0.0,0.0,473.1043839999998,473.104384,36.0,36.0,9.526042553191491,10.353,300.0,405.0,1.0,490.06299817584295,20486.351798092077,70.2723404255319,78.2,4.2519921511489365,4.432039936,15.7,2.699629154042553,2.699829248,25.283457024,0.0,3453.2004664242595,0.9592223517845164,0.6839255368223603,713.0,850,Tesla T4,16106.12736,70.0,GPU-68af6dd9-efa6-2c59-74be-fc9e28c1dbdf,Tesla T4,16106.12736,70.0,GPU-015b8c66-85ec-6208-2309-fc83f3d55e16,580.159.04,1.0,40,1.0,20,1.0,3,1.0,41
a-resnet50-base-f2-s3,a,resnet50,base,2,3,51,5457,174624,1787826080.5162854,1787826134.2624176,2026-08-27T10:21:20Z,2026-08-27T10:22:14Z,acct3,2,90a8e9,Interactive,7a381b1e332f,v2,1.1657047345779234e-05,1.0,0.052718405182050586,1.9388088432033443e-05,0.00017102319445733304,0.0019381452584639192,5.988566408632323e-05,0.0006967380119021978,0.0015992891159839918,0.0,1052.5230720053776,3.1503469199492126e-12,131072.0,0,0,53.72649621963501,51.010820627212524,2.7140798568725586,20.013611316680908,29.035390615463257,27.13036322593689,1.6442956924438477,0.37250914771856436,0.2881141243693985,0.2882423400878906,0.2926220417022705,0.2972561740875244,67.12301346850737,23512130,23512130,2652.948198080063,176275.0372486145,60,384,32,coral,coral_bce,0.0,session_balanced,adamw,0.0003,0.05,cosine,5,60,5.0,True,full,raw,full_frame,dataset_v1_1,fp16,2,resnet50,2,3,base,a,7a381b1e332f,1.0,1.0,1.0,1.0,1.0,1.0,1.0,1.0,1.0,1.0,40,1.0,1.0,1.0,20,1.0,1.0,1.0,44,1.0,0.0,1.0,1.0,0.09648101388334861,0.03843948746856542,0.9168211129995493,0.9168211129995493,NA,-0.08317888700045073,0.08317888700045072,0.4182674288749695,0.08317888700045072,52.40816326530612,99.0,55.0,6984.504549877552,6984.761344,78.55102040816327,82.0,57.050877551020406,105.263,1172.4489795918366,5000.0,4.0,3063.4027269976164,3070.5431672806762,0.0,0.0,0.0,473.10438400000004,473.104384,37.857142857142854,38.0,9.557142857142857,10.56,300.0,405.0,1.0,513.3451327457428,515.5157215390205,69.39183673469387,76.5,3.55808076277551,3.828801536,14.4,3.1519628643265305,3.1942656,26.960367616,0.0,3576.747859743359,0.9935410721509331,0.7083947844436154,713.0,888,Tesla T4,16106.12736,70.0,GPU-fc22ec96-dd5c-27c3-ec5a-2191c63905d8,Tesla T4,16106.12736,70.0,GPU-d558708b-5ada-3f0e-fc90-d76759e2cb6f,580.159.04,1.0,40,1.0,20,1.0,3,1.0,41
a-resnet50-base-f2-s3,a,resnet50,base,2,3,52,5564,178048,1787826134.8938808,1787826188.2885025,2026-08-27T10:22:14Z,2026-08-27T10:23:08Z,acct3,2,90a8e9,Interactive,7a381b1e332f,v2,1.4040555747584714e-05,1.0,0.0924014273644546,1.5390235696296265e-05,0.00018244092400628034,0.0013091493165120482,6.839189154561609e-05,0.0008469943364616483,0.0012080246140249071,0.0,1052.4414038977345,2.667900379734171e-12,131072.0,0,0,53.37815499305725,50.834850549697876,2.5423431396484375,20.298025131225586,28.59370446205139,26.63904070854187,1.6185154914855957,0.3802683913272329,0.28388649726582466,0.28348326683044434,0.28727259635925295,0.2908234262466431,67.35536670168001,23512130,23512130,2706.32635307312,179788.4441941497,60,384,32,coral,coral_bce,0.0,session_balanced,adamw,0.0003,0.05,cosine,5,60,5.0,True,full,raw,full_frame,dataset_v1_1,fp16,2,resnet50,2,3,base,a,7a381b1e332f,0.9615384615384616,0.9666666666666667,0.9521531100478469,0.9615384615384616,0.9622745675377254,0.9444444444444445,0.9666666666666667,0.9473684210526316,0.9,1.0,40,0.9090909090909091,1.0,0.8333333333333334,20,1.0,1.0,1.0,44,0.975517890772128,0.038461538461538464,0.9402298850574713,0.9424363420908016,0.17565572266335863,0.1011752044543606,0.8711854316867315,0.8828293079137802,0.5800885260105133,-0.0903530298517301,0.09035302985173004,0.4881206601858139,0.09035302985173004,51.97959183673469,99.0,60.0,6984.761344,6984.761344,75.79591836734694,78.0,56.04230612244898,86.266,1226.0204081632653,5000.0,4.0,3004.933223158605,6105.820647735129,0.0,0.0,0.0,473.10438400000004,473.104384,37.0,37.0,9.443877551020408,10.357,300.0,405.0,1.0,508.47372237658533,1030.861808397055,68.72448979591837,77.5,3.9687515742040813,4.03611648,15.2,3.1516619337142857,3.169562624,26.985652224,0.0,3513.40694553519,0.975946373759775,0.6958497644907196,713.0,884,Tesla T4,16106.12736,70.0,GPU-fc22ec96-dd5c-27c3-ec5a-2191c63905d8,Tesla T4,16106.12736,70.0,GPU-d558708b-5ada-3f0e-fc90-d76759e2cb6f,580.159.04,0.9,40,1.0,20,1.0,3,1.0,41
a-resnet50-base-f2-s3,a,resnet50,base,2,3,53,5671,181472,1787826188.8500786,1787826241.3436754,2026-08-27T10:23:08Z,2026-08-27T10:24:01Z,acct3,2,90a8e9,Interactive,7a381b1e332f,v2,1.1886727047695046e-05,1.0,0.005108872776243236,1.1831452032772498e-05,0.00019736766566510994,0.004518256522715092,6.679671059828252e-05,0.000622734148055314,0.0021908326190896305,0.0,1052.3774924327731,2.218924374502621e-12,131072.0,0,0,52.47682762145996,49.980056285858154,2.495929718017578,19.1686007976532,28.790112495422363,26.918128728866577,1.687608003616333,0.3652774313250285,0.2863536839173219,0.2858278751373291,0.2893860340118408,0.3016056537628174,68.50732581045172,23512130,23512130,2758.80318069458,183296.26508515474,60,384,32,coral,coral_bce,0.0,session_balanced,adamw,0.0003,0.05,cosine,5,60,5.0,True,full,raw,full_frame,dataset_v1_1,fp16,2,resnet50,2,3,base,a,7a381b1e332f,1.0,1.0,1.0,1.0,1.0,1.0,1.0,1.0,1.0,1.0,40,1.0,1.0,1.0,20,1.0,1.0,1.0,44,1.0,0.0,1.0,1.0,0.008528543537560516,0.0004148267084078282,0.9915954407591087,0.9915954407591087,NA,-0.00840455924089134,0.00840455924089134,0.00840455924089134,0.00840455924089134,52.48979591836735,99.0,70.0,6984.761344,6984.761344,77.44897959183673,79.0,58.35267346938775,103.581,1171.2244897959183,5000.0,4.0,3011.265035649062,9145.747498555433,0.0,0.0,0.0,473.10438400000004,473.104384,36.816326530612244,37.0,9.409612244897959,9.765,300.0,405.0,1.0,496.5558553559788,1533.9086544675836,68.51836734693877,76.1,3.986133159183674,4.119089152,15.2,3.1516819957551023,3.177361408,26.985652224,0.0,3507.8208910050407,0.9743946919458446,0.6947434153573873,713.0,872,Tesla T4,16106.12736,70.0,GPU-fc22ec96-dd5c-27c3-ec5a-2191c63905d8,Tesla T4,16106.12736,70.0,GPU-d558708b-5ada-3f0e-fc90-d76759e2cb6f,580.159.04,1.0,40,1.0,20,1.0,3,1.0,41
a-resnet50-base-f2-s3,a,resnet50,base,2,3,54,5778,184896,1787826241.9674387,1787826294.3734229,2026-08-27T10:24:01Z,2026-08-27T10:24:54Z,acct3,2,90a8e9,Interactive,7a381b1e332f,v2,1.2669311104749897e-05,1.0,0.07472644141423992,8.723345454071307e-06,0.0001689594774374387,0.002439473057165742,5.6184555432992056e-05,0.000720426940824834,0.0011145471595227717,0.0,1052.3291261829208,1.4005997294518915e-12,131072.0,0,0,52.38873338699341,49.926692962646484,2.4610800743103027,19.150949716567993,28.785651683807373,26.962345123291016,1.6642494201660156,0.365554738174346,0.2860142360223788,0.28562235832214355,0.2885563850402832,0.3056764459609985,68.5805487369597,23512130,23512130,2811.1919140815735,186793.67941652247,60,384,32,coral,coral_bce,0.0,session_balanced,adamw,0.0003,0.05,cosine,5,60,5.0,True,full,raw,full_frame,dataset_v1_1,fp16,2,resnet50,2,3,base,a,7a381b1e332f,0.9807692307692307,0.9833333333333334,0.9755799755799756,0.9807692307692307,0.9809805579036348,0.9696969696969697,0.9833333333333334,0.9743589743589743,0.95,1.0,40,0.9523809523809523,1.0,0.9090909090909091,20,1.0,1.0,1.0,44,0.9879182156133829,0.019230769230769232,0.969942196531792,0.9705163293664584,0.13975227558839703,0.07075712949524716,0.8877820435624856,0.8950420711554733,0.5175206363201141,-0.09298718720674515,0.09348082370482959,0.42619746923446655,0.09348082370482959,62.208333333333336,99.0,79.5,6984.761344,6984.761344,77.1875,78.0,57.35847916666666,93.206,1142.5,5000.0,4.0,3003.5887213521037,12181.40642534496,0.0,0.0,0.0,473.10438400000004,473.104384,36.5,37.0,9.342083333333335,9.761,300.0,405.0,1.0,493.8256100156307,2035.729855983258,69.46041666666667,75.1,3.986694741333333,4.06861824,15.1,3.1530857813333335,3.206393856,26.985652224,0.0,3497.414331367734,0.9715039809354817,0.6926823384069984,713.0,866,Tesla T4,16106.12736,70.0,GPU-fc22ec96-dd5c-27c3-ec5a-2191c63905d8,Tesla T4,16106.12736,70.0,GPU-d558708b-5ada-3f0e-fc90-d76759e2cb6f,580.159.04,0.95,40,1.0,20,1.0,3,1.0,41
a-resnet50-base-f2-s3,a,resnet50,base,2,3,55,5885,188320,1787826294.9898756,1787826347.7838628,2026-08-27T10:24:54Z,2026-08-27T10:25:47Z,acct3,2,90a8e9,Interactive,7a381b1e332f,v2,8.136073590266508e-06,1.0,0.030974151757299333,6.076053957825411e-06,0.00011739155459542765,0.0009841034188866615,5.1912604249082506e-05,0.0003874156129313632,0.0007303309440612792,0.0,1052.2943930373197,6.778306761248034e-13,131072.0,0,0,52.77737784385681,50.28989624977112,2.486610174179077,19.575884580612183,28.74549102783203,26.898109674453735,1.6524851322174072,0.3709143079924873,0.28542689965150064,0.2851269245147705,0.2874344825744629,0.2983245420455933,68.085246845495,23512130,23512130,2863.9692919254303,190282.45875177643,60,384,32,coral,coral_bce,0.0,session_balanced,adamw,0.0003,0.05,cosine,5,60,5.0,True,full,raw,full_frame,dataset_v1_1,fp16,2,resnet50,2,3,base,a,7a381b1e332f,1.0,1.0,1.0,1.0,1.0,1.0,1.0,1.0,1.0,1.0,40,1.0,1.0,1.0,20,1.0,1.0,1.0,44,1.0,0.0,1.0,1.0,0.058525450492374724,0.017659536640716084,0.9469573669708692,0.9469573669708692,NA,-0.053042633029130815,0.0530426330291308,0.3373126983642578,0.0530426330291308,52.44897959183673,99.0,54.0,6984.761344,6984.761344,77.08163265306122,78.0,54.939510204081635,98.716,1209.795918367347,5000.0,4.0,2991.063372685672,15205.13113365509,0.0,0.0,0.0,473.10438400000004,473.104384,36.0,36.0,9.383102040816327,9.665,300.0,405.0,1.0,497.71596256828366,2540.956175318958,69.15714285714286,75.6,4.006304788897959,4.137762816,15.4,3.1523534053877555,3.204624384,26.985652224,0.0,3488.7793352539557,0.9691053709038766,0.690972129454464,713.0,874,Tesla T4,16106.12736,70.0,GPU-fc22ec96-dd5c-27c3-ec5a-2191c63905d8,Tesla T4,16106.12736,70.0,GPU-d558708b-5ada-3f0e-fc90-d76759e2cb6f,580.159.04,1.0,40,1.0,20,1.0,3,1.0,41
a-resnet50-base-f2-s3,a,resnet50,base,2,3,56,5992,191744,1787826348.4326127,1787826401.044119,2026-08-27T10:25:48Z,2026-08-27T10:26:41Z,acct3,2,90a8e9,Interactive,7a381b1e332f,v2,2.1082138661734112e-05,1.0,0.04185779102947261,3.8982124586499795e-06,0.00047094673587605803,0.022620009258389473,5.490189141710289e-05,0.0017909803777001751,0.004952357532456514,0.0,1052.2708002507204,1.7446558744338149e-12,131072.0,0,0,52.593294620513916,50.04566240310669,2.546705961227417,19.32747530937195,28.710267782211304,26.817320346832275,1.6653735637664795,0.36748934343872236,0.2853599820181588,0.2850174903869629,0.2880877494812012,0.2978500699996948,68.41751783442172,23512130,23512130,2916.562586545944,193795.2389044914,60,384,32,coral,coral_bce,0.0,session_balanced,adamw,0.0003,0.05,cosine,5,60,5.0,True,full,raw,full_frame,dataset_v1_1,fp16,2,resnet50,2,3,base,a,7a381b1e332f,1.0,1.0,1.0,1.0,1.0,1.0,1.0,1.0,1.0,1.0,40,1.0,1.0,1.0,20,1.0,1.0,1.0,44,1.0,0.0,1.0,1.0,0.07571427910163002,0.025731805464141548,0.9329189102237041,0.9329189102237041,NA,-0.0670810897762959,0.06708108977629587,0.3590019643306732,0.06708108977629587,64.54166666666667,99.0,77.5,6984.761344,6984.761344,76.79166666666667,78.0,56.1186875,95.309,1167.5,5000.0,4.0,3016.80574110839,18259.846284750452,0.0,0.0,0.0,473.10438400000004,473.104384,36.0,36.0,9.377208333333334,9.765,300.0,405.0,1.0,495.9744116065531,3044.7327491614856,69.74374999999999,75.1,4.007616853333333,4.089716736,15.3,3.151147008,3.151147008,26.929020928,0.0,3512.780152714943,0.9757722646430398,0.6957256246904874,713.0,872,Tesla T4,16106.12736,70.0,GPU-fc22ec96-dd5c-27c3-ec5a-2191c63905d8,Tesla T4,16106.12736,70.0,GPU-d558708b-5ada-3f0e-fc90-d76759e2cb6f,580.159.04,1.0,40,1.0,20,1.0,3,1.0,41
a-resnet50-base-f2-s3,a,resnet50,base,2,3,57,6099,195168,1787826401.6976528,1787826454.7714076,2026-08-27T10:26:41Z,2026-08-27T10:27:34Z,acct3,2,90a8e9,Interactive,7a381b1e332f,v2,1.1626966315858889e-05,1.0,0.02585261738713248,2.1969246228460523e-06,0.00017370142884437967,0.0031321998685598373,5.8434525271877646e-05,0.0006460118631366631,0.0015012363623827692,0.0,1052.256480938387,3.6265772933177457e-13,131072.0,0,0,53.05768918991089,50.57582902908325,2.4809885025024414,19.84354877471924,28.74672842025757,26.8790922164917,1.6609911918640137,0.3739994914534001,0.2855806930042873,0.2852184772491455,0.28805065155029297,0.29586934089660644,67.70032376594469,23512130,23512130,2969.620275735855,197324.75232564946,60,384,32,coral,coral_bce,0.0,session_balanced,adamw,0.0003,0.05,cosine,5,60,5.0,True,full,raw,full_frame,dataset_v1_1,fp16,2,resnet50,2,3,base,a,7a381b1e332f,1.0,1.0,1.0,1.0,1.0,1.0,1.0,1.0,1.0,1.0,40,1.0,1.0,1.0,20,1.0,1.0,1.0,44,1.0,0.0,1.0,1.0,0.04582427852919501,0.01036111172706505,0.9574545736496265,0.9574545736496265,NA,-0.042545426350373505,0.042545426350373484,0.21942046284675598,0.042545426350373484,58.224489795918366,99.0,74.0,6984.761344,6984.761344,77.04081632653062,78.0,56.51353061224491,97.946,1232.142857142857,5000.0,4.0,3027.3708043184233,21326.261336705913,0.0,0.0,0.0,473.10438400000004,473.104384,36.0,36.0,9.456142857142858,10.158,300.0,405.0,1.0,502.14261683964696,3555.0436525213754,68.45102040816326,76.1,4.015921778938775,4.122054656,15.3,3.1528442566530614,3.207770112,26.985652224,0.0,3529.5134211580703,0.9804203947661306,0.6990397414682512,713.0,880,Tesla T4,16106.12736,70.0,GPU-fc22ec96-dd5c-27c3-ec5a-2191c63905d8,Tesla T4,16106.12736,70.0,GPU-d558708b-5ada-3f0e-fc90-d76759e2cb6f,580.159.04,1.0,40,1.0,20,1.0,3,1.0,41
a-resnet50-base-f2-s3,a,resnet50,base,2,3,58,6206,198592,1787826455.440362,1787826507.6031713,2026-08-27T10:27:35Z,2026-08-27T10:28:27Z,acct3,2,90a8e9,Interactive,7a381b1e332f,v2,1.2993315364400307e-05,1.0,0.047321809997529184,9.777396977174666e-07,0.00018110974075153817,0.0036573982797563076,4.875419836025685e-05,0.0008328264637384563,0.0022705908375792185,0.0,1052.2476094918925,1.6828565974277183e-13,131072.0,0,0,52.14620757102966,49.68477654457092,2.4604434967041016,19.02452540397644,28.71109366416931,26.845887660980225,1.626917839050293,0.36483046975300465,0.2849417557226163,0.2844691276550293,0.28698272705078126,0.2956045866012573,68.91446914183902,23512130,23512130,3021.7664833068848,200857.5923106353,60,384,32,coral,coral_bce,0.0,session_balanced,adamw,0.0003,0.05,cosine,5,60,5.0,True,full,raw,full_frame,dataset_v1_1,fp16,2,resnet50,2,3,base,a,7a381b1e332f,1.0,1.0,1.0,1.0,1.0,1.0,1.0,1.0,1.0,1.0,40,1.0,1.0,1.0,20,1.0,1.0,1.0,44,1.0,0.0,1.0,1.0,0.09168419648126869,0.03854040057975472,0.9210716027479905,0.9210716027479905,NA,-0.07892839725200951,0.07892839725200947,0.4451813300450643,0.07892839725200947,52.354166666666664,99.0,52.5,6984.761344,6984.761344,76.79166666666667,78.0,56.246375,98.467,1201.875,5000.0,4.0,3031.3087424044534,24395.9638979337,0.0,0.0,0.0,473.10438400000004,473.104384,36.0,36.0,9.548708333333334,10.361,300.0,405.0,1.0,501.5312425813727,4064.460364918002,69.39583333333333,74.5,4.0234614613333335,4.091174912,15.2,3.151147008,3.151147008,26.929020928,0.0,3532.839984985826,0.9813444402738406,0.6996985859152483,713.0,866,Tesla T4,16106.12736,70.0,GPU-fc22ec96-dd5c-27c3-ec5a-2191c63905d8,Tesla T4,16106.12736,70.0,GPU-d558708b-5ada-3f0e-fc90-d76759e2cb6f,580.159.04,1.0,40,1.0,20,1.0,3,1.0,41
a-resnet50-base-f2-s3,a,resnet50,base,2,3,59,6313,202016,1787826508.2638264,1787826560.3104174,2026-08-27T10:28:28Z,2026-08-27T10:29:20Z,acct3,2,90a8e9,Interactive,7a381b1e332f,v2,1.0080092448614243e-05,1.0,0.029599803922294016,2.4463441107965276e-07,0.00015787344999017332,0.003482507076114416,5.844111001351848e-05,0.00047236427781172086,0.001363499576691537,0.0,1052.2440764292796,3.6703726187290885e-14,131072.0,0,0,52.02465081214905,49.50831413269043,2.5154383182525635,18.7792067527771,28.74388861656189,26.816893815994263,1.64990234375,0.3609674732961723,0.28548684075614,0.28513264656066895,0.28744049072265626,0.29875568866729735,69.16010088372462,23512130,23512130,3073.791134119034,204340.832686434,60,384,32,coral,coral_bce,0.0,session_balanced,adamw,0.0003,0.05,cosine,5,60,5.0,True,full,raw,full_frame,dataset_v1_1,fp16,2,resnet50,2,3,base,a,7a381b1e332f,1.0,1.0,1.0,1.0,1.0,1.0,1.0,1.0,1.0,1.0,40,1.0,1.0,1.0,20,1.0,1.0,1.0,44,1.0,0.0,1.0,1.0,0.05342421323158705,0.014097451703179949,0.951061721604604,0.951061721604604,NA,-0.048938278395395995,0.04893827839539599,0.2944177985191345,0.04893827839539599,58.291666666666664,99.0,74.5,6984.761344,6984.761344,77.20833333333333,78.0,58.38785416666667,91.432,1173.4375,5000.0,4.0,2981.6046859874914,27412.44342888069,0.0,0.0,0.0,473.10438400000004,473.104384,36.0,36.0,9.608916666666666,10.46,300.0,405.0,1.0,501.63568981123035,4574.127471180448,69.62083333333332,75.4,4.010116096,4.17896448,15.4,3.150536704,3.150536704,26.929020928,0.0,3483.2403757987217,0.9675667710552005,0.6898751077623579,713.0,862,Tesla T4,16106.12736,70.0,GPU-fc22ec96-dd5c-27c3-ec5a-2191c63905d8,Tesla T4,16106.12736,70.0,GPU-d558708b-5ada-3f0e-fc90-d76759e2cb6f,580.159.04,1.0,40,1.0,20,1.0,3,1.0,41
a-resnet50-base-f2-s3,a,resnet50,base,2,3,60,6420,205440,1787826560.9527044,1787826615.2030377,2026-08-27T10:29:20Z,2026-08-27T10:30:15Z,acct3,2,90a8e9,Interactive,7a381b1e332f,v2,1.3099150531705283e-05,1.0,0.02714798105172087,0.0,0.00018227107744321508,0.0015190416015684605,5.9484122175490484e-05,0.0009874987765215323,0.0013993550790473818,0.0,1052.244073067513,0.0,131072.0,0,0,54.23104977607727,51.7688045501709,2.4613521099090576,21.109687089920044,28.69160270690918,26.83670449256897,1.6376726627349854,0.38925462769175595,0.28484500011551045,0.28447771072387695,0.2871277332305908,0.2968070125579834,66.14021764172062,23512130,23512130,3128.022183895111,207910.0897506375,60,384,32,coral,coral_bce,0.0,session_balanced,adamw,0.0003,0.05,cosine,5,60,5.0,True,full,raw,full_frame,dataset_v1_1,fp16,2,resnet50,2,3,base,a,7a381b1e332f,1.0,1.0,1.0,1.0,1.0,1.0,1.0,1.0,1.0,1.0,40,1.0,1.0,1.0,20,1.0,1.0,1.0,44,1.0,0.0,1.0,1.0,0.04675760768058767,0.010474474116762547,0.9566567631868216,0.9566567631868216,NA,-0.04334323681317842,0.0433432368131784,0.22351300716400146,0.0433432368131784,54.46,99.0,63.5,6984.761344,6984.761344,76.84,79.0,55.35863999999999,76.609,1188.6,5000.0,4.0,3047.6400571296144,30494.60942114281,0.0,0.0,0.0,473.104384,473.104384,36.0,36.0,9.5732,10.158,300.0,405.0,1.0,521.6170070738854,5103.48516040875,68.332,74.2,3.995933081599999,4.07883776,15.3,3.1522589900799995,3.200212992,26.985652224,0.0,3569.2570642035,0.9914602956120833,0.7069111907714153,713.0,903,Tesla T4,16106.12736,70.0,GPU-fc22ec96-dd5c-27c3-ec5a-2191c63905d8,Tesla T4,16106.12736,70.0,GPU-d558708b-5ada-3f0e-fc90-d76759e2cb6f,580.159.04,1.0,40,1.0,20,1.0,3,1.0,41
