run_id,stage,arch,technique,fold,seed,epoch,global_step,samples_seen,ts_start,ts_end,iso_start,iso_end,account,worker_id,session_id,host,config_hash,lib_version,train_loss,train_acc,val_loss,lr_group0,grad_norm_mean,grad_norm_max,grad_norm_p50,grad_norm_p95,grad_norm_p99,grad_clip_hit_rate,weight_norm_total,update_to_weight_ratio,amp_scale,amp_scale_decreases,nan_or_inf_batches,epoch_seconds,train_seconds,val_seconds,dataload_seconds,compute_seconds,backward_seconds,optimizer_seconds,dataload_frac,step_time_mean,step_time_p50,step_time_p90,step_time_p99,images_per_second,n_params_total,n_params_trainable,wall_seconds_cumulative,energy_joules_cumulative,epochs_planned,cfg_input_resolution,cfg_batch_size,cfg_head_type,cfg_loss_name,cfg_label_smoothing,cfg_sampler_name,cfg_optimizer_name,cfg_lr_initial,cfg_weight_decay,cfg_scheduler_name,cfg_warmup_epochs,cfg_max_epochs,cfg_grad_clip,cfg_pretrained,cfg_finetune_depth,cfg_preprocessing,cfg_roi_mode,cfg_augment_policy,cfg_precision,cfg_num_workers,cfg_arch,cfg_fold,cfg_seed,cfg_technique,cfg_stage,cfg_config_hash,val_acc,val_balanced_acc,val_f1_macro,val_f1_micro,val_f1_weighted,val_precision_macro,val_recall_macro,val_f1_low,val_recall_low,val_precision_low,val_support_low,val_f1_mid,val_recall_mid,val_precision_mid,val_support_mid,val_f1_high,val_recall_high,val_precision_high,val_support_high,val_qwk,val_mae_class,val_cohen_kappa,val_mcc,val_nll,val_brier,val_mean_confidence,val_mean_confidence_correct,val_mean_confidence_incorrect,val_overconfidence_gap,val_ece,val_mce,val_ace,gpu0_util_mean,gpu0_util_max,gpu0_util_p50,gpu0_mem_used_mb_mean,gpu0_mem_used_mb_peak,gpu0_temp_c_mean,gpu0_temp_c_max,gpu0_power_w_mean,gpu0_power_w_max,gpu0_sm_clock_mhz_mean,gpu0_mem_clock_mhz_mean,gpu0_throttle_reasons,gpu0_energy_joules_epoch,gpu0_energy_joules_cumulative,gpu1_util_mean,gpu1_util_max,gpu1_util_p50,gpu1_mem_used_mb_mean,gpu1_mem_used_mb_peak,gpu1_temp_c_mean,gpu1_temp_c_max,gpu1_power_w_mean,gpu1_power_w_max,gpu1_sm_clock_mhz_mean,gpu1_mem_clock_mhz_mean,gpu1_throttle_reasons,gpu1_energy_joules_epoch,gpu1_energy_joules_cumulative,cpu_percent_mean,cpu_percent_max,ram_used_gb_mean,ram_used_gb_peak,ram_percent_peak,proc_rss_gb_mean,proc_rss_gb_peak,proc_vms_gb_peak,swap_used_gb_peak,energy_joules_epoch,energy_wh_epoch,co2_g_epoch,carbon_intensity_g_per_kwh,power_sample_count,gpu0_name,gpu0_mem_total_mb,gpu0_power_limit_w,gpu0_uuid,gpu1_name,gpu1_mem_total_mb,gpu1_power_limit_w,gpu1_uuid,gpu_driver,val_acc_session_mileage_090000__session_001,val_n_session_mileage_090000__session_001,val_acc_session_mileage_100000_plus__session_002,val_n_session_mileage_100000_plus__session_002,val_acc_session_mileage_100000_plus__session_004,val_n_session_mileage_100000_plus__session_004,val_acc_session_new_tire__session_001,val_n_session_new_tire__session_001
a-resnet50-base-f0-s2,a,resnet50,base,0,2,1,79,2528,1787784693.531746,1787784740.6518764,2026-08-26T22:51:33Z,2026-08-26T22:52:20Z,acct4,3,379872,Interactive,17b9112721fb,v2,0.6533522477632836,0.4980221518987341,0.5867913272432101,6e-05,0.8079133584529539,1.4037171602249146,0.7755329012870789,1.2233934521675107,1.312622125148773,0.0,1095.4755707454888,4.4250006847883743e-08,65536.0,0,0,47.10053777694702,42.58191537857056,4.516179800033569,11.935427188873293,29.683512687683105,27.418532848358154,0.7154068946838379,0.2534032041289131,0.3861916397191301,0.3161036968231201,0.3281365394592285,1.5571491670608455,59.36792597338685,23512130,23512130,47.10053777694702,3085.4882922170154,60,384,32,coral,coral_bce,0.0,session_balanced,adamw,0.0003,0.05,cosine,5,60,5.0,True,full,raw,full_frame,dataset_v1_1,fp16,2,resnet50,0,2,base,a,17b9112721fb,0.6935483870967742,0.6666666666666666,0.5616942909760589,0.6935483870967742,0.5885760114061664,0.5070028011204482,0.6666666666666666,1.0,1.0,1.0,67,0.0,0.0,0.0,57,0.6850828729281768,1.0,0.5210084033613446,62,0.8206394857046185,0.3064516129032258,0.5335474503937702,0.6330404235767447,0.9874859761204215,0.596890473990802,0.454473683270075,0.4695043439088865,0.4204569249822382,-0.2390747038266992,0.2390747038266992,0.522220612748673,0.2390747038266992,55.69767441860465,99.0,57.0,5668.188826790697,7207.059456,78.0,80.0,57.51388372093024,87.01,953.720930232558,5000.0,4.0,2627.844886260747,2635.025446104764,0.0,0.0,0.0,473.1043839999999,473.104384,36.76744186046512,37.0,9.68327906976744,10.324,300.0,405.0,1.0,457.6434059562686,459.7895356876853,65.6232558139535,78.9,3.3398189603720927,3.796025344,13.7,2.645385882790697,2.667757568,28.059680768,0.0,3085.4882922170154,0.8570800811713932,0.6110980978752033,713.0,781,Tesla T4,16106.12736,70.0,GPU-2c731706-d8f6-6c3d-2652-b986ab138f34,Tesla T4,16106.12736,70.0,GPU-5f1ba15b-ef52-a833-3083-dd2bcf518ac7,580.159.04,0.0,57,1.0,2,1.0,60,1.0,67
a-resnet50-base-f0-s2,a,resnet50,base,0,2,2,158,5056,1787784741.329151,1787784782.2798162,2026-08-26T22:52:21Z,2026-08-26T22:53:02Z,acct4,3,379872,Interactive,17b9112721fb,v2,0.3462390437533584,0.9212816455696202,0.1039684601128101,0.0001199999999999,0.896563405477548,2.0000314712524414,0.845890462398529,1.5606413483619688,1.768033158779144,0.0,1095.1428320379516,9.824070934847461e-08,65536.0,0,0,40.93434762954712,37.15788340568543,3.7753326892852783,13.032190084457396,23.15703272819519,21.659863233566284,0.7232973575592041,0.318368090347934,0.303724874424029,0.3030698299407959,0.3089165687561035,0.3148805427551269,68.03401508098811,23512130,23512130,88.03488540649414,5780.835866515152,60,384,32,coral,coral_bce,0.0,session_balanced,adamw,0.0003,0.05,cosine,5,60,5.0,True,full,raw,full_frame,dataset_v1_1,fp16,2,resnet50,0,2,base,a,17b9112721fb,1.0,1.0,1.0,1.0,1.0,1.0,1.0,1.0,1.0,1.0,67,1.0,1.0,1.0,57,1.0,1.0,1.0,62,1.0,0.0,1.0,1.0,0.1749103308178244,0.0487674839974168,0.8423505271634748,0.8423505271634748,,-0.1576494728365252,0.1576494728365252,0.2239437405492218,0.1576494728365252,64.39473684210526,99.0,83.0,5767.9164901052645,5797.773312,76.05263157894737,78.0,57.959394736842114,85.166,931.578947368421,5000.0,4.0,2297.214977332108,4958.632087733976,0.0,0.0,0.0,473.1043839999998,473.104384,36.23684210526316,37.0,9.712394736842104,10.229,300.0,405.0,1.0,398.1325969660287,866.5207150235184,69.51052631578946,77.6,3.6290948042105264,3.834912768,13.9,2.651603375157895,2.65160704,26.284822528,0.0,2695.347574298137,0.7487076595272603,0.5338285612429365,713.0,678,Tesla T4,16106.12736,70.0,GPU-2c731706-d8f6-6c3d-2652-b986ab138f34,Tesla T4,16106.12736,70.0,GPU-5f1ba15b-ef52-a833-3083-dd2bcf518ac7,580.159.04,1.0,57,1.0,2,1.0,60,1.0,67
a-resnet50-base-f0-s2,a,resnet50,base,0,2,3,237,7584,1787784783.366345,1787784824.9418712,2026-08-26T22:53:03Z,2026-08-26T22:53:44Z,acct4,3,379872,Interactive,17b9112721fb,v2,0.0344920009610396,1.0,0.0115416808309213,0.0001799999999999,0.2464420641713504,2.953510284423828,0.1800524145364761,0.5194312036037443,1.1620356535911534,0.0,1094.5686826474011,4.052698771131647e-08,65536.0,0,0,41.56124877929688,37.77338624000549,3.785885572433472,13.0351665019989,23.775126457214355,22.372007131576535,0.7206761837005615,0.3136375081321468,0.3114966018290459,0.3114635944366455,0.3202929019927978,0.3232518196105957,66.92542691135843,23512130,23512130,129.59613418579102,8542.476427659263,60,384,32,coral,coral_bce,0.0,session_balanced,adamw,0.0003,0.05,cosine,5,60,5.0,True,full,raw,full_frame,dataset_v1_1,fp16,2,resnet50,0,2,base,a,17b9112721fb,1.0,1.0,1.0,1.0,1.0,1.0,1.0,1.0,1.0,1.0,67,1.0,1.0,1.0,57,1.0,1.0,1.0,62,1.0,0.0,1.0,1.0,0.017626750920833,0.0008436567185807,0.9826326530466798,0.9826326530466798,,-0.0173673469533202,0.0173673469533202,0.0173673469533202,0.0173673469533202,56.8421052631579,99.0,74.0,5797.773312000001,5797.773312,77.71052631578948,79.0,57.47734210526315,83.179,933.157894736842,5000.0,4.0,2356.2392887678134,7363.598892093887,0.0,0.0,0.0,473.1043839999998,473.104384,36.97368421052632,37.0,9.717842105263156,10.526,300.0,405.0,1.0,405.40127237629815,1284.9117640311715,69.79473684210527,76.3,3.663492688842104,3.853910016,13.9,2.652431413894737,2.682933248,26.341453824,0.0,2761.6405611441114,0.7671223780955865,0.5469582555821532,713.0,686,Tesla T4,16106.12736,70.0,GPU-2c731706-d8f6-6c3d-2652-b986ab138f34,Tesla T4,16106.12736,70.0,GPU-5f1ba15b-ef52-a833-3083-dd2bcf518ac7,580.159.04,1.0,57,1.0,2,1.0,60,1.0,67
a-resnet50-base-f0-s2,a,resnet50,base,0,2,4,316,10112,1787784825.4997106,1787784866.4842978,2026-08-26T22:53:45Z,2026-08-26T22:54:26Z,acct4,3,379872,Interactive,17b9112721fb,v2,0.0086646369876505,0.9988132911392406,0.0029329231211675,0.0002399999999999,0.0989136280656992,1.239777445793152,0.056001704186201,0.2227749004960058,0.992936961650848,0.0,1093.7888742265577,2.170370470494536e-08,65536.0,0,0,40.96942853927612,37.21754336357117,3.749633550643921,12.970592498779297,23.283634424209595,21.93877458572388,0.7318460941314697,0.3165919799526808,0.3053351836868479,0.3051214218139648,0.3096893310546875,0.3192602205276489,67.92495612363354,23512130,23512130,170.56556272506714,11277.321116024728,60,384,32,coral,coral_bce,0.0,session_balanced,adamw,0.0003,0.05,cosine,5,60,5.0,True,full,raw,full_frame,dataset_v1_1,fp16,2,resnet50,0,2,base,a,17b9112721fb,1.0,1.0,1.0,1.0,1.0,1.0,1.0,1.0,1.0,1.0,67,1.0,1.0,1.0,57,1.0,1.0,1.0,62,1.0,0.0,1.0,1.0,0.0037506647106971,3.3618249128233914e-05,0.996259162182449,0.996259162182449,,-0.0037408378175509,0.0037408378175509,0.0037408378175509,0.0037408378175509,61.54054054054054,99.0,80.0,5797.773312000001,5797.773312,77.05405405405405,78.0,57.0257027027027,80.073,954.7297297297296,5000.0,4.0,2333.063299833301,9719.647112291806,0.0,0.0,0.0,473.1043839999999,473.104384,37.0,37.0,9.722648648648647,10.324,300.0,405.0,1.0,401.78138853216296,1692.751977603437,68.6243243243243,75.6,3.7295743861621617,3.868356608,14.0,2.652186236540541,2.673037312,26.341453824,0.0,2734.844688365464,0.7596790801015179,0.5416511841123822,713.0,682,Tesla T4,16106.12736,70.0,GPU-2c731706-d8f6-6c3d-2652-b986ab138f34,Tesla T4,16106.12736,70.0,GPU-5f1ba15b-ef52-a833-3083-dd2bcf518ac7,580.159.04,1.0,57,1.0,2,1.0,60,1.0,67
a-resnet50-base-f0-s2,a,resnet50,base,0,2,5,395,12640,1787784867.0377543,1787784907.208982,2026-08-26T22:54:27Z,2026-08-26T22:55:07Z,acct4,3,379872,Interactive,17b9112721fb,v2,0.0072768090758472,0.9980221518987342,0.0005288169467671,0.0003,0.0960859302490289,1.9343165159225464,0.0208845343440771,0.4972104430198665,1.269302294254302,0.0,1092.8293424161836,2.6377200863747418e-08,65536.0,0,0,40.15584421157837,36.436169385910034,3.718487739562988,12.36110019683838,23.123762130737305,21.79036545753479,0.7115108966827393,0.3078281739442108,0.3031172209148166,0.3028225898742676,0.3066247463226318,0.3095719480514526,69.38160741391175,23512130,23512130,210.7214069366455,13975.057141364348,60,384,32,coral,coral_bce,0.0,session_balanced,adamw,0.0003,0.05,cosine,5,60,5.0,True,full,raw,full_frame,dataset_v1_1,fp16,2,resnet50,0,2,base,a,17b9112721fb,1.0,1.0,1.0,1.0,1.0,1.0,1.0,1.0,1.0,1.0,67,1.0,1.0,1.0,57,1.0,1.0,1.0,62,1.0,0.0,1.0,1.0,0.0007881192341029,1.444854327030375e-06,0.9992123550625258,0.9992123550625258,,-0.0007876449374741,0.0007876449374741,0.0007876449374741,0.0007876449374741,60.75675675675676,99.0,66.0,5797.773312000001,5797.773312,76.83783783783784,78.0,58.83705405405406,91.982,1040.6756756756756,5000.0,4.0,2305.7780534579924,12055.001468880664,0.0,0.0,0.0,473.1043839999999,473.104384,36.891891891891895,37.0,9.711675675675671,10.032,300.0,405.0,1.0,391.9579718816288,2091.8289720506687,69.70810810810812,75.9,3.721501945081081,3.852566528,13.9,2.652763661837838,2.694402048,26.341453824,0.0,2697.736025339621,0.7493711181498947,0.5343016072408749,713.0,666,Tesla T4,16106.12736,70.0,GPU-2c731706-d8f6-6c3d-2652-b986ab138f34,Tesla T4,16106.12736,70.0,GPU-5f1ba15b-ef52-a833-3083-dd2bcf518ac7,580.159.04,1.0,57,1.0,2,1.0,60,1.0,67
a-resnet50-base-f0-s2,a,resnet50,base,0,2,6,474,15168,1787784907.7522535,1787784948.3226802,2026-08-26T22:55:07Z,2026-08-26T22:55:48Z,acct4,3,379872,Interactive,17b9112721fb,v2,0.0029478288886337,1.0,0.0006374170529901,0.0002997553655889,0.0339508039870924,0.2880652546882629,0.0180310755968093,0.1233241967856883,0.2053078529238699,0.0,1091.7556014129543,9.321624407530068e-09,65536.0,0,0,40.54493284225464,36.86166048049927,3.681040763854981,12.836339473724363,23.072596549987797,21.719080448150635,0.7227466106414795,0.3165954059824398,0.3025039057188396,0.3027017116546631,0.3058524131774902,0.3127266931533813,68.58074126469084,23512130,23512130,251.26633977890012,16704.943520879267,60,384,32,coral,coral_bce,0.0,session_balanced,adamw,0.0003,0.05,cosine,5,60,5.0,True,full,raw,full_frame,dataset_v1_1,fp16,2,resnet50,0,2,base,a,17b9112721fb,1.0,1.0,1.0,1.0,1.0,1.0,1.0,1.0,1.0,1.0,67,1.0,1.0,1.0,57,1.0,1.0,1.0,62,1.0,0.0,1.0,1.0,0.0009489017716825,2.391896441461396e-06,0.9990518567382648,0.9990518567382648,,-0.0009481432617352,0.0009481432617352,0.0009481432617352,0.0009481432617352,64.72972972972973,99.0,80.0,5797.773312000001,5797.773312,76.94594594594595,78.0,57.6638108108108,74.964,1012.2972972972972,5000.0,4.0,2332.8258943729325,14414.402603615765,0.0,0.0,0.0,473.1043839999999,473.104384,36.648648648648646,37.0,9.676567567567568,10.324,300.0,405.0,1.0,397.0604851419871,2494.835033292766,69.78918918918919,75.3,3.73996505254054,3.915620352,14.1,2.6538636038918924,2.696957952,26.341453824,0.0,2729.88637951492,0.7583017720874776,0.5406691634983716,713.0,672,Tesla T4,16106.12736,70.0,GPU-2c731706-d8f6-6c3d-2652-b986ab138f34,Tesla T4,16106.12736,70.0,GPU-5f1ba15b-ef52-a833-3083-dd2bcf518ac7,580.159.04,1.0,57,1.0,2,1.0,60,1.0,67
a-resnet50-base-f0-s2,a,resnet50,base,0,2,7,553,17696,1787784948.876042,1787784989.2129204,2026-08-26T22:55:48Z,2026-08-26T22:56:29Z,acct4,3,379872,Interactive,17b9112721fb,v2,0.0011065960760431,1.0,0.0007716671049517,0.0002990222603022,0.015354385936951,0.3527156114578247,0.0052665472030639,0.0276505704969167,0.2531292301416395,0.0,1090.66294669532,4.2096444207004654e-09,65536.0,0,0,40.32044863700867,36.54186081886292,3.7773208618164062,12.68550968170166,22.91051936149597,21.516369104385376,0.7175099849700928,0.3146172751177697,0.3004835647872731,0.3001110553741455,0.3050039291381836,0.307251353263855,69.18093231571409,23512130,23512130,291.5867884159088,19404.866426972883,60,384,32,coral,coral_bce,0.0,session_balanced,adamw,0.0003,0.05,cosine,5,60,5.0,True,full,raw,full_frame,dataset_v1_1,fp16,2,resnet50,0,2,base,a,17b9112721fb,1.0,1.0,1.0,1.0,1.0,1.0,1.0,1.0,1.0,1.0,67,1.0,1.0,1.0,57,1.0,1.0,1.0,62,1.0,0.0,1.0,1.0,0.0011935483432617,7.300670333213474e-06,0.9988087351604176,0.9988087351604176,,-0.0011912648395825,0.0011912648395825,0.0011912648395825,0.0011912648395825,52.43243243243244,99.0,54.0,5797.773312000001,5797.773312,76.67567567567568,78.0,56.86272972972972,92.815,979.4594594594596,5000.0,4.0,2305.1191864552693,16748.00625328138,0.0,0.0,0.0,473.1043839999999,473.104384,36.48648648648648,37.0,9.708216216216211,10.127,300.0,405.0,1.0,394.8037196383475,2895.8708987262207,69.02972972972972,77.6,3.743426504648649,3.90119424,14.1,2.652598936216217,2.6883072,26.341453824,0.0,2699.922906093617,0.7499785850260047,0.5347347311235413,713.0,668,Tesla T4,16106.12736,70.0,GPU-2c731706-d8f6-6c3d-2652-b986ab138f34,Tesla T4,16106.12736,70.0,GPU-5f1ba15b-ef52-a833-3083-dd2bcf518ac7,580.159.04,1.0,57,1.0,2,1.0,60,1.0,67
a-resnet50-base-f0-s2,a,resnet50,base,0,2,8,632,20224,1787784989.7628398,1787785030.2808094,2026-08-26T22:56:29Z,2026-08-26T22:57:10Z,acct4,3,379872,Interactive,17b9112721fb,v2,0.0011220304741188,1.0,0.0004172962830888,0.0002978030753771,0.0143389769408356,0.212786927819252,0.0058787367306649,0.052652673050761,0.1557263410091399,0.0,1089.5729616990675,3.91914225191865e-09,65536.0,0,0,40.50096344947815,36.70279574394226,3.796752691268921,12.686904668807983,23.022107362747192,21.631691455841064,0.7549993991851807,0.3132494535502575,0.3024064709868612,0.3019404411315918,0.3061883926391601,0.3166301536560058,68.87758680937112,23512130,23512130,332.08775186538696,22114.429726626196,60,384,32,coral,coral_bce,0.0,session_balanced,adamw,0.0003,0.05,cosine,5,60,5.0,True,full,raw,full_frame,dataset_v1_1,fp16,2,resnet50,0,2,base,a,17b9112721fb,1.0,1.0,1.0,1.0,1.0,1.0,1.0,1.0,1.0,1.0,67,1.0,1.0,1.0,57,1.0,1.0,1.0,62,1.0,0.0,1.0,1.0,0.0006585208697284,2.4504920382305605e-06,0.9993422339039464,0.9993422339039464,,-0.0006577660960536,0.0006577660960536,0.0006577660960536,0.0006577660960536,63.86842105263158,99.0,81.5,5797.773312000001,5797.773312,77.21052631578948,78.0,57.32173684210527,81.722,969.078947368421,5000.0,4.0,2311.8124367914315,19085.36515330175,0.0,0.0,0.0,473.1043839999998,473.104384,36.78947368421053,37.0,9.778763157894735,10.719,300.0,405.0,1.0,397.7508628618766,3300.0961642241487,68.19473684210527,76.0,3.728098789052632,3.887169536,14.0,2.6523572547368426,2.6801152,26.341453824,0.0,2709.563299653308,0.7526564721259189,0.5366440646257802,713.0,670,Tesla T4,16106.12736,70.0,GPU-2c731706-d8f6-6c3d-2652-b986ab138f34,Tesla T4,16106.12736,70.0,GPU-5f1ba15b-ef52-a833-3083-dd2bcf518ac7,580.159.04,1.0,57,1.0,2,1.0,60,1.0,67
a-resnet50-base-f0-s2,a,resnet50,base,0,2,9,711,22752,1787785030.8458052,1787785072.260583,2026-08-26T22:57:10Z,2026-08-26T22:57:52Z,acct4,3,379872,Interactive,17b9112721fb,v2,0.001193264393575,0.9992088607594936,0.000262995550402,0.0002961017875413,0.0380041692523828,1.2587767839431765,0.0048546274192631,0.0987543061375617,0.8056252133846277,0.0,1088.5170256883523,1.0338012345317581e-08,65536.0,0,0,41.399359941482544,37.65157747268677,3.746613025665283,13.827085971832275,22.858783721923828,21.50674843788147,0.7313086986541748,0.3339927475056783,0.2999950903880445,0.299358606338501,0.3045414924621582,0.3094570255279541,67.14194117985797,23512130,23512130,373.4871118068695,24873.14135413864,60,384,32,coral,coral_bce,0.0,session_balanced,adamw,0.0003,0.05,cosine,5,60,5.0,True,full,raw,full_frame,dataset_v1_1,fp16,2,resnet50,0,2,base,a,17b9112721fb,1.0,1.0,1.0,1.0,1.0,1.0,1.0,1.0,1.0,1.0,67,1.0,1.0,1.0,57,1.0,1.0,1.0,62,1.0,0.0,1.0,1.0,0.0003928052758134,7.47005266880258e-07,0.9996074364390424,0.9996074364390424,,-0.0003925635609575,0.0003925635609575,0.0003925635609575,0.0003925635609575,55.26315789473684,99.0,60.5,5797.773312000001,5797.773312,76.60526315789474,78.0,56.75189473684212,86.373,998.6842105263158,5000.0,4.0,2353.2933970918566,21463.94669020536,0.0,0.0,0.0,473.1043839999998,473.104384,36.21052631578947,37.0,9.775736842105262,10.225,300.0,405.0,1.0,405.4182304205856,3712.077867297646,68.85263157894735,76.6,3.751162071578948,3.93947136,14.2,2.6516070400000005,2.65160704,26.284822528,0.0,2758.711627512442,0.7663087854201228,0.5463781640045476,713.0,684,Tesla T4,16106.12736,70.0,GPU-2c731706-d8f6-6c3d-2652-b986ab138f34,Tesla T4,16106.12736,70.0,GPU-5f1ba15b-ef52-a833-3083-dd2bcf518ac7,580.159.04,1.0,57,1.0,2,1.0,60,1.0,67
a-resnet50-base-f0-s2,a,resnet50,base,0,2,10,790,25280,1787785072.80626,1787785113.6292217,2026-08-26T22:57:52Z,2026-08-26T22:58:33Z,acct4,3,379872,Interactive,17b9112721fb,v2,0.0005068912919053,1.0,8.706245830336396e-05,0.0002939239460421,0.0082898746705849,0.1206118762493133,0.0035751331597566,0.0298933031037449,0.0771551509201526,0.0,1087.4448475858226,2.240658623545605e-09,65536.0,0,0,40.8060257434845,37.02093195915222,3.783481359481812,13.006649017333984,23.06190395355225,21.72575116157532,0.717536449432373,0.318743341953872,0.3022843191895303,0.3020403385162353,0.3067032337188721,0.3104245090484619,68.28569315297948,23512130,23512130,414.293137550354,27595.074761542583,60,384,32,coral,coral_bce,0.0,session_balanced,adamw,0.0003,0.05,cosine,5,60,5.0,True,full,raw,full_frame,dataset_v1_1,fp16,2,resnet50,0,2,base,a,17b9112721fb,1.0,1.0,1.0,1.0,1.0,1.0,1.0,1.0,1.0,1.0,67,1.0,1.0,1.0,57,1.0,1.0,1.0,62,1.0,0.0,1.0,1.0,0.0001350768510502,7.329218081874215e-08,0.9998649467704116,0.9998649467704116,,-0.0001350532295882,0.0001350532295882,0.0001350532295882,0.0001350532295882,56.75675675675676,99.0,72.0,5797.773312000001,5797.773312,77.48648648648648,78.0,57.46375675675676,89.381,1028.918918918919,5000.0,4.0,2320.242116532805,23819.73918511989,0.0,0.0,0.0,473.1043839999999,473.104384,36.78378378378378,37.0,9.84889189189189,10.423,300.0,405.0,1.0,401.69129087114425,4120.87448033571,69.58648648648649,77.8,3.755937127783784,3.984318464,14.3,2.6516070400000005,2.65160704,26.284822528,0.0,2721.9334074039493,0.7560926131677637,0.5390940331886155,713.0,674,Tesla T4,16106.12736,70.0,GPU-2c731706-d8f6-6c3d-2652-b986ab138f34,Tesla T4,16106.12736,70.0,GPU-5f1ba15b-ef52-a833-3083-dd2bcf518ac7,580.159.04,1.0,57,1.0,2,1.0,60,1.0,67
a-resnet50-base-f0-s2,a,resnet50,base,0,2,11,869,27808,1787785114.2985506,1787785155.2243629,2026-08-26T22:58:34Z,2026-08-26T22:59:15Z,acct4,3,379872,Interactive,17b9112721fb,v2,0.0003772197687564,1.0,0.0001151759261706,0.0002912766545459,0.005759466297282,0.1017637550830841,0.0020355053711682,0.0156261290423572,0.0849799886345863,0.0,1086.3817279666134,1.544206821466249e-09,65536.0,0,0,40.90984749794006,37.1664297580719,3.7421276569366455,13.402930498123167,22.819467306137085,21.5022554397583,0.7128250598907471,0.3276211307998165,0.2992962613890442,0.2989025115966797,0.3037391185760498,0.3071795225143433,68.01837078394549,23512130,23512130,455.20298504829407,30323.015124393,60,384,32,coral,coral_bce,0.0,session_balanced,adamw,0.0003,0.05,cosine,5,60,5.0,True,full,raw,full_frame,dataset_v1_1,fp16,2,resnet50,0,2,base,a,17b9112721fb,1.0,1.0,1.0,1.0,1.0,1.0,1.0,1.0,1.0,1.0,67,1.0,1.0,1.0,57,1.0,1.0,1.0,62,1.0,0.0,1.0,1.0,0.0001808363564692,1.8761208814496326e-07,0.999819221996492,0.999819221996492,,-0.000180778003508,0.000180778003508,0.000180778003508,0.000180778003508,46.94736842105263,99.0,37.5,5797.773312000001,5797.773312,76.92105263157895,78.0,54.98628947368422,73.944,999.4736842105264,5000.0,4.0,2320.067947131145,26177.97407318403,0.0,0.0,0.0,473.1043839999998,473.104384,36.13157894736842,37.0,9.93123684210526,10.423,300.0,405.0,1.0,407.8724157192664,4537.487639715903,69.03684210526316,78.2,3.70789052631579,3.855876096,14.1,2.6516070400000005,2.65160704,26.284822528,0.0,2727.9403628504115,0.757761211902892,0.540283744086762,713.0,676,Tesla T4,16106.12736,70.0,GPU-2c731706-d8f6-6c3d-2652-b986ab138f34,Tesla T4,16106.12736,70.0,GPU-5f1ba15b-ef52-a833-3083-dd2bcf518ac7,580.159.04,1.0,57,1.0,2,1.0,60,1.0,67
a-resnet50-base-f0-s2,a,resnet50,base,0,2,12,948,30336,1787785155.7621474,1787785196.397642,2026-08-26T22:59:15Z,2026-08-26T22:59:56Z,acct4,3,379872,Interactive,17b9112721fb,v2,0.000215425195522,1.0,3.926356145310947e-05,0.0002881685479672,0.0029890301329366,0.0478909686207771,0.001663091010414,0.0079359283670783,0.0178823781758546,0.0,1085.3316647325253,7.936232777755751e-10,65536.0,0,0,40.61591148376465,36.9068877696991,3.707437515258789,13.203625679016112,22.763108015060425,21.432518243789676,0.710684061050415,0.3250850515639414,0.2984895042226284,0.2978951930999756,0.3028995513916016,0.3083213520050049,68.49669947178565,23512130,23512130,495.8188965320587,33035.65224278544,60,384,32,coral,coral_bce,0.0,session_balanced,adamw,0.0003,0.05,cosine,5,60,5.0,True,full,raw,full_frame,dataset_v1_1,fp16,2,resnet50,0,2,base,a,17b9112721fb,1.0,1.0,1.0,1.0,1.0,1.0,1.0,1.0,1.0,1.0,67,1.0,1.0,1.0,57,1.0,1.0,1.0,62,1.0,0.0,1.0,1.0,6.410293752187947e-05,1.2093104198011077e-08,0.9999359009727355,0.9999359009727355,,-6.40990272644526e-05,6.40990272644526e-05,6.40990272644526e-05,6.40990272644526e-05,61.8421052631579,99.0,78.0,5797.773312000001,5797.773312,76.84210526315789,78.0,56.51389473684211,87.496,1062.2368421052631,5000.0,4.0,2309.542276848289,28514.55910041712,0.0,0.0,0.0,473.1043839999998,473.104384,36.55263157894737,37.0,9.876973684210526,10.522,300.0,405.0,1.0,403.09484154414713,4947.346280048836,69.00526315789473,75.6,3.759411092210525,3.903328256,14.1,2.652039922526316,2.668056576,26.341453824,0.0,2712.6371183924366,0.7535103106645658,0.5372528515038353,713.0,672,Tesla T4,16106.12736,70.0,GPU-2c731706-d8f6-6c3d-2652-b986ab138f34,Tesla T4,16106.12736,70.0,GPU-5f1ba15b-ef52-a833-3083-dd2bcf518ac7,580.159.04,1.0,57,1.0,2,1.0,60,1.0,67
a-resnet50-base-f0-s2,a,resnet50,base,0,2,13,1027,32864,1787785196.9712386,1787785238.033359,2026-08-26T22:59:56Z,2026-08-26T23:00:38Z,acct4,3,379872,Interactive,17b9112721fb,v2,0.0002010589776523,1.0,3.899034771909286e-05,0.0002846097643037,0.0032456428298131,0.0808859542012214,0.0016396782593801,0.0058804454281926,0.0259398151189088,0.0,1084.2940812793213,8.519290631165587e-10,65536.0,0,0,41.045435428619385,37.169519662857056,3.874277114868164,13.425057172775269,22.786257028579712,21.354613542556763,0.7236442565917969,0.3270779572096949,0.2990278081048893,0.2986109256744385,0.3027558326721191,0.3134940147399902,68.01271641199584,23512130,23512130,536.8643319606781,35774.138585843546,60,384,32,coral,coral_bce,0.0,session_balanced,adamw,0.0003,0.05,cosine,5,60,5.0,True,full,raw,full_frame,dataset_v1_1,fp16,2,resnet50,0,2,base,a,17b9112721fb,1.0,1.0,1.0,1.0,1.0,1.0,1.0,1.0,1.0,1.0,67,1.0,1.0,1.0,57,1.0,1.0,1.0,62,1.0,0.0,1.0,1.0,6.382003664770846e-05,1.5809703819787413e-08,0.9999361848959358,0.9999361848959358,,-6.381510406416879e-05,6.381510406416879e-05,6.381510406416879e-05,6.381510406416879e-05,53.42105263157895,99.0,56.5,5797.773312000001,5797.773312,77.0,78.0,54.7615,97.644,1124.6052631578948,5000.0,4.0,2333.4960906980086,30878.159334839573,0.0,0.0,0.0,473.1043839999998,473.104384,36.1578947368421,37.0,9.827526315789475,10.225,300.0,405.0,1.0,404.99025236009857,5359.089014026624,69.01315789473682,75.6,3.7539595317894734,3.97596672,14.3,2.654069813894737,2.697416704,26.341453824,0.0,2738.486343058107,0.7606906508494742,0.5423724340556751,713.0,682,Tesla T4,16106.12736,70.0,GPU-2c731706-d8f6-6c3d-2652-b986ab138f34,Tesla T4,16106.12736,70.0,GPU-5f1ba15b-ef52-a833-3083-dd2bcf518ac7,580.159.04,1.0,57,1.0,2,1.0,60,1.0,67
a-resnet50-base-f0-s2,a,resnet50,base,0,2,14,1106,35392,1787785238.6046305,1787785278.6434689,2026-08-26T23:00:38Z,2026-08-26T23:01:18Z,acct4,3,379872,Interactive,17b9112721fb,v2,0.0001623104303401,1.0,9.515127725711452e-05,0.0002806119115679,0.0020683797351173,0.0106940064579248,0.0012983347987756,0.0064321458805352,0.009585750773549,0.0,1083.2720677648786,5.357952158013998e-10,65536.0,0,0,40.021119594573975,36.241825103759766,3.777981996536255,12.63392686843872,22.6544930934906,21.29096531867981,0.7200109958648682,0.3156814950812024,0.2971675818479514,0.2969908714294433,0.3010719299316406,0.305481481552124,69.75366148813909,23512130,23512130,576.8854515552521,38463.05859167287,60,384,32,coral,coral_bce,0.0,session_balanced,adamw,0.0003,0.05,cosine,5,60,5.0,True,full,raw,full_frame,dataset_v1_1,fp16,2,resnet50,0,2,base,a,17b9112721fb,1.0,1.0,1.0,1.0,1.0,1.0,1.0,1.0,1.0,1.0,67,1.0,1.0,1.0,57,1.0,1.0,1.0,62,1.0,0.0,1.0,1.0,0.0001532615066053,1.4769859361917286e-07,0.9998467833765092,0.9998467833765092,,-0.0001532166234908,0.0001532166234908,0.0001532166234908,0.0001532166234908,59.5945945945946,99.0,79.0,5797.773312000001,5797.773312,76.86486486486487,78.0,56.09408108108107,85.413,1059.7297297297298,5000.0,4.0,2297.2687893166403,33206.59788919184,0.0,0.0,0.0,473.1043839999999,473.104384,36.08108108108108,37.0,9.760702702702703,10.127,300.0,405.0,1.0,391.6512165126778,5757.916811823587,69.65405405405406,76.1,3.77055885145946,3.921276928,14.4,2.6516070400000005,2.65160704,26.284822528,0.0,2688.920005829318,0.7469222238414772,0.5325555455989733,713.0,658,Tesla T4,16106.12736,70.0,GPU-2c731706-d8f6-6c3d-2652-b986ab138f34,Tesla T4,16106.12736,70.0,GPU-5f1ba15b-ef52-a833-3083-dd2bcf518ac7,580.159.04,1.0,57,1.0,2,1.0,60,1.0,67
a-resnet50-base-f0-s2,a,resnet50,base,0,2,15,1185,37920,1787785279.1961398,1787785320.2272787,2026-08-26T23:01:19Z,2026-08-26T23:02:00Z,acct4,3,379872,Interactive,17b9112721fb,v2,0.0001452184996069,1.0,0.0001032080933024,0.0002761880299246,0.0028036565927322,0.0562333315610885,0.0010764464968815,0.0084426771849393,0.0477530357986688,0.0,1082.2665924276644,7.154765714380306e-10,65536.0,0,0,41.01602029800415,37.21933388710022,3.79433012008667,13.468812227249146,22.765241146087646,21.427501440048218,0.7224006652832031,0.3283793047055943,0.2989845185340205,0.2990174293518066,0.3032830715179443,0.3116319036483764,67.92168843398282,23512130,23512130,617.9014718532562,41150.47387632824,60,384,32,coral,coral_bce,0.0,session_balanced,adamw,0.0003,0.05,cosine,5,60,5.0,True,full,raw,full_frame,dataset_v1_1,fp16,2,resnet50,0,2,base,a,17b9112721fb,1.0,1.0,1.0,1.0,1.0,1.0,1.0,1.0,1.0,1.0,67,1.0,1.0,1.0,57,1.0,1.0,1.0,62,1.0,0.0,1.0,1.0,0.0001670159520586,1.92074561536014e-07,0.9998330419422478,0.9998330419422478,,-0.0001669580577522,0.0001669580577522,0.0001669580577522,0.0001669580577522,64.13513513513513,99.0,89.0,5797.773312000001,5797.773312,77.13513513513513,78.0,55.25248648648649,69.069,1067.4324324324325,5000.0,4.0,2286.031701345957,35527.89144600989,0.0,0.0,0.0,473.1043839999999,473.104384,36.51351351351352,37.0,9.766324324324325,10.423,300.0,405.0,1.0,401.3835833094117,6167.712484612445,69.37837837837839,76.2,3.7831426490810807,3.916906496,14.1,2.6516070400000005,2.65160704,26.284822528,0.0,2687.415284655369,0.7465042457376024,0.5322575272109105,713.0,680,Tesla T4,16106.12736,70.0,GPU-2c731706-d8f6-6c3d-2652-b986ab138f34,Tesla T4,16106.12736,70.0,GPU-5f1ba15b-ef52-a833-3083-dd2bcf518ac7,580.159.04,1.0,57,1.0,2,1.0,60,1.0,67
a-resnet50-base-f0-s2,a,resnet50,base,0,2,16,1264,40448,1787785320.7797873,1787785361.6098435,2026-08-26T23:02:00Z,2026-08-26T23:02:41Z,acct4,3,379872,Interactive,17b9112721fb,v2,0.0001889804760692,1.0,9.671548759210815e-05,0.0002713525491562,0.0024264880932743,0.024293040856719,0.0011154563399031,0.009733432624489,0.023259112201631,0.0,1081.278870003382,6.089397914575095e-10,65536.0,0,0,40.810391426086426,36.952167987823486,3.856778860092163,13.196964025497437,22.7901029586792,21.420387506484985,0.7365188598632812,0.3233726402599952,0.2991824693317654,0.2984538078308105,0.3031201839447021,0.3130015754699707,68.41276541157285,23512130,23512130,658.7118632793427,43871.4963476756,60,384,32,coral,coral_bce,0.0,session_balanced,adamw,0.0003,0.05,cosine,5,60,5.0,True,full,raw,full_frame,dataset_v1_1,fp16,2,resnet50,0,2,base,a,17b9112721fb,1.0,1.0,1.0,1.0,1.0,1.0,1.0,1.0,1.0,1.0,67,1.0,1.0,1.0,57,1.0,1.0,1.0,62,1.0,0.0,1.0,1.0,0.0001604270366809,1.951303058196207e-07,0.999839630178226,0.999839630178226,,-0.000160369821774,0.000160369821774,0.000160369821774,0.000160369821774,54.32432432432432,99.0,61.0,5797.773312000001,5797.773312,77.21621621621621,78.0,56.18556756756757,77.738,1073.5135135135135,5000.0,4.0,2318.784717581533,37873.04644036702,0.0,0.0,0.0,473.1043839999999,473.104384,36.78378378378378,37.0,9.808783783783785,10.719,300.0,405.0,1.0,402.2377537658267,6575.726519048915,69.33243243243246,76.4,3.753153065513513,3.888304128,14.0,2.6523367922162167,2.678607872,26.341453824,0.0,2721.02247134736,0.7558395753742666,0.5389136172418522,713.0,678,Tesla T4,16106.12736,70.0,GPU-2c731706-d8f6-6c3d-2652-b986ab138f34,Tesla T4,16106.12736,70.0,GPU-5f1ba15b-ef52-a833-3083-dd2bcf518ac7,580.159.04,1.0,57,1.0,2,1.0,60,1.0,67
a-resnet50-base-f0-s2,a,resnet50,base,0,2,17,1343,42976,1787785362.1321335,1787785402.7452917,2026-08-26T23:02:42Z,2026-08-26T23:03:22Z,acct4,3,379872,Interactive,17b9112721fb,v2,0.0001868799200691,1.0,9.03103467745466e-05,0.0002661212415958,0.0026499387738884,0.0498203225433826,0.0007828356465324,0.0062565602827817,0.0451454358547925,0.0,1080.31038434078,6.527799851618874e-10,65536.0,0,0,40.59482645988464,36.90176773071289,3.691851139068604,13.4040629863739,22.55810809135437,21.225704669952396,0.7074081897735596,0.3301914099723926,0.2959299268601816,0.2959938049316406,0.2995289325714111,0.3029805755615234,68.50620323795428,23512130,23512130,699.3066897392273,46557.753152240766,60,384,32,coral,coral_bce,0.0,session_balanced,adamw,0.0003,0.05,cosine,5,60,5.0,True,full,raw,full_frame,dataset_v1_1,fp16,2,resnet50,0,2,base,a,17b9112721fb,1.0,1.0,1.0,1.0,1.0,1.0,1.0,1.0,1.0,1.0,67,1.0,1.0,1.0,57,1.0,1.0,1.0,62,1.0,0.0,1.0,1.0,0.0001472409628177,1.550016246811104e-07,0.999852805368362,0.999852805368362,,-0.000147194631638,0.000147194631638,0.000147194631638,0.000147194631638,59.810810810810814,99.0,71.0,5797.773312000001,5797.773312,76.70270270270271,78.0,54.79013513513513,67.984,1047.5675675675675,5000.0,4.0,2289.6323919369897,40197.14058843946,0.0,0.0,0.0,473.1043839999999,473.104384,36.32432432432432,37.0,9.707513513513511,10.028,300.0,405.0,1.0,396.6244126281808,6979.45179747557,68.47837837837838,77.8,3.7776981794594593,3.97350912,14.3,2.6516070400000005,2.65160704,26.341453824,0.0,2686.2568045651706,0.7461824457125473,0.5320280837930462,713.0,674,Tesla T4,16106.12736,70.0,GPU-2c731706-d8f6-6c3d-2652-b986ab138f34,Tesla T4,16106.12736,70.0,GPU-5f1ba15b-ef52-a833-3083-dd2bcf518ac7,580.159.04,1.0,57,1.0,2,1.0,60,1.0,67
a-resnet50-base-f0-s2,a,resnet50,base,0,2,18,1422,45504,1787785403.2907066,1787785443.392893,2026-08-26T23:03:23Z,2026-08-26T23:04:03Z,acct4,3,379872,Interactive,17b9112721fb,v2,0.0001665076082115,1.0,1.6871087849213708e-05,0.0002605111706814,0.0029252643236091,0.1139648333191871,0.0007052582222968,0.0063275132328271,0.042890886813402,0.0,1079.3621279504334,7.060318439587984e-10,65536.0,0,0,40.08475828170776,36.34563946723938,3.737762451171875,12.675388097763062,22.71676254272461,21.39846968650818,0.7246124744415283,0.3162146571692646,0.298046160347854,0.2975087165832519,0.3015202045440673,0.3081824922561645,69.55442350322784,23512130,23512130,739.3914480209351,49226.58851207066,60,384,32,coral,coral_bce,0.0,session_balanced,adamw,0.0003,0.05,cosine,5,60,5.0,True,full,raw,full_frame,dataset_v1_1,fp16,2,resnet50,0,2,base,a,17b9112721fb,1.0,1.0,1.0,1.0,1.0,1.0,1.0,1.0,1.0,1.0,67,1.0,1.0,1.0,57,1.0,1.0,1.0,62,1.0,0.0,1.0,1.0,2.6825781600881955e-05,3.610048885124383e-09,0.9999731753462104,0.9999731753462104,,-2.682465378955889e-05,2.682465378955889e-05,2.682465378955889e-05,2.682465378955889e-05,46.891891891891895,99.0,53.0,5797.773312000001,5797.773312,76.97297297297297,78.0,58.426729729729736,90.471,1083.6486486486488,5000.0,4.0,2275.954901128054,42500.2230049467,0.0,0.0,0.0,473.1043839999999,473.104384,36.7027027027027,37.0,9.70227027027027,10.127,300.0,405.0,1.0,392.8804587018412,7378.241358916507,69.2135135135135,76.0,3.81155206227027,3.980951552,14.4,2.6522783411891893,2.676445184,26.341453824,0.0,2668.8353598298954,0.7413431555083043,0.5285776698774209,713.0,664,Tesla T4,16106.12736,70.0,GPU-2c731706-d8f6-6c3d-2652-b986ab138f34,Tesla T4,16106.12736,70.0,GPU-5f1ba15b-ef52-a833-3083-dd2bcf518ac7,580.159.04,1.0,57,1.0,2,1.0,60,1.0,67
a-resnet50-base-f0-s2,a,resnet50,base,0,2,19,1501,48032,1787785443.960693,1787785484.1525135,2026-08-26T23:04:03Z,2026-08-26T23:04:44Z,acct4,3,379872,Interactive,17b9112721fb,v2,9.552974531484496e-05,1.0,2.210471467806592e-05,0.0002545406352982,0.0015353929725566,0.0330009423196315,0.000610472576227,0.0037078178254887,0.0149388923309743,0.0,1078.4372625172002,3.623946577614519e-10,65536.0,0,0,40.17191529273987,36.4664580821991,3.703713178634644,12.801912546157835,22.706465244293213,21.35801196098328,0.7323129177093506,0.3186781723716191,0.2979545412184317,0.2973470687866211,0.3025088787078857,0.3091610527038574,69.32397970490119,23512130,23512130,779.5633633136749,51917.13150476716,60,384,32,coral,coral_bce,0.0,session_balanced,adamw,0.0003,0.05,cosine,5,60,5.0,True,full,raw,full_frame,dataset_v1_1,fp16,2,resnet50,0,2,base,a,17b9112721fb,1.0,1.0,1.0,1.0,1.0,1.0,1.0,1.0,1.0,1.0,67,1.0,1.0,1.0,57,1.0,1.0,1.0,62,1.0,0.0,1.0,1.0,3.4936660784292584e-05,6.197454434899411e-09,0.99996506526906,0.99996506526906,,-3.493473093996169e-05,3.493473093996169e-05,3.493473093996169e-05,3.493473093996169e-05,66.76315789473684,99.0,98.0,5797.773312000001,5797.773312,77.3157894736842,78.0,58.560552631578936,97.733,1041.7105263157894,5000.0,4.0,2299.185546643952,44832.67838724326,0.0,0.0,0.0,473.1043839999998,473.104384,36.578947368421055,37.0,9.746921052631578,10.324,300.0,405.0,1.0,391.3574460525515,7776.361307801947,68.62105263157895,75.9,3.791724975157895,3.98043136,14.3,2.6516070400000005,2.65160704,26.284822528,0.0,2690.5429926965035,0.7473730535268065,0.5328769871646131,713.0,664,Tesla T4,16106.12736,70.0,GPU-2c731706-d8f6-6c3d-2652-b986ab138f34,Tesla T4,16106.12736,70.0,GPU-5f1ba15b-ef52-a833-3083-dd2bcf518ac7,580.159.04,1.0,57,1.0,2,1.0,60,1.0,67
a-resnet50-base-f0-s2,a,resnet50,base,0,2,20,1580,50560,1787785484.7169363,1787785525.0137477,2026-08-26T23:04:44Z,2026-08-26T23:05:25Z,acct4,3,379872,Interactive,17b9112721fb,v2,8.903031675224236e-05,1.0,4.285221540911113e-05,0.0002482291100917,0.0011839256047188,0.0145993884652853,0.0005076531087979,0.0039178367005661,0.0075336119532585,0.0,1077.5352248372376,2.7273799732964035e-10,65536.0,0,0,40.27834606170654,36.54666113853455,3.730402946472168,13.088302850723268,22.536989450454712,21.206124305725098,0.7059543132781982,0.3249463826213705,0.2954754678508903,0.2953505516052246,0.2987509250640869,0.3033587026596069,69.1718455597711,23512130,23512130,819.8417093753815,54579.75922498774,60,384,32,coral,coral_bce,0.0,session_balanced,adamw,0.0003,0.05,cosine,5,60,5.0,True,full,raw,full_frame,dataset_v1_1,fp16,2,resnet50,0,2,base,a,17b9112721fb,1.0,1.0,1.0,1.0,1.0,1.0,1.0,1.0,1.0,1.0,67,1.0,1.0,1.0,57,1.0,1.0,1.0,62,1.0,0.0,1.0,1.0,6.858751540632236e-05,2.990339681913916e-08,0.9999314216516352,0.9999314216516352,,-6.857834836493382e-05,6.857834836493382e-05,6.857834836493382e-05,6.857834836493382e-05,54.16216216216216,99.0,64.0,5797.773312000001,5797.773312,76.70270270270271,78.0,56.28743243243244,87.15,1081.6216216216217,5000.0,4.0,2270.50830719401,47138.16504063916,0.0,0.0,0.0,473.1043839999999,473.104384,36.16216216216216,37.0,9.704810810810809,10.127,300.0,405.0,1.0,392.1194130265712,8176.650466358886,69.36486486486487,75.7,3.79885401945946,3.997093888,14.3,2.6523863870270272,2.67257856,26.341453824,0.0,2662.627720220581,0.7396188111723836,0.5273482123659096,713.0,664,Tesla T4,16106.12736,70.0,GPU-2c731706-d8f6-6c3d-2652-b986ab138f34,Tesla T4,16106.12736,70.0,GPU-5f1ba15b-ef52-a833-3083-dd2bcf518ac7,580.159.04,1.0,57,1.0,2,1.0,60,1.0,67
a-resnet50-base-f0-s2,a,resnet50,base,0,2,21,1659,53088,1787785525.786242,1787785566.702808,2026-08-26T23:05:25Z,2026-08-26T23:06:06Z,acct4,3,379872,Interactive,17b9112721fb,v2,0.0001129543343037,1.0,9.36026313103221e-05,0.0002415971819453,0.0032818717001554,0.1664768159389495,0.000529502867721,0.0050590863917022,0.0474120943434534,0.0,1076.6582036754849,7.364370155327551e-10,65536.0,0,0,40.89899730682373,37.13073682785034,3.76703405380249,13.469321250915527,22.715545415878296,21.386078357696533,0.7096378803253174,0.3293313317651496,0.2979126187819468,0.2974495887756347,0.3023058414459229,0.3075229072570801,68.08375529202652,23512130,23512130,860.7407066822052,57287.9599855816,60,384,32,coral,coral_bce,0.0,session_balanced,adamw,0.0003,0.05,cosine,5,60,5.0,True,full,raw,full_frame,dataset_v1_1,fp16,2,resnet50,0,2,base,a,17b9112721fb,1.0,1.0,1.0,1.0,1.0,1.0,1.0,1.0,1.0,1.0,67,1.0,1.0,1.0,57,1.0,1.0,1.0,62,1.0,0.0,1.0,1.0,0.0001588070431463,2.277584742804068e-07,0.9998412587309397,0.9998412587309397,,-0.0001587412690603,0.0001587412690603,0.0001587412690603,0.0001587412690603,47.13157894736842,99.0,44.0,5797.773312000001,5797.773312,77.13157894736842,79.0,52.237710526315794,77.641,1098.157894736842,5000.0,4.0,2308.925289455852,49478.71334996767,0.0,0.0,0.0,473.1043839999998,473.104384,36.6578947368421,37.0,9.687473684210524,10.324,300.0,405.0,1.0,399.27547113800665,8584.245201078169,68.8184210526316,77.8,3.7823488,4.006572032,14.5,2.653961269894737,2.70823424,26.341453824,0.0,2708.200760593859,0.7522779890538497,0.5363742061953948,713.0,678,Tesla T4,16106.12736,70.0,GPU-2c731706-d8f6-6c3d-2652-b986ab138f34,Tesla T4,16106.12736,70.0,GPU-5f1ba15b-ef52-a833-3083-dd2bcf518ac7,580.159.04,1.0,57,1.0,2,1.0,60,1.0,67
a-resnet50-base-f0-s2,a,resnet50,base,0,2,22,1738,55616,1787785567.2454956,1787785607.4824898,2026-08-26T23:06:07Z,2026-08-26T23:06:47Z,acct4,3,379872,Interactive,17b9112721fb,v2,0.000146692848093,1.0,6.869568985547954e-05,0.00023466648283,0.0019509887045191,0.0187728162854909,0.0008099387050606,0.0079603403806686,0.0130413304641842,0.0,1075.804555521771,4.2557140605205474e-10,65536.0,0,0,40.21636939048767,36.52366924285889,3.691498517990112,13.018022775650024,22.563172340393063,21.219112873077396,0.7124078273773193,0.3236996022502509,0.2959893111941181,0.2955715656280517,0.2995650768280029,0.3080822467803955,69.21538970223466,23512130,23512130,900.9570760726928,59988.95096561377,60,384,32,coral,coral_bce,0.0,session_balanced,adamw,0.0003,0.05,cosine,5,60,5.0,True,full,raw,full_frame,dataset_v1_1,fp16,2,resnet50,0,2,base,a,17b9112721fb,1.0,1.0,1.0,1.0,1.0,1.0,1.0,1.0,1.0,1.0,67,1.0,1.0,1.0,57,1.0,1.0,1.0,62,1.0,0.0,1.0,1.0,0.0001131647948722,9.757957178663061e-08,0.9998868642955698,0.9998868642955698,,-0.0001131357044301,0.0001131357044301,0.0001131357044301,0.0001131357044301,58.13513513513514,99.0,66.0,5797.773312000001,5797.773312,76.67567567567568,78.0,54.96637837837839,70.671,1082.027027027027,5000.0,4.0,2308.280901608436,51817.26281799666,0.0,0.0,0.0,473.1043839999999,473.104384,36.108108108108105,37.0,9.704729729729728,10.028,300.0,405.0,1.0,392.7100784237337,8983.498074584233,68.58918918918917,75.6,3.828934379243244,4.00216064,14.4,2.6539557085405407,2.699841536,26.341453824,0.0,2700.9909800321693,0.7502752722311582,0.5349462691008158,713.0,666,Tesla T4,16106.12736,70.0,GPU-2c731706-d8f6-6c3d-2652-b986ab138f34,Tesla T4,16106.12736,70.0,GPU-5f1ba15b-ef52-a833-3083-dd2bcf518ac7,580.159.04,1.0,57,1.0,2,1.0,60,1.0,67
a-resnet50-base-f0-s2,a,resnet50,base,0,2,23,1817,58144,1787785608.0252266,1787785648.9502552,2026-08-26T23:06:48Z,2026-08-26T23:07:28Z,acct4,3,379872,Interactive,17b9112721fb,v2,6.192231404971216e-05,1.0,8.71558775406322e-05,0.0002274596192458,0.0008700799413026,0.0050298450514674,0.0004708645574282,0.0033529218286275,0.0048045680765062,0.0,1074.9777607322776,1.8410432233252887e-10,65536.0,0,0,40.90612769126892,37.05780053138733,3.8466336727142334,13.385939598083496,22.70433783531189,21.36132311820984,0.7221274375915527,0.327235559892427,0.2980308321457875,0.2975208759307861,0.302817678451538,0.3103576946258545,68.21775614715253,23512130,23512130,941.8632037639618,62674.9715519554,60,384,32,coral,coral_bce,0.0,session_balanced,adamw,0.0003,0.05,cosine,5,60,5.0,True,full,raw,full_frame,dataset_v1_1,fp16,2,resnet50,0,2,base,a,17b9112721fb,1.0,1.0,1.0,1.0,1.0,1.0,1.0,1.0,1.0,1.0,67,1.0,1.0,1.0,57,1.0,1.0,1.0,62,1.0,0.0,1.0,1.0,0.0001458619252522,1.9103505500050529e-07,0.999854193579766,0.999854193579766,,-0.0001458064202339,0.0001458064202339,0.0001458064202339,0.0001458064202339,63.92105263157895,99.0,79.0,5797.773312000001,5797.773312,77.26315789473684,79.0,55.23289473684211,70.432,1072.5,5000.0,4.0,2286.4847084836947,54133.02876057165,0.0,0.0,0.0,473.1043839999998,473.104384,36.60526315789474,37.0,9.749684210526317,10.324,300.0,405.0,1.0,399.5358778579357,9388.991983850716,68.1921052631579,77.6,3.81180809431579,4.0818688,14.6,2.6516070400000005,2.65160704,26.284822528,0.0,2686.0205863416304,0.7461168295393418,0.5319812994615507,713.0,678,Tesla T4,16106.12736,70.0,GPU-2c731706-d8f6-6c3d-2652-b986ab138f34,Tesla T4,16106.12736,70.0,GPU-5f1ba15b-ef52-a833-3083-dd2bcf518ac7,580.159.04,1.0,57,1.0,2,1.0,60,1.0,67
a-resnet50-base-f0-s2,a,resnet50,base,0,2,24,1896,60672,1787785649.4695723,1787785689.8505304,2026-08-26T23:07:29Z,2026-08-26T23:08:09Z,acct4,3,379872,Interactive,17b9112721fb,v2,4.701707804329838e-05,1.0,3.496598842453965e-05,0.0002200000984838,0.0006737032226622,0.0060998764820396,0.0003894364635925,0.0025713181355968,0.0043905847240239,0.0,1074.1785015039238,1.3797965154495159e-10,65536.0,0,0,40.36201810836792,36.588441371917725,3.7707712650299072,13.135552883148192,22.496196508407596,21.084351539611816,0.7209522724151611,0.3254434118700549,0.2953031757209874,0.2951569557189941,0.2994215488433838,0.3054322528839111,69.09285843316312,23512130,23512130,982.2252218723296,65378.43887700364,60,384,32,coral,coral_bce,0.0,session_balanced,adamw,0.0003,0.05,cosine,5,60,5.0,True,full,raw,full_frame,dataset_v1_1,fp16,2,resnet50,0,2,base,a,17b9112721fb,1.0,1.0,1.0,1.0,1.0,1.0,1.0,1.0,1.0,1.0,67,1.0,1.0,1.0,57,1.0,1.0,1.0,62,1.0,0.0,1.0,1.0,5.781388907655653e-05,2.5756983344705932e-08,0.9999421937491304,0.9999421937491304,,-5.780625086959645e-05,5.780625086959645e-05,5.780625086959645e-05,5.780625086959645e-05,59.0,99.0,68.0,5797.773312000001,5797.773312,76.86486486486487,78.0,55.886270270270266,90.1,1062.162162162162,5000.0,4.0,2306.930476865084,56472.398388761954,0.0,0.0,0.0,473.1043839999999,473.104384,36.51351351351352,37.0,9.74727027027027,10.719,300.0,405.0,1.0,396.5368481831538,9792.54538085103,68.69189189189191,75.6,3.782664634810812,4.02239488,14.4,2.654334754594595,2.69780992,26.341453824,0.0,2703.4673250482374,0.7509631458467326,0.5354367229887204,713.0,669,Tesla T4,16106.12736,70.0,GPU-2c731706-d8f6-6c3d-2652-b986ab138f34,Tesla T4,16106.12736,70.0,GPU-5f1ba15b-ef52-a833-3083-dd2bcf518ac7,580.159.04,1.0,57,1.0,2,1.0,60,1.0,67
a-resnet50-base-f0-s2,a,resnet50,base,0,2,25,1975,63200,1787785690.40728,1787785731.1735451,2026-08-26T23:08:10Z,2026-08-26T23:08:51Z,acct4,3,379872,Interactive,17b9112721fb,v2,6.262882269294107e-05,1.0,1.0919682794611686e-05,0.0002123122519502,0.0009587635191288,0.0159276854246854,0.0003858865238726,0.0031299154739826,0.011654639635235,0.0,1073.4070012165887,1.8963658854778937e-10,65536.0,0,0,40.74799084663391,36.9585862159729,3.788315296173096,13.4425687789917,22.5620436668396,21.265512466430664,0.7304389476776123,0.3298952537215011,0.2961520726167703,0.2955942153930664,0.2999253749847412,0.3090969467163086,68.40088485060718,23512130,23512130,1022.9732127189636,68087.61523644258,60,384,32,coral,coral_bce,0.0,session_balanced,adamw,0.0003,0.05,cosine,5,60,5.0,True,full,raw,full_frame,dataset_v1_1,fp16,2,resnet50,0,2,base,a,17b9112721fb,1.0,1.0,1.0,1.0,1.0,1.0,1.0,1.0,1.0,1.0,67,1.0,1.0,1.0,57,1.0,1.0,1.0,62,1.0,0.0,1.0,1.0,1.8338791576569937e-05,1.3557988525967415e-09,0.999981661637624,0.999981661637624,,-1.833836237585817e-05,1.833836237585817e-05,1.833836237585817e-05,1.833836237585817e-05,56.32432432432432,99.0,55.0,5797.773312000001,5797.773312,77.05405405405405,78.0,58.53943243243244,91.555,1056.4864864864865,5000.0,4.0,2310.25789312103,58806.48009935067,0.0,0.0,0.0,473.1043839999999,473.104384,36.648648648648646,37.0,9.723486486486486,10.522,300.0,405.0,1.0,398.9184663179094,10198.63278871109,69.32972972972972,79.7,3.790586630918919,3.906592768,14.1,2.652118929297297,2.670546944,26.341453824,0.0,2709.1763594389395,0.7525489887330388,0.5365674289666567,713.0,678,Tesla T4,16106.12736,70.0,GPU-2c731706-d8f6-6c3d-2652-b986ab138f34,Tesla T4,16106.12736,70.0,GPU-5f1ba15b-ef52-a833-3083-dd2bcf518ac7,580.159.04,1.0,57,1.0,2,1.0,60,1.0,67
a-resnet50-base-f0-s2,a,resnet50,base,0,2,26,2054,65728,1787785731.6926308,1787785772.2271705,2026-08-26T23:08:51Z,2026-08-26T23:09:32Z,acct4,3,379872,Interactive,17b9112721fb,v2,6.210619548128997e-05,1.0,2.4790268393952565e-05,0.0002044211558025,0.0007531703176246,0.0056293718516826,0.0003517589066177,0.0027111628325656,0.0053053139802068,0.0,1072.663831716416,1.4353420176261178e-10,131072.0,0,0,40.51401948928833,36.81390714645386,3.6983563899993896,13.258260250091553,22.619654417037964,21.28676986694336,0.7064268589019775,0.3272511692797343,0.2966330081601686,0.2967543601989746,0.301479959487915,0.3060070705413818,68.66970109809473,23512130,23512130,1063.487232208252,70773.65738440679,60,384,32,coral,coral_bce,0.0,session_balanced,adamw,0.0003,0.05,cosine,5,60,5.0,True,full,raw,full_frame,dataset_v1_1,fp16,2,resnet50,0,2,base,a,17b9112721fb,1.0,1.0,1.0,1.0,1.0,1.0,1.0,1.0,1.0,1.0,67,1.0,1.0,1.0,57,1.0,1.0,1.0,62,1.0,0.0,1.0,1.0,4.0409176122457946e-05,9.709568160338538e-09,0.9999595938190338,0.9999595938190338,,-4.040618096623483e-05,4.040618096623483e-05,4.040618096623483e-05,4.040618096623483e-05,53.75675675675676,99.0,57.0,5797.773312000001,5797.773312,77.0,78.0,56.10991891891892,92.234,1089.3243243243244,5000.0,4.0,2286.104275234895,61118.12294293969,0.0,0.0,0.0,473.1043839999999,473.104384,36.5945945945946,37.0,9.819540540540538,10.522,300.0,405.0,1.0,399.9378727293097,10604.69657308295,68.80810810810813,76.3,3.8086340497297297,3.961556992,14.2,2.652172066594595,2.672513024,26.341453824,0.0,2686.042147964205,0.7461228188789457,0.5319855698606882,713.0,673,Tesla T4,16106.12736,70.0,GPU-2c731706-d8f6-6c3d-2652-b986ab138f34,Tesla T4,16106.12736,70.0,GPU-5f1ba15b-ef52-a833-3083-dd2bcf518ac7,580.159.04,1.0,57,1.0,2,1.0,60,1.0,67
a-resnet50-base-f0-s2,a,resnet50,base,0,2,27,2133,68256,1787785772.7584715,1787785813.1187425,2026-08-26T23:09:32Z,2026-08-26T23:10:13Z,acct4,3,379872,Interactive,17b9112721fb,v2,6.963101851063504e-05,1.0,1.5919556092065307e-05,0.0001963525491562,0.0009687628569022,0.011273318901658,0.0003693154139909,0.0036598475649952,0.0098466624319553,0.0,1071.9498472726696,1.7745145163704158e-10,131072.0,0,0,40.342737674713135,36.655946016311646,3.684700965881348,13.014222860336304,22.714208602905277,21.411736726760864,0.7088932991027832,0.3225914652910041,0.2977507204949101,0.29714035987854,0.302678632736206,0.3059490489959717,68.96561880779335,23512130,23512130,1103.829969882965,73451.45118787498,60,384,32,coral,coral_bce,0.0,session_balanced,adamw,0.0003,0.05,cosine,5,60,5.0,True,full,raw,full_frame,dataset_v1_1,fp16,2,resnet50,0,2,base,a,17b9112721fb,1.0,1.0,1.0,1.0,1.0,1.0,1.0,1.0,1.0,1.0,67,1.0,1.0,1.0,57,1.0,1.0,1.0,62,1.0,0.0,1.0,1.0,2.6220139693703545e-05,3.711946567772471e-09,0.9999737810063106,0.9999737810063106,,-2.6218993689375303e-05,2.6218993689375303e-05,2.6218993689375303e-05,2.6218993689375303e-05,57.24324324324324,99.0,60.0,5797.773312000001,5797.773312,77.05405405405405,78.0,54.65932432432432,90.585,1056.081081081081,5000.0,4.0,2275.2562305967517,63418.11340407981,0.0,0.0,0.0,473.1043839999999,473.104384,36.67567567567568,37.0,9.91556756756757,10.522,300.0,405.0,1.0,402.537572871428,11014.264840812451,69.06486486486486,76.1,3.816459180972972,3.90664192,14.1,2.6516070400000005,2.65160704,26.284822528,0.0,2677.7938034681792,0.7438316120744942,0.5303519394091144,713.0,670,Tesla T4,16106.12736,70.0,GPU-2c731706-d8f6-6c3d-2652-b986ab138f34,Tesla T4,16106.12736,70.0,GPU-5f1ba15b-ef52-a833-3083-dd2bcf518ac7,580.159.04,1.0,57,1.0,2,1.0,60,1.0,67
a-resnet50-base-f0-s2,a,resnet50,base,0,2,28,2212,70784,1787785813.6891842,1787785855.8938923,2026-08-26T23:10:13Z,2026-08-26T23:10:55Z,acct4,3,379872,Interactive,17b9112721fb,v2,6.319206116281345e-05,1.0,4.50138616063776e-06,0.000188132750129,0.0009023859646835,0.0075105866417288,0.0004040595667902,0.0036838702159002,0.0069453146122395,0.0,1071.2656207664563,1.5847456496576275e-10,131072.0,0,0,42.1854259967804,38.369237661361694,3.8148751258850098,14.7603759765625,22.605973720550537,21.12405776977539,0.7503738403320312,0.3498927799778297,0.2970919458171989,0.2967004776000976,0.3021456718444824,0.3082678985595703,65.8861148691971,23512130,23512130,1146.0153958797457,76236.70057184932,60,384,32,coral,coral_bce,0.0,session_balanced,adamw,0.0003,0.05,cosine,5,60,5.0,True,full,raw,full_frame,dataset_v1_1,fp16,2,resnet50,0,2,base,a,17b9112721fb,1.0,1.0,1.0,1.0,1.0,1.0,1.0,1.0,1.0,1.0,67,1.0,1.0,1.0,57,1.0,1.0,1.0,62,1.0,0.0,1.0,1.0,7.449040996731076e-06,2.0619010921484628e-10,0.9999925510216784,0.9999925510216784,,-7.448978321500377e-06,7.448978321500377e-06,7.448978321500377e-06,7.448978321500377e-06,49.38461538461539,99.0,43.0,5797.773312000001,5797.773312,76.6923076923077,78.0,54.70089743589744,73.842,1107.3076923076924,5000.0,4.0,2366.9317294829307,65818.03089434784,0.0,0.0,0.0,473.1043839999998,473.104384,36.38461538461539,37.0,9.845128205128209,10.324,300.0,405.0,1.0,418.3176544914113,11439.902052313324,72.68205128205129,95.2,4.055385639384614,4.88751104,17.0,2.7865867290256405,3.64259328,27.324919808,0.0,2785.249383974342,0.7736803844373172,0.5516341141038071,713.0,688,Tesla T4,16106.12736,70.0,GPU-2c731706-d8f6-6c3d-2652-b986ab138f34,Tesla T4,16106.12736,70.0,GPU-5f1ba15b-ef52-a833-3083-dd2bcf518ac7,580.159.04,1.0,57,1.0,2,1.0,60,1.0,67
a-resnet50-base-f0-s2,a,resnet50,base,0,2,29,2291,73312,1787785856.450168,1787785896.9621403,2026-08-26T23:10:56Z,2026-08-26T23:11:36Z,acct4,3,379872,Interactive,17b9112721fb,v2,5.7237597197451546e-05,1.0,3.889898140206701e-05,0.0001797885699968,0.0007584352924247,0.0072661596350371,0.000415364280343,0.003051109588705,0.0054437410458922,0.0,1070.6111996474287,1.2736462751847123e-10,131072.0,0,0,40.49272418022156,36.75494050979614,3.73673677444458,13.099233150482178,22.721996545791622,21.28155517578125,0.7079417705535889,0.3234959715770475,0.2979002813749675,0.2982196807861328,0.3026760578155517,0.3073331689834594,68.77986918047718,23512130,23512130,1186.508120059967,78920.1018395488,60,384,32,coral,coral_bce,0.0,session_balanced,adamw,0.0003,0.05,cosine,5,60,5.0,True,full,raw,full_frame,dataset_v1_1,fp16,2,resnet50,0,2,base,a,17b9112721fb,1.0,1.0,1.0,1.0,1.0,1.0,1.0,1.0,1.0,1.0,67,1.0,1.0,1.0,57,1.0,1.0,1.0,62,1.0,0.0,1.0,1.0,6.631056670092689e-05,4.2813570482226515e-08,0.9999337016895252,0.9999337016895252,,-6.629831047466617e-05,6.629831047466617e-05,6.629831047466617e-05,6.629831047466617e-05,57.94594594594594,99.0,64.0,5797.773312000001,5797.773312,77.32432432432432,78.0,57.8481081081081,90.934,1039.4594594594594,5000.0,4.0,2284.6880594263057,68132.3906722557,0.0,0.0,0.0,473.1043839999999,473.104384,36.891891891891895,37.0,9.827648648648648,10.324,300.0,405.0,1.0,398.7132082731805,11845.95218518806,69.54324324324325,75.9,4.092856596756756,4.320976896,15.3,2.7260422088648646,2.76473856,26.366398464,0.0,2683.401267699486,0.745389241027635,0.5314625288527038,713.0,668,Tesla T4,16106.12736,70.0,GPU-2c731706-d8f6-6c3d-2652-b986ab138f34,Tesla T4,16106.12736,70.0,GPU-5f1ba15b-ef52-a833-3083-dd2bcf518ac7,580.159.04,1.0,57,1.0,2,1.0,60,1.0,67
a-resnet50-base-f0-s2,a,resnet50,base,0,2,30,2370,75840,1787785917.7438087,1787785958.0050013,2026-08-26T23:11:57Z,2026-08-26T23:12:38Z,acct4,3,379872,Interactive,17b9112721fb,v2,2.6725219183240774e-05,1.0,3.363152334577046e-05,0.0001713472257409,0.0003527710734165,0.0017201246228069,0.0002169210492866,0.001131342514418,0.0016015148675069,0.0,1069.9874951803722,5.6492571197212306e-11,131072.0,0,0,40.2378511428833,36.52171349525452,3.714711427688599,12.521031618118286,23.038390398025516,21.725576162338257,0.733004093170166,0.3111754545156129,0.3022224661670153,0.3022224903106689,0.3165259838104248,0.3269185781478881,69.21909620501454,23512130,23512130,1226.7459712028503,81594.86475788205,60,384,32,coral,coral_bce,0.0,session_balanced,adamw,0.0003,0.05,cosine,5,60,5.0,True,full,raw,full_frame,dataset_v1_1,fp16,2,resnet50,0,2,base,a,17b9112721fb,1.0,1.0,1.0,1.0,1.0,1.0,1.0,1.0,1.0,1.0,67,1.0,1.0,1.0,57,1.0,1.0,1.0,62,1.0,0.0,1.0,1.0,5.440794476512627e-05,2.3728954025533053e-08,0.9999455992252596,0.9999455992252596,,-5.440077474039296e-05,5.440077474039296e-05,5.440077474039296e-05,5.440077474039296e-05,68.55555555555556,99.0,83.0,5797.773312000001,5797.773312,78.25,81.0,59.542750000000005,88.452,941.6666666666666,5000.0,4.0,2278.2633720640733,71120.26043316038,0.0,0.0,0.0,473.1043839999999,473.104384,37.30555555555556,38.0,9.832694444444442,10.423,300.0,405.0,1.0,396.4995462691713,12450.998903985015,70.15833333333335,76.0,4.096130389333334,4.250116096,15.1,2.740448824888889,2.78925312,26.366398464,0.0,2674.7629183332447,0.7429896995370124,0.5297516557698898,713.0,664,Tesla T4,16106.12736,70.0,GPU-2c731706-d8f6-6c3d-2652-b986ab138f34,Tesla T4,16106.12736,70.0,GPU-5f1ba15b-ef52-a833-3083-dd2bcf518ac7,580.159.04,1.0,57,1.0,2,1.0,60,1.0,67
a-resnet50-base-f0-s2,a,resnet50,base,0,2,31,2449,78368,1787821991.2267256,1787822047.1090276,2026-08-27T09:13:11Z,2026-08-27T09:14:07Z,acct4,3,c970c0,Interactive,17b9112721fb,v2,4.599725590668629e-05,1.0,5.084485388989936e-06,0.00016283625127182596,0.000764876740573481,0.01318521611392498,0.0002610688388813287,0.002776322467252609,0.009380814600735898,0.0,1069.3940206191915,1.1646751217842314e-10,131072.0,0,0,55.859922885894775,50.53797769546509,5.319756507873535,19.700801849365234,29.298516988754272,26.886136531829834,1.2741258144378662,0.3526822242416646,0.38853881630716447,0.30730390548706055,0.3221919536590576,1.7231246709823536,50.02178787670098,23512130,23512130,1282.6058940887451,85152.49551233929,60,384,32,coral,coral_bce,0.0,session_balanced,adamw,0.0003,0.05,cosine,5,60,5.0,True,full,raw,full_frame,dataset_v1_1,fp16,2,resnet50,0,2,base,a,17b9112721fb,1.0,1.0,1.0,1.0,1.0,1.0,1.0,1.0,1.0,1.0,67,1.0,1.0,1.0,57,1.0,1.0,1.0,62,1.0,0.0,1.0,1.0,9.253876290064326e-06,2.8972415395058037e-10,0.9999907462186711,0.9999907462186711,NA,-9.25378132887733e-06,9.25378132887733e-06,9.25378132887733e-06,9.25378132887733e-06,53.509803921568626,99.0,61.0,5688.968131764706,7722.958848,76.29411764705883,81.0,55.62980392156864,87.881,1143.235294117647,5000.0,4.0,3009.0233378953917,3016.461818215845,0.0,0.0,0.0,473.104384,473.104384,33.0,33.0,9.812725490196078,10.556,300.0,405.0,1.0,548.6074165618422,550.8556858730319,62.41764705882353,77.1,3.0111103096470586,3.387580416,12.5,2.58676824345098,2.641727488,27.351986176,0.0,3557.6307544572337,0.9882307651270094,0.7046085355355577,713.0,928,Tesla T4,16106.12736,70.0,GPU-1f96c9cc-a27b-72e1-c080-1f81c4b11b41,Tesla T4,16106.12736,70.0,GPU-9000a4aa-ab22-e15e-7a16-863384e060ff,580.159.04,1.0,57,1.0,2,1.0,60,1.0,67
a-resnet50-base-f0-s2,a,resnet50,base,0,2,32,2528,80896,1787822047.778391,1787822096.3527303,2026-08-27T09:14:07Z,2026-08-27T09:14:56Z,acct4,3,c970c0,Interactive,17b9112721fb,v2,3.886300954013389e-05,1.0,1.6800054322874363e-05,0.0001542834076190544,0.0005945131449578507,0.014895864762365818,0.0002420915843686089,0.0015962071600370078,0.005631629978306578,0.0,1068.831300357191,8.581664276463941e-11,131072.0,0,0,48.55538535118103,44.27006530761719,4.283610105514526,19.874772787094116,22.836840629577637,21.25938892364502,1.273874044418335,0.40932169816690983,0.306880326210698,0.3056204319000244,0.3118773937225342,0.3239701128005981,57.10404948431435,23512130,23512130,1331.1612794399261,88302.35552935785,60,384,32,coral,coral_bce,0.0,session_balanced,adamw,0.0003,0.05,cosine,5,60,5.0,True,full,raw,full_frame,dataset_v1_1,fp16,2,resnet50,0,2,base,a,17b9112721fb,1.0,1.0,1.0,1.0,1.0,1.0,1.0,1.0,1.0,1.0,67,1.0,1.0,1.0,57,1.0,1.0,1.0,62,1.0,0.0,1.0,1.0,2.822373288157822e-05,6.4780182537715434e-09,0.9999717781620641,0.9999717781620641,NA,-2.82218379359378e-05,2.82218379359378e-05,2.82218379359378e-05,2.82218379359378e-05,56.15555555555556,99.0,71.0,5675.0666183111125,5772.607488,76.75555555555556,79.0,61.173599999999986,88.661,911.3333333333334,5000.0,4.0,2667.3893302657634,5712.954953044177,0.0,0.0,0.0,473.10438399999987,473.104384,33.0,33.0,9.860844444444444,10.556,300.0,405.0,1.0,482.4706867527967,1040.5750008099087,65.92888888888889,73.0,3.3057560803555557,3.682664448,13.4,2.592755712,2.592755712,25.23449344,0.0,3149.86001701856,0.8749611158384889,0.6238472755928426,713.0,806,Tesla T4,16106.12736,70.0,GPU-1f96c9cc-a27b-72e1-c080-1f81c4b11b41,Tesla T4,16106.12736,70.0,GPU-9000a4aa-ab22-e15e-7a16-863384e060ff,580.159.04,1.0,57,1.0,2,1.0,60,1.0,67
a-resnet50-base-f0-s2,a,resnet50,base,0,2,33,2607,83424,1787822096.949019,1787822145.1984162,2026-08-27T09:14:56Z,2026-08-27T09:15:45Z,acct4,3,c970c0,Interactive,17b9112721fb,v2,2.630368253218726e-05,1.0,3.465526742974195e-05,0.00014571659238094556,0.0003848892467684419,0.0038767808582633734,0.00021116087737027556,0.0011817499296739686,0.0023467034101486185,0.0,1068.2994546675209,5.249909024864294e-11,131072.0,0,0,48.23287105560303,43.88972067832947,4.340733766555786,19.3102765083313,23.041149139404297,21.4342782497406,1.2683591842651367,0.4003551123065086,0.3093409658987311,0.30950140953063965,0.3151861190795898,0.3189360523223877,57.59890837601523,23512130,23512130,1379.3941504955292,91461.43452055973,60,384,32,coral,coral_bce,0.0,session_balanced,adamw,0.0003,0.05,cosine,5,60,5.0,True,full,raw,full_frame,dataset_v1_1,fp16,2,resnet50,0,2,base,a,17b9112721fb,1.0,1.0,1.0,1.0,1.0,1.0,1.0,1.0,1.0,1.0,67,1.0,1.0,1.0,57,1.0,1.0,1.0,62,1.0,0.0,1.0,1.0,6.0140043447694244e-05,3.745861847136794e-08,0.9999398704498045,0.9999398704498045,NA,-6.012955019552013e-05,6.012955019552013e-05,6.012955019552013e-05,6.012955019552013e-05,33.82222222222222,99.0,12.0,5772.607488000001,5772.607488,76.75555555555556,78.0,50.370044444444446,91.042,1303.3333333333333,5000.0,4.0,2685.822052595142,8428.910848390107,0.0,0.0,0.0,473.10438399999987,473.104384,33.0,33.0,9.813266666666669,10.456,300.0,405.0,1.0,473.25693860674005,1520.7154770016687,66.19777777777779,72.7,3.333653663288889,3.46095616,12.8,2.5930761102222224,2.607173632,25.291124736,0.0,3159.0789912018818,0.8775219420005227,0.6256731446463727,713.0,794,Tesla T4,16106.12736,70.0,GPU-1f96c9cc-a27b-72e1-c080-1f81c4b11b41,Tesla T4,16106.12736,70.0,GPU-9000a4aa-ab22-e15e-7a16-863384e060ff,580.159.04,1.0,57,1.0,2,1.0,60,1.0,67
a-resnet50-base-f0-s2,a,resnet50,base,0,2,34,2686,85952,1787822145.8207738,1787822193.4410007,2026-08-27T09:15:45Z,2026-08-27T09:16:33Z,acct4,3,c970c0,Interactive,17b9112721fb,v2,4.920536889873307e-05,1.0,0.00019054376133270477,0.00013716374872817407,0.0006193565249868928,0.006329802330583334,0.0001994883787119761,0.002474445849657053,0.005688559720292687,0.0,1067.7980905172128,7.955929451541549e-11,131072.0,0,0,47.60170292854309,43.31970238685608,4.280304670333862,18.625462532043457,23.157951593399048,21.548675298690796,1.2590303421020508,0.39127723140499654,0.3107641165769553,0.3103315830230713,0.31839537620544434,0.3252056932449341,58.35681827691959,23512130,23512130,1426.9958534240723,94554.44059547348,60,384,32,coral,coral_bce,0.0,session_balanced,adamw,0.0003,0.05,cosine,5,60,5.0,True,full,raw,full_frame,dataset_v1_1,fp16,2,resnet50,0,2,base,a,17b9112721fb,1.0,1.0,1.0,1.0,1.0,1.0,1.0,1.0,1.0,1.0,67,1.0,1.0,1.0,57,1.0,1.0,1.0,62,1.0,0.0,1.0,1.0,0.00031977156976362305,9.321830958905288e-07,0.9996804998766992,0.9996804998766992,NA,-0.0003195001233008421,0.0003195001233008421,0.0003195001233008421,0.0003195001233008421,29.272727272727273,99.0,12.0,5772.607488000001,5772.607488,76.8409090909091,79.0,46.530840909090905,90.36,1329.5454545454545,5000.0,4.0,2625.262785188923,11095.83134281708,0.0,0.0,0.0,473.10438399999987,473.104384,33.0,33.0,9.751113636363636,10.158,300.0,405.0,1.0,467.7432897248275,1996.8169202089332,66.67954545454545,72.1,3.2621581963636364,3.5760128,13.1,2.593943458909091,2.644987904,25.291124736,0.0,3093.00607491375,0.8591683541427084,0.612587036503751,713.0,782,Tesla T4,16106.12736,70.0,GPU-1f96c9cc-a27b-72e1-c080-1f81c4b11b41,Tesla T4,16106.12736,70.0,GPU-9000a4aa-ab22-e15e-7a16-863384e060ff,580.159.04,1.0,57,1.0,2,1.0,60,1.0,67
a-resnet50-base-f0-s2,a,resnet50,base,0,2,35,2765,88480,1787822194.0598433,1787822241.4478798,2026-08-27T09:16:34Z,2026-08-27T09:17:21Z,acct4,3,c970c0,Interactive,17b9112721fb,v2,3.391523912082621e-05,1.0,3.393774912633147e-06,0.00012865277425900724,0.00048674635114435614,0.004615596495568752,0.0002545801398809999,0.0017274138634093077,0.003350356216542421,0.0,1067.3273053672692,5.867110128286489e-11,131072.0,0,0,47.37154150009155,42.929662227630615,4.437986135482788,18.438159227371216,22.958723783493042,21.358105897903442,1.263857126235962,0.3892243875436391,0.30825195433218266,0.3072807788848877,0.31710591316223147,0.3219161128997803,58.8870228373918,23512130,23512130,1474.3673949241638,97637.08963420363,60,384,32,coral,coral_bce,0.0,session_balanced,adamw,0.0003,0.05,cosine,5,60,5.0,True,full,raw,full_frame,dataset_v1_1,fp16,2,resnet50,0,2,base,a,17b9112721fb,1.0,1.0,1.0,1.0,1.0,1.0,1.0,1.0,1.0,1.0,67,1.0,1.0,1.0,57,1.0,1.0,1.0,62,1.0,0.0,1.0,1.0,5.874297282450992e-06,1.1195065712046228e-10,0.9999941257379388,0.9999941257379388,NA,-5.874262061222879e-06,5.874262061222879e-06,5.874262061222879e-06,5.874262061222879e-06,66.79545454545455,99.0,94.0,5772.607488000001,5772.607488,77.0,80.0,57.5515681818182,85.008,985.2272727272727,5000.0,4.0,2620.0353200023164,13746.442525547038,0.0,0.0,0.0,473.10438399999987,473.104384,33.0,33.0,9.709886363636363,10.556,300.0,405.0,1.0,462.6137187278239,2466.155429506539,66.85681818181818,74.3,3.3628619869090914,3.463139328,12.8,2.5927734923636367,2.592776192,25.23449344,0.0,3082.64903873014,0.8562913996472611,0.6105357679484972,713.0,784,Tesla T4,16106.12736,70.0,GPU-1f96c9cc-a27b-72e1-c080-1f81c4b11b41,Tesla T4,16106.12736,70.0,GPU-9000a4aa-ab22-e15e-7a16-863384e060ff,580.159.04,1.0,57,1.0,2,1.0,60,1.0,67
a-resnet50-base-f0-s2,a,resnet50,base,0,2,36,2844,91008,1787822242.4511223,1787822290.5575924,2026-08-27T09:17:22Z,2026-08-27T09:18:10Z,acct4,3,c970c0,Interactive,17b9112721fb,v2,3.411572614120676e-05,1.0,4.841619735304047e-06,0.0001202114300031382,0.00044344381415071496,0.0061887577176094055,0.00018282335076946765,0.001340490335132925,0.0035774069791659675,0.0,1066.8868839894992,4.996501112261117e-11,131072.0,0,0,48.08696794509888,43.72454524040222,4.360716342926025,19.034671783447266,23.139316082000732,21.558107376098633,1.2843353748321533,0.39583846927465344,0.3107810956013354,0.3118000030517578,0.31896328926086426,0.3296532726287842,57.816496114500126,23512130,23512130,1522.4543628692627,100752.60889808314,60,384,32,coral,coral_bce,0.0,session_balanced,adamw,0.0003,0.05,cosine,5,60,5.0,True,full,raw,full_frame,dataset_v1_1,fp16,2,resnet50,0,2,base,a,17b9112721fb,1.0,1.0,1.0,1.0,1.0,1.0,1.0,1.0,1.0,1.0,67,1.0,1.0,1.0,57,1.0,1.0,1.0,62,1.0,0.0,1.0,1.0,8.17300002259061e-06,3.822935837326699e-10,0.999991827113654,0.999991827113654,NA,-8.172886346025088e-06,8.172886346025088e-06,8.172886346025088e-06,8.172886346025088e-06,54.13636363636363,99.0,59.5,5772.607488000001,5772.607488,77.20454545454545,80.0,53.59659090909092,80.423,1078.6363636363637,5000.0,4.0,2648.724231406668,16439.370606969584,0.0,0.0,0.0,473.10438399999987,473.104384,33.0,33.0,9.631409090909091,10.059,300.0,405.0,1.0,466.7950324728454,2944.1701369309376,67.36818181818182,73.8,3.606979770181818,3.784552448,13.8,2.594063080727273,2.649399296,25.291124736,0.0,3115.5192638795133,0.8654220177443093,0.6170458986516926,713.0,796,Tesla T4,16106.12736,70.0,GPU-1f96c9cc-a27b-72e1-c080-1f81c4b11b41,Tesla T4,16106.12736,70.0,GPU-9000a4aa-ab22-e15e-7a16-863384e060ff,580.159.04,1.0,57,1.0,2,1.0,60,1.0,67
a-resnet50-base-f0-s2,a,resnet50,base,0,2,37,2923,93536,1787822291.2755978,1787822339.3558404,2026-08-27T09:18:11Z,2026-08-27T09:18:59Z,acct4,3,c970c0,Interactive,17b9112721fb,v2,2.7906193589485696e-05,1.0,6.365847526780349e-06,0.00011186724987097698,0.00036945304513026227,0.0037431579548865557,0.00015114220150280744,0.0014579433482140285,0.002402857132256029,0.0,1066.4763791109804,3.875350352310007e-11,131072.0,0,0,48.055408000946045,43.79153800010681,4.26149845123291,19.229748964309692,23.020029306411743,21.411396980285645,1.2605431079864502,0.40015785453181724,0.30899941166744954,0.30686378479003906,0.32123188972473143,0.3267526626586914,57.72804782498925,23512130,23512130,1570.5097708702087,103865.67496218438,60,384,32,coral,coral_bce,0.0,session_balanced,adamw,0.0003,0.05,cosine,5,60,5.0,True,full,raw,full_frame,dataset_v1_1,fp16,2,resnet50,0,2,base,a,17b9112721fb,1.0,1.0,1.0,1.0,1.0,1.0,1.0,1.0,1.0,1.0,67,1.0,1.0,1.0,57,1.0,1.0,1.0,62,1.0,0.0,1.0,1.0,1.078765354287137e-05,5.686024408656674e-10,0.9999892125206609,0.9999892125206609,NA,-1.0787479339136041e-05,1.0787479339136041e-05,1.0787479339136041e-05,1.0787479339136041e-05,58.577777777777776,99.0,92.0,5772.607488000001,5772.607488,77.28888888888889,81.0,59.0864,99.369,1004.6666666666666,5000.0,4.0,2646.041426447413,19121.353589172853,0.0,0.0,0.0,473.10438399999987,473.104384,33.0,33.0,9.675822222222221,10.258,300.0,405.0,1.0,467.0246376538271,3419.2642552499715,66.48666666666666,73.9,3.8114638051555563,3.922448384,14.1,2.7114332160000005,2.711433216,25.353150464,0.0,3113.06606410124,0.8647405733614556,0.6165600288067178,713.0,794,Tesla T4,16106.12736,70.0,GPU-1f96c9cc-a27b-72e1-c080-1f81c4b11b41,Tesla T4,16106.12736,70.0,GPU-9000a4aa-ab22-e15e-7a16-863384e060ff,580.159.04,1.0,57,1.0,2,1.0,60,1.0,67
a-resnet50-base-f0-s2,a,resnet50,base,0,2,38,3002,96064,1787822340.09917,1787822388.3145726,2026-08-27T09:19:00Z,2026-08-27T09:19:48Z,acct4,3,c970c0,Interactive,17b9112721fb,v2,4.29542655028048e-05,1.0,5.019405319618145e-06,0.0001036474508437579,0.0006340024294239569,0.009705474600195885,0.00019042739586438984,0.001973389892373232,0.008393127229064701,0.0,1066.0950893257623,6.163871900029275e-11,131072.0,0,0,48.182368516922,43.9272027015686,4.253309965133667,19.511122941970825,22.91787886619568,21.370157718658447,1.2358391284942627,0.40494320936336653,0.30730606030814256,0.3072221279144287,0.31471667289733884,0.32258618354797364,57.54976061586838,23512130,23512130,1618.6921393871307,107024.45355397697,60,384,32,coral,coral_bce,0.0,session_balanced,adamw,0.0003,0.05,cosine,5,60,5.0,True,full,raw,full_frame,dataset_v1_1,fp16,2,resnet50,0,2,base,a,17b9112721fb,1.0,1.0,1.0,1.0,1.0,1.0,1.0,1.0,1.0,1.0,67,1.0,1.0,1.0,57,1.0,1.0,1.0,62,1.0,0.0,1.0,1.0,8.91290646816276e-06,2.7240169434447416e-10,0.9999910871828755,0.9999910871828755,NA,-8.912817124451244e-06,8.912817124451244e-06,8.912817124451244e-06,8.912817124451244e-06,42.2,99.0,31.0,5772.607488000001,5772.607488,76.64444444444445,79.0,56.2154,100.404,1032.3333333333333,5000.0,4.0,2690.1392371759466,21856.500985307477,0.0,0.0,0.0,473.10438399999987,473.104384,33.0,33.0,9.642288888888888,10.059,300.0,405.0,1.0,468.6393546166437,3897.206443349834,66.46666666666668,73.8,3.761593275733334,3.88943872,14.1,2.7120122993777778,2.730180608,25.40978176,0.0,3158.7785917925903,0.877438497720164,0.6256136488744769,713.0,798,Tesla T4,16106.12736,70.0,GPU-1f96c9cc-a27b-72e1-c080-1f81c4b11b41,Tesla T4,16106.12736,70.0,GPU-9000a4aa-ab22-e15e-7a16-863384e060ff,580.159.04,1.0,57,1.0,2,1.0,60,1.0,67
a-resnet50-base-f0-s2,a,resnet50,base,0,2,39,3081,98592,1787822389.076586,1787822436.8274777,2026-08-27T09:19:49Z,2026-08-27T09:20:36Z,acct4,3,c970c0,Interactive,17b9112721fb,v2,4.3663411421635555e-05,1.0,2.5118619579257274e-06,9.557884419740386e-05,0.0005431869811425575,0.0068465122021734715,0.00016417702136095613,0.0014518430689349701,0.006111271521076559,0.0,1065.742831718608,4.8714551292793066e-11,131072.0,0,0,47.73150658607483,43.38362431526184,4.346395969390869,18.82465147972107,23.001868724822998,21.415690898895264,1.2720770835876465,0.39438628331947445,0.30895475194424016,0.30830931663513184,0.3163155555725098,0.32266970634460446,58.27083467322669,23512130,23512130,1666.4236459732056,110128.32732229633,60,384,32,coral,coral_bce,0.0,session_balanced,adamw,0.0003,0.05,cosine,5,60,5.0,True,full,raw,full_frame,dataset_v1_1,fp16,2,resnet50,0,2,base,a,17b9112721fb,1.0,1.0,1.0,1.0,1.0,1.0,1.0,1.0,1.0,1.0,67,1.0,1.0,1.0,57,1.0,1.0,1.0,62,1.0,0.0,1.0,1.0,4.797564812772093e-06,9.603475928664481e-11,0.9999952024670058,0.9999952024670058,NA,-4.797532994205156e-06,4.797532994205156e-06,4.797532994205156e-06,4.797532994205156e-06,70.63636363636364,99.0,89.5,5772.607488000001,5772.607488,77.29545454545455,79.0,61.7450909090909,84.422,857.3863636363636,5000.0,4.0,2641.3725420525043,24541.55323067977,0.0,0.0,0.0,473.10438399999987,473.104384,33.0,33.0,9.63275,10.063,300.0,405.0,1.0,462.50122626685834,4368.142467570059,66.30681818181819,73.7,3.7517935709090917,3.852136448,13.9,2.7109349934545457,2.710949888,25.352626176,0.0,3103.8737683193626,0.8621871578664896,0.614739443558807,713.0,792,Tesla T4,16106.12736,70.0,GPU-1f96c9cc-a27b-72e1-c080-1f81c4b11b41,Tesla T4,16106.12736,70.0,GPU-9000a4aa-ab22-e15e-7a16-863384e060ff,580.159.04,1.0,57,1.0,2,1.0,60,1.0,67
a-resnet50-base-f0-s2,a,resnet50,base,0,2,40,3160,101120,1787822437.529641,1787822485.3390713,2026-08-27T09:20:37Z,2026-08-27T09:21:25Z,acct4,3,c970c0,Interactive,17b9112721fb,v2,2.3947897241530974e-05,1.0,2.0653737599649924e-05,8.768774804971705e-05,0.0003153763282170985,0.0026685851626098156,0.0001601033000042662,0.0010072791017591949,0.0021156297810375683,0.0,1065.4191875931444,2.5956581532964076e-11,131072.0,0,0,47.789010524749756,43.658026695251465,4.129705905914307,19.08609366416931,23.008498430252075,21.411917209625244,1.2832212448120117,0.39938248259575687,0.30917452256890793,0.3086512088775635,0.3177309513092041,0.323495192527771,57.904586884935,23512130,23512130,1714.2126564979553,113231.37164855831,60,384,32,coral,coral_bce,0.0,session_balanced,adamw,0.0003,0.05,cosine,5,60,5.0,True,full,raw,full_frame,dataset_v1_1,fp16,2,resnet50,0,2,base,a,17b9112721fb,1.0,1.0,1.0,1.0,1.0,1.0,1.0,1.0,1.0,1.0,67,1.0,1.0,1.0,57,1.0,1.0,1.0,62,1.0,0.0,1.0,1.0,3.6440393642107093e-05,1.4557703757170138e-08,0.9999635636165578,0.9999635636165578,NA,-3.6436383442195464e-05,3.6436383442195464e-05,3.6436383442195464e-05,3.6436383442195464e-05,54.88636363636363,99.0,67.5,5772.607488000001,5772.607488,76.97727272727273,79.0,55.00672727272727,75.486,1122.6136363636363,5000.0,4.0,2639.027500488497,27212.473992823358,0.0,0.0,0.0,473.10438399999987,473.104384,33.0,33.0,9.599909090909092,9.96,300.0,405.0,1.0,464.0168257734804,4840.444779496426,67.20909090909092,73.8,3.781613288727272,3.920134144,14.1,2.712376320000001,2.744377344,25.40978176,0.0,3103.0443262619774,0.8619567572949938,0.6145751679513305,713.0,788,Tesla T4,16106.12736,70.0,GPU-1f96c9cc-a27b-72e1-c080-1f81c4b11b41,Tesla T4,16106.12736,70.0,GPU-9000a4aa-ab22-e15e-7a16-863384e060ff,580.159.04,1.0,57,1.0,2,1.0,60,1.0,67
a-resnet50-base-f0-s2,a,resnet50,base,0,2,41,3239,103648,1787822486.1931355,1787822533.623476,2026-08-27T09:21:26Z,2026-08-27T09:22:13Z,acct4,3,c970c0,Interactive,17b9112721fb,v2,3.829354429249582e-05,1.0,2.209506423515518e-05,7.999990151614894e-05,0.0005370263209016817,0.009958461858332157,0.0002087379980366677,0.0008821317460387887,0.008395108394324778,0.0,1065.1231054785112,4.0335293228301006e-11,131072.0,0,0,47.409672260284424,43.15223002433777,4.255961656570435,18.534584283828735,23.042309522628784,21.499459266662598,1.2882826328277588,0.3909452101265705,0.309679912615426,0.3099648952484131,0.31702499389648436,0.3246936511993408,58.583299138288176,23512130,23512130,1761.6223287582397,116334.16604507634,60,384,32,coral,coral_bce,0.0,session_balanced,adamw,0.0003,0.05,cosine,5,60,5.0,True,full,raw,full_frame,dataset_v1_1,fp16,2,resnet50,0,2,base,a,17b9112721fb,1.0,1.0,1.0,1.0,1.0,1.0,1.0,1.0,1.0,1.0,67,1.0,1.0,1.0,57,1.0,1.0,1.0,62,1.0,0.0,1.0,1.0,3.649569208370882e-05,1.2039868914157722e-08,0.999963507857374,0.999963507857374,NA,-3.6492142626021185e-05,3.6492142626021185e-05,3.6492142626021185e-05,3.6492142626021185e-05,53.84090909090909,99.0,68.0,5772.607488000001,5772.607488,76.9090909090909,79.0,53.97695454545454,91.335,1126.7045454545455,5000.0,4.0,2642.320910971903,29895.458192269347,0.0,0.0,0.0,473.10438399999987,473.104384,33.0,33.0,9.664522727272729,10.063,300.0,405.0,1.0,460.473485546122,5310.79151280046,66.99318181818182,72.5,3.7584503156363627,3.89675008,14.0,2.5891433192727273,2.639581184,25.285574656,0.0,3102.7943965180248,0.861887332366118,0.6145256679770421,713.0,782,Tesla T4,16106.12736,70.0,GPU-1f96c9cc-a27b-72e1-c080-1f81c4b11b41,Tesla T4,16106.12736,70.0,GPU-9000a4aa-ab22-e15e-7a16-863384e060ff,580.159.04,1.0,57,1.0,2,1.0,60,1.0,67
a-resnet50-base-f0-s2,a,resnet50,base,0,2,42,3318,106176,1787822534.3347287,1787822581.440453,2026-08-27T09:22:14Z,2026-08-27T09:23:01Z,acct4,3,c970c0,Interactive,17b9112721fb,v2,4.065061218942084e-05,1.0,4.064013126637331e-06,7.254038075415572e-05,0.0007483929818325906,0.025671595707535744,0.00022138255008030683,0.0018334111548028867,0.008017345173284385,0.0,1064.8536829370437,5.0982320600269477e-11,131072.0,0,0,47.08459806442261,42.84749150276184,4.235104084014893,18.26976776123047,22.975762367248535,21.340682983398438,1.3027467727661133,0.38802004290730496,0.3090457584284529,0.30860018730163574,0.31595768928527834,0.32864455223083494,58.99995335402661,23512130,23512130,1808.7069268226624,119431.45291238086,60,384,32,coral,coral_bce,0.0,session_balanced,adamw,0.0003,0.05,cosine,5,60,5.0,True,full,raw,full_frame,dataset_v1_1,fp16,2,resnet50,0,2,base,a,17b9112721fb,1.0,1.0,1.0,1.0,1.0,1.0,1.0,1.0,1.0,1.0,67,1.0,1.0,1.0,57,1.0,1.0,1.0,62,1.0,0.0,1.0,1.0,7.884893125075457e-06,2.8882333274723586e-10,0.9999921152027704,0.9999921152027704,NA,-7.884797229573692e-06,7.884797229573692e-06,7.884797229573692e-06,7.884797229573692e-06,72.63636363636364,99.0,94.5,5772.607488000001,5772.607488,77.02272727272727,79.0,61.310886363636364,96.185,920.7954545454545,5000.0,4.0,2639.2895041293705,32569.98624514125,0.0,0.0,0.0,473.10438399999987,473.104384,33.0,33.0,9.662227272727272,10.556,300.0,405.0,1.0,457.99736317514635,5776.841542490003,66.7590909090909,74.7,3.803471965090908,3.960209408,14.2,2.7118948538181815,2.711932928,25.353494528,0.0,3097.286867304517,0.8603574631401436,0.6134348712189224,713.0,780,Tesla T4,16106.12736,70.0,GPU-1f96c9cc-a27b-72e1-c080-1f81c4b11b41,Tesla T4,16106.12736,70.0,GPU-9000a4aa-ab22-e15e-7a16-863384e060ff,580.159.04,1.0,57,1.0,2,1.0,60,1.0,67
a-resnet50-base-f0-s2,a,resnet50,base,0,2,43,3397,108704,1787822582.167478,1787822630.3843763,2026-08-27T09:23:02Z,2026-08-27T09:23:50Z,acct4,3,c970c0,Interactive,17b9112721fb,v2,2.4843056833192292e-05,1.0,4.266727127023548e-06,6.533351716998465e-05,0.00034705829948276766,0.0033223521895706654,0.00016998105274979025,0.0011850290000438679,0.0020184237975627165,0.0,1064.6103540838278,2.129843964156831e-11,131072.0,0,0,48.19676327705383,43.984920501708984,4.210066080093384,19.396710872650146,23.03328037261963,21.53894543647766,1.2562789916992188,0.4024484125863447,0.30909172794486905,0.3089022636413574,0.3183713436126709,0.32756929397583007,57.4742427896801,23512130,23512130,1856.9036900997162,122542.32507288974,60,384,32,coral,coral_bce,0.0,session_balanced,adamw,0.0003,0.05,cosine,5,60,5.0,True,full,raw,full_frame,dataset_v1_1,fp16,2,resnet50,0,2,base,a,17b9112721fb,1.0,1.0,1.0,1.0,1.0,1.0,1.0,1.0,1.0,1.0,67,1.0,1.0,1.0,57,1.0,1.0,1.0,62,1.0,0.0,1.0,1.0,7.21930337961303e-06,3.0378770520217675e-10,0.9999927807879704,0.9999927807879704,NA,-7.219212029618838e-06,7.219212029618838e-06,7.219212029618838e-06,7.219212029618838e-06,66.43181818181819,99.0,87.0,5772.607488000001,5772.607488,76.79545454545455,79.0,49.782363636363634,69.649,1270.909090909091,5000.0,4.0,2642.8238246023793,35251.06878933215,0.0,0.0,0.0,473.10438399999987,473.104384,33.0,33.0,9.646795454545455,10.953,300.0,405.0,1.0,468.0483359064974,6253.063754609574,67.57727272727271,73.5,3.847054615272728,4.008787968,14.4,2.7124888669090907,2.767192064,25.409404928,0.0,3110.8721605088767,0.8641311556969102,0.616125514011897,713.0,798,Tesla T4,16106.12736,70.0,GPU-1f96c9cc-a27b-72e1-c080-1f81c4b11b41,Tesla T4,16106.12736,70.0,GPU-9000a4aa-ab22-e15e-7a16-863384e060ff,580.159.04,1.0,57,1.0,2,1.0,60,1.0,67
a-resnet50-base-f0-s2,a,resnet50,base,0,2,44,3476,111232,1787822631.1100519,1787822679.0505345,2026-08-27T09:23:51Z,2026-08-27T09:24:39Z,acct4,3,c970c0,Interactive,17b9112721fb,v2,2.3238944688181377e-05,1.0,8.128447207518646e-06,5.840281805468426e-05,0.0002996969722263674,0.001434850157238543,0.00016055622836574912,0.000972041441127657,0.001251476118341088,0.0,1064.3921507700345,1.6444266079765473e-11,131072.0,0,0,47.92029643058777,43.68231821060181,4.236265182495117,19.089163064956665,23.036420345306396,21.452273845672607,1.278644323348999,0.3983523577031121,0.3094809568381008,0.3079209327697754,0.3200980186462402,0.3224608755111694,57.872386438191555,23512130,23512130,1904.823986530304,125661.04037361188,60,384,32,coral,coral_bce,0.0,session_balanced,adamw,0.0003,0.05,cosine,5,60,5.0,True,full,raw,full_frame,dataset_v1_1,fp16,2,resnet50,0,2,base,a,17b9112721fb,1.0,1.0,1.0,1.0,1.0,1.0,1.0,1.0,1.0,1.0,67,1.0,1.0,1.0,57,1.0,1.0,1.0,62,1.0,0.0,1.0,1.0,1.358870167673373e-05,1.5090246787407346e-09,0.9999864117432666,0.9999864117432666,NA,-1.3588256733365611e-05,1.3588256733365611e-05,1.3588256733365611e-05,1.3588256733365611e-05,54.88636363636363,99.0,70.5,5772.607488000001,5772.607488,77.04545454545455,80.0,54.73954545454546,96.027,1122.2727272727273,5000.0,4.0,2652.7511565928507,37937.39505624891,0.0,0.0,0.0,473.10438399999987,473.104384,33.0,33.0,9.678431818181817,10.258,300.0,405.0,1.0,465.9641441292797,6727.720264516824,67.46363636363638,71.5,3.8665216930909097,4.009504768,14.4,2.712383301818182,2.737905664,25.40978176,0.0,3118.7153007221305,0.8663098057561474,0.617678891504133,713.0,794,Tesla T4,16106.12736,70.0,GPU-1f96c9cc-a27b-72e1-c080-1f81c4b11b41,Tesla T4,16106.12736,70.0,GPU-9000a4aa-ab22-e15e-7a16-863384e060ff,580.159.04,1.0,57,1.0,2,1.0,60,1.0,67
a-resnet50-base-f0-s2,a,resnet50,base,0,2,45,3555,113760,1787822679.7679145,1787822727.0972288,2026-08-27T09:24:39Z,2026-08-27T09:25:27Z,acct4,3,c970c0,Interactive,17b9112721fb,v2,3.3168158252816354e-05,1.0,2.4036441335963273e-05,5.1770889908207245e-05,0.00040035206565553844,0.006441558711230755,0.00014944029680918902,0.0014717616722919045,0.004021095493808385,0.0,1064.1977279325677,1.9476251613355792e-11,131072.0,0,0,47.30847454071045,43.01119017601013,4.295912265777588,18.36735486984253,23.046902418136597,21.468060970306396,1.3129281997680664,0.38824661010865685,0.30995896194554584,0.31101393699645996,0.3193626880645752,0.32851158618927,58.775402160575744,23512130,23512130,1952.1324610710144,128792.74972731045,60,384,32,coral,coral_bce,0.0,session_balanced,adamw,0.0003,0.05,cosine,5,60,5.0,True,full,raw,full_frame,dataset_v1_1,fp16,2,resnet50,0,2,base,a,17b9112721fb,1.0,1.0,1.0,1.0,1.0,1.0,1.0,1.0,1.0,1.0,67,1.0,1.0,1.0,57,1.0,1.0,1.0,62,1.0,0.0,1.0,1.0,3.952937775424101e-05,1.3933391101751714e-08,0.9999604747500471,0.9999604747500471,NA,-3.952524995287643e-05,3.952524995287643e-05,3.952524995287643e-05,3.952524995287643e-05,34.906976744186046,99.0,26.0,5772.607488000001,5772.607488,77.11627906976744,80.0,55.32281395348837,92.739,1156.046511627907,5000.0,4.0,2665.581571189483,40641.73861948404,0.0,0.0,0.0,473.1043839999999,473.104384,33.0,33.0,9.771000000000003,10.162,300.0,405.0,1.0,466.12778250909105,7202.398617249961,67.85813953488372,74.3,3.8952075073488373,4.011810816,14.4,2.712294995348838,2.732044288,25.409929216,0.0,3131.709353698574,0.8699192649162706,0.6202524358853009,713.0,780,Tesla T4,16106.12736,70.0,GPU-1f96c9cc-a27b-72e1-c080-1f81c4b11b41,Tesla T4,16106.12736,70.0,GPU-9000a4aa-ab22-e15e-7a16-863384e060ff,580.159.04,1.0,57,1.0,2,1.0,60,1.0,67
a-resnet50-base-f0-s2,a,resnet50,base,0,2,46,3634,116288,1787822727.8051248,1787822775.0725899,2026-08-27T09:25:27Z,2026-08-27T09:26:15Z,acct4,3,c970c0,Interactive,17b9112721fb,v2,2.5179689373544534e-05,1.0,2.8128488321438267e-05,4.5459364701705995e-05,0.00032355682772423634,0.0026439812500029802,0.000166024430654943,0.001184680080041289,0.002582874367944896,0.0,1064.026291635773,1.3823613146467296e-11,131072.0,0,0,47.245405197143555,42.96988821029663,4.27391242980957,18.527308702468872,22.905426502227783,21.353835821151733,1.2634425163269043,0.39215048797145313,0.30751731425901,0.3077859878540039,0.31723637580871583,0.3239610719680786,58.8318961321903,23512130,23512130,1999.377866268158,131910.50707342595,60,384,32,coral,coral_bce,0.0,session_balanced,adamw,0.0003,0.05,cosine,5,60,5.0,True,full,raw,full_frame,dataset_v1_1,fp16,2,resnet50,0,2,base,a,17b9112721fb,1.0,1.0,1.0,1.0,1.0,1.0,1.0,1.0,1.0,1.0,67,1.0,1.0,1.0,57,1.0,1.0,1.0,62,1.0,0.0,1.0,1.0,4.7208263221332174e-05,2.1275015606365593e-08,0.999952797928164,0.999952797928164,NA,-4.7202071835950044e-05,4.7202071835950044e-05,4.7202071835950044e-05,4.7202071835950044e-05,50.06818181818182,99.0,55.0,5772.607488000001,5772.607488,76.97727272727273,80.0,52.473068181818185,80.814,1175.7954545454545,5000.0,4.0,2647.6368383027584,43329.14914552472,0.0,0.0,0.0,473.10438399999987,473.104384,33.0,33.0,9.894681818181818,10.556,300.0,405.0,1.0,470.1205078127359,7680.88284283685,67.24999999999999,73.9,3.848550958545455,3.953958912,14.3,2.7120464989090904,2.72504832,25.40978176,0.0,3117.7573461154943,0.866043707254304,0.6174891632723187,713.0,784,Tesla T4,16106.12736,70.0,GPU-1f96c9cc-a27b-72e1-c080-1f81c4b11b41,Tesla T4,16106.12736,70.0,GPU-9000a4aa-ab22-e15e-7a16-863384e060ff,580.159.04,1.0,57,1.0,2,1.0,60,1.0,67
a-resnet50-base-f0-s2,a,resnet50,base,0,2,47,3713,118816,1787822775.802769,1787822823.3122888,2026-08-27T09:26:15Z,2026-08-27T09:27:03Z,acct4,3,c970c0,Interactive,17b9112721fb,v2,1.7044051374692642e-05,1.0,7.831114649517438e-06,3.948882931853924e-05,0.00024096604415084402,0.002551277866587043,0.0001175381985376589,0.0008720767917111512,0.0017305271956138302,0.0,1063.8766409953269,8.94414504686739e-12,131072.0,0,0,47.48913502693176,43.33939051628113,4.148209571838379,19.00109839439392,22.76210045814514,21.13158893585205,1.2926127910614014,0.40011464482598236,0.3061766201936746,0.30483579635620117,0.31426548957824707,0.3228419208526611,58.330308061215504,23512130,23512130,2046.8670012950897,135042.96535842176,60,384,32,coral,coral_bce,0.0,session_balanced,adamw,0.0003,0.05,cosine,5,60,5.0,True,full,raw,full_frame,dataset_v1_1,fp16,2,resnet50,0,2,base,a,17b9112721fb,1.0,1.0,1.0,1.0,1.0,1.0,1.0,1.0,1.0,1.0,67,1.0,1.0,1.0,57,1.0,1.0,1.0,62,1.0,0.0,1.0,1.0,1.353110859977454e-05,1.91811209205417e-09,0.9999864694251809,0.9999864694251809,NA,-1.3530574819120567e-05,1.3530574819120567e-05,1.3530574819120567e-05,1.3530574819120567e-05,74.95454545454545,99.0,95.0,5772.607488000001,5772.607488,77.11363636363636,79.0,64.97145454545455,101.766,828.0681818181819,5000.0,4.0,2664.382406349432,46029.837052772506,0.0,0.0,0.0,473.10438399999987,473.104384,33.0,33.0,9.768227272727271,10.556,300.0,405.0,1.0,468.075878646373,8156.884275030605,66.17272727272727,75.3,3.848596666181819,3.95036672,14.3,2.7119039767272732,2.711916544,25.35329792,0.0,3132.458284995805,0.8701273013877237,0.6204007658894469,713.0,788,Tesla T4,16106.12736,70.0,GPU-1f96c9cc-a27b-72e1-c080-1f81c4b11b41,Tesla T4,16106.12736,70.0,GPU-9000a4aa-ab22-e15e-7a16-863384e060ff,580.159.04,1.0,57,1.0,2,1.0,60,1.0,67
a-resnet50-base-f0-s2,a,resnet50,base,0,2,48,3792,121344,1787822824.0520985,1787822870.0657551,2026-08-27T09:27:04Z,2026-08-27T09:27:50Z,acct4,3,c970c0,Interactive,17b9112721fb,v2,2.042055672938682e-05,1.0,3.280103771029771e-06,3.3878758404137624e-05,0.00031201141460263023,0.006117902230471373,0.0001117207866627723,0.0010984570719301697,0.002547064551617945,0.0,1063.7472686502083,9.937096570004582e-12,131072.0,0,0,45.991610050201416,41.81351661682129,4.17655086517334,17.457027912139893,22.825173377990723,21.274685859680176,1.2597882747650146,0.3795698366090022,0.30639282962943937,0.3049025535583496,0.3123746871948242,0.3204475450515747,60.458918659403146,23512130,23512130,2092.858611345291,138076.53753816595,60,384,32,coral,coral_bce,0.0,session_balanced,adamw,0.0003,0.05,cosine,5,60,5.0,True,full,raw,full_frame,dataset_v1_1,fp16,2,resnet50,0,2,base,a,17b9112721fb,1.0,1.0,1.0,1.0,1.0,1.0,1.0,1.0,1.0,1.0,67,1.0,1.0,1.0,57,1.0,1.0,1.0,62,1.0,0.0,1.0,1.0,5.592308814233198e-06,1.5618173297107536e-10,0.9999944077384088,0.9999944077384088,NA,-5.592261591247372e-06,5.592261591247372e-06,5.592261591247372e-06,5.592261591247372e-06,39.04761904761905,99.0,36.5,5772.607488000001,5772.607488,76.47619047619048,78.0,54.5262380952381,105.202,1166.0714285714287,5000.0,4.0,2582.4434790842133,48653.59097342342,0.0,0.0,0.0,473.1043839999999,473.104384,33.0,33.0,9.813785714285713,10.551,300.0,405.0,1.0,451.1287006599932,8616.264364984268,68.29761904761907,74.8,3.923555279238095,4.0945664,14.6,2.713565574095238,2.745737216,25.409929216,0.0,3033.5721797442066,0.8426589388178352,0.6008158233771165,713.0,758,Tesla T4,16106.12736,70.0,GPU-1f96c9cc-a27b-72e1-c080-1f81c4b11b41,Tesla T4,16106.12736,70.0,GPU-9000a4aa-ab22-e15e-7a16-863384e060ff,580.159.04,1.0,57,1.0,2,1.0,60,1.0,67
a-resnet50-base-f0-s2,a,resnet50,base,0,2,49,3871,123872,1787822870.817976,1787822918.2984765,2026-08-27T09:27:50Z,2026-08-27T09:28:38Z,acct4,3,c970c0,Interactive,17b9112721fb,v2,2.6328888464066247e-05,1.0,8.466246267059716e-05,2.8647450843757897e-05,0.0003538039786978021,0.002764594042673707,0.00012182222417322919,0.0017450249055400474,0.0024749931832775468,0.0,1063.6371885385613,9.52917235058089e-12,131072.0,0,0,47.44648241996765,43.136479139328,4.307390213012695,18.46794557571411,23.06519317626953,21.475063800811768,1.321516990661621,0.38923740251694516,0.31023995785773556,0.30999255180358887,0.31731133460998534,0.3310977506637573,58.604690286259235,23512130,23512130,2140.305093765259,141206.69894158188,60,384,32,coral,coral_bce,0.0,session_balanced,adamw,0.0003,0.05,cosine,5,60,5.0,True,full,raw,full_frame,dataset_v1_1,fp16,2,resnet50,0,2,base,a,17b9112721fb,1.0,1.0,1.0,1.0,1.0,1.0,1.0,1.0,1.0,1.0,67,1.0,1.0,1.0,57,1.0,1.0,1.0,62,1.0,0.0,1.0,1.0,0.00014198664829082755,1.9655993289919956e-07,0.999858070445317,0.999858070445317,NA,-0.00014192955468295132,0.00014192955468295132,0.00014192955468295132,0.00014192955468295132,67.6046511627907,99.0,86.0,5772.607488000001,5772.607488,77.48837209302326,80.0,59.16723255813954,87.491,1014.4186046511628,5000.0,4.0,2666.1226935691884,51358.58495544333,0.0,0.0,0.0,473.1043839999999,473.104384,33.0,33.0,9.683767441860468,10.651,300.0,405.0,1.0,464.03870984673085,9088.742560435048,67.91395348837207,73.2,3.9330325432558144,4.129984512,14.7,2.7132929905116283,2.757996544,25.409929216,0.0,3130.1614034159193,0.8694892787266443,0.6199458557320974,713.0,784,Tesla T4,16106.12736,70.0,GPU-1f96c9cc-a27b-72e1-c080-1f81c4b11b41,Tesla T4,16106.12736,70.0,GPU-9000a4aa-ab22-e15e-7a16-863384e060ff,580.159.04,1.0,57,1.0,2,1.0,60,1.0,67
a-resnet50-base-f0-s2,a,resnet50,base,0,2,50,3950,126400,1787822919.1065516,1787822965.8972304,2026-08-27T09:28:39Z,2026-08-27T09:29:25Z,acct4,3,c970c0,Interactive,17b9112721fb,v2,3.83869520002135e-05,1.0,1.769486655781117e-06,2.38119700753228e-05,0.0005433549367462777,0.011431270278990269,0.0001451580028515309,0.002457228628918527,0.006576725067570798,0.0,1063.5446935417788,1.2165310562543864e-11,131072.0,0,0,46.7698495388031,42.48761320114136,4.280774116516113,18.01328206062317,22.910501718521118,21.362395763397217,1.2803442478179932,0.38514731687725995,0.3078339069704466,0.30588746070861816,0.3200425624847412,0.32372451305389405,59.4996943705016,23512130,23512130,2187.074943304062,144276.60446620622,60,384,32,coral,coral_bce,0.0,session_balanced,adamw,0.0003,0.05,cosine,5,60,5.0,True,full,raw,full_frame,dataset_v1_1,fp16,2,resnet50,0,2,base,a,17b9112721fb,1.0,1.0,1.0,1.0,1.0,1.0,1.0,1.0,1.0,1.0,67,1.0,1.0,1.0,57,1.0,1.0,1.0,62,1.0,0.0,1.0,1.0,3.166747469461118e-06,3.1935780314756054e-11,0.999996833262905,0.999996833262905,NA,-3.1667370949950424e-06,3.1667370949950424e-06,3.1667370949950424e-06,3.1667370949950424e-06,52.116279069767444,99.0,50.0,5772.607488000001,5772.607488,77.11627906976744,81.0,53.21544186046512,97.937,1085.5813953488373,5000.0,4.0,2615.569654387691,54017.39903760808,0.0,0.0,0.0,473.1043839999999,473.104384,33.0,33.0,9.656232558139532,10.456,300.0,405.0,1.0,454.3358702366331,9552.715857485047,67.61162790697674,74.0,3.9160766273488377,4.077932544,14.6,2.712085527813954,2.712088576,25.40992512,0.0,3069.9055246243242,0.8527515346178678,0.6080118441825398,713.0,772,Tesla T4,16106.12736,70.0,GPU-1f96c9cc-a27b-72e1-c080-1f81c4b11b41,Tesla T4,16106.12736,70.0,GPU-9000a4aa-ab22-e15e-7a16-863384e060ff,580.159.04,1.0,57,1.0,2,1.0,60,1.0,67
a-resnet50-base-f0-s2,a,resnet50,base,0,2,51,4029,128928,1787822966.925563,1787823014.0447228,2026-08-27T09:29:26Z,2026-08-27T09:30:14Z,acct4,3,c970c0,Interactive,17b9112721fb,v2,2.8399321895967313e-05,1.0,5.2449510912650706e-05,1.9388088432033443e-05,0.0004585535333475652,0.011597025208175182,0.00011353856098139659,0.0014171436894685,0.007111919866874808,0.0,1063.4685561943213,8.3598865275143e-12,262144.0,0,0,47.09464454650879,42.882773876190186,4.210592746734619,18.810866832733154,22.52922248840332,20.936443090438843,1.2596533298492432,0.39942687780892566,0.30284582210492483,0.30141448974609375,0.3106367111206055,0.32697602748870847,58.951410356493334,23512130,23512130,2234.1695878505707,147314.65415539886,60,384,32,coral,coral_bce,0.0,session_balanced,adamw,0.0003,0.05,cosine,5,60,5.0,True,full,raw,full_frame,dataset_v1_1,fp16,2,resnet50,0,2,base,a,17b9112721fb,1.0,1.0,1.0,1.0,1.0,1.0,1.0,1.0,1.0,1.0,67,1.0,1.0,1.0,57,1.0,1.0,1.0,62,1.0,0.0,1.0,1.0,9.196300126566101e-05,8.984667182077823e-08,0.9999080620786195,0.9999080620786195,NA,-9.193792138051382e-05,9.193792138051382e-05,9.193792138051382e-05,9.193792138051382e-05,59.59090909090909,99.0,71.0,5772.607488000001,5772.607488,76.0,79.0,60.532363636363634,76.903,921.4772727272727,5000.0,4.0,2581.875219303016,56656.9385500074,0.0,0.0,0.0,473.10438399999987,473.104384,33.0,33.0,9.6195,10.158,300.0,405.0,1.0,456.17446988964184,10020.233759854073,66.52272727272727,74.2,3.8161421032727274,3.945844736,14.2,2.594140997818182,2.634518528,25.290215424,0.0,3038.0496891926578,0.8439026914424049,0.6017026189984347,713.0,778,Tesla T4,16106.12736,70.0,GPU-1f96c9cc-a27b-72e1-c080-1f81c4b11b41,Tesla T4,16106.12736,70.0,GPU-9000a4aa-ab22-e15e-7a16-863384e060ff,580.159.04,1.0,57,1.0,2,1.0,60,1.0,67
a-resnet50-base-f0-s2,a,resnet50,base,0,2,52,4108,131456,1787823014.778289,1787823062.2691858,2026-08-27T09:30:14Z,2026-08-27T09:31:02Z,acct4,3,c970c0,Interactive,17b9112721fb,v2,3.151819142554883e-05,1.0,7.759809154923723e-06,1.5390235696296265e-05,0.000769413154097193,0.040555983781814575,0.00017349502013530582,0.0008634150610305351,0.010335992113687053,0.0,1063.4073207596457,1.1135384869202867e-11,262144.0,0,0,47.460020542144775,43.23289394378662,4.2249109745025635,18.118932485580444,23.596598863601685,22.06063985824585,1.2484467029571533,0.38177253778242104,0.31605846067018145,0.316744327545166,0.3238372802734375,0.3265563106536865,58.473994437823684,23512130,23512130,2281.6296083927155,150401.4458304315,60,384,32,coral,coral_bce,0.0,session_balanced,adamw,0.0003,0.05,cosine,5,60,5.0,True,full,raw,full_frame,dataset_v1_1,fp16,2,resnet50,0,2,base,a,17b9112721fb,1.0,1.0,1.0,1.0,1.0,1.0,1.0,1.0,1.0,1.0,67,1.0,1.0,1.0,57,1.0,1.0,1.0,62,1.0,0.0,1.0,1.0,1.27839834306529e-05,1.3086533276530352e-09,0.9999872164059711,0.9999872164059711,NA,-1.2783594028897838e-05,1.2783594028897838e-05,1.2783594028897838e-05,1.2783594028897838e-05,50.325581395348834,99.0,57.0,5772.607488000001,5772.607488,78.23255813953489,80.0,52.62676744186047,104.358,1118.0232558139535,5000.0,4.0,2625.020676796208,59318.227091564724,0.0,0.0,0.0,473.1043839999999,473.104384,33.0,33.0,9.626139534883722,10.063,300.0,405.0,1.0,461.7709982364413,10490.650529311675,67.8953488372093,73.2,3.905232705488372,4.0674304,14.5,2.712410159627907,2.725154816,25.409929216,0.0,3086.7916750326494,0.8574421319535137,0.6113562400828553,713.0,784,Tesla T4,16106.12736,70.0,GPU-1f96c9cc-a27b-72e1-c080-1f81c4b11b41,Tesla T4,16106.12736,70.0,GPU-9000a4aa-ab22-e15e-7a16-863384e060ff,580.159.04,1.0,57,1.0,2,1.0,60,1.0,67
a-resnet50-base-f0-s2,a,resnet50,base,0,2,53,4187,133984,1787823062.960119,1787823110.157796,2026-08-27T09:31:02Z,2026-08-27T09:31:50Z,acct4,3,c970c0,Interactive,17b9112721fb,v2,3.382293623906639e-05,1.0,2.464991867264059e-06,1.1831452032772498e-05,0.0005422162857824712,0.02262238971889019,0.00012712858733721077,0.0010711474111303686,0.00711462036706505,0.0,1063.3594290204219,6.032961011624385e-12,262144.0,0,0,47.17546606063843,42.96728229522705,4.206695556640625,18.90877413749695,22.52233338356018,20.95861005783081,1.2643113136291504,0.4008179614631041,0.30270972131173823,0.30025410652160645,0.31395788192749025,0.32143321990966794,58.835464217405686,23512130,23512130,2328.805074453354,153465.41285971005,60,384,32,coral,coral_bce,0.0,session_balanced,adamw,0.0003,0.05,cosine,5,60,5.0,True,full,raw,full_frame,dataset_v1_1,fp16,2,resnet50,0,2,base,a,17b9112721fb,1.0,1.0,1.0,1.0,1.0,1.0,1.0,1.0,1.0,1.0,67,1.0,1.0,1.0,57,1.0,1.0,1.0,62,1.0,0.0,1.0,1.0,4.154404066778558e-06,7.931822904543417e-11,0.9999958456203502,0.9999958456203502,NA,-4.154379649845552e-06,4.154379649845552e-06,4.154379649845552e-06,4.154379649845552e-06,22.181818181818183,99.0,0.0,5772.607488000001,5772.607488,75.22727272727273,80.0,51.13250000000001,93.031,1254.5454545454545,5000.0,4.0,2609.1772600489057,61965.52667017018,0.0,0.0,0.0,473.10438399999987,473.104384,33.0,33.0,9.589022727272727,9.964,300.0,405.0,1.0,454.7897692296374,10953.783910941129,66.27727272727272,73.1,3.9304502923636364,4.0595456,14.6,2.714108462545455,2.768945152,25.410125824,0.0,3063.967029278543,0.8511019525773731,0.606835692187667,713.0,776,Tesla T4,16106.12736,70.0,GPU-1f96c9cc-a27b-72e1-c080-1f81c4b11b41,Tesla T4,16106.12736,70.0,GPU-9000a4aa-ab22-e15e-7a16-863384e060ff,580.159.04,1.0,57,1.0,2,1.0,60,1.0,67
a-resnet50-base-f0-s2,a,resnet50,base,0,2,54,4266,136512,1787823110.8422296,1787823157.6643429,2026-08-27T09:31:50Z,2026-08-27T09:32:37Z,acct4,3,c970c0,Interactive,17b9112721fb,v2,3.962250212691886e-05,1.0,4.677987081650112e-06,8.723345454071307e-06,0.0004274954280154367,0.01227034442126751,0.00010502804798306897,0.0010350648954044993,0.0060046796593815,0.0,1063.323115668368,3.507109216064289e-12,262144.0,0,0,46.801557540893555,42.622196435928345,4.177724361419678,18.020528554916382,23.069985389709473,21.520711660385132,1.273061990737915,0.38504121447604983,0.30964558939390546,0.3095259666442871,0.32184910774230957,0.32902480125427247,59.31181899084451,23512130,23512130,2375.6066319942474,156516.74061625727,60,384,32,coral,coral_bce,0.0,session_balanced,adamw,0.0003,0.05,cosine,5,60,5.0,True,full,raw,full_frame,dataset_v1_1,fp16,2,resnet50,0,2,base,a,17b9112721fb,1.0,1.0,1.0,1.0,1.0,1.0,1.0,1.0,1.0,1.0,67,1.0,1.0,1.0,57,1.0,1.0,1.0,62,1.0,0.0,1.0,1.0,7.873662234033286e-06,2.5586976337716537e-10,0.9999921264186982,0.9999921264186982,NA,-7.873581301831578e-06,7.873581301831578e-06,7.873581301831578e-06,7.873581301831578e-06,35.372093023255815,99.0,14.0,5772.607488000001,5772.607488,76.74418604651163,80.0,51.66109302325581,87.491,1188.8372093023256,5000.0,4.0,2597.406263154997,64597.259514623285,0.0,0.0,0.0,473.1043839999999,473.104384,33.0,33.0,9.628744186046513,10.059,300.0,405.0,1.0,453.9214933922285,11414.820009175544,68.10232558139533,73.9,3.9778185882790704,4.112089088,14.7,2.712753366325581,2.74204672,25.40978176,0.0,3051.3277565472254,0.8475910434853404,0.6043324140050477,713.0,772,Tesla T4,16106.12736,70.0,GPU-1f96c9cc-a27b-72e1-c080-1f81c4b11b41,Tesla T4,16106.12736,70.0,GPU-9000a4aa-ab22-e15e-7a16-863384e060ff,580.159.04,1.0,57,1.0,2,1.0,60,1.0,67
a-resnet50-base-f0-s2,a,resnet50,base,0,2,55,4345,139040,1787823158.3900208,1787823205.7597668,2026-08-27T09:32:38Z,2026-08-27T09:33:25Z,acct4,3,c970c0,Interactive,17b9112721fb,v2,3.47665143353764e-05,1.0,2.051759032818604e-06,6.076053957825411e-06,0.0004906825267851995,0.009698213078081608,0.00013516498438548297,0.0017788201454095487,0.006437396705150599,0.0,1063.2970527757639,2.803932824910903e-12,262144.0,0,0,47.34917449951172,43.19715619087219,4.150541305541992,18.287076711654663,23.38052463531494,21.7899808883667,1.2538564205169678,0.3862174347272569,0.31345031834855863,0.31529784202575684,0.3240994453430176,0.33048462867736816,58.52237098270328,23512130,23512130,2422.955806493759,159617.1193631056,60,384,32,coral,coral_bce,0.0,session_balanced,adamw,0.0003,0.05,cosine,5,60,5.0,True,full,raw,full_frame,dataset_v1_1,fp16,2,resnet50,0,2,base,a,17b9112721fb,1.0,1.0,1.0,1.0,1.0,1.0,1.0,1.0,1.0,1.0,67,1.0,1.0,1.0,57,1.0,1.0,1.0,62,1.0,0.0,1.0,1.0,3.6195538087734243e-06,4.2188148248632296e-11,0.9999963804598777,0.9999963804598777,NA,-3.6195401222904877e-06,3.6195401222904877e-06,3.6195401222904877e-06,3.6195401222904877e-06,40.75,99.0,24.5,5772.607488000001,5772.607488,77.47727272727273,80.0,47.96184090909092,85.398,1381.3636363636363,5000.0,4.0,2640.7129698183344,67278.70378406272,0.0,0.0,0.0,473.10438399999987,473.104384,33.0,33.0,9.634159090909092,10.357,300.0,405.0,1.0,459.6657770299953,11882.852370758066,67.67272727272727,74.6,3.991519138909091,4.120768512,14.7,2.714890146909091,2.767495168,25.409978368,0.0,3100.3787468483297,0.8612163185689805,0.6140472351396831,713.0,781,Tesla T4,16106.12736,70.0,GPU-1f96c9cc-a27b-72e1-c080-1f81c4b11b41,Tesla T4,16106.12736,70.0,GPU-9000a4aa-ab22-e15e-7a16-863384e060ff,580.159.04,1.0,57,1.0,2,1.0,60,1.0,67
a-resnet50-base-f0-s2,a,resnet50,base,0,2,56,4424,141568,1787823206.419282,1787823254.7289743,2026-08-27T09:33:26Z,2026-08-27T09:34:14Z,acct4,3,c970c0,Interactive,17b9112721fb,v2,1.453484659739129e-05,1.0,2.6118832270136624e-06,3.8982124586499795e-06,0.00019011797176753583,0.001308817882090807,9.384252189192921e-05,0.0007427714415825902,0.0012238869490101933,0.0,1063.2793400649684,6.970136804427982e-13,262144.0,0,0,48.288134813308716,44.03899884223938,4.247689247131348,19.565850019454956,22.92750358581543,21.360217332839966,1.2738616466522217,0.4051895997867866,0.30789956261840046,0.3068208694458008,0.31822834014892576,0.32671539306640623,57.40366644246473,23512130,23512130,2471.243941307068,162722.60681552047,60,384,32,coral,coral_bce,0.0,session_balanced,adamw,0.0003,0.05,cosine,5,60,5.0,True,full,raw,full_frame,dataset_v1_1,fp16,2,resnet50,0,2,base,a,17b9112721fb,1.0,1.0,1.0,1.0,1.0,1.0,1.0,1.0,1.0,1.0,67,1.0,1.0,1.0,57,1.0,1.0,1.0,62,1.0,0.0,1.0,1.0,4.936323738118419e-06,1.0134357078867428e-10,0.9999950637099564,0.9999950637099564,NA,-4.93629004361118e-06,4.93629004361118e-06,4.93629004361118e-06,4.93629004361118e-06,33.24444444444445,99.0,17.0,5773.958985955556,5774.70464,76.57777777777778,80.0,46.76206666666667,74.404,1301.3333333333333,5000.0,4.0,2635.7052356067725,69946.5189274387,0.0,0.0,0.0,473.10438399999987,473.104384,33.0,33.0,9.650555555555556,10.754,300.0,405.0,1.0,469.78221680810566,12360.712975672042,66.36888888888889,73.9,4.035910405688888,4.138647552,14.8,2.7137992476444457,2.747793408,25.410125824,0.0,3105.487452414878,0.8626354034485773,0.6150590426588356,713.0,798,Tesla T4,16106.12736,70.0,GPU-1f96c9cc-a27b-72e1-c080-1f81c4b11b41,Tesla T4,16106.12736,70.0,GPU-9000a4aa-ab22-e15e-7a16-863384e060ff,580.159.04,1.0,57,1.0,2,1.0,60,1.0,67
a-resnet50-base-f0-s2,a,resnet50,base,0,2,57,4503,144096,1787823255.469195,1787823302.3868823,2026-08-27T09:34:15Z,2026-08-27T09:35:02Z,acct4,3,c970c0,Interactive,17b9112721fb,v2,3.21294936366951e-05,1.0,9.073756601410619e-05,2.1969246228460523e-06,0.0004253085148948115,0.011359363794326782,0.00010295859101461247,0.0008816367073450236,0.0063326764479279445,0.0,1063.26860239526,8.787720681054731e-13,262144.0,0,0,46.889971017837524,42.59972286224365,4.28859806060791,18.081031322479248,22.9751718044281,21.29002046585083,1.2670097351074219,0.3856055128633157,0.3084852514387686,0.30724573135375977,0.31789121627807615,0.3263835906982422,59.34310906610566,23512130,23512130,2518.1339123249054,165769.65795420154,60,384,32,coral,coral_bce,0.0,session_balanced,adamw,0.0003,0.05,cosine,5,60,5.0,True,full,raw,full_frame,dataset_v1_1,fp16,2,resnet50,0,2,base,a,17b9112721fb,1.0,1.0,1.0,1.0,1.0,1.0,1.0,1.0,1.0,1.0,67,1.0,1.0,1.0,57,1.0,1.0,1.0,62,1.0,0.0,1.0,1.0,0.00015176912162504817,2.2186002129079184e-07,0.999848295604029,0.999848295604029,NA,-0.0001517043959710085,0.0001517043959710085,0.0001517043959710085,0.0001517043959710085,45.97674418604651,99.0,33.0,5774.704640000001,5774.70464,76.69767441860465,79.0,52.63632558139534,88.856,1162.6744186046512,5000.0,4.0,2591.8995860770956,72571.08946298466,0.0,0.0,0.0,473.1043839999999,473.104384,33.0,33.0,9.652,10.059,300.0,405.0,1.0,455.15155260398205,12824.204588132918,67.5953488372093,73.6,4.080982539906977,4.17150976,14.9,2.712628676465116,2.750779392,25.409306624,0.0,3047.0511386810776,0.8464030940780771,0.603485406077669,713.0,774,Tesla T4,16106.12736,70.0,GPU-1f96c9cc-a27b-72e1-c080-1f81c4b11b41,Tesla T4,16106.12736,70.0,GPU-9000a4aa-ab22-e15e-7a16-863384e060ff,580.159.04,1.0,57,1.0,2,1.0,60,1.0,67
a-resnet50-base-f0-s2,a,resnet50,base,0,2,58,4582,146624,1787823303.08847,1787823350.2422674,2026-08-27T09:35:03Z,2026-08-27T09:35:50Z,acct4,3,c970c0,Interactive,17b9112721fb,v2,2.5288423957930187e-05,1.0,6.465644492959899e-06,9.777396977174666e-07,0.00038890937185563336,0.00449755135923624,0.0001808344095479697,0.0011397633468732235,0.002989478250965474,0.0,1063.261948822787,3.576278941408756e-13,262144.0,0,0,47.124958753585815,42.811999797821045,4.310906887054443,18.306304216384888,22.948721170425415,21.428350687026978,1.2711634635925293,0.3884630289462467,0.30828823318964316,0.3071773052215576,0.31609315872192384,0.32440943241119385,59.04886508311777,23512130,23512130,2565.258871078491,168828.81694817162,60,384,32,coral,coral_bce,0.0,session_balanced,adamw,0.0003,0.05,cosine,5,60,5.0,True,full,raw,full_frame,dataset_v1_1,fp16,2,resnet50,0,2,base,a,17b9112721fb,1.0,1.0,1.0,1.0,1.0,1.0,1.0,1.0,1.0,1.0,67,1.0,1.0,1.0,57,1.0,1.0,1.0,62,1.0,0.0,1.0,1.0,1.060053344784954e-05,6.480731442255362e-10,0.9999893996664273,0.9999893996664273,NA,-1.060033357269674e-05,1.060033357269674e-05,1.060033357269674e-05,1.060033357269674e-05,69.65116279069767,99.0,94.0,5774.704640000001,5774.70464,76.97674418604652,79.0,59.63409302325583,74.065,916.3953488372093,5000.0,4.0,2599.5146450485336,75205.8047019539,0.0,0.0,0.0,473.1043839999999,473.104384,33.0,33.0,9.727093023255813,10.258,300.0,405.0,1.0,459.6443489215508,13292.145269404484,67.70697674418604,79.6,3.9314519635348835,4.087672832,14.6,2.7122122180465116,2.712219648,25.409777664,0.0,3059.1589939700843,0.8497663872139123,0.6058834340835195,713.0,780,Tesla T4,16106.12736,70.0,GPU-1f96c9cc-a27b-72e1-c080-1f81c4b11b41,Tesla T4,16106.12736,70.0,GPU-9000a4aa-ab22-e15e-7a16-863384e060ff,580.159.04,1.0,57,1.0,2,1.0,60,1.0,67
a-resnet50-base-f0-s2,a,resnet50,base,0,2,59,4661,149152,1787823350.9974158,1787823399.361347,2026-08-27T09:35:50Z,2026-08-27T09:36:39Z,acct4,3,c970c0,Interactive,17b9112721fb,v2,2.098024153003533e-05,1.0,3.779838722352075e-06,2.4463441107965276e-07,0.0003131611928311722,0.007408804725855589,0.00012834637891501188,0.000888571713585406,0.002963544067461037,0.0,1063.2592667513168,7.205204447954604e-14,262144.0,0,0,48.3402841091156,44.06838822364807,4.2705864906311035,19.392595767974854,23.1382896900177,21.589333057403564,1.2541637420654297,0.40116842764517313,0.31036033811448493,0.31020593643188477,0.31592526435852053,0.3229600191116333,57.365383711569905,23512130,23512130,2613.599155187607,171957.73523652938,60,384,32,coral,coral_bce,0.0,session_balanced,adamw,0.0003,0.05,cosine,5,60,5.0,True,full,raw,full_frame,dataset_v1_1,fp16,2,resnet50,0,2,base,a,17b9112721fb,1.0,1.0,1.0,1.0,1.0,1.0,1.0,1.0,1.0,1.0,67,1.0,1.0,1.0,57,1.0,1.0,1.0,62,1.0,0.0,1.0,1.0,6.269773852771094e-06,2.3237427034592845e-10,0.9999937302963708,0.9999937302963708,NA,-6.26970362915813e-06,6.26970362915813e-06,6.26970362915813e-06,6.26970362915813e-06,69.57777777777778,99.0,94.0,5774.704640000001,5774.70464,77.22222222222223,79.0,53.5616,71.912,1063.3333333333333,5000.0,4.0,2652.783540646822,77905.01977529506,0.0,0.0,0.0,473.10438399999987,473.104384,33.0,33.0,9.719666666666669,10.357,300.0,405.0,1.0,476.13474771094116,13778.003426041434,69.12000000000002,96.1,4.181282816,4.35980288,15.4,2.796238438399999,3.034476544,25.622503424,0.0,3128.9182883577632,0.8691439689882675,0.6196996498886348,713.0,798,Tesla T4,16106.12736,70.0,GPU-1f96c9cc-a27b-72e1-c080-1f81c4b11b41,Tesla T4,16106.12736,70.0,GPU-9000a4aa-ab22-e15e-7a16-863384e060ff,580.159.04,1.0,57,1.0,2,1.0,60,1.0,67
a-resnet50-base-f0-s2,a,resnet50,base,0,2,60,4740,151680,1787823400.0603492,1787823448.2910352,2026-08-27T09:36:40Z,2026-08-27T09:37:28Z,acct4,3,c970c0,Interactive,17b9112721fb,v2,2.1331032781699257e-05,1.0,2.362607623366276e-06,0.0,0.00030083988577310185,0.0026041073724627495,0.00014273494889494032,0.001174458966124802,0.001862207856029271,0.0,1063.259269399803,0.0,262144.0,0,0,48.19814682006836,43.88195872306824,4.314088821411133,19.252634286880493,23.082197189331055,21.50792145729065,1.2681739330291748,0.39944760446400057,0.30980959421471704,0.30778050422668457,0.31890482902526857,0.32655776500701905,57.609096621091794,23512130,23512130,2661.797302007675,175093.96439734465,60,384,32,coral,coral_bce,0.0,session_balanced,adamw,0.0003,0.05,cosine,5,60,5.0,True,full,raw,full_frame,dataset_v1_1,fp16,2,resnet50,0,2,base,a,17b9112721fb,1.0,1.0,1.0,1.0,1.0,1.0,1.0,1.0,1.0,1.0,67,1.0,1.0,1.0,57,1.0,1.0,1.0,62,1.0,0.0,1.0,1.0,4.210478374040752e-06,5.811954366541271e-11,0.9999957895407112,0.9999957895407112,NA,-4.210459288778168e-06,4.210459288778168e-06,4.210459288778168e-06,4.210459288778168e-06,29.066666666666666,99.0,0.0,5774.704640000001,5774.70464,76.44444444444444,78.0,44.86591111111112,87.101,1378.6666666666667,5000.0,4.0,2656.4520309167274,80597.84369162687,0.0,0.0,0.0,473.10438399999987,473.104384,33.0,33.0,9.909422222222222,10.556,300.0,405.0,1.0,479.777129898539,14265.830115460692,66.12444444444444,72.3,4.137937942755555,4.260192256,15.1,2.780415863466666,2.79476224,25.41746176,0.0,3136.2291608152664,0.8711747668931296,0.6211476087948014,713.0,794,Tesla T4,16106.12736,70.0,GPU-1f96c9cc-a27b-72e1-c080-1f81c4b11b41,Tesla T4,16106.12736,70.0,GPU-9000a4aa-ab22-e15e-7a16-863384e060ff,580.159.04,1.0,57,1.0,2,1.0,60,1.0,67
