run_id,stage,arch,technique,fold,seed,epoch,global_step,samples_seen,ts_start,ts_end,iso_start,iso_end,account,worker_id,session_id,host,config_hash,lib_version,train_loss,train_acc,val_loss,lr_group0,grad_norm_mean,grad_norm_max,grad_norm_p50,grad_norm_p95,grad_norm_p99,grad_clip_hit_rate,weight_norm_total,update_to_weight_ratio,amp_scale,amp_scale_decreases,nan_or_inf_batches,epoch_seconds,train_seconds,val_seconds,dataload_seconds,compute_seconds,backward_seconds,optimizer_seconds,dataload_frac,step_time_mean,step_time_p50,step_time_p90,step_time_p99,images_per_second,n_params_total,n_params_trainable,wall_seconds_cumulative,energy_joules_cumulative,epochs_planned,cfg_input_resolution,cfg_batch_size,cfg_head_type,cfg_loss_name,cfg_label_smoothing,cfg_sampler_name,cfg_optimizer_name,cfg_lr_initial,cfg_weight_decay,cfg_scheduler_name,cfg_warmup_epochs,cfg_max_epochs,cfg_grad_clip,cfg_pretrained,cfg_finetune_depth,cfg_preprocessing,cfg_roi_mode,cfg_augment_policy,cfg_precision,cfg_num_workers,cfg_arch,cfg_fold,cfg_seed,cfg_technique,cfg_stage,cfg_config_hash,val_acc,val_balanced_acc,val_f1_macro,val_f1_micro,val_f1_weighted,val_precision_macro,val_recall_macro,val_f1_low,val_recall_low,val_precision_low,val_support_low,val_f1_mid,val_recall_mid,val_precision_mid,val_support_mid,val_f1_high,val_recall_high,val_precision_high,val_support_high,val_qwk,val_mae_class,val_cohen_kappa,val_mcc,val_nll,val_brier,val_mean_confidence,val_mean_confidence_correct,val_mean_confidence_incorrect,val_overconfidence_gap,val_ece,val_mce,val_ace,gpu0_util_mean,gpu0_util_max,gpu0_util_p50,gpu0_mem_used_mb_mean,gpu0_mem_used_mb_peak,gpu0_temp_c_mean,gpu0_temp_c_max,gpu0_power_w_mean,gpu0_power_w_max,gpu0_sm_clock_mhz_mean,gpu0_mem_clock_mhz_mean,gpu0_throttle_reasons,gpu0_energy_joules_epoch,gpu0_energy_joules_cumulative,gpu1_util_mean,gpu1_util_max,gpu1_util_p50,gpu1_mem_used_mb_mean,gpu1_mem_used_mb_peak,gpu1_temp_c_mean,gpu1_temp_c_max,gpu1_power_w_mean,gpu1_power_w_max,gpu1_sm_clock_mhz_mean,gpu1_mem_clock_mhz_mean,gpu1_throttle_reasons,gpu1_energy_joules_epoch,gpu1_energy_joules_cumulative,cpu_percent_mean,cpu_percent_max,ram_used_gb_mean,ram_used_gb_peak,ram_percent_peak,proc_rss_gb_mean,proc_rss_gb_peak,proc_vms_gb_peak,swap_used_gb_peak,energy_joules_epoch,energy_wh_epoch,co2_g_epoch,carbon_intensity_g_per_kwh,power_sample_count,gpu0_name,gpu0_mem_total_mb,gpu0_power_limit_w,gpu0_uuid,gpu1_name,gpu1_mem_total_mb,gpu1_power_limit_w,gpu1_uuid,gpu_driver,val_acc_session_mileage_000100_005000__session_001,val_n_session_mileage_000100_005000__session_001,val_acc_session_mileage_070000__session_001,val_n_session_mileage_070000__session_001,val_acc_session_mileage_100000_plus__session_001,val_n_session_mileage_100000_plus__session_001,val_acc_session_mileage_100000_plus__session_005,val_n_session_mileage_100000_plus__session_005
a-resnet50-base-f2-s1,a,resnet50,base,2,1,1,107,3424,1787784941.0121665,1787784997.335849,2026-08-26T22:55:41Z,2026-08-26T22:56:37Z,acct2,1,d5f974,Interactive,67ca7a8892cb,v2,0.639729612341551,0.5134345794392523,0.5889759774391468,6e-05,0.831744395683859,3.038019180297852,0.7873899936676025,1.223015797138214,1.601083049774169,0.0,1095.4376373986272,4.555682773465939e-08,65536.0,0,0,56.30091738700867,53.26182150840759,3.0368776321411133,23.54590606689453,28.392387628555294,26.391015768051147,0.973935604095459,0.4182153179679396,0.2758805707236316,0.2749247550964355,0.2783235549926758,0.2822675275802612,64.28619793747586,23512130,23512130,56.30091738700867,3651.692689839126,60,384,32,coral,coral_bce,0.0,session_balanced,adamw,0.0003,0.05,cosine,5,60,5.0,True,full,raw,full_frame,dataset_v1_1,fp16,2,resnet50,2,1,base,a,67ca7a8892cb,0.9807692307692308,0.9666666666666668,0.9743260590500644,0.9807692307692308,0.980497679470722,0.9841269841269842,0.9666666666666668,0.975609756097561,1.0,0.9523809523809524,40,0.9473684210526316,0.9,1.0,20,1.0,1.0,1.0,44,0.9882246376811594,0.0192307692307692,0.9695906432748538,0.970178083940702,0.7917012101669832,0.4843332121580974,0.4552894529814904,0.4575229845210617,0.3413793444633484,-0.5254797777877404,0.5254797777877405,0.5450299252302219,0.5254797777877405,58.88235294117647,99.0,83.0,5797.773311999998,5797.773312,77.6470588235294,81.0,57.32470588235294,90.027,1174.7058823529412,5000.0,4.0,3104.2696928758637,3111.0165358366976,0.0,0.0,0.0,473.104384,473.104384,35.8235294117647,36.0,9.642803921568628,10.154,300.0,405.0,1.0,547.4229969632628,550.0745002951625,68.00392156862745,75.5,3.345762103215687,3.71808256,13.6,2.7289489970196072,2.784256,26.313965568,0.0,3651.692689839126,1.0143590805108684,0.7232380244042492,713.0,932,Tesla T4,16106.12736,70.0,GPU-a33bf8c2-746f-e912-2269-a8e9d6d97464,Tesla T4,16106.12736,70.0,GPU-c86cdc1f-6697-5b59-64a5-dc94cdb433c9,580.159.04,1.0,40,0.9,20,1.0,3,1.0,41
a-resnet50-base-f2-s1,a,resnet50,base,2,1,2,214,6848,1787784998.2183523,1787785052.543878,2026-08-26T22:56:38Z,2026-08-26T22:57:32Z,acct2,1,d5f974,Interactive,67ca7a8892cb,v2,0.2370322372451006,0.9518107476635514,0.1074436544798887,0.0001199999999999,0.689449836160535,2.227649450302124,0.6865385174751282,1.280153512954711,1.441941478252411,0.0,1094.9716120334729,7.555810527874677e-08,65536.0,0,0,54.30889415740967,51.7470543384552,2.560852289199829,22.177707195281982,28.220431327819824,26.19806241989136,0.9851603507995604,0.4083623417372816,0.2743344306945801,0.2739715576171875,0.2761369228363037,0.2828746175765991,66.16801755719447,23512130,23512130,110.60981154441832,7166.1842661755145,60,384,32,coral,coral_bce,0.0,session_balanced,adamw,0.0003,0.05,cosine,5,60,5.0,True,full,raw,full_frame,dataset_v1_1,fp16,2,resnet50,2,1,base,a,67ca7a8892cb,1.0,1.0,1.0,1.0,1.0,1.0,1.0,1.0,1.0,1.0,40,1.0,1.0,1.0,20,1.0,1.0,1.0,44,1.0,0.0,1.0,1.0,0.1597389677506661,0.043939955617381,0.8566986855406028,0.8566986855406028,,-0.1433013144593972,0.1433013144593972,0.2877911499568394,0.1433013144593972,55.24,99.0,58.5,5702.059294720001,5791.481856,76.64,79.0,55.39116,96.221,1206.6,5000.0,4.0,2986.280755411153,6140.751575173623,0.0,0.0,0.0,473.104384,473.104384,35.54,36.0,9.70604,10.849,300.0,405.0,1.0,528.2108209252356,1089.0176824603082,68.092,82.5,3.82987051008,4.011790336,14.4,2.82140672,2.82140672,26.35968512,0.0,3514.491576336389,0.9762476600934412,0.6960645816466237,713.0,896,Tesla T4,16106.12736,70.0,GPU-a33bf8c2-746f-e912-2269-a8e9d6d97464,Tesla T4,16106.12736,70.0,GPU-c86cdc1f-6697-5b59-64a5-dc94cdb433c9,580.159.04,1.0,40,1.0,20,1.0,3,1.0,41
a-resnet50-base-f2-s1,a,resnet50,base,2,1,3,321,10272,1787785053.8757975,1787785109.7452729,2026-08-26T22:57:33Z,2026-08-26T22:58:29Z,acct2,1,d5f974,Interactive,67ca7a8892cb,v2,0.0177898407461139,0.9988317757009346,0.0234616169920907,0.0001799999999999,0.1578366157433418,1.1891900300979614,0.1116431355476379,0.4338961511850353,1.0302822279930106,0.0,1094.2010375386326,2.5964690088130577e-08,65536.0,0,0,55.85066318511963,53.21512627601624,2.6337313652038574,23.752268075942997,28.15882444381714,26.14884662628174,0.9678587913513184,0.4252817553341308,0.2736378607348861,0.2732717990875244,0.2749087333679199,0.2766818475723266,64.34260781869418,23512130,23512130,166.46047472953796,10752.246980789434,60,384,32,coral,coral_bce,0.0,session_balanced,adamw,0.0003,0.05,cosine,5,60,5.0,True,full,raw,full_frame,dataset_v1_1,fp16,2,resnet50,2,1,base,a,67ca7a8892cb,1.0,1.0,1.0,1.0,1.0,1.0,1.0,1.0,1.0,1.0,40,1.0,1.0,1.0,20,1.0,1.0,1.0,44,1.0,0.0,1.0,1.0,0.0312521300758889,0.0019892946404703,0.9694032806616564,0.9694032806616564,,-0.0305967193383437,0.0305967193383436,0.0807596445083618,0.0305967193383436,53.90384615384615,99.0,73.5,5791.481856000002,5791.481856,76.57692307692308,79.0,54.65123076923077,85.876,1202.3076923076924,5000.0,4.0,3047.9989930675083,9249.091207430136,0.0,0.0,0.0,473.1043839999999,473.104384,35.23076923076923,36.0,9.593788461538464,10.646,300.0,405.0,1.0,538.0637215464112,1642.184029178857,67.18846153846154,74.6,3.836619618461538,4.024573952,14.5,2.8235949292307696,2.858438656,26.416316416,0.0,3586.0627146139195,0.9961285318371998,0.7102396431999235,713.0,927,Tesla T4,16106.12736,70.0,GPU-a33bf8c2-746f-e912-2269-a8e9d6d97464,Tesla T4,16106.12736,70.0,GPU-c86cdc1f-6697-5b59-64a5-dc94cdb433c9,580.159.04,1.0,40,1.0,20,1.0,3,1.0,41
a-resnet50-base-f2-s1,a,resnet50,base,2,1,4,428,13696,1787785110.4623654,1787785165.726833,2026-08-26T22:58:30Z,2026-08-26T22:59:25Z,acct2,1,d5f974,Interactive,67ca7a8892cb,v2,0.0047260457725986,1.0,0.0169668088246208,0.0002399999999999,0.0491316900196894,0.5758968591690063,0.0316488556563854,0.1439317055046555,0.3395296937227247,0.0,1093.1439495926422,1.0786873594387618e-08,65536.0,0,0,55.24396276473999,52.640443325042725,2.602628231048584,23.10660672187805,28.18925380706787,26.262853622436523,0.9876563549041748,0.4182648304988373,0.2742971861473868,0.2736794948577881,0.2755111694335937,0.2893484830856323,65.04504490696596,23512130,23512130,221.70443749427795,14285.250471155414,60,384,32,coral,coral_bce,0.0,session_balanced,adamw,0.0003,0.05,cosine,5,60,5.0,True,full,raw,full_frame,dataset_v1_1,fp16,2,resnet50,2,1,base,a,67ca7a8892cb,1.0,1.0,1.0,1.0,1.0,1.0,1.0,1.0,1.0,1.0,40,1.0,1.0,1.0,20,1.0,1.0,1.0,44,1.0,0.0,1.0,1.0,0.0216755947639487,0.0010041606008512,0.9786605800573642,0.9786605800573642,,-0.0213394199426357,0.0213394199426357,0.0213394199426357,0.0213394199426357,57.25490196078432,99.0,74.0,5791.481856000001,5791.481856,77.0,79.0,53.63833333333333,83.102,1230.8823529411766,5000.0,4.0,3005.0047762823087,12287.40447302438,0.0,0.0,0.0,473.104384,473.104384,35.25490196078432,36.0,9.506882352941178,9.956,300.0,405.0,1.0,527.998714083672,2179.547955464124,67.30000000000001,73.8,3.97761403482353,4.163084288,14.9,2.854389559215686,2.905100288,26.447511552,0.0,3533.0034903659807,0.9813898584349946,0.6997309690641511,713.0,916,Tesla T4,16106.12736,70.0,GPU-a33bf8c2-746f-e912-2269-a8e9d6d97464,Tesla T4,16106.12736,70.0,GPU-c86cdc1f-6697-5b59-64a5-dc94cdb433c9,580.159.04,1.0,40,1.0,20,1.0,3,1.0,41
a-resnet50-base-f2-s1,a,resnet50,base,2,1,5,535,17120,1787785166.3629258,1787785222.680248,2026-08-26T22:59:26Z,2026-08-26T23:00:22Z,acct2,1,d5f974,Interactive,67ca7a8892cb,v2,0.0018466895440197,1.0,0.0064693742807811,0.0003,0.0239404179765103,0.6136412620544434,0.0123372804373502,0.051186192408204,0.2327681905031202,0.0,1091.8016291114357,6.578232896390046e-09,65536.0,0,0,56.299079179763794,53.78275775909424,2.515398979187012,24.38004302978516,28.080353498458862,26.07190775871277,0.978736162185669,0.4330451471850777,0.2730524673640171,0.2723922729492187,0.2751183986663818,0.2856984615325927,63.66352605675057,23512130,23512130,278.00351667404175,17872.512860032806,60,384,32,coral,coral_bce,0.0,session_balanced,adamw,0.0003,0.05,cosine,5,60,5.0,True,full,raw,full_frame,dataset_v1_1,fp16,2,resnet50,2,1,base,a,67ca7a8892cb,1.0,1.0,1.0,1.0,1.0,1.0,1.0,1.0,1.0,1.0,40,1.0,1.0,1.0,20,1.0,1.0,1.0,44,1.0,0.0,1.0,1.0,0.007762121739866,0.0001618904568386,0.9922905805019232,0.9922905805019232,,-0.0077094194980767,0.0077094194980767,0.0077094194980767,0.0077094194980767,58.47058823529412,99.0,83.0,5791.481856000001,5791.481856,76.52941176470588,79.0,52.858117647058826,89.483,1300.0,5000.0,4.0,3051.0688331632628,15370.275861242306,0.0,0.0,0.0,473.104384,473.104384,35.25490196078432,36.0,9.515117647058824,9.956,300.0,405.0,1.0,536.1935557141296,2723.6236165194505,67.39803921568628,73.2,3.7708139018039217,3.882827776,14.1,2.746834703058823,2.785562624,26.340294656,0.0,3587.2623888773924,0.9964617746881644,0.7104772453526612,713.0,934,Tesla T4,16106.12736,70.0,GPU-a33bf8c2-746f-e912-2269-a8e9d6d97464,Tesla T4,16106.12736,70.0,GPU-c86cdc1f-6697-5b59-64a5-dc94cdb433c9,580.159.04,1.0,40,1.0,20,1.0,3,1.0,41
a-resnet50-base-f2-s1,a,resnet50,base,2,1,6,642,20544,1787785223.2727463,1787785278.4204104,2026-08-26T23:00:23Z,2026-08-26T23:01:18Z,acct2,1,d5f974,Interactive,67ca7a8892cb,v2,0.0008126851150855,1.0,0.0030068536692012,0.0002997553655889,0.0092437436856399,0.0614057779312133,0.0050084399990737,0.0351432878524065,0.0496706559509038,0.0,1090.311482005745,2.5413487921836488e-09,65536.0,0,0,55.13056397438049,52.57207751274109,2.557440757751465,23.166870594024655,28.088575839996334,26.04620337486267,0.986041784286499,0.4202182768308055,0.2732111583246249,0.2726597785949707,0.2751991748809814,0.2847821521759033,65.12963082294355,23512130,23512130,333.13408064842224,21438.87537487219,60,384,32,coral,coral_bce,0.0,session_balanced,adamw,0.0003,0.05,cosine,5,60,5.0,True,full,raw,full_frame,dataset_v1_1,fp16,2,resnet50,2,1,base,a,67ca7a8892cb,1.0,1.0,1.0,1.0,1.0,1.0,1.0,1.0,1.0,1.0,40,1.0,1.0,1.0,20,1.0,1.0,1.0,44,1.0,0.0,1.0,1.0,0.0037999779144892,3.919511648338572e-05,0.9962123947647902,0.9962123947647902,,-0.0037876052352098,0.0037876052352098,0.0037876052352098,0.0037876052352098,57.372549019607845,99.0,65.0,5791.481856000001,5791.481856,77.43137254901961,79.0,51.4943725490196,84.618,1311.470588235294,5000.0,4.0,3038.5397827512934,18441.18851698683,0.0,0.0,0.0,473.104384,473.104384,35.31372549019608,36.0,9.486019607843138,10.055,300.0,405.0,1.0,527.8227320880892,3258.424643412828,67.02941176470587,74.2,3.789673572392157,3.95270144,14.3,2.746543003607843,2.778484736,26.340294656,0.0,3566.3625148393826,0.9906562541220508,0.7063379091890222,713.0,914,Tesla T4,16106.12736,70.0,GPU-a33bf8c2-746f-e912-2269-a8e9d6d97464,Tesla T4,16106.12736,70.0,GPU-c86cdc1f-6697-5b59-64a5-dc94cdb433c9,580.159.04,1.0,40,1.0,20,1.0,3,1.0,41
a-resnet50-base-f2-s1,a,resnet50,base,2,1,7,749,23968,1787785279.0264058,1787785335.0056543,2026-08-26T23:01:19Z,2026-08-26T23:02:15Z,acct2,1,d5f974,Interactive,67ca7a8892cb,v2,0.0024467068257856,0.9985397196261684,0.0053110158545538,0.0002990222603022,0.0494548619145997,1.8389114141464236,0.0055275480262935,0.2655115976929639,0.5585392165184019,0.0,1088.8986319330131,1.3580790864241452e-08,65536.0,0,0,55.95886421203613,53.47231888771057,2.484827041625977,24.143282651901245,28.02209186553955,25.98958945274353,0.985910415649414,0.4314469743420613,0.2724705589151828,0.2721345424652099,0.2748670578002929,0.283601713180542,64.03313099606254,23512130,23512130,389.0929448604584,25072.661512961848,60,384,32,coral,coral_bce,0.0,session_balanced,adamw,0.0003,0.05,cosine,5,60,5.0,True,full,raw,full_frame,dataset_v1_1,fp16,2,resnet50,2,1,base,a,67ca7a8892cb,1.0,1.0,1.0,1.0,1.0,1.0,1.0,1.0,1.0,1.0,40,1.0,1.0,1.0,20,1.0,1.0,1.0,44,1.0,0.0,1.0,1.0,0.0069152580257584,0.0001819110569145,0.9931456194474146,0.9931456194474146,,-0.0068543805525853,0.0068543805525853,0.0068543805525853,0.0068543805525853,54.67307692307692,99.0,63.0,5791.481856000002,5791.481856,76.78846153846153,79.0,58.62048076923077,93.81,1179.2307692307693,5000.0,4.0,3100.137812785146,21576.98581144069,0.0,0.0,0.0,473.1043839999999,473.104384,35.07692307692308,36.0,9.481076923076923,9.956,300.0,405.0,1.0,533.6483253045121,3799.606734362844,66.99615384615385,72.8,3.8878004775384616,4.07427072,14.6,2.745389056,2.745389056,26.28366336,0.0,3633.786138089658,1.0093850383582383,0.7196915323494238,713.0,928,Tesla T4,16106.12736,70.0,GPU-a33bf8c2-746f-e912-2269-a8e9d6d97464,Tesla T4,16106.12736,70.0,GPU-c86cdc1f-6697-5b59-64a5-dc94cdb433c9,580.159.04,1.0,40,1.0,20,1.0,3,1.0,41
a-resnet50-base-f2-s1,a,resnet50,base,2,1,8,856,27392,1787785335.6645386,1787785391.0258262,2026-08-26T23:02:15Z,2026-08-26T23:03:11Z,acct2,1,d5f974,Interactive,67ca7a8892cb,v2,0.0007250277482862,1.0,0.0213969554170034,0.0002978030753771,0.0118589023205399,0.2510558068752289,0.0038798809982836,0.0459748858585951,0.1511766554415224,0.0,1087.428085702116,3.247679205723121e-09,65536.0,0,0,55.34309697151184,52.78514337539673,2.5570390224456787,23.49816966056824,27.98482322692871,25.973137855529785,0.9763219356536864,0.4245907971623642,0.2721225836566675,0.2721524238586426,0.2738100051879882,0.2759046077728271,64.8667367567658,23512130,23512130,444.4360418319702,28661.427576356888,60,384,32,coral,coral_bce,0.0,session_balanced,adamw,0.0003,0.05,cosine,5,60,5.0,True,full,raw,full_frame,dataset_v1_1,fp16,2,resnet50,2,1,base,a,67ca7a8892cb,1.0,1.0,1.0,1.0,1.0,1.0,1.0,1.0,1.0,1.0,40,1.0,1.0,1.0,20,1.0,1.0,1.0,44,1.0,0.0,1.0,1.0,0.0364843404811382,0.00718255577434,0.9658328397915914,0.9658328397915914,,-0.0341671602084086,0.0341671602084086,0.2272018492221832,0.0341671602084086,54.5686274509804,99.0,63.0,5791.481856000001,5791.481856,77.0,79.0,57.56450980392156,85.594,1236.1764705882354,5000.0,4.0,3059.006224716435,24672.71803508806,0.0,0.0,0.0,473.104384,473.104384,35.23529411764706,36.0,9.469745098039215,10.154,300.0,405.0,1.0,529.7598386786035,4337.752760128507,67.65882352941175,73.4,4.003518102588235,4.190220288,15.0,2.822559623529412,2.872332288,26.416316416,0.0,3588.7660633950386,0.9968794620541774,0.7107750564446286,713.0,920,Tesla T4,16106.12736,70.0,GPU-a33bf8c2-746f-e912-2269-a8e9d6d97464,Tesla T4,16106.12736,70.0,GPU-c86cdc1f-6697-5b59-64a5-dc94cdb433c9,580.159.04,1.0,40,1.0,20,1.0,3,1.0,41
a-resnet50-base-f2-s1,a,resnet50,base,2,1,9,963,30816,1787785391.773195,1787785447.3747845,2026-08-26T23:03:11Z,2026-08-26T23:04:07Z,acct2,1,d5f974,Interactive,67ca7a8892cb,v2,0.0003923826300697,1.0,0.0066399235449632,0.0002961017875413,0.0044804885232751,0.0957919210195541,0.0020943121053278,0.0136140774935483,0.0324477907642722,0.0,1085.9673445129563,1.221657969278326e-09,65536.0,0,0,55.58371424674988,53.064133644104,2.5186095237731934,23.752623796463013,27.979113340377808,25.90771436691284,0.9649257659912108,0.4273306330523223,0.2721219397036828,0.2718794345855713,0.2741696834564209,0.2783184385299682,64.525693059731,23512130,23512130,500.0197560787201,32248.92555176829,60,384,32,coral,coral_bce,0.0,session_balanced,adamw,0.0003,0.05,cosine,5,60,5.0,True,full,raw,full_frame,dataset_v1_1,fp16,2,resnet50,2,1,base,a,67ca7a8892cb,1.0,1.0,1.0,1.0,1.0,1.0,1.0,1.0,1.0,1.0,40,1.0,1.0,1.0,20,1.0,1.0,1.0,44,1.0,0.0,1.0,1.0,0.0096405069644683,0.0005588923775008,0.9905445392315204,0.9905445392315204,,-0.0094554607684795,0.0094554607684795,0.0778341293334961,0.0094554607684795,54.294117647058826,99.0,53.0,5791.481856000001,5791.481856,77.41176470588235,79.0,60.10901960784314,95.893,1159.7058823529412,5000.0,4.0,3055.9709009861945,27771.494331979276,0.0,0.0,0.0,473.104384,473.104384,35.25490196078432,36.0,9.504549019607843,10.349,300.0,405.0,1.0,531.527074425212,4878.738259871484,67.7607843137255,74.4,3.985091644235294,4.079525888,14.6,2.854424254745098,2.9078528,26.447511552,0.0,3587.4979754114065,0.9965272153920574,0.7105239045745368,713.0,924,Tesla T4,16106.12736,70.0,GPU-a33bf8c2-746f-e912-2269-a8e9d6d97464,Tesla T4,16106.12736,70.0,GPU-c86cdc1f-6697-5b59-64a5-dc94cdb433c9,580.159.04,1.0,40,1.0,20,1.0,3,1.0,41
a-resnet50-base-f2-s1,a,resnet50,base,2,1,10,1070,34240,1787785448.0059526,1787785503.8651235,2026-08-26T23:04:08Z,2026-08-26T23:05:03Z,acct2,1,d5f974,Interactive,67ca7a8892cb,v2,0.0002584265343459,1.0,0.0041572361492748,0.0002939239460421,0.0029880602454557,0.024758206680417,0.0017445244593545,0.0083234719932079,0.0220188698172569,0.0,1084.5177632991797,8.098184170671148e-10,65536.0,0,0,55.84156632423401,53.17320442199707,2.6675398349761963,23.95891094207764,27.92517232894897,25.930086612701416,0.9744627475738524,0.4290515563794276,0.2715055385482645,0.2713906764984131,0.27357497215271,0.2769366216659545,64.39333565128408,23512130,23512130,555.8613224029541,35831.293784854126,60,384,32,coral,coral_bce,0.0,session_balanced,adamw,0.0003,0.05,cosine,5,60,5.0,True,full,raw,full_frame,dataset_v1_1,fp16,2,resnet50,2,1,base,a,67ca7a8892cb,1.0,1.0,1.0,1.0,1.0,1.0,1.0,1.0,1.0,1.0,40,1.0,1.0,1.0,20,1.0,1.0,1.0,44,1.0,0.0,1.0,1.0,0.0057098500545026,0.0002041253667776,0.9943590989479651,0.9943590989479651,,-0.0056409010520348,0.0056409010520348,0.0056409010520348,0.0056409010520348,55.3921568627451,99.0,62.0,5791.481856000001,5791.481856,76.86274509803921,79.0,56.11005882352941,91.432,1257.9411764705883,5000.0,4.0,3051.6171540529285,30855.00351860328,0.0,0.0,0.0,473.104384,473.104384,35.19607843137255,36.0,9.444411764705883,9.956,300.0,405.0,1.0,530.7510790329015,5416.224678718572,67.64117647058823,72.9,3.984826127058824,4.08875008,14.7,2.745389056,2.745389056,26.28366336,0.0,3582.36823308583,0.9951022869682862,0.7095079306083879,713.0,930,Tesla T4,16106.12736,70.0,GPU-a33bf8c2-746f-e912-2269-a8e9d6d97464,Tesla T4,16106.12736,70.0,GPU-c86cdc1f-6697-5b59-64a5-dc94cdb433c9,580.159.04,1.0,40,1.0,20,1.0,3,1.0,41
a-resnet50-base-f2-s1,a,resnet50,base,2,1,11,1177,37664,1787785504.616789,1787785560.4386847,2026-08-26T23:05:04Z,2026-08-26T23:06:00Z,acct2,1,d5f974,Interactive,67ca7a8892cb,v2,0.0001753727839424,1.0,0.0158342046219891,0.0002912766545459,0.0020890830266376,0.0147378258407115,0.0010942716617137,0.0065315964631736,0.0117964605242013,0.0,1083.0837925444978,5.618227502399788e-10,65536.0,0,0,55.8029887676239,53.191672563552856,2.6103670597076416,23.932388067245483,27.941016912460327,25.916781902313232,0.97247052192688,0.4288728721485741,0.2718142750107239,0.2715919017791748,0.2736286163330078,0.2802283334732056,64.37097829381169,23512130,23512130,611.664311170578,39431.02486049694,60,384,32,coral,coral_bce,0.0,session_balanced,adamw,0.0003,0.05,cosine,5,60,5.0,True,full,raw,full_frame,dataset_v1_1,fp16,2,resnet50,2,1,base,a,67ca7a8892cb,1.0,1.0,1.0,1.0,1.0,1.0,1.0,1.0,1.0,1.0,40,1.0,1.0,1.0,20,1.0,1.0,1.0,44,1.0,0.0,1.0,1.0,0.0256004207183735,0.0039183476696759,0.9756949830513734,0.9756949830513734,,-0.0243050169486266,0.0243050169486265,0.1673109173774719,0.0243050169486265,49.52941176470589,99.0,42.0,5791.481856000001,5791.481856,77.23529411764706,79.0,56.03245098039216,90.458,1222.0588235294117,5000.0,4.0,3067.101110645759,33954.788792188585,0.0,0.0,0.0,473.104384,473.104384,35.15686274509804,36.0,9.454686274509804,9.761,300.0,405.0,1.0,532.6299649970506,5956.910025129083,67.43333333333334,73.2,3.9874914183529415,4.11375616,14.7,2.7465764141176465,2.785562624,26.340294656,0.0,3599.7310756428096,0.9999252987896692,0.7129467380370342,713.0,926,Tesla T4,16106.12736,70.0,GPU-a33bf8c2-746f-e912-2269-a8e9d6d97464,Tesla T4,16106.12736,70.0,GPU-c86cdc1f-6697-5b59-64a5-dc94cdb433c9,580.159.04,1.0,40,1.0,20,1.0,3,1.0,41
a-resnet50-base-f2-s1,a,resnet50,base,2,1,12,1284,41088,1787785561.055529,1787785615.7605343,2026-08-26T23:06:01Z,2026-08-26T23:06:55Z,acct2,1,d5f974,Interactive,67ca7a8892cb,v2,0.0001546603661298,1.0,0.0538358391727692,0.0002881685479672,0.0020197467580894,0.039439246058464,0.000977293937467,0.0048608291428536,0.0130232737399637,0.0,1081.6668170587927,5.380838917872802e-10,65536.0,0,0,54.68585658073425,52.08921241760254,2.5956456661224365,22.851603746414185,27.91678810119629,25.891762256622314,0.9904167652130128,0.4178704545420757,0.2715517538730229,0.2713587284088135,0.273584508895874,0.284284348487854,65.73338012004432,23512130,23512130,666.3501677513123,42958.24285261941,60,384,32,coral,coral_bce,0.0,session_balanced,adamw,0.0003,0.05,cosine,5,60,5.0,True,full,raw,full_frame,dataset_v1_1,fp16,2,resnet50,2,1,base,a,67ca7a8892cb,1.0,1.0,1.0,1.0,1.0,1.0,1.0,1.0,1.0,1.0,40,1.0,1.0,1.0,20,1.0,1.0,1.0,44,1.0,0.0,1.0,1.0,0.0936409890400793,0.0358624718891301,0.9196243406488344,0.9196243406488344,,-0.0803756593511655,0.0803756593511654,0.4168374538421631,0.0803756593511654,48.98039215686274,99.0,44.0,5791.481856000001,5791.481856,77.07843137254902,80.0,53.76327450980392,89.539,1279.7058823529412,5000.0,4.0,3000.4994481728645,36989.45198811221,0.0,0.0,0.0,473.104384,473.104384,35.23529411764706,36.0,9.53029411764706,10.353,300.0,405.0,1.0,526.7185439496088,6490.799216505297,67.44117647058823,73.9,4.003860239058824,4.152680448,14.8,2.7457257311372545,2.755088384,26.340294656,0.0,3527.2179921224733,0.979782775589576,0.6985851189953676,713.0,908,Tesla T4,16106.12736,70.0,GPU-a33bf8c2-746f-e912-2269-a8e9d6d97464,Tesla T4,16106.12736,70.0,GPU-c86cdc1f-6697-5b59-64a5-dc94cdb433c9,580.159.04,1.0,40,1.0,20,1.0,3,1.0,41
a-resnet50-base-f2-s1,a,resnet50,base,2,1,13,1391,44512,1787785616.381,1787785671.4624245,2026-08-26T23:06:56Z,2026-08-26T23:07:51Z,acct2,1,d5f974,Interactive,67ca7a8892cb,v2,0.0001147446372644,1.0,0.0843932208873201,0.0002846097643037,0.0013876837425567,0.0113787502050399,0.0007447509560734,0.0045519850216805,0.0094992684200406,0.0,1080.2689405478202,3.6560186826889907e-10,65536.0,0,0,55.06304311752319,52.46557116508484,2.5965402126312256,23.25825500488281,27.89744734764099,25.88430404663086,0.9781804084777832,0.4223932003765541,0.271285727759388,0.2707521915435791,0.2741265773773193,0.2813745069503784,65.26184551057796,23512130,23512130,721.4132108688354,46480.72288006427,60,384,32,coral,coral_bce,0.0,session_balanced,adamw,0.0003,0.05,cosine,5,60,5.0,True,full,raw,full_frame,dataset_v1_1,fp16,2,resnet50,2,1,base,a,67ca7a8892cb,0.971153846153846,0.975,0.9637571730594986,0.971153846153846,0.971598169272588,0.9565217391304348,0.975,0.961038961038961,0.925,1.0,40,0.9302325581395348,1.0,0.8695652173913043,20,1.0,1.0,1.0,44,0.9817586529466792,0.0288461538461538,0.9550432276657058,0.9563092540421624,0.1565111685657592,0.0841469944392721,0.8776366103153962,0.8890307179772028,0.4940349857012431,-0.0935172358384499,0.0935172358384499,0.3486445248126983,0.0935172358384499,61.11764705882353,99.0,89.0,5791.481856000001,5791.481856,77.01960784313725,79.0,56.68098039215686,92.31,1212.6470588235295,5000.0,4.0,2989.159226496944,40010.44913952901,0.0,0.0,0.0,473.104384,473.104384,35.27450980392157,36.0,9.650647058823528,10.154,300.0,405.0,1.0,533.3208009479113,7031.71708889319,67.25294117647059,73.2,4.022931696941176,4.187611136,15.0,2.747486208,2.795065344,26.340294656,0.0,3522.4800274448558,0.9784666742902376,0.6976467387689395,713.0,912,Tesla T4,16106.12736,70.0,GPU-a33bf8c2-746f-e912-2269-a8e9d6d97464,Tesla T4,16106.12736,70.0,GPU-c86cdc1f-6697-5b59-64a5-dc94cdb433c9,580.159.04,0.925,40,1.0,20,1.0,3,1.0,41
a-resnet50-base-f2-s1,a,resnet50,base,2,1,14,1498,47936,1787785672.0478036,1787785727.137184,2026-08-26T23:07:52Z,2026-08-26T23:08:47Z,acct2,1,d5f974,Interactive,67ca7a8892cb,v2,0.0001111779849163,1.0,0.0079647922278896,0.0002806119115679,0.0013503084959088,0.0110880574211478,0.0007660608389414,0.0040756066562607,0.0089397795964032,0.0,1078.8917034885376,3.512054518708793e-10,65536.0,0,0,55.06956934928894,52.55398297309876,2.5146775245666504,23.320851802825928,27.933557510375977,25.84882688522339,0.9731016159057616,0.4234798288490165,0.2716297657690316,0.2713747024536133,0.2731271743774414,0.2824751663208008,65.1520552067894,23512130,23512130,776.4827802181244,50028.44624722908,60,384,32,coral,coral_bce,0.0,session_balanced,adamw,0.0003,0.05,cosine,5,60,5.0,True,full,raw,full_frame,dataset_v1_1,fp16,2,resnet50,2,1,base,a,67ca7a8892cb,1.0,1.0,1.0,1.0,1.0,1.0,1.0,1.0,1.0,1.0,40,1.0,1.0,1.0,20,1.0,1.0,1.0,44,1.0,0.0,1.0,1.0,0.0128779086718491,0.0011302170226246,0.9874763156359012,0.9874763156359012,,-0.0125236843640987,0.0125236843640987,0.0886796017487844,0.0125236843640987,54.5686274509804,99.0,51.0,5791.481856000001,5791.481856,77.47058823529412,79.0,56.4458431372549,73.576,1179.7058823529412,5000.0,4.0,3013.3561262158983,43052.79930633186,0.0,0.0,0.0,473.104384,473.104384,35.35294117647059,36.0,9.730254901960784,10.651,300.0,405.0,1.0,534.36724094891,7573.183316780575,67.33333333333333,74.3,4.008727090196079,4.088512512,14.7,2.74625258917647,2.789429248,26.340294656,0.0,3547.723367164808,0.9854787131013356,0.7026463224412524,713.0,914,Tesla T4,16106.12736,70.0,GPU-a33bf8c2-746f-e912-2269-a8e9d6d97464,Tesla T4,16106.12736,70.0,GPU-c86cdc1f-6697-5b59-64a5-dc94cdb433c9,580.159.04,1.0,40,1.0,20,1.0,3,1.0,41
a-resnet50-base-f2-s1,a,resnet50,base,2,1,15,1605,51360,1787785727.7480228,1787785785.1826751,2026-08-26T23:08:47Z,2026-08-26T23:09:45Z,acct2,1,d5f974,Interactive,67ca7a8892cb,v2,9.045829344962432e-05,1.0,0.0183091789143733,0.0002761880299246,0.0010767288173648,0.0100062396377325,0.0005537790129892,0.0038871311349794,0.0088534989487379,0.0,1077.537864996502,2.759806596978417e-10,65536.0,0,0,57.41464829444885,54.85457444190979,2.559177160263061,25.62643575668335,27.858503818511963,25.847332000732425,1.0101053714752195,0.4463396801676663,0.2712994869624343,0.2709224224090576,0.2732616901397705,0.2808349847793579,62.41958915615993,23512130,23512130,833.8974285125732,53668.00671783415,60,384,32,coral,coral_bce,0.0,session_balanced,adamw,0.0003,0.05,cosine,5,60,5.0,True,full,raw,full_frame,dataset_v1_1,fp16,2,resnet50,2,1,base,a,67ca7a8892cb,1.0,1.0,1.0,1.0,1.0,1.0,1.0,1.0,1.0,1.0,40,1.0,1.0,1.0,20,1.0,1.0,1.0,44,1.0,0.0,1.0,1.0,0.0309384534550024,0.005439411096075,0.9708249494433404,0.9708249494433404,,-0.0291750505566597,0.0291750505566597,0.1754950483640035,0.0291750505566597,60.92592592592592,99.0,78.5,5791.481856000003,5791.481856,77.0925925925926,79.0,55.75116666666667,90.514,1221.388888888889,5000.0,4.0,3084.808135536849,46176.81104947394,0.0,0.0,0.0,473.1043839999999,473.104384,35.425925925925924,36.0,9.55574074074074,10.452,300.0,405.0,1.0,554.7523350682268,8136.370617505082,69.28888888888888,97.8,4.367001903407407,5.078740992,17.6,2.8851388112592606,3.524513792,27.150893056,0.0,3639.5604706050754,1.0109890196125209,0.7208351709837274,713.0,950,Tesla T4,16106.12736,70.0,GPU-a33bf8c2-746f-e912-2269-a8e9d6d97464,Tesla T4,16106.12736,70.0,GPU-c86cdc1f-6697-5b59-64a5-dc94cdb433c9,580.159.04,1.0,40,1.0,20,1.0,3,1.0,41
a-resnet50-base-f2-s1,a,resnet50,base,2,1,16,1712,54784,1787785785.8451242,1787785841.424781,2026-08-26T23:09:45Z,2026-08-26T23:10:41Z,acct2,1,d5f974,Interactive,67ca7a8892cb,v2,7.371525395606921e-05,1.0,0.0144372910715621,0.0002713525491562,0.0009041149856682,0.010717099532485,0.0004112605529371,0.0028476347215473,0.0050116226729005,0.0,1076.2084754605728,2.279613213289825e-10,65536.0,0,0,55.55883049964905,53.059022426605225,2.498167037963867,23.919389724731445,27.82966446876526,25.7692666053772,0.9784681797027588,0.4305236361100606,0.2707868647352557,0.2706568241119385,0.2727957725524902,0.2770080280303955,64.53190887066012,23512130,23512130,889.4562590122223,57260.25782268467,60,384,32,coral,coral_bce,0.0,session_balanced,adamw,0.0003,0.05,cosine,5,60,5.0,True,full,raw,full_frame,dataset_v1_1,fp16,2,resnet50,2,1,base,a,67ca7a8892cb,1.0,1.0,1.0,1.0,1.0,1.0,1.0,1.0,1.0,1.0,40,1.0,1.0,1.0,20,1.0,1.0,1.0,44,1.0,0.0,1.0,1.0,0.0245195871805021,0.0038300848207188,0.9766990874822324,0.9766990874822324,,-0.0233009125177676,0.0233009125177676,0.1597885847091674,0.0233009125177676,54.94230769230769,99.0,58.0,5791.481856000002,5791.481856,76.84615384615384,79.0,53.85511538461538,75.146,1266.6346153846157,5000.0,4.0,3059.697223710049,49272.74474131576,0.0,0.0,0.0,473.1043839999999,473.104384,35.21153846153846,36.0,9.557942307692308,10.154,300.0,405.0,1.0,532.5538811404685,8677.215547487027,66.72115384615384,75.2,4.450079113846154,4.596719616,16.2,2.8859382547692296,2.9159424,26.463526912,0.0,3592.251104850517,0.9978475291251436,0.7114652882662275,713.0,920,Tesla T4,16106.12736,70.0,GPU-a33bf8c2-746f-e912-2269-a8e9d6d97464,Tesla T4,16106.12736,70.0,GPU-c86cdc1f-6697-5b59-64a5-dc94cdb433c9,580.159.04,1.0,40,1.0,20,1.0,3,1.0,41
a-resnet50-base-f2-s1,a,resnet50,base,2,1,17,1819,58208,1787785848.467731,1787785902.631249,2026-08-26T23:10:48Z,2026-08-26T23:11:42Z,acct2,1,d5f974,Interactive,67ca7a8892cb,v2,7.540092262227e-05,1.0,0.005201004697133,0.0002661212415958,0.000928964722555,0.0119451722130179,0.0003938263689633,0.0035881880903616,0.0084256576932966,0.0,1074.9061458743183,2.2998961008267688e-10,65536.0,0,0,54.14267992973328,51.593875885009766,2.54725980758667,22.35134649276733,27.946882009506226,25.899311780929565,0.9703943729400636,0.4128230542295848,0.2717323191812105,0.271228551864624,0.2742313861846924,0.2831514406204223,66.36446557400079,23512130,23512130,943.5989389419556,60687.48600280123,60,384,32,coral,coral_bce,0.0,session_balanced,adamw,0.0003,0.05,cosine,5,60,5.0,True,full,raw,full_frame,dataset_v1_1,fp16,2,resnet50,2,1,base,a,67ca7a8892cb,1.0,1.0,1.0,1.0,1.0,1.0,1.0,1.0,1.0,1.0,40,1.0,1.0,1.0,20,1.0,1.0,1.0,44,1.0,0.0,1.0,1.0,0.008436858934572,0.0005037419537747,0.9917141124606133,0.9917141124606133,,-0.0082858875393867,0.0082858875393867,0.0770447552204132,0.0082858875393867,49.3,99.0,48.0,5791.481856000001,5791.481856,77.74,81.0,51.78876,73.38,1223.7,5000.0,4.0,2910.203135008007,52422.234600094846,0.0,0.0,0.0,473.104384,473.104384,35.8,36.0,9.49186,9.956,300.0,405.0,1.0,517.0250451085612,9263.372664331206,67.474,74.1,4.39753351168,4.543168512,16.0,2.780000256,2.825416704,26.364317696,0.0,3427.228180116568,0.9520078278101578,0.6787815812286425,713.0,894,Tesla T4,16106.12736,70.0,GPU-a33bf8c2-746f-e912-2269-a8e9d6d97464,Tesla T4,16106.12736,70.0,GPU-c86cdc1f-6697-5b59-64a5-dc94cdb433c9,580.159.04,1.0,40,1.0,20,1.0,3,1.0,41
a-resnet50-base-f2-s1,a,resnet50,base,2,1,18,1926,61632,1787785903.1574135,1787785957.9909315,2026-08-26T23:11:43Z,2026-08-26T23:12:37Z,acct2,1,d5f974,Interactive,67ca7a8892cb,v2,7.574983266970768e-05,1.0,0.0171359366385541,0.0002605111706814,0.0009600310351114,0.0073761828243732,0.0003784305881708,0.0034599162172526,0.0071659409347921,0.0,1073.6317458860362,2.329465478323881e-10,65536.0,0,0,54.81359505653381,52.31443119049072,2.498378276824951,23.177068948745728,27.81257438659668,25.77851605415344,0.99237060546875,0.4228343155533092,0.2706780790168548,0.270343542098999,0.2725342273712158,0.2790811777114868,65.45039145187889,23512130,23512130,998.4125339984894,64208.71953240324,60,384,32,coral,coral_bce,0.0,session_balanced,adamw,0.0003,0.05,cosine,5,60,5.0,True,full,raw,full_frame,dataset_v1_1,fp16,2,resnet50,2,1,base,a,67ca7a8892cb,1.0,1.0,1.0,1.0,1.0,1.0,1.0,1.0,1.0,1.0,40,1.0,1.0,1.0,20,1.0,1.0,1.0,44,1.0,0.0,1.0,1.0,0.0313751408024019,0.0064319158115884,0.9705673737021592,0.9705673737021592,,-0.0294326262978407,0.0294326262978406,0.2208930552005767,0.0294326262978406,58.26,99.0,71.0,5791.481856000001,5791.481856,76.86,78.0,59.66634,90.401,1198.5,5000.0,4.0,2997.341425352999,55445.8161298368,0.0,0.0,0.0,473.104384,473.104384,35.24,36.0,9.49172,10.154,300.0,405.0,1.0,523.8921042490074,9793.389057605042,67.852,73.1,4.35290783744,4.43328512,15.7,2.7791771238400003,2.791010304,26.364317696,0.0,3521.2335296020065,0.9781204248894464,0.6973998629461752,713.0,912,Tesla T4,16106.12736,70.0,GPU-a33bf8c2-746f-e912-2269-a8e9d6d97464,Tesla T4,16106.12736,70.0,GPU-c86cdc1f-6697-5b59-64a5-dc94cdb433c9,580.159.04,1.0,40,1.0,20,1.0,3,1.0,41
a-resnet50-base-f2-s1,a,resnet50,base,2,1,19,2033,65056,1787785958.5277865,1787786013.1613753,2026-08-26T23:12:38Z,2026-08-26T23:13:33Z,acct2,1,d5f974,Interactive,67ca7a8892cb,v2,5.365654067934663e-05,1.0,0.0221675186138991,0.0002545406352982,0.0006602977419644,0.0086620366200804,0.0003075423010159,0.0020549916196614,0.0038855099491775,0.0,1072.387729890163,1.5672746157107367e-10,131072.0,0,0,54.61206555366516,52.09692001342773,2.514104127883911,22.98739719390869,27.80558943748474,25.74641346931457,0.9697072505950928,0.42092158501714,0.2704130622828118,0.2704410552978515,0.2721444129943847,0.2739178657531738,65.7236550475053,23512130,23512130,1053.0245995521543,67674.76917369699,60,384,32,coral,coral_bce,0.0,session_balanced,adamw,0.0003,0.05,cosine,5,60,5.0,True,full,raw,full_frame,dataset_v1_1,fp16,2,resnet50,2,1,base,a,67ca7a8892cb,1.0,1.0,1.0,1.0,1.0,1.0,1.0,1.0,1.0,1.0,40,1.0,1.0,1.0,20,1.0,1.0,1.0,44,1.0,0.0,1.0,1.0,0.0385939330954459,0.0084943081233492,0.9641663965124352,0.9641663965124352,,-0.0358336034875649,0.0358336034875649,0.2171316941579183,0.0358336034875649,49.86,99.0,46.5,5791.481856000001,5791.481856,76.88,78.0,52.931140000000006,85.292,1254.9,5000.0,4.0,2946.5884785320814,58421.564167952536,0.0,0.0,0.0,473.104384,473.104384,35.08,36.0,9.4461,10.154,300.0,405.0,1.0,519.4611627616741,10319.863089359522,67.95400000000001,72.1,4.2932736,4.437950464,15.7,2.77990981632,2.832560128,26.364317696,0.0,3466.0496412937555,0.9627915670260432,0.6864703872895688,713.0,904,Tesla T4,16106.12736,70.0,GPU-a33bf8c2-746f-e912-2269-a8e9d6d97464,Tesla T4,16106.12736,70.0,GPU-c86cdc1f-6697-5b59-64a5-dc94cdb433c9,580.159.04,1.0,40,1.0,20,1.0,3,1.0,41
a-resnet50-base-f2-s1,a,resnet50,base,2,1,20,2140,68480,1787786013.686194,1787786067.8782198,2026-08-26T23:13:33Z,2026-08-26T23:14:27Z,acct2,1,d5f974,Interactive,67ca7a8892cb,v2,6.8819859828003e-05,1.0,0.011078203854385,0.0002482291100917,0.0011042077396914,0.0399832613766193,0.0002879079838749,0.0035359190544113,0.0114749884046614,0.0,1071.1755474637855,2.558838327004946e-10,131072.0,0,0,54.17045450210571,51.578309297561646,2.5912423133850098,22.398935079574585,27.89718770980835,25.94483780860901,0.9676384925842284,0.4134898864233065,0.2711669284606648,0.2712657451629638,0.2732600212097168,0.2757158660888671,66.38449469614292,23512130,23512130,1107.1950540542605,71213.97486998743,60,384,32,coral,coral_bce,0.0,session_balanced,adamw,0.0003,0.05,cosine,5,60,5.0,True,full,raw,full_frame,dataset_v1_1,fp16,2,resnet50,2,1,base,a,67ca7a8892cb,1.0,1.0,1.0,1.0,1.0,1.0,1.0,1.0,1.0,1.0,40,1.0,1.0,1.0,20,1.0,1.0,1.0,44,1.0,0.0,1.0,1.0,0.0180459553113581,0.0021106029005749,0.9826338955989252,0.9826338955989252,,-0.0173661044010748,0.0173661044010749,0.137300968170166,0.0173661044010749,57.02,99.0,79.0,5791.481856000001,5791.481856,77.2,79.0,54.61274,85.886,1275.0,5000.0,4.0,3019.809727015221,61476.08467908212,0.0,0.0,0.0,473.104384,473.104384,35.16,36.0,9.50174,10.254,300.0,405.0,1.0,519.3959692752196,10846.258319670183,67.50200000000001,73.8,4.20704854016,4.25967616,15.2,2.77999239168,2.813489152,26.364317696,0.0,3539.2056962904408,0.9831126934140112,0.70095935040419,713.0,900,Tesla T4,16106.12736,70.0,GPU-a33bf8c2-746f-e912-2269-a8e9d6d97464,Tesla T4,16106.12736,70.0,GPU-c86cdc1f-6697-5b59-64a5-dc94cdb433c9,580.159.04,1.0,40,1.0,20,1.0,3,1.0,41
a-resnet50-base-f2-s1,a,resnet50,base,2,1,21,2247,71904,1787786068.7365956,1787786123.895721,2026-08-26T23:14:28Z,2026-08-26T23:15:23Z,acct2,1,d5f974,Interactive,67ca7a8892cb,v2,5.9778356002442426e-05,1.0,0.0068923241924494,0.0002415971819453,0.0008905229246962,0.0131286699324846,0.0002778145426418,0.0035249703330919,0.0111508251726627,0.0,1069.9957871816046,2.0107352911269992e-10,131072.0,0,0,55.13660335540772,52.5641143321991,2.570605516433716,23.35744452476501,27.911272525787357,25.927072286605835,0.9767296314239502,0.4236286441913029,0.271370139077445,0.2705209255218506,0.2735596656799316,0.2827178144454956,65.13949761163515,23512130,23512130,1162.331657409668,74759.11579566887,60,384,32,coral,coral_bce,0.0,session_balanced,adamw,0.0003,0.05,cosine,5,60,5.0,True,full,raw,full_frame,dataset_v1_1,fp16,2,resnet50,2,1,base,a,67ca7a8892cb,1.0,1.0,1.0,1.0,1.0,1.0,1.0,1.0,1.0,1.0,40,1.0,1.0,1.0,20,1.0,1.0,1.0,44,1.0,0.0,1.0,1.0,0.0115705162672159,0.0009974424705084,0.9887298379953092,0.9887298379953092,,-0.0112701620046908,0.0112701620046909,0.0862333655357361,0.0112701620046909,64.52941176470588,99.0,91.0,5791.481856000001,5791.481856,76.92156862745098,79.0,54.90282352941177,78.811,1219.4117647058824,5000.0,4.0,3019.119043524828,64535.90006213695,0.0,0.0,0.0,473.104384,473.104384,35.23529411764706,36.0,9.471960784313726,10.154,300.0,405.0,1.0,526.0218821566141,11381.649377571332,67.51568627450982,73.7,4.285988703372549,4.377083904,15.6,2.77911873254902,2.82023936,26.364317696,0.0,3545.1409256814422,0.9847613682448452,0.7021348555585745,713.0,917,Tesla T4,16106.12736,70.0,GPU-a33bf8c2-746f-e912-2269-a8e9d6d97464,Tesla T4,16106.12736,70.0,GPU-c86cdc1f-6697-5b59-64a5-dc94cdb433c9,580.159.04,1.0,40,1.0,20,1.0,3,1.0,41
a-resnet50-base-f2-s1,a,resnet50,base,2,1,22,2354,75328,1787786124.4305117,1787786178.0950458,2026-08-26T23:15:24Z,2026-08-26T23:16:18Z,acct2,1,d5f974,Interactive,67ca7a8892cb,v2,8.385650602933786e-05,1.0,0.0394283534772582,0.00023466648283,0.0018324647665896,0.0782376304268837,0.0002189233782701,0.0030737222637981,0.0491988708265124,0.0,1068.8525273296675,4.0231748598643136e-10,131072.0,0,0,53.64346885681152,51.06109404563904,2.5812838077545166,21.868974208831787,27.886993408203125,25.837591886520386,0.9748859405517578,0.4076726333117235,0.2712741655724071,0.2710747718811035,0.2738907814025879,0.277618670463562,67.05692590408631,23512130,23512130,1215.9751262664795,78235.34217615571,60,384,32,coral,coral_bce,0.0,session_balanced,adamw,0.0003,0.05,cosine,5,60,5.0,True,full,raw,full_frame,dataset_v1_1,fp16,2,resnet50,2,1,base,a,67ca7a8892cb,1.0,1.0,1.0,1.0,1.0,1.0,1.0,1.0,1.0,1.0,40,1.0,1.0,1.0,20,1.0,1.0,1.0,44,1.0,0.0,1.0,1.0,0.067640586458679,0.0211458822897069,0.939846501327478,0.939846501327478,,-0.060153498672522,0.060153498672522,0.3435184955596924,0.060153498672522,50.66,99.0,56.0,5791.481856000001,5791.481856,77.24,78.0,53.606840000000005,91.375,1243.2,5000.0,4.0,2965.71967506325,67524.6151975786,0.0,0.0,0.0,473.104384,473.104384,35.04,36.0,9.41826,9.761,300.0,405.0,1.0,510.506705423586,11898.666596178038,67.606,73.6,4.30310449152,4.417359872,15.6,2.7790499840000003,2.8064768,26.364317696,0.0,3476.226380486836,0.9656184390241211,0.6884859470241984,713.0,888,Tesla T4,16106.12736,70.0,GPU-a33bf8c2-746f-e912-2269-a8e9d6d97464,Tesla T4,16106.12736,70.0,GPU-c86cdc1f-6697-5b59-64a5-dc94cdb433c9,580.159.04,1.0,40,1.0,20,1.0,3,1.0,41
a-resnet50-base-f2-s1,a,resnet50,base,2,1,23,2461,78752,1787786178.665049,1787786233.7521863,2026-08-26T23:16:18Z,2026-08-26T23:17:13Z,acct2,1,d5f974,Interactive,67ca7a8892cb,v2,7.127063600122387e-05,1.0,0.002490514227807,0.0002274596192458,0.0013023937483403,0.0403539128601551,0.0002809314755722,0.0034495450789108,0.0315854170545935,0.0,1067.7434319295787,2.774467884764319e-10,131072.0,0,0,55.06590986251831,52.47410535812378,2.5908524990081787,23.310420274734497,27.87160587310791,25.843392372131348,0.9702434539794922,0.4233185346965671,0.2709633791558096,0.2708561420440674,0.2726916313171387,0.2755278873443603,65.25123156711263,23512130,23512130,1271.0410361289978,81750.3003870611,60,384,32,coral,coral_bce,0.0,session_balanced,adamw,0.0003,0.05,cosine,5,60,5.0,True,full,raw,full_frame,dataset_v1_1,fp16,2,resnet50,2,1,base,a,67ca7a8892cb,1.0,1.0,1.0,1.0,1.0,1.0,1.0,1.0,1.0,1.0,40,1.0,1.0,1.0,20,1.0,1.0,1.0,44,1.0,0.0,1.0,1.0,0.0035457631707262,9.38035239976614e-05,0.9964849375761472,0.9964849375761472,,-0.0035150624238527,0.0035150624238527,0.0035150624238527,0.0035150624238527,55.01960784313726,99.0,57.0,5791.481856000001,5791.481856,77.07843137254902,79.0,52.25947058823529,70.292,1262.6470588235295,5000.0,4.0,2988.9441122909484,70545.59982793788,0.0,0.0,0.0,473.104384,473.104384,35.05882352941177,36.0,9.45643137254902,10.154,300.0,405.0,1.0,526.0140986144434,12431.521340038513,67.0549019607843,74.0,4.31460456407843,4.425826304,15.8,2.779022356078431,2.81532416,26.364317696,0.0,3514.958210905392,0.9763772808070532,0.696157001215429,713.0,914,Tesla T4,16106.12736,70.0,GPU-a33bf8c2-746f-e912-2269-a8e9d6d97464,Tesla T4,16106.12736,70.0,GPU-c86cdc1f-6697-5b59-64a5-dc94cdb433c9,580.159.04,1.0,40,1.0,20,1.0,3,1.0,41
a-resnet50-base-f2-s1,a,resnet50,base,2,1,24,2568,82176,1787786234.3006828,1787786289.0598545,2026-08-26T23:17:14Z,2026-08-26T23:18:09Z,acct2,1,d5f974,Interactive,67ca7a8892cb,v2,5.315802794616374e-05,1.0,0.009835894562037,0.0002200000984838,0.0008873191989074,0.0338415279984474,0.0002014994825003,0.001292030129116,0.0185849143937229,0.0,1066.670663278967,1.8300898099716907e-10,131072.0,0,0,54.73805093765259,52.155277490615845,2.581146001815796,22.94996476173401,27.8852436542511,25.817358016967773,0.994899034500122,0.4192689430589033,0.2713540759042044,0.2705080509185791,0.2744255065917969,0.2815894651412964,65.65011566885194,23512130,23512130,1325.7790870666504,85320.60497561585,60,384,32,coral,coral_bce,0.0,session_balanced,adamw,0.0003,0.05,cosine,5,60,5.0,True,full,raw,full_frame,dataset_v1_1,fp16,2,resnet50,2,1,base,a,67ca7a8892cb,1.0,1.0,1.0,1.0,1.0,1.0,1.0,1.0,1.0,1.0,40,1.0,1.0,1.0,20,1.0,1.0,1.0,44,1.0,0.0,1.0,1.0,0.0160591363575295,0.0017583433836679,0.9845017177554276,0.9845017177554276,,-0.0154982822445722,0.0154982822445723,0.1006906330585479,0.0154982822445723,54.6,99.0,67.5,5791.481856000001,5791.481856,76.74,79.0,53.11052,95.054,1300.5,5000.0,4.0,3043.019805048607,73615.8919608559,0.0,0.0,0.0,473.104384,473.104384,35.14,36.0,9.6031,10.452,300.0,405.0,1.0,527.2847835061457,12964.537522630892,67.466,73.7,4.29349748736,4.43164672,15.8,2.77939994624,2.824433664,26.364317696,0.0,3570.3045885547526,0.9917512745985424,0.7071186587887607,713.0,908,Tesla T4,16106.12736,70.0,GPU-a33bf8c2-746f-e912-2269-a8e9d6d97464,Tesla T4,16106.12736,70.0,GPU-c86cdc1f-6697-5b59-64a5-dc94cdb433c9,580.159.04,1.0,40,1.0,20,1.0,3,1.0,41
a-resnet50-base-f2-s1,a,resnet50,base,2,1,25,2675,85600,1787786289.5818396,1787786344.2724586,2026-08-26T23:18:09Z,2026-08-26T23:19:04Z,acct2,1,d5f974,Interactive,67ca7a8892cb,v2,5.0677746749073286e-05,1.0,0.0012809861375969,0.0002123122519502,0.0007769071199048,0.0285776667296886,0.0001705885952105,0.0019254600163549,0.0079557281313463,0.0,1065.6362912579125,1.5478723982692603e-10,131072.0,0,0,54.66928648948669,52.15903615951538,2.508641481399536,22.92935824394226,27.92938113212585,25.90773105621338,0.9839432239532472,0.4194193799904768,0.2715554393340494,0.2711930274963379,0.2739286422729492,0.2816996812820435,65.64538480980652,23512130,23512130,1380.448373556137,88870.09886477946,60,384,32,coral,coral_bce,0.0,session_balanced,adamw,0.0003,0.05,cosine,5,60,5.0,True,full,raw,full_frame,dataset_v1_1,fp16,2,resnet50,2,1,base,a,67ca7a8892cb,1.0,1.0,1.0,1.0,1.0,1.0,1.0,1.0,1.0,1.0,40,1.0,1.0,1.0,20,1.0,1.0,1.0,44,1.0,0.0,1.0,1.0,0.0017646114336456,2.5638781745690894e-05,0.9982437772246509,0.9982437772246509,,-0.0017562227753492,0.0017562227753492,0.0017562227753492,0.0017562227753492,53.66,99.0,58.5,5791.481856000001,5791.481856,77.5,80.0,55.95102000000001,92.291,1209.6,5000.0,4.0,3017.772721985937,76656.74706621486,0.0,0.0,0.0,473.104384,473.104384,35.46,36.0,9.68422,10.448,300.0,405.0,1.0,531.7211671776731,13502.235489226065,67.82,73.1,4.2142527488,4.31468544,15.4,2.7789818265600004,2.812571648,26.364317696,0.0,3549.49388916361,0.9859705247676696,0.7029969841593483,713.0,907,Tesla T4,16106.12736,70.0,GPU-a33bf8c2-746f-e912-2269-a8e9d6d97464,Tesla T4,16106.12736,70.0,GPU-c86cdc1f-6697-5b59-64a5-dc94cdb433c9,580.159.04,1.0,40,1.0,20,1.0,3,1.0,41
a-resnet50-base-f2-s1,a,resnet50,base,2,1,26,2782,89024,1787786344.791167,1787786399.7948742,2026-08-26T23:19:04Z,2026-08-26T23:19:59Z,acct2,1,d5f974,Interactive,67ca7a8892cb,v2,2.5328911716255405e-05,1.0,0.0011057680137757,0.0002044211558025,0.0003241087494737,0.0031711815390735,0.0001487646368332,0.0010567139484919,0.0019197180098854,0.0,1064.6400681749103,6.223200418027514e-11,131072.0,0,0,54.98302125930786,52.42735886573792,2.5547292232513428,23.26006269454956,27.81475186347961,25.79015278816223,1.024529218673706,0.4230408253641019,0.2709850373669205,0.2704055309295654,0.2728034496307373,0.286137523651123,65.3094123770106,23512130,23512130,1435.431394815445,92422.47260347728,60,384,32,coral,coral_bce,0.0,session_balanced,adamw,0.0003,0.05,cosine,5,60,5.0,True,full,raw,full_frame,dataset_v1_1,fp16,2,resnet50,2,1,base,a,67ca7a8892cb,1.0,1.0,1.0,1.0,1.0,1.0,1.0,1.0,1.0,1.0,40,1.0,1.0,1.0,20,1.0,1.0,1.0,44,1.0,0.0,1.0,1.0,0.0014462512313579,1.8146008931790124e-05,0.9985598067824656,0.9985598067824656,,-0.0014401932175343,0.0014401932175343,0.0014401932175343,0.0014401932175343,54.35294117647059,99.0,65.0,5791.481856000001,5791.481856,77.01960784313725,79.0,56.796549019607845,100.763,1249.1176470588234,5000.0,4.0,3015.0195399861987,79696.47051865043,0.0,0.0,0.0,473.104384,473.104384,35.431372549019606,36.0,9.74258823529412,10.651,300.0,405.0,1.0,537.3541987116369,14046.847301164114,66.81372549019608,73.7,4.203331905254902,4.2766336,15.3,2.7792279592156865,2.82580992,26.364317696,0.0,3552.3737386978355,0.986770482971621,0.7035673543587657,713.0,910,Tesla T4,16106.12736,70.0,GPU-a33bf8c2-746f-e912-2269-a8e9d6d97464,Tesla T4,16106.12736,70.0,GPU-c86cdc1f-6697-5b59-64a5-dc94cdb433c9,580.159.04,1.0,40,1.0,20,1.0,3,1.0,41
a-resnet50-base-f2-s1,a,resnet50,base,2,1,27,2889,92448,1787786400.328634,1787786454.7752216,2026-08-26T23:20:00Z,2026-08-26T23:20:54Z,acct2,1,d5f974,Interactive,67ca7a8892cb,v2,3.114392324762512e-05,1.0,0.0041299449145439,0.0001963525491562,0.000415328579582,0.0066114920191466,0.0001715927792247,0.0015911410679109,0.0034152823360636,0.0,1063.6832547507588,7.666833615565519e-11,131072.0,0,0,54.42474699020386,51.86251616477966,2.5611517429351807,22.732491493225098,27.808380126953125,25.7949435710907,0.9959845542907716,0.417686672890125,0.2706535776084828,0.2703056335449219,0.2725221157073975,0.2827141094207763,66.02070730855267,23512130,23512130,1489.8561418056488,95913.56855425166,60,384,32,coral,coral_bce,0.0,session_balanced,adamw,0.0003,0.05,cosine,5,60,5.0,True,full,raw,full_frame,dataset_v1_1,fp16,2,resnet50,2,1,base,a,67ca7a8892cb,1.0,1.0,1.0,1.0,1.0,1.0,1.0,1.0,1.0,1.0,40,1.0,1.0,1.0,20,1.0,1.0,1.0,44,1.0,0.0,1.0,1.0,0.0066505250314815,0.0003840163591731,0.9934676025922482,0.9934676025922482,,-0.0065323974077518,0.0065323974077518,0.0755511820316314,0.0065323974077518,45.05882352941177,99.0,45.0,5791.481856000001,5791.481856,76.58823529411765,79.0,51.66072549019607,92.505,1305.8823529411766,5000.0,4.0,2966.080035805644,82692.0966032258,0.0,0.0,0.0,473.104384,473.104384,35.15686274509804,36.0,9.58286274509804,10.646,300.0,405.0,1.0,525.0159149687206,14578.445189775186,66.77058823529411,72.8,4.199406330980391,4.324990976,15.5,2.7782963200000004,2.77829632,26.3076864,0.0,3491.0959507743646,0.9697488752151012,0.6914309480283672,713.0,902,Tesla T4,16106.12736,70.0,GPU-a33bf8c2-746f-e912-2269-a8e9d6d97464,Tesla T4,16106.12736,70.0,GPU-c86cdc1f-6697-5b59-64a5-dc94cdb433c9,580.159.04,1.0,40,1.0,20,1.0,3,1.0,41
a-resnet50-base-f2-s1,a,resnet50,base,2,1,28,2996,95872,1787786455.2910318,1787786510.6838334,2026-08-26T23:20:55Z,2026-08-26T23:21:50Z,acct2,1,d5f974,Interactive,67ca7a8892cb,v2,3.3701542888933394e-05,1.0,0.0184382272344779,0.000188132750129,0.0004959493901445,0.0064579956233501,0.0001350767706753,0.0013646853971295,0.0062528499308973,0.0,1062.766254999323,8.77938326078704e-11,131072.0,0,0,55.36858367919922,52.767857789993286,2.5990540981292725,23.5707483291626,27.82151746749878,25.86684536933899,1.0475094318389893,0.4257061814282531,0.2712571531812721,0.2705748081207275,0.2736693382263183,0.2861679267883301,64.88798566784561,23512130,23512130,1545.224725484848,99469.35703589563,60,384,32,coral,coral_bce,0.0,session_balanced,adamw,0.0003,0.05,cosine,5,60,5.0,True,full,raw,full_frame,dataset_v1_1,fp16,2,resnet50,2,1,base,a,67ca7a8892cb,1.0,1.0,1.0,1.0,1.0,1.0,1.0,1.0,1.0,1.0,40,1.0,1.0,1.0,20,1.0,1.0,1.0,44,1.0,0.0,1.0,1.0,0.0328145283332012,0.0070725736491427,0.9694182752416683,0.9694182752416683,,-0.0305817247583315,0.0305817247583315,0.2249926527341207,0.0305817247583315,50.74509803921568,99.0,55.0,5791.481856000001,5791.481856,76.98039215686275,79.0,52.882000000000005,93.031,1291.1764705882354,5000.0,4.0,3025.794695905046,85740.63136964577,0.0,0.0,0.0,473.104384,473.104384,35.13725490196079,36.0,9.49721568627451,9.857,300.0,405.0,1.0,529.9937857389468,15113.804309040985,67.39019607843137,73.4,4.186447711372549,4.246900736,15.1,2.779378306509804,2.833477632,26.364317696,0.0,3555.788481643993,0.9877190226788868,0.7042436631700464,713.0,918,Tesla T4,16106.12736,70.0,GPU-a33bf8c2-746f-e912-2269-a8e9d6d97464,Tesla T4,16106.12736,70.0,GPU-c86cdc1f-6697-5b59-64a5-dc94cdb433c9,580.159.04,1.0,40,1.0,20,1.0,3,1.0,41
a-resnet50-base-f2-s1,a,resnet50,base,2,1,29,3103,99296,1787786511.2834127,1787786566.1737258,2026-08-26T23:21:51Z,2026-08-26T23:22:46Z,acct2,1,d5f974,Interactive,67ca7a8892cb,v2,1.7059419854368256e-05,1.0,0.0010483444142524,0.0001797885699968,0.0002183214306977,0.0020364779047667,0.0001099353758036,0.0008289975114166,0.0017396576935425,0.0,1061.8902113670072,3.696398874822099e-11,131072.0,0,0,54.86817765235901,52.309611320495605,2.557655572891236,23.2112295627594,27.786880254745483,25.77182245254517,0.9747433662414552,0.423036276324396,0.2702667624036842,0.2698993682861328,0.2721977710723877,0.2785520505905151,65.45642212903293,23512130,23512130,1600.092903137207,103004.43632885076,60,384,32,coral,coral_bce,0.0,session_balanced,adamw,0.0003,0.05,cosine,5,60,5.0,True,full,raw,full_frame,dataset_v1_1,fp16,2,resnet50,2,1,base,a,67ca7a8892cb,1.0,1.0,1.0,1.0,1.0,1.0,1.0,1.0,1.0,1.0,40,1.0,1.0,1.0,20,1.0,1.0,1.0,44,1.0,0.0,1.0,1.0,0.0014687547256894,1.6638866833427522e-05,0.9985364073744188,0.9985364073744188,,-0.0014635926255812,0.0014635926255812,0.0014635926255812,0.0014635926255812,52.72549019607843,99.0,63.0,5791.481856000001,5791.481856,76.68627450980392,79.0,55.100235294117645,90.401,1257.0588235294117,5000.0,4.0,3010.6026297471108,88783.90985745705,0.0,0.0,0.0,473.104384,473.104384,35.05882352941177,36.0,9.48370588235294,10.055,300.0,405.0,1.0,524.4766632080027,15645.301510356145,66.84117647058825,74.4,4.218366313411765,4.329168896,15.4,2.765294250666667,2.806276096,26.34858496,0.0,3535.079292955113,0.9819664702653093,0.7001420932991655,713.0,916,Tesla T4,16106.12736,70.0,GPU-a33bf8c2-746f-e912-2269-a8e9d6d97464,Tesla T4,16106.12736,70.0,GPU-c86cdc1f-6697-5b59-64a5-dc94cdb433c9,580.159.04,1.0,40,1.0,20,1.0,3,1.0,41
a-resnet50-base-f2-s1,a,resnet50,base,2,1,30,3210,102720,1787786566.81281,1787786622.321314,2026-08-26T23:22:46Z,2026-08-26T23:23:42Z,acct2,1,d5f974,Interactive,67ca7a8892cb,v2,2.847785272534336e-05,1.0,0.0047691028782467,0.0001713472257409,0.0003958507496913,0.0171052459627389,0.0001184204738819,0.0008464670740067,0.0019222335400991,0.0,1061.0549455413611,6.392499092731311e-11,131072.0,0,0,55.485058069229126,52.91968727111816,2.563581705093384,23.80263614654541,27.80393409729004,25.763099193573,0.9949970245361328,0.4289918218495271,0.2705709800541958,0.2703559398651123,0.2723110198974609,0.2769129419326782,64.70181848313203,23512130,23512130,1655.5779612064362,106560.59517166136,60,384,32,coral,coral_bce,0.0,session_balanced,adamw,0.0003,0.05,cosine,5,60,5.0,True,full,raw,full_frame,dataset_v1_1,fp16,2,resnet50,2,1,base,a,67ca7a8892cb,1.0,1.0,1.0,1.0,1.0,1.0,1.0,1.0,1.0,1.0,40,1.0,1.0,1.0,20,1.0,1.0,1.0,44,1.0,0.0,1.0,1.0,0.0077747694501074,0.0005099671412222,0.9923831568314478,0.9923831568314478,,-0.0076168431685521,0.0076168431685521,0.0820657312870025,0.0076168431685521,52.21153846153846,99.0,61.5,5791.481856000002,5791.481856,77.07692307692308,79.0,54.159538461538446,83.687,1277.5961538461538,5000.0,4.0,3026.2601119131577,91837.47129225956,0.0,0.0,0.0,473.1043839999999,473.104384,35.13461538461539,36.0,9.47746153846154,10.055,300.0,405.0,1.0,529.898730897432,16181.793733953436,66.51923076923076,73.3,4.235932199384616,4.379574272,15.5,2.768552802461539,2.885513216,26.414903296,0.0,3556.1588428105897,0.9878219007807194,0.7043170152566529,713.0,922,Tesla T4,16106.12736,70.0,GPU-a33bf8c2-746f-e912-2269-a8e9d6d97464,Tesla T4,16106.12736,70.0,GPU-c86cdc1f-6697-5b59-64a5-dc94cdb433c9,580.159.04,1.0,40,1.0,20,1.0,3,1.0,41
a-resnet50-base-f2-s1,a,resnet50,base,2,1,31,3317,106144,1787786623.3391647,1787786678.18282,2026-08-26T23:23:43Z,2026-08-26T23:24:38Z,acct2,1,d5f974,Interactive,67ca7a8892cb,v2,2.248144377619746e-05,1.0,0.001911244832242,0.0001628362512718,0.0003469548764344,0.006729575805366,9.369695180794224e-05,0.0014591219834983,0.0026583520276471,0.0,1060.2609654344017,5.3285778955296327e-11,131072.0,0,0,54.81887102127075,52.3045973777771,2.5133135318756104,23.067260026931763,27.93674921989441,25.8818199634552,0.9792649745941162,0.4207904978192862,0.2716664064710385,0.2710216045379638,0.2737361431121826,0.2866444635391235,65.4626968117103,23512130,23512130,1710.396832227707,110103.0838171497,60,384,32,coral,coral_bce,0.0,session_balanced,adamw,0.0003,0.05,cosine,5,60,5.0,True,full,raw,full_frame,dataset_v1_1,fp16,2,resnet50,2,1,base,a,67ca7a8892cb,1.0,1.0,1.0,1.0,1.0,1.0,1.0,1.0,1.0,1.0,40,1.0,1.0,1.0,20,1.0,1.0,1.0,44,1.0,0.0,1.0,1.0,0.0030056213771058,7.438701563889893e-05,0.997016993852762,0.997016993852762,,-0.0029830061472378,0.0029830061472378,0.0029830061472378,0.0029830061472378,58.9,99.0,78.0,5791.481856000001,5791.481856,77.78,80.0,58.11170000000001,92.115,1219.2,5000.0,4.0,3019.1826678417274,94909.91705829016,0.0,0.0,0.0,473.104384,473.104384,35.66,36.0,9.47976,10.055,300.0,405.0,1.0,523.3059776466198,16716.39662703036,67.808,74.5,4.22536863744,4.282257408,15.3,2.7798252748800003,2.793811968,26.365366272,0.0,3542.488645488347,0.9840246237467632,0.701609556731442,713.0,912,Tesla T4,16106.12736,70.0,GPU-a33bf8c2-746f-e912-2269-a8e9d6d97464,Tesla T4,16106.12736,70.0,GPU-c86cdc1f-6697-5b59-64a5-dc94cdb433c9,580.159.04,1.0,40,1.0,20,1.0,3,1.0,41
a-resnet50-base-f2-s1,a,resnet50,base,2,1,32,3424,109568,1787786678.7322624,1787786734.5286958,2026-08-26T23:24:38Z,2026-08-26T23:25:34Z,acct2,1,d5f974,Interactive,67ca7a8892cb,v2,1.5780063255274355e-05,1.0,0.0051415169010187,0.000154283407619,0.0002038012098297,0.002004173817113,9.151347330771388e-05,0.0006861836125608,0.0015739730000495,0.0,1059.508198565702,2.9677113562673904e-11,131072.0,0,0,55.770501136779785,53.22398138046265,2.54449200630188,24.163317918777462,27.742441177368164,25.733604907989506,0.97082257270813,0.4332634175101957,0.2699913934012439,0.2695326805114746,0.2718626499176025,0.2795165586471557,64.3319028601809,23512130,23512130,1766.1673333644867,113691.68795070615,60,384,32,coral,coral_bce,0.0,session_balanced,adamw,0.0003,0.05,cosine,5,60,5.0,True,full,raw,full_frame,dataset_v1_1,fp16,2,resnet50,2,1,base,a,67ca7a8892cb,1.0,1.0,1.0,1.0,1.0,1.0,1.0,1.0,1.0,1.0,40,1.0,1.0,1.0,20,1.0,1.0,1.0,44,1.0,0.0,1.0,1.0,0.0085490638875683,0.0006284616548647,0.9916422854249294,0.9916422854249294,,-0.0083577145750706,0.0083577145750705,0.0908161103725433,0.0083577145750705,58.38461538461539,99.0,69.5,5791.481856000002,5791.481856,76.6923076923077,78.0,53.74128846153846,78.909,1263.4615384615386,5000.0,4.0,3057.006487518898,97996.0035237985,0.0,0.0,0.0,473.1043839999999,473.104384,35.03846153846154,36.0,9.500384615384617,10.651,300.0,405.0,1.0,531.5976460375532,17254.75187075206,66.68653846153846,72.9,4.26524356923077,4.401209344,15.6,2.779598217846154,2.793353216,26.365366272,0.0,3588.6041335564514,0.9968344815434588,0.7107429853404861,713.0,925,Tesla T4,16106.12736,70.0,GPU-a33bf8c2-746f-e912-2269-a8e9d6d97464,Tesla T4,16106.12736,70.0,GPU-c86cdc1f-6697-5b59-64a5-dc94cdb433c9,580.159.04,1.0,40,1.0,20,1.0,3,1.0,41
a-resnet50-base-f2-s1,a,resnet50,base,2,1,33,3531,112992,1787786735.0891323,1787786789.7455928,2026-08-26T23:25:35Z,2026-08-26T23:26:29Z,acct2,1,d5f974,Interactive,67ca7a8892cb,v2,1.9980058152987537e-05,1.0,0.0003296274614443,0.0001457165923809,0.0002607397046146,0.0039171176031231,9.279463847633453e-05,0.0008328894036822,0.0033435727236792,0.0,1058.796721142715,3.588422640170362e-11,131072.0,0,0,54.63411855697632,51.99987483024597,2.6333212852478027,22.907177686691284,27.79263734817505,25.70054244995117,0.9734079837799072,0.4192833762441332,0.270268892573419,0.2701013088226318,0.27237548828125,0.2798795509338379,65.84631234551385,23512130,23512130,1820.801451921463,117204.77768277144,60,384,32,coral,coral_bce,0.0,session_balanced,adamw,0.0003,0.05,cosine,5,60,5.0,True,full,raw,full_frame,dataset_v1_1,fp16,2,resnet50,2,1,base,a,67ca7a8892cb,1.0,1.0,1.0,1.0,1.0,1.0,1.0,1.0,1.0,1.0,40,1.0,1.0,1.0,20,1.0,1.0,1.0,44,1.0,0.0,1.0,1.0,0.0004118039469689,8.409279475815329e-07,0.9995884522795676,0.9995884522795676,,-0.0004115477204322,0.0004115477204322,0.0004115477204322,0.0004115477204322,54.0,99.0,70.0,5791.481856000001,5791.481856,76.92156862745098,80.0,52.67498039215686,87.978,1297.3529411764705,5000.0,4.0,2992.249135994527,101016.0828912829,0.0,0.0,0.0,473.104384,473.104384,35.25490196078432,36.0,9.468313725490196,10.154,300.0,405.0,1.0,520.8405960707605,17783.395560753303,67.12941176470588,74.6,4.194064343843137,4.267495424,15.3,2.7816017116862746,2.830053376,26.365366272,0.0,3513.0897320652875,0.9758582589070244,0.6957869386007083,713.0,906,Tesla T4,16106.12736,70.0,GPU-a33bf8c2-746f-e912-2269-a8e9d6d97464,Tesla T4,16106.12736,70.0,GPU-c86cdc1f-6697-5b59-64a5-dc94cdb433c9,580.159.04,1.0,40,1.0,20,1.0,3,1.0,41
a-resnet50-base-f2-s1,a,resnet50,base,2,1,34,3638,116416,1787786790.2840323,1787786845.5370803,2026-08-26T23:26:30Z,2026-08-26T23:27:25Z,acct2,1,d5f974,Interactive,67ca7a8892cb,v2,1.8834367875850523e-05,1.0,0.0024182865491778,0.0001371637487281,0.0002421080721475,0.0037892828695476,9.115582361118868e-05,0.0007003427075687,0.0026917814253829,0.0,1058.1263586564385,3.1384201424938656e-11,131072.0,0,0,55.22785043716431,52.63983225822449,2.586390733718872,23.492722511291504,27.84409189224243,25.828432321548465,0.9865851402282716,0.4253781801270798,0.2708755920980578,0.2704083919525146,0.2725752830505371,0.2828174638748169,65.04579997906494,23512130,23512130,1876.0293023586275,120735.9473164905,60,384,32,coral,coral_bce,0.0,session_balanced,adamw,0.0003,0.05,cosine,5,60,5.0,True,full,raw,full_frame,dataset_v1_1,fp16,2,resnet50,2,1,base,a,67ca7a8892cb,1.0,1.0,1.0,1.0,1.0,1.0,1.0,1.0,1.0,1.0,40,1.0,1.0,1.0,20,1.0,1.0,1.0,44,1.0,0.0,1.0,1.0,0.003895333464126,0.000139294608111,0.9961461012180036,0.9961461012180036,,-0.0038538987819964,0.0038538987819964,0.0038538987819964,0.0038538987819964,49.84313725490196,99.0,50.0,5791.481856000001,5791.481856,77.37254901960785,80.0,54.215235294117655,100.696,1273.529411764706,5000.0,4.0,3006.2983011563774,104047.353687062,0.0,0.0,0.0,473.104384,473.104384,35.23529411764706,36.0,9.460588235294118,9.857,300.0,405.0,1.0,524.8713325626923,18314.61816360208,67.67254901960784,73.3,4.257368826980392,4.358438912,15.5,2.779328512,2.779328512,26.308734976,0.0,3531.1696337190697,0.9808804538108526,0.699367763567138,713.0,916,Tesla T4,16106.12736,70.0,GPU-a33bf8c2-746f-e912-2269-a8e9d6d97464,Tesla T4,16106.12736,70.0,GPU-c86cdc1f-6697-5b59-64a5-dc94cdb433c9,580.159.04,1.0,40,1.0,20,1.0,3,1.0,41
a-resnet50-base-f2-s1,a,resnet50,base,2,1,35,3745,119840,1787786846.0699377,1787786901.68058,2026-08-26T23:27:26Z,2026-08-26T23:28:21Z,acct2,1,d5f974,Interactive,67ca7a8892cb,v2,2.1595837224765016e-05,1.0,0.0128646008994949,0.000128652774259,0.0002758280366051,0.0055272914469242,9.360545664094388e-05,0.0006735239934641,0.0048598463321104,0.0,1057.4969126368128,3.35566389874262e-11,131072.0,0,0,55.58673620223999,53.000996589660645,2.584826231002808,23.88488006591797,27.77724528312683,25.776339054107662,1.004725217819214,0.4296866788332047,0.2704864974333861,0.270165205001831,0.2719016551971435,0.2824148941040039,64.60255882561931,23512130,23512130,1931.6160385608675,124303.30689333472,60,384,32,coral,coral_bce,0.0,session_balanced,adamw,0.0003,0.05,cosine,5,60,5.0,True,full,raw,full_frame,dataset_v1_1,fp16,2,resnet50,2,1,base,a,67ca7a8892cb,1.0,1.0,1.0,1.0,1.0,1.0,1.0,1.0,1.0,1.0,40,1.0,1.0,1.0,20,1.0,1.0,1.0,44,1.0,0.0,1.0,1.0,0.0213476960139273,0.003117162358558,0.9796603322029114,0.9796603322029114,,-0.0203396677970886,0.0203396677970886,0.1474774360656738,0.0203396677970886,46.3921568627451,99.0,53.0,5791.481856000001,5791.481856,76.82352941176471,78.0,54.94688235294118,96.927,1309.7058823529412,5000.0,4.0,3038.249270435321,107116.45959572,0.0,0.0,0.0,473.104384,473.104384,35.0,35.0,9.46041176470588,9.956,300.0,405.0,1.0,529.1103064088966,18850.74532352517,67.1607843137255,73.3,4.194985381647059,4.284014592,15.3,2.7759938861176465,2.78441984,26.362568704,0.0,3567.3595768442174,0.9909332157900604,0.7065353828583131,713.0,922,Tesla T4,16106.12736,70.0,GPU-a33bf8c2-746f-e912-2269-a8e9d6d97464,Tesla T4,16106.12736,70.0,GPU-c86cdc1f-6697-5b59-64a5-dc94cdb433c9,580.159.04,1.0,40,1.0,20,1.0,3,1.0,41
a-resnet50-base-f2-s1,a,resnet50,base,2,1,36,3852,123264,1787786902.211716,1787786956.7964387,2026-08-26T23:28:22Z,2026-08-26T23:29:16Z,acct2,1,d5f974,Interactive,67ca7a8892cb,v2,1.6502415428051526e-05,1.0,0.0921335846672683,0.0001202114300031,0.0002305308673011,0.0022248867899179,0.000120478849567,0.0006702173966914,0.0016608907748013,0.0,1056.9081037781548,2.622029779038328e-11,131072.0,0,0,54.56300187110901,52.02192139625549,2.5400304794311523,22.925223350524902,27.78933906555176,25.741551876068115,0.9760372638702391,0.4201605953550689,0.2702828322615579,0.2702016830444336,0.2721478462219238,0.2748486661911011,65.81840708879426,23512130,23512130,1986.1790404319763,127778.0283459757,60,384,32,coral,coral_bce,0.0,session_balanced,adamw,0.0003,0.05,cosine,5,60,5.0,True,full,raw,full_frame,dataset_v1_1,fp16,2,resnet50,2,1,base,a,67ca7a8892cb,0.9903846153846154,0.9916666666666668,0.9876505094164866,0.9903846153846154,0.9904410193079536,0.9841269841269842,0.9916666666666668,0.9873417721518988,0.975,1.0,40,0.975609756097561,1.0,0.9523809523809524,20,1.0,1.0,1.0,44,0.9939981532779316,0.0096153846153846,0.984927536231884,0.9850740357660184,0.1672985383416249,0.0902121130534125,0.8702106424249135,0.8735474787869499,0.5265164971351624,-0.1201739729597018,0.1201739729597018,0.4312784790992736,0.1201739729597018,50.16,99.0,56.0,5791.481856000001,5791.481856,77.0,78.0,54.03148,89.678,1260.6,5000.0,4.0,2948.102069078901,110089.49055599063,0.0,0.0,0.0,473.104384,473.104384,35.0,35.0,9.57146,10.055,300.0,405.0,1.0,526.619383562087,19383.5750492265,67.5,73.7,4.23111868416,4.27180032,15.4,2.78725804032,2.840506368,26.370256896,0.0,3474.721452640988,0.9652004035113856,0.6881878877036179,713.0,906,Tesla T4,16106.12736,70.0,GPU-a33bf8c2-746f-e912-2269-a8e9d6d97464,Tesla T4,16106.12736,70.0,GPU-c86cdc1f-6697-5b59-64a5-dc94cdb433c9,580.159.04,0.975,40,1.0,20,1.0,3,1.0,41
a-resnet50-base-f2-s1,a,resnet50,base,2,1,37,3959,126688,1787786957.3211896,1787787011.9683857,2026-08-26T23:29:17Z,2026-08-26T23:30:11Z,acct2,1,d5f974,Interactive,67ca7a8892cb,v2,1.3267260434824883e-05,1.0,0.0037908659772675,0.0001118672498709,0.0001827701184355,0.0021109108347445,7.04196936567314e-05,0.0005836039257701,0.00165317309089,0.0,1056.3595660615474,1.9355143044909745e-11,131072.0,0,0,54.62436294555664,52.08328366279602,2.540297031402588,22.940152883529663,27.824955940246586,25.76132130622864,0.9987692832946776,0.4199619299248176,0.2707841218074905,0.2701921463012695,0.2725372314453125,0.2857580518722534,65.74086269537229,23512130,23512130,2040.803403377533,131277.5146660863,60,384,32,coral,coral_bce,0.0,session_balanced,adamw,0.0003,0.05,cosine,5,60,5.0,True,full,raw,full_frame,dataset_v1_1,fp16,2,resnet50,2,1,base,a,67ca7a8892cb,1.0,1.0,1.0,1.0,1.0,1.0,1.0,1.0,1.0,1.0,40,1.0,1.0,1.0,20,1.0,1.0,1.0,44,1.0,0.0,1.0,1.0,0.0059899599637413,0.0003079373974544,0.99410703090521,0.99410703090521,,-0.0058929690947899,0.0058929690947899,0.0058929690947899,0.0058929690947899,52.74,99.0,55.5,5791.481856000001,5791.481856,77.2,79.0,53.07178,87.296,1255.8,5000.0,4.0,2966.9957679233485,113085.51116962115,0.0,0.0,0.0,473.104384,473.104384,35.08,36.0,9.7185,10.655,300.0,405.0,1.0,532.4905521872279,19923.0668459363,67.98400000000001,73.6,4.28429606912,4.367601664,15.5,2.78487220224,2.802450432,26.371305472,0.0,3499.4863201105763,0.972079533364049,0.6930927072885669,713.0,906,Tesla T4,16106.12736,70.0,GPU-a33bf8c2-746f-e912-2269-a8e9d6d97464,Tesla T4,16106.12736,70.0,GPU-c86cdc1f-6697-5b59-64a5-dc94cdb433c9,580.159.04,1.0,40,1.0,20,1.0,3,1.0,41
a-resnet50-base-f2-s1,a,resnet50,base,2,1,38,4066,130112,1787787012.4944906,1787787068.093623,2026-08-26T23:30:12Z,2026-08-26T23:31:08Z,acct2,1,d5f974,Interactive,67ca7a8892cb,v2,1.89075870475025e-05,1.0,0.0030178135837454,0.0001036474508437,0.0002542795152982,0.0051316223107278,5.319329284247942e-05,0.0007180382555816,0.0044861806090921,0.0,1055.8502314753462,2.4961327636047543e-11,262144.0,0,0,55.5756516456604,53.06410217285156,2.51063871383667,23.9131863117218,27.84575629234314,25.8621027469635,0.983450412750244,0.4302817079714629,0.2708562378571412,0.2700707912445068,0.2732148170471191,0.2858951330184937,64.52573132862263,23512130,23512130,2096.3790550231934,134886.52341846208,60,384,32,coral,coral_bce,0.0,session_balanced,adamw,0.0003,0.05,cosine,5,60,5.0,True,full,raw,full_frame,dataset_v1_1,fp16,2,resnet50,2,1,base,a,67ca7a8892cb,1.0,1.0,1.0,1.0,1.0,1.0,1.0,1.0,1.0,1.0,40,1.0,1.0,1.0,20,1.0,1.0,1.0,44,1.0,0.0,1.0,1.0,0.0048340289635669,0.000200360129054,0.9952275374760996,0.9952275374760996,,-0.0047724625239005,0.0047724625239005,0.0047724625239005,0.0047724625239005,48.30769230769231,99.0,40.5,5791.481856000002,5791.481856,76.76923076923077,79.0,53.6656923076923,91.707,1330.9615384615386,5000.0,4.0,3067.2552111460536,116183.57392859636,0.0,0.0,0.0,473.1043839999999,473.104384,35.19230769230769,36.0,9.710692307692309,10.75,300.0,405.0,1.0,541.753541229722,20471.714162281514,66.68653846153846,73.5,4.208372578461538,4.386197504,15.5,2.7860882510769227,2.82732544,26.372354048,0.0,3609.008752375776,1.002502431215493,0.7147842334566467,713.0,920,Tesla T4,16106.12736,70.0,GPU-a33bf8c2-746f-e912-2269-a8e9d6d97464,Tesla T4,16106.12736,70.0,GPU-c86cdc1f-6697-5b59-64a5-dc94cdb433c9,580.159.04,1.0,40,1.0,20,1.0,3,1.0,41
a-resnet50-base-f2-s1,a,resnet50,base,2,1,39,4173,133536,1787787068.630381,1787787123.3140016,2026-08-26T23:31:08Z,2026-08-26T23:32:03Z,acct2,1,d5f974,Interactive,67ca7a8892cb,v2,1.5987533424352213e-05,1.0,0.0076214249775148,9.557884419740386e-05,0.000214103681556,0.0053641437552869,9.546820365358144e-05,0.0006956898723728,0.0018410741235129,0.0,1055.3799293908994,1.9389967396243412e-11,262144.0,0,0,54.6610004901886,52.11286211013794,2.5470962524414062,22.97155356407165,27.841954231262207,25.823211669921875,0.9707968235015868,0.420254904924306,0.2707151363943225,0.2704014778137207,0.272479248046875,0.2819724988937377,65.70354920755545,23512130,23512130,2151.040055513382,138437.63129859517,60,384,32,coral,coral_bce,0.0,session_balanced,adamw,0.0003,0.05,cosine,5,60,5.0,True,full,raw,full_frame,dataset_v1_1,fp16,2,resnet50,2,1,base,a,67ca7a8892cb,1.0,1.0,1.0,1.0,1.0,1.0,1.0,1.0,1.0,1.0,40,1.0,1.0,1.0,20,1.0,1.0,1.0,44,1.0,0.0,1.0,1.0,0.0130784198390222,0.0013473665851702,0.9873303799675062,0.9873303799675062,,-0.0126696200324938,0.0126696200324938,0.0898290106228419,0.0126696200324938,46.90196078431372,99.0,54.0,5791.481856000001,5791.481856,76.98039215686275,78.0,53.04962745098039,90.888,1265.0,5000.0,4.0,3024.677495145719,119235.08128731468,0.0,0.0,0.0,473.104384,473.104384,35.25490196078432,36.0,9.587098039215686,10.655,300.0,405.0,1.0,526.4303849873722,21004.688392500422,66.99999999999999,73.9,4.307074831058824,4.39539712,15.6,2.785743570823529,2.793709568,26.372354048,0.0,3551.1078801330914,0.9864188555925254,0.7033166440374706,713.0,906,Tesla T4,16106.12736,70.0,GPU-a33bf8c2-746f-e912-2269-a8e9d6d97464,Tesla T4,16106.12736,70.0,GPU-c86cdc1f-6697-5b59-64a5-dc94cdb433c9,580.159.04,1.0,40,1.0,20,1.0,3,1.0,41
a-resnet50-base-f2-s1,a,resnet50,base,2,1,40,4280,136960,1787787123.8680806,1787787179.0758371,2026-08-26T23:32:03Z,2026-08-26T23:32:59Z,acct2,1,d5f974,Interactive,67ca7a8892cb,v2,5.39285558354826e-05,1.0,0.0153303806469011,8.768774804971705e-05,0.0012946216134436,0.1154427230358123,9.94279471342452e-05,0.0008527964702807,0.0042172425612807,0.0,1054.9479121142294,1.0760953460901432e-10,262144.0,0,0,55.1850004196167,52.52995038032532,2.6538569927215576,23.36707901954651,27.84714937210083,25.81819319725037,0.9844968318939208,0.4234317086503124,0.2708614162195509,0.2706387042999267,0.2727418899536132,0.2798716640472412,65.18186244627469,23512130,23512130,2206.2250559329987,141975.69674410135,60,384,32,coral,coral_bce,0.0,session_balanced,adamw,0.0003,0.05,cosine,5,60,5.0,True,full,raw,full_frame,dataset_v1_1,fp16,2,resnet50,2,1,base,a,67ca7a8892cb,1.0,1.0,1.0,1.0,1.0,1.0,1.0,1.0,1.0,1.0,40,1.0,1.0,1.0,20,1.0,1.0,1.0,44,1.0,0.0,1.0,1.0,0.0254101989552801,0.0039097708469117,0.9758537749831492,0.9758537749831492,,-0.0241462250168507,0.0241462250168506,0.1580506205558777,0.0241462250168506,56.25490196078432,99.0,70.0,5791.481856000001,5791.481856,77.07843137254902,79.0,56.45980392156864,88.466,1219.1176470588234,5000.0,4.0,3010.875770737286,122272.78565354408,0.0,0.0,0.0,473.104384,473.104384,35.13725490196079,36.0,9.483372549019608,9.956,300.0,405.0,1.0,527.1896747689134,21538.280000334515,67.12549019607842,73.6,4.344640612392157,4.429832192,15.7,2.7864709722352945,2.804690944,26.372354048,0.0,3538.0654455061995,0.9827959570850554,0.7007335174016445,713.0,917,Tesla T4,16106.12736,70.0,GPU-a33bf8c2-746f-e912-2269-a8e9d6d97464,Tesla T4,16106.12736,70.0,GPU-c86cdc1f-6697-5b59-64a5-dc94cdb433c9,580.159.04,1.0,40,1.0,20,1.0,3,1.0,41
a-resnet50-base-f2-s1,a,resnet50,base,2,1,41,4387,140384,1787787180.2059026,1787787234.9618974,2026-08-26T23:33:00Z,2026-08-26T23:33:54Z,acct2,1,d5f974,Interactive,67ca7a8892cb,v2,2.6340377804810367e-05,1.0,0.0219576342754827,7.999990151614894e-05,0.0006315619359887,0.0350684113800525,9.270565351471304e-05,0.0008478289993945,0.0094551323074847,0.0,1054.5524077607593,4.791122025669135e-11,262144.0,0,0,54.72998476028442,52.23675203323364,2.491436719894409,23.02026391029358,27.88159275054932,25.87437915802002,0.9774167537689208,0.420615207753512,0.2712942662640152,0.2703251838684082,0.2730092525482178,0.2845103359222412,65.547720076884,23512130,23512130,2260.955040693283,145514.13877213915,60,384,32,coral,coral_bce,0.0,session_balanced,adamw,0.0003,0.05,cosine,5,60,5.0,True,full,raw,full_frame,dataset_v1_1,fp16,2,resnet50,2,1,base,a,67ca7a8892cb,1.0,1.0,1.0,1.0,1.0,1.0,1.0,1.0,1.0,1.0,40,1.0,1.0,1.0,20,1.0,1.0,1.0,44,1.0,0.0,1.0,1.0,0.0386115213432892,0.0088504065009421,0.9642232346993226,0.9642232346993226,,-0.0357767653006774,0.0357767653006774,0.2237046360969543,0.0357767653006774,56.07843137254902,99.0,71.0,5791.481856000001,5791.481856,76.76470588235294,78.0,54.11786274509804,87.046,1256.764705882353,5000.0,4.0,3017.6067181573017,125342.53951837744,0.0,0.0,0.0,473.104384,473.104384,35.11764705882353,36.0,9.473725490196076,10.154,300.0,405.0,1.0,520.8353098805092,22072.490720240385,67.01764705882353,73.8,4.313976912313725,4.43629568,15.7,2.789962932705881,2.82054656,26.375499776,0.0,3538.442028037811,0.9829005633438364,0.7008081016641553,713.0,904,Tesla T4,16106.12736,70.0,GPU-a33bf8c2-746f-e912-2269-a8e9d6d97464,Tesla T4,16106.12736,70.0,GPU-c86cdc1f-6697-5b59-64a5-dc94cdb433c9,580.159.04,1.0,40,1.0,20,1.0,3,1.0,41
a-resnet50-base-f2-s1,a,resnet50,base,2,1,42,4494,143808,1787787235.4870396,1787787290.3779986,2026-08-26T23:33:55Z,2026-08-26T23:34:50Z,acct2,1,d5f974,Interactive,67ca7a8892cb,v2,1.3329124881748382e-05,1.0,0.0123533177752506,7.254038075415572e-05,0.0002233658222513,0.0064138546586036,7.32135958969593e-05,0.0005743301939219,0.0017574090906418,0.0,1054.192876634535,1.5370092278847518e-11,262144.0,0,0,54.86479330062866,52.29854917526245,2.5644123554229736,23.14324831962585,27.805710792541504,25.810644149780277,1.0038752555847168,0.4218233028385558,0.270797789653885,0.2702655792236328,0.2724334716796875,0.2842678308486938,65.47026741651132,23512130,23512130,2315.819833993912,149070.0380941707,60,384,32,coral,coral_bce,0.0,session_balanced,adamw,0.0003,0.05,cosine,5,60,5.0,True,full,raw,full_frame,dataset_v1_1,fp16,2,resnet50,2,1,base,a,67ca7a8892cb,1.0,1.0,1.0,1.0,1.0,1.0,1.0,1.0,1.0,1.0,40,1.0,1.0,1.0,20,1.0,1.0,1.0,44,1.0,0.0,1.0,1.0,0.0217514431807155,0.0034375235638049,0.9792908590573532,0.9792908590573532,,-0.0207091409426468,0.0207091409426468,0.155874028801918,0.0207091409426468,45.96078431372549,99.0,48.0,5791.481856000001,5791.481856,76.80392156862744,78.0,54.78264705882352,88.996,1302.9411764705883,5000.0,4.0,3032.974147301007,128407.18977127524,0.0,0.0,0.0,473.104384,473.104384,35.15686274509804,36.0,9.48772549019608,10.055,300.0,405.0,1.0,522.9251747305498,22602.21179243354,67.51372549019608,72.8,4.279821251764706,4.389085184,15.6,2.791328025098039,2.838966272,26.375499776,0.0,3555.899322031557,0.9877498116754324,0.7042656157245832,713.0,910,Tesla T4,16106.12736,70.0,GPU-a33bf8c2-746f-e912-2269-a8e9d6d97464,Tesla T4,16106.12736,70.0,GPU-c86cdc1f-6697-5b59-64a5-dc94cdb433c9,580.159.04,1.0,40,1.0,20,1.0,3,1.0,41
a-resnet50-base-f2-s1,a,resnet50,base,2,1,43,4601,147232,1787787290.904771,1787787346.06501,2026-08-26T23:34:50Z,2026-08-26T23:35:46Z,acct2,1,d5f974,Interactive,67ca7a8892cb,v2,3.077177017271381e-05,1.0,0.1265374390848224,6.533351716998465e-05,0.0009605027268756,0.0605822876095771,7.903554069343954e-05,0.0022207788308151,0.0145507175102829,0.0,1053.868087886469,5.954542330245083e-11,262144.0,0,0,55.13644409179688,52.62596106529236,2.509519577026367,23.443031549453732,27.84900426864624,25.78063988685608,0.998812198638916,0.4251821446886082,0.2710335856286164,0.2705163955688476,0.2735150337219238,0.2850418663024902,65.06294480307707,23512130,23512130,2370.9562780857086,152638.63008426095,60,384,32,coral,coral_bce,0.0,session_balanced,adamw,0.0003,0.05,cosine,5,60,5.0,True,full,raw,full_frame,dataset_v1_1,fp16,2,resnet50,2,1,base,a,67ca7a8892cb,0.8942307692307693,0.9083333333333332,0.8749644785450412,0.8942307692307693,0.8972063741884713,0.8817204301075269,0.9083333333333332,0.8405797101449275,0.725,1.0,40,0.7843137254901961,1.0,0.6451612903225806,20,1.0,1.0,1.0,44,0.9294175715695951,0.1057692307692307,0.8388732394366197,0.8535032728673692,0.2312583971486593,0.1418769494136727,0.8396908574952529,0.8793914958994876,0.504040005532178,-0.0545399117355164,0.0919324449048592,0.3631007373332977,0.0919324449048592,56.74509803921568,99.0,70.0,5791.481856000001,5791.481856,77.0,80.0,60.270313725490205,92.446,1225.0,5000.0,4.0,3043.608949604444,131482.27606736674,0.0,0.0,0.0,473.104384,473.104384,35.25490196078432,36.0,9.44856862745098,10.254,300.0,405.0,1.0,524.9830404858076,23134.289380252827,66.97058823529412,74.5,4.3267378798431375,4.413018112,15.6,2.7894904470588227,2.7962368,26.375499776,0.0,3568.591990090252,0.9912755528028476,0.7067794691484305,713.0,918,Tesla T4,16106.12736,70.0,GPU-a33bf8c2-746f-e912-2269-a8e9d6d97464,Tesla T4,16106.12736,70.0,GPU-c86cdc1f-6697-5b59-64a5-dc94cdb433c9,580.159.04,0.725,40,1.0,20,1.0,3,1.0,41
a-resnet50-base-f2-s1,a,resnet50,base,2,1,44,4708,150656,1787787346.60713,1787787401.953157,2026-08-26T23:35:46Z,2026-08-26T23:36:41Z,acct2,1,d5f974,Interactive,67ca7a8892cb,v2,1.2961759167010994e-05,1.0,0.0239567694133903,5.840281805468426e-05,0.000183945051172,0.0016362332971766,7.237826503114775e-05,0.0008061012951657,0.0011665134131908,0.0,1053.5766952060444,1.0196608756194568e-11,262144.0,0,0,55.319786071777344,52.74195528030396,2.5759871006011963,23.57729387283325,27.864908456802368,25.789428234100345,0.968169927597046,0.4262000189632285,0.2708479043479277,0.2708749771118164,0.2728996753692627,0.2748807525634765,64.91985330848483,23512130,23512130,2426.276064157486,156208.67045814148,60,384,32,coral,coral_bce,0.0,session_balanced,adamw,0.0003,0.05,cosine,5,60,5.0,True,full,raw,full_frame,dataset_v1_1,fp16,2,resnet50,2,1,base,a,67ca7a8892cb,1.0,1.0,1.0,1.0,1.0,1.0,1.0,1.0,1.0,1.0,40,1.0,1.0,1.0,20,1.0,1.0,1.0,44,1.0,0.0,1.0,1.0,0.0431458108511611,0.0111576945356294,0.960411885036872,0.960411885036872,,-0.0395881149631279,0.039588114963128,0.2781587839126587,0.039588114963128,49.41176470588236,99.0,57.0,5791.481856000001,5791.481856,77.13725490196079,79.0,51.61833333333333,84.182,1285.2941176470588,5000.0,4.0,3039.720054335019,134555.11259121494,0.0,0.0,0.0,473.104384,473.104384,35.25490196078432,36.0,9.540215686274507,10.452,300.0,405.0,1.0,530.3203195455098,23671.545463815684,67.27843137254902,73.6,4.320293667137254,4.379848704,15.5,2.7893555199999995,2.78935552,26.375491584,0.0,3570.040373880529,0.9916778816334804,0.7070663296046714,713.0,916,Tesla T4,16106.12736,70.0,GPU-a33bf8c2-746f-e912-2269-a8e9d6d97464,Tesla T4,16106.12736,70.0,GPU-c86cdc1f-6697-5b59-64a5-dc94cdb433c9,580.159.04,1.0,40,1.0,20,1.0,3,1.0,41
a-resnet50-base-f2-s1,a,resnet50,base,2,1,45,4815,154080,1787787402.5534277,1787787456.6816072,2026-08-26T23:36:42Z,2026-08-26T23:37:36Z,acct2,1,d5f974,Interactive,67ca7a8892cb,v2,1.4974749414224754e-05,1.0,0.1135638418957901,5.1770889908207245e-05,0.0002358734154768,0.0045773931778967,6.354809738695621e-05,0.0007666375080589,0.0023940519080497,0.0,1053.31720002294,1.1593256641643351e-11,262144.0,0,0,54.10431599617005,51.551560163497925,2.5517258644104004,22.402055978775024,27.826469659805294,25.867915153503414,0.9857676029205322,0.4140530300828649,0.2706464027689996,0.2699518203735351,0.2728463172912597,0.2813954067230224,66.41894036069212,23512130,23512130,2480.380380153656,159678.56129561114,60,384,32,coral,coral_bce,0.0,session_balanced,adamw,0.0003,0.05,cosine,5,60,5.0,True,full,raw,full_frame,dataset_v1_1,fp16,2,resnet50,2,1,base,a,67ca7a8892cb,0.8846153846153846,0.9,0.8642533936651584,0.8846153846153846,0.8877479986077271,0.875,0.9,0.8235294117647058,0.7,1.0,40,0.7692307692307693,1.0,0.625,20,1.0,1.0,1.0,44,0.9224652087475148,0.1153846153846153,0.8247191011235955,0.841822834402036,0.2151337413744309,0.1355526435314525,0.8564859536977915,0.8975795818411786,0.5414348045984904,-0.0281294309175931,0.0638562268935717,0.3012440726161003,0.0638562268935717,50.74,99.0,51.5,5791.481856000001,5791.481856,76.92,78.0,52.9155,85.336,1258.8,5000.0,4.0,2953.359818904981,137539.56010337584,0.0,0.0,0.0,473.104384,473.104384,35.0,35.0,9.51186,10.646,300.0,405.0,1.0,516.5310185646704,24195.42313062497,68.108,73.3,4.323892674560001,4.392656896,15.7,2.77447753728,2.809737216,26.359771136,0.0,3469.890837469651,0.963858565963792,0.6872311575321837,713.0,898,Tesla T4,16106.12736,70.0,GPU-a33bf8c2-746f-e912-2269-a8e9d6d97464,Tesla T4,16106.12736,70.0,GPU-c86cdc1f-6697-5b59-64a5-dc94cdb433c9,580.159.04,0.7,40,1.0,20,1.0,3,1.0,41
a-resnet50-base-f2-s1,a,resnet50,base,2,1,46,4922,157504,1787787457.3054228,1787787511.99131,2026-08-26T23:37:37Z,2026-08-26T23:38:31Z,acct2,1,d5f974,Interactive,67ca7a8892cb,v2,6.199229346642076e-05,1.0,0.0012816312861069,4.5459364701706e-05,0.0031773408542742,0.2988863587379455,9.8242235253565e-05,0.0014859549177344,0.0107567256316542,0.0,1053.0936480739229,1.3715769432306283e-10,262144.0,0,0,54.66149926185608,52.0934956073761,2.5671963691711426,22.873032808303837,27.868807315826416,25.864668369293213,1.0110397338867188,0.4184486908917463,0.2713640827998936,0.2710325717926025,0.2742802143096924,0.2839301347732544,65.72797544258451,23512130,23512130,2535.041879415512,163220.2506824114,60,384,32,coral,coral_bce,0.0,session_balanced,adamw,0.0003,0.05,cosine,5,60,5.0,True,full,raw,full_frame,dataset_v1_1,fp16,2,resnet50,2,1,base,a,67ca7a8892cb,1.0,1.0,1.0,1.0,1.0,1.0,1.0,1.0,1.0,1.0,40,1.0,1.0,1.0,20,1.0,1.0,1.0,44,1.0,0.0,1.0,1.0,0.0014933216875236,1.4162623033011197e-05,0.9985112971984424,0.9985112971984424,,-0.0014887028015576,0.0014887028015576,0.0014887028015576,0.0014887028015576,58.15686274509804,99.0,63.0,5791.481856000001,5791.481856,77.31372549019608,79.0,57.92386274509804,95.189,1184.7058823529412,5000.0,4.0,3019.813805460639,140590.4460956093,0.0,0.0,0.0,473.104384,473.104384,35.01960784313726,36.0,9.479686274509804,10.154,300.0,405.0,1.0,521.8755813396128,24724.02953774045,67.37058823529412,74.8,4.1372694487843145,4.229185536,15.2,2.7817957496470584,2.828804096,26.366844928,0.0,3541.689386800252,0.9838026074445144,0.7014512591079387,713.0,908,Tesla T4,16106.12736,70.0,GPU-a33bf8c2-746f-e912-2269-a8e9d6d97464,Tesla T4,16106.12736,70.0,GPU-c86cdc1f-6697-5b59-64a5-dc94cdb433c9,580.159.04,1.0,40,1.0,20,1.0,3,1.0,41
a-resnet50-base-f2-s1,a,resnet50,base,2,1,47,5029,160928,1787787512.5514016,1787787569.0844817,2026-08-26T23:38:32Z,2026-08-26T23:39:29Z,acct2,1,d5f974,Interactive,67ca7a8892cb,v2,3.993899842549649e-05,1.0,0.0115928378982761,3.948882931853924e-05,0.0018399303407762,0.1416112631559372,0.0001244773884536,0.0020224647363647,0.010821885773912,0.0,1052.8938149371818,6.9006669195078e-11,262144.0,0,0,56.50897812843323,53.8988847732544,2.6092140674591064,24.676515579223636,27.895702838897705,25.83339738845825,0.9893519878387452,0.4366830970317498,0.2714756738359683,0.2710270881652832,0.2735984325408935,0.2790498447418212,63.52636078472353,23512130,23512130,2591.5508575439453,166840.22703690946,60,384,32,coral,coral_bce,0.0,session_balanced,adamw,0.0003,0.05,cosine,5,60,5.0,True,full,raw,full_frame,dataset_v1_1,fp16,2,resnet50,2,1,base,a,67ca7a8892cb,1.0,1.0,1.0,1.0,1.0,1.0,1.0,1.0,1.0,1.0,40,1.0,1.0,1.0,20,1.0,1.0,1.0,44,1.0,0.0,1.0,1.0,0.0178544934606422,0.002208759896678,0.982888280772246,0.982888280772246,,-0.0171117192277541,0.0171117192277541,0.1471650600433349,0.0171117192277541,54.320754716981135,99.0,65.0,5791.481856000002,5791.481856,76.88679245283019,78.0,52.8926037735849,97.194,1293.6792452830189,5000.0,4.0,3080.482357159548,143699.6497001064,0.0,0.0,0.0,473.1043839999999,473.104384,35.0,35.0,9.490471698113208,10.547,300.0,405.0,1.0,539.4939973385226,25269.967841632573,68.56792452830189,93.9,4.163958281660377,4.432908288,15.7,2.8053787628679245,3.133845504,26.713604096,0.0,3619.976354498071,1.0055489873605752,0.7169564279880901,713.0,932,Tesla T4,16106.12736,70.0,GPU-a33bf8c2-746f-e912-2269-a8e9d6d97464,Tesla T4,16106.12736,70.0,GPU-c86cdc1f-6697-5b59-64a5-dc94cdb433c9,580.159.04,1.0,40,1.0,20,1.0,3,1.0,41
a-resnet50-base-f2-s1,a,resnet50,base,2,1,48,5136,164352,1787787569.598173,1787787624.5901525,2026-08-26T23:39:29Z,2026-08-26T23:40:24Z,acct2,1,d5f974,Interactive,67ca7a8892cb,v2,9.19281929382803e-06,1.0,0.1014981941750123,3.3878758404137624e-05,0.0001548698889233,0.0016045263037085,8.702187187736854e-05,0.0004804625321412,0.0007323670410551,0.0,1052.7211246730935,4.9840355892331806e-12,262144.0,0,0,54.96736526489258,52.35340166091919,2.6130056381225586,23.21383810043335,27.821390628814697,25.778712034225464,0.972569704055786,0.422320371161394,0.2705502911148784,0.2704761028289795,0.2722730159759521,0.2732217597961426,65.40167193292332,23512130,23512130,2646.518222808838,170433.2868550476,60,384,32,coral,coral_bce,0.0,session_balanced,adamw,0.0003,0.05,cosine,5,60,5.0,True,full,raw,full_frame,dataset_v1_1,fp16,2,resnet50,2,1,base,a,67ca7a8892cb,0.9903846153846154,0.9916666666666668,0.9876505094164866,0.9903846153846154,0.9904410193079536,0.9841269841269842,0.9916666666666668,0.9873417721518988,0.975,1.0,40,0.975609756097561,1.0,0.9523809523809524,20,1.0,1.0,1.0,44,0.9939981532779316,0.0096153846153846,0.984927536231884,0.9850740357660184,0.1753116424500355,0.0906801694233433,0.8631525203012503,0.8671308871611808,0.4533807337284088,-0.127232095083365,0.127232095083365,0.5013914704322815,0.127232095083365,50.41176470588236,99.0,55.0,5791.481856000001,5791.481856,77.17647058823529,78.0,56.901294117647055,90.945,1261.764705882353,5000.0,4.0,3063.372510248184,146790.15417070797,0.0,0.0,0.0,473.104384,473.104384,35.0,35.0,9.596156862745095,10.353,300.0,405.0,1.0,529.6873078899589,25806.093278683413,67.47450980392158,73.3,4.151484656941176,4.279496704,15.4,2.807155531294118,2.807373824,26.320965632,0.0,3593.059818138143,0.9980721717050396,0.7116254584256934,713.0,912,Tesla T4,16106.12736,70.0,GPU-a33bf8c2-746f-e912-2269-a8e9d6d97464,Tesla T4,16106.12736,70.0,GPU-c86cdc1f-6697-5b59-64a5-dc94cdb433c9,580.159.04,0.975,40,1.0,20,1.0,3,1.0,41
a-resnet50-base-f2-s1,a,resnet50,base,2,1,49,5243,167776,1787787625.1238666,1787787679.6466258,2026-08-26T23:40:25Z,2026-08-26T23:41:19Z,acct2,1,d5f974,Interactive,67ca7a8892cb,v2,3.754396289924809e-05,1.0,0.0020595369510024,2.8647450843757897e-05,0.0014894977970572,0.0666173323988914,0.0001062480369,0.0020626597921363,0.0577591812517492,0.0,1052.5745007590006,4.053899737483186e-11,262144.0,0,0,54.49791598320007,51.89571166038513,2.6013448238372803,22.641477584838867,27.915771484375,25.935017585754395,1.0130298137664795,0.415455842234747,0.2717213964907922,0.2712063789367676,0.274990701675415,0.2858693981170654,65.97847664961745,23512130,23512130,2701.016138792038,173963.05708038065,60,384,32,coral,coral_bce,0.0,session_balanced,adamw,0.0003,0.05,cosine,5,60,5.0,True,full,raw,full_frame,dataset_v1_1,fp16,2,resnet50,2,1,base,a,67ca7a8892cb,1.0,1.0,1.0,1.0,1.0,1.0,1.0,1.0,1.0,1.0,40,1.0,1.0,1.0,20,1.0,1.0,1.0,44,1.0,0.0,1.0,1.0,0.0025918507336481,5.162434470601785e-05,0.9974254404123012,0.9974254404123012,,-0.0025745595876986,0.0025745595876986,0.0025745595876986,0.0025745595876986,56.18,99.0,72.0,5791.481856000001,5791.481856,76.9,79.0,53.21532,78.127,1272.0,5000.0,4.0,2998.064129401784,149812.6368963596,0.0,0.0,0.0,473.104384,473.104384,35.0,35.0,9.6764,10.254,300.0,405.0,1.0,531.7060959312657,26343.554259635173,67.636,74.1,4.168120320000001,4.300374016,15.4,2.8077382041600005,2.810007552,26.377596928,0.0,3529.77022533305,0.9804917292591804,0.6990906029617958,713.0,904,Tesla T4,16106.12736,70.0,GPU-a33bf8c2-746f-e912-2269-a8e9d6d97464,Tesla T4,16106.12736,70.0,GPU-c86cdc1f-6697-5b59-64a5-dc94cdb433c9,580.159.04,1.0,40,1.0,20,1.0,3,1.0,41
a-resnet50-base-f2-s1,a,resnet50,base,2,1,50,5350,171200,1787787686.2208884,1787787740.6599324,2026-08-26T23:41:26Z,2026-08-26T23:42:20Z,acct2,1,d5f974,Interactive,67ca7a8892cb,v2,1.6774793211200027e-05,1.0,0.0563949783174411,2.38119700753228e-05,0.0002881986208288,0.0063173882663249,0.000104150873085,0.0012715125922113,0.0024327892530709,0.0,1052.4510529875602,6.520566363104756e-12,262144.0,0,0,54.41334891319275,51.821393966674805,2.590665102005005,22.57230806350708,27.947513103485107,26.00567603111267,0.9735174179077148,0.4148303406121421,0.2716606287198646,0.2712752819061279,0.2741087913513184,0.2760560798645019,66.07309718842953,23512130,23512130,2755.4294877052307,177460.2423926844,60,384,32,coral,coral_bce,0.0,session_balanced,adamw,0.0003,0.05,cosine,5,60,5.0,True,full,raw,full_frame,dataset_v1_1,fp16,2,resnet50,2,1,base,a,67ca7a8892cb,1.0,1.0,1.0,1.0,1.0,1.0,1.0,1.0,1.0,1.0,40,1.0,1.0,1.0,20,1.0,1.0,1.0,44,1.0,0.0,1.0,1.0,0.084409542655309,0.0273433779482635,0.9266554621549752,0.9266554621549752,,-0.0733445378450247,0.0733445378450246,0.3579710960388184,0.0733445378450246,47.0,99.0,53.0,5791.481856000001,5791.481856,77.64,81.0,51.21862,76.366,1247.1,5000.0,4.0,2966.841154383641,153005.15714201838,0.0,0.0,0.0,473.104384,473.104384,35.58,36.0,9.70978,10.651,300.0,405.0,1.0,530.3441579201026,26939.39416044564,67.58800000000001,74.6,4.21939044352,4.301647872,15.3,2.82450059264,2.850070528,26.378645504,0.0,3497.185312303744,0.9714403645288175,0.692636979909047,713.0,900,Tesla T4,16106.12736,70.0,GPU-a33bf8c2-746f-e912-2269-a8e9d6d97464,Tesla T4,16106.12736,70.0,GPU-c86cdc1f-6697-5b59-64a5-dc94cdb433c9,580.159.04,1.0,40,1.0,20,1.0,3,1.0,41
a-resnet50-base-f2-s1,a,resnet50,base,2,1,51,5457,174624,1787787741.992372,1787787796.5736842,2026-08-26T23:42:21Z,2026-08-26T23:43:16Z,acct2,1,d5f974,Interactive,67ca7a8892cb,v2,1.206237181532683e-05,1.0,0.0191601786686638,1.9388088432033443e-05,0.0001820695346412,0.0024382553528994,9.130330727202818e-05,0.0006453824986238,0.0018863574694842,0.0,1052.349376769273,3.3543805092959643e-12,262144.0,0,0,54.55567407608032,51.96794056892395,2.586280107498169,22.72349548339844,27.91916799545288,25.920546293258667,0.9886324405670166,0.4165193789322355,0.2716092283480635,0.2705743312835693,0.2732210159301758,0.2896272468566894,65.88677485610235,23512130,23512130,2809.985161781311,180988.9595513216,60,384,32,coral,coral_bce,0.0,session_balanced,adamw,0.0003,0.05,cosine,5,60,5.0,True,full,raw,full_frame,dataset_v1_1,fp16,2,resnet50,2,1,base,a,67ca7a8892cb,1.0,1.0,1.0,1.0,1.0,1.0,1.0,1.0,1.0,1.0,40,1.0,1.0,1.0,20,1.0,1.0,1.0,44,1.0,0.0,1.0,1.0,0.0281828482887963,0.0046052772153764,0.9734665596714388,0.9734665596714388,,-0.0265334403285613,0.0265334403285613,0.1769219835599264,0.0265334403285613,57.86,99.0,72.0,5791.481856000001,5791.481856,77.28,79.0,58.69304,89.246,1218.0,5000.0,4.0,3005.222854480875,156077.3621408119,0.0,0.0,0.0,473.104384,473.104384,35.36,36.0,9.55728,10.353,300.0,405.0,1.0,523.4943041563129,27478.455027257634,67.602,74.2,4.21468102656,4.283916288,15.4,2.82798440448,2.827988992,26.325159936,0.0,3528.717158637188,0.980199210732552,0.6988820372523098,713.0,904,Tesla T4,16106.12736,70.0,GPU-a33bf8c2-746f-e912-2269-a8e9d6d97464,Tesla T4,16106.12736,70.0,GPU-c86cdc1f-6697-5b59-64a5-dc94cdb433c9,580.159.04,1.0,40,1.0,20,1.0,3,1.0,41
a-resnet50-base-f2-s1,a,resnet50,base,2,1,52,5564,178048,1787787797.0969503,1787787852.750253,2026-08-26T23:43:17Z,2026-08-26T23:44:12Z,acct2,1,d5f974,Interactive,67ca7a8892cb,v2,9.899819913222595e-06,1.0,0.0451253326691235,1.5390235696296265e-05,0.0001539496826604,0.0018668686971068,5.6282551668118685e-05,0.0008436406846158,0.0015520912175998,0.0,1052.2677170565184,2.2516341260964506e-12,262144.0,0,0,55.62829351425171,53.02273845672608,2.6043508052825928,23.93433713912964,27.778161764144897,25.71630263328552,0.979076623916626,0.430254743173054,0.2702497522407603,0.2700204849243164,0.2729588508605957,0.279846224784851,64.5760686765445,23512130,23512130,2865.6134552955627,184547.3164464692,60,384,32,coral,coral_bce,0.0,session_balanced,adamw,0.0003,0.05,cosine,5,60,5.0,True,full,raw,full_frame,dataset_v1_1,fp16,2,resnet50,2,1,base,a,67ca7a8892cb,1.0,1.0,1.0,1.0,1.0,1.0,1.0,1.0,1.0,1.0,40,1.0,1.0,1.0,20,1.0,1.0,1.0,44,1.0,0.0,1.0,1.0,0.0685893654067541,0.0199075815822443,0.939145795427836,0.939145795427836,,-0.060854204572164,0.060854204572164,0.3420218825340271,0.060854204572164,54.63461538461539,99.0,67.5,5791.481856000002,5791.481856,76.4423076923077,78.0,55.88515384615385,90.068,1257.4038461538462,5000.0,4.0,3027.0288365085144,159133.7957500975,0.0,0.0,0.0,473.1043839999999,473.104384,35.03846153846154,36.0,9.462346153846154,9.757,300.0,405.0,1.0,531.328058639072,28016.29746151612,66.22307692307692,75.2,4.269810688000001,4.341313536,15.5,2.828846001230769,2.872426496,26.381791232,0.0,3558.3568951475863,0.9884324708743296,0.704752351733397,713.0,924,Tesla T4,16106.12736,70.0,GPU-a33bf8c2-746f-e912-2269-a8e9d6d97464,Tesla T4,16106.12736,70.0,GPU-c86cdc1f-6697-5b59-64a5-dc94cdb433c9,580.159.04,1.0,40,1.0,20,1.0,3,1.0,41
a-resnet50-base-f2-s1,a,resnet50,base,2,1,53,5671,181472,1787787853.316272,1787787908.6350622,2026-08-26T23:44:13Z,2026-08-26T23:45:08Z,acct2,1,d5f974,Interactive,67ca7a8892cb,v2,2.4494332787938465e-05,1.0,0.0073933572137565,1.1831452032772498e-05,0.00050921202973,0.0221815202385187,8.079918916337192e-05,0.0011154826788697,0.0108559532091021,0.0,1052.2037567101763,5.725808966030022e-12,262144.0,0,0,55.28651547431946,52.75652575492859,2.528569221496582,23.58800196647644,27.84189486503601,25.85357069969177,1.0035607814788818,0.4266501833965833,0.27095638702963,0.2705714702606201,0.2729526996612549,0.2843820142745971,64.90192352516931,23512130,23512130,2920.899970769882,188096.04363201064,60,384,32,coral,coral_bce,0.0,session_balanced,adamw,0.0003,0.05,cosine,5,60,5.0,True,full,raw,full_frame,dataset_v1_1,fp16,2,resnet50,2,1,base,a,67ca7a8892cb,1.0,1.0,1.0,1.0,1.0,1.0,1.0,1.0,1.0,1.0,40,1.0,1.0,1.0,20,1.0,1.0,1.0,44,1.0,0.0,1.0,1.0,0.0108139343272671,0.0008608750536525,0.9894743779530892,0.9894743779530892,,-0.0105256220469107,0.0105256220469108,0.0841939349969228,0.0105256220469108,60.8235294117647,99.0,76.0,5791.481856000001,5791.481856,77.15686274509804,79.0,57.65354901960784,75.924,1180.8823529411766,5000.0,4.0,3021.3267731675005,162186.5345680841,0.0,0.0,0.0,473.104384,473.104384,35.1764705882353,36.0,9.45227450980392,9.853,300.0,405.0,1.0,527.4004123739687,28550.32343397395,67.27254901960784,72.4,4.282330573803922,4.342079488,15.5,2.828244951843137,2.840838144,26.381791232,0.0,3548.727185541469,0.985757551539297,0.7028451342475187,713.0,919,Tesla T4,16106.12736,70.0,GPU-a33bf8c2-746f-e912-2269-a8e9d6d97464,Tesla T4,16106.12736,70.0,GPU-c86cdc1f-6697-5b59-64a5-dc94cdb433c9,580.159.04,1.0,40,1.0,20,1.0,3,1.0,41
a-resnet50-base-f2-s1,a,resnet50,base,2,1,54,5778,184896,1787787909.1594594,1787787964.478336,2026-08-26T23:45:09Z,2026-08-26T23:46:04Z,acct2,1,d5f974,Interactive,67ca7a8892cb,v2,1.3152936125254336e-05,1.0,0.0564549979705956,8.723345454071307e-06,0.0002282891842934,0.0052201617509126,7.272761286003515e-05,0.0005458300409372,0.0033407748420722,0.0,1052.1553618613698,1.8927294297080017e-12,262144.0,0,0,55.29322028160095,52.742403745651245,2.549739360809326,23.614847660064697,27.82208490371704,25.72927618026733,0.9714810848236084,0.4270839632742937,0.2705715415633727,0.270287275314331,0.272550630569458,0.2828300189971924,64.91930129904856,23512130,23512130,2976.193191051483,191678.58721371123,60,384,32,coral,coral_bce,0.0,session_balanced,adamw,0.0003,0.05,cosine,5,60,5.0,True,full,raw,full_frame,dataset_v1_1,fp16,2,resnet50,2,1,base,a,67ca7a8892cb,1.0,1.0,1.0,1.0,1.0,1.0,1.0,1.0,1.0,1.0,40,1.0,1.0,1.0,20,1.0,1.0,1.0,44,1.0,0.0,1.0,1.0,0.0892656555543129,0.0309691590232104,0.9230085731698916,0.9230085731698916,,-0.0769914268301084,0.0769914268301083,0.3667143668447222,0.0769914268301083,53.68627450980392,99.0,55.0,5791.481856000001,5791.481856,76.52941176470588,79.0,54.543921568627454,89.775,1295.5882352941176,5000.0,4.0,3056.176206099306,165267.0696127056,0.0,0.0,0.0,473.104384,473.104384,35.03921568627451,36.0,9.458529411764706,9.86,300.0,405.0,1.0,526.3673756012904,29083.8526354386,67.6686274509804,73.6,4.292955115921569,4.3771904,15.7,2.828243184941176,2.840379392,26.381791232,0.0,3582.5435817005964,0.9951509949168325,0.7095426593757014,713.0,920,Tesla T4,16106.12736,70.0,GPU-a33bf8c2-746f-e912-2269-a8e9d6d97464,Tesla T4,16106.12736,70.0,GPU-c86cdc1f-6697-5b59-64a5-dc94cdb433c9,580.159.04,1.0,40,1.0,20,1.0,3,1.0,41
a-resnet50-base-f2-s1,a,resnet50,base,2,1,55,5885,188320,1787787965.004078,1787788020.072153,2026-08-26T23:46:05Z,2026-08-26T23:47:00Z,acct2,1,d5f974,Interactive,67ca7a8892cb,v2,1.68457531980128e-05,1.0,0.0209230254970232,6.076053957825411e-06,0.0002511771479255,0.0041260751895606,7.969238504301757e-05,0.0010126032168045,0.0027492042467929,0.0,1052.120600683431,1.4505617538300088e-12,262144.0,0,0,55.04021310806274,52.44840979576111,2.5907952785491943,23.18844223022461,27.9031023979187,25.873236417770386,1.0115134716033936,0.4213000081358292,0.2716831581614842,0.2711951732635498,0.274578332901001,0.2842782688140869,65.28319949705565,23512130,23512130,3031.233404159546,195265.40505021976,60,384,32,coral,coral_bce,0.0,session_balanced,adamw,0.0003,0.05,cosine,5,60,5.0,True,full,raw,full_frame,dataset_v1_1,fp16,2,resnet50,2,1,base,a,67ca7a8892cb,1.0,1.0,1.0,1.0,1.0,1.0,1.0,1.0,1.0,1.0,40,1.0,1.0,1.0,20,1.0,1.0,1.0,44,1.0,0.0,1.0,1.0,0.0314479687214247,0.0057544883137598,0.9706184812463248,0.9706184812463248,,-0.0293815187536753,0.0293815187536753,0.2164427042007446,0.0293815187536753,49.76,99.0,51.5,5791.481856000001,5791.481856,77.36,80.0,55.75204000000001,98.264,1251.0,5000.0,4.0,3061.74322559766,168353.54504077072,0.0,0.0,0.0,473.104384,473.104384,35.2,36.0,9.472279999999998,9.956,300.0,405.0,1.0,525.0746109108659,29614.72835157646,67.86,73.3,4.32608067584,4.453507072,15.7,2.82973822976,2.87676416,26.381791232,0.0,3586.817836508526,0.996338287919035,0.710389199286272,713.0,913,Tesla T4,16106.12736,70.0,GPU-a33bf8c2-746f-e912-2269-a8e9d6d97464,Tesla T4,16106.12736,70.0,GPU-c86cdc1f-6697-5b59-64a5-dc94cdb433c9,580.159.04,1.0,40,1.0,20,1.0,3,1.0,41
a-resnet50-base-f2-s1,a,resnet50,base,2,1,56,5992,191744,1787788020.5949297,1787788076.1589277,2026-08-26T23:47:00Z,2026-08-26T23:47:56Z,acct2,1,d5f974,Interactive,67ca7a8892cb,v2,1.276276228194734e-05,1.0,0.0249374054313963,3.89821245864998e-06,0.0001873375251358,0.0038816968444734,6.321836553979665e-05,0.0006031778873875,0.0014052579598501,0.0,1052.0970069052105,6.941199049745835e-13,262144.0,0,0,55.53610467910767,52.99527359008789,2.539315700531006,23.81899046897888,27.83450746536255,25.838359355926517,0.9912662506103516,0.4288919902936483,0.2708742328893358,0.2707440853118896,0.2730089664459229,0.281387014389038,64.60953530468078,23512130,23512130,3086.7695088386536,198835.88563259543,60,384,32,coral,coral_bce,0.0,session_balanced,adamw,0.0003,0.05,cosine,5,60,5.0,True,full,raw,full_frame,dataset_v1_1,fp16,2,resnet50,2,1,base,a,67ca7a8892cb,1.0,1.0,1.0,1.0,1.0,1.0,1.0,1.0,1.0,1.0,40,1.0,1.0,1.0,20,1.0,1.0,1.0,44,1.0,0.0,1.0,1.0,0.0364277346016721,0.0071754305956834,0.966224560370812,0.966224560370812,,-0.0337754396291879,0.0337754396291879,0.2193662405014038,0.0337754396291879,65.98039215686275,99.0,95.0,5791.481856000001,5791.481856,77.11764705882354,79.0,57.213,100.569,1225.0,5000.0,4.0,3038.0711187397537,171417.02625277816,0.0,0.0,0.0,473.104384,473.104384,35.0,35.0,9.572725490196078,10.651,300.0,405.0,1.0,532.409463635915,30154.21864890183,66.87450980392157,74.8,4.332393090509803,4.433747968,15.7,2.8298891344313724,2.876379136,26.381791232,0.0,3570.4805823756687,0.9918001617710192,0.7071535153427366,713.0,924,Tesla T4,16106.12736,70.0,GPU-a33bf8c2-746f-e912-2269-a8e9d6d97464,Tesla T4,16106.12736,70.0,GPU-c86cdc1f-6697-5b59-64a5-dc94cdb433c9,580.159.04,1.0,40,1.0,20,1.0,3,1.0,41
a-resnet50-base-f2-s1,a,resnet50,base,2,1,57,6099,195168,1787788076.687356,1787788131.5076883,2026-08-26T23:47:56Z,2026-08-26T23:48:51Z,acct2,1,d5f974,Interactive,67ca7a8892cb,v2,1.21919359331497e-05,1.0,0.0402069405238132,2.1969246228460523e-06,0.0002005299871921,0.0052947318181395,7.941741932881996e-05,0.0006267387710977,0.0020046970294788,0.0,1052.0827163599952,4.187401424154172e-13,524288.0,0,0,54.78729891777039,52.230162620544434,2.5561976432800293,23.07836127281189,27.83554077148437,25.866941690444943,0.971646785736084,0.4212356098710019,0.2706204797619971,0.2706151008605957,0.2728405952453613,0.2739754676818847,65.55598964674081,23512130,23512130,3141.556807756424,202392.6171293361,60,384,32,coral,coral_bce,0.0,session_balanced,adamw,0.0003,0.05,cosine,5,60,5.0,True,full,raw,full_frame,dataset_v1_1,fp16,2,resnet50,2,1,base,a,67ca7a8892cb,1.0,1.0,1.0,1.0,1.0,1.0,1.0,1.0,1.0,1.0,40,1.0,1.0,1.0,20,1.0,1.0,1.0,44,1.0,0.0,1.0,1.0,0.0598100093927394,0.0161849052471093,0.9464928169663136,0.9464928169663136,,-0.0535071830336864,0.0535071830336863,0.2994145055611928,0.0535071830336863,53.78,99.0,67.5,5791.481856000001,5791.481856,76.62,79.0,54.34382,96.221,1250.7,5000.0,4.0,3034.196247183194,174482.73734627722,0.0,0.0,0.0,473.104384,473.104384,35.0,35.0,9.43244,9.757,300.0,405.0,1.0,522.5352495575207,30684.064591459184,68.342,72.8,4.30433353728,4.384555008,15.6,2.82808885248,2.829520896,26.381791232,0.0,3556.731496740714,0.9879809713168652,0.7044304325489248,713.0,910,Tesla T4,16106.12736,70.0,GPU-a33bf8c2-746f-e912-2269-a8e9d6d97464,Tesla T4,16106.12736,70.0,GPU-c86cdc1f-6697-5b59-64a5-dc94cdb433c9,580.159.04,1.0,40,1.0,20,1.0,3,1.0,41
a-resnet50-base-f2-s1,a,resnet50,base,2,1,58,6206,198592,1787788132.0568826,1787788187.314777,2026-08-26T23:48:52Z,2026-08-26T23:49:47Z,acct2,1,d5f974,Interactive,67ca7a8892cb,v2,1.4742350401243937e-05,1.0,0.0389065040960452,9.777396977174666e-07,0.0002432712828148,0.0055326507426798,8.153710950864479e-05,0.000751718506217,0.001787241010461,0.0,1052.0738332704736,2.2608298296261598e-13,524288.0,0,0,55.2315034866333,52.63696646690369,2.592939853668213,23.406333684921265,27.90713143348694,25.89636206626892,0.9879424571990968,0.4237859230210143,0.2715071317191436,0.2710471153259277,0.2733085632324218,0.2854322338104248,65.0493413626504,23512130,23512130,3196.7883112430573,205949.1491912649,60,384,32,coral,coral_bce,0.0,session_balanced,adamw,0.0003,0.05,cosine,5,60,5.0,True,full,raw,full_frame,dataset_v1_1,fp16,2,resnet50,2,1,base,a,67ca7a8892cb,1.0,1.0,1.0,1.0,1.0,1.0,1.0,1.0,1.0,1.0,40,1.0,1.0,1.0,20,1.0,1.0,1.0,44,1.0,0.0,1.0,1.0,0.0621150988524138,0.0180323302058072,0.9446346278374012,0.9446346278374012,,-0.0553653721625988,0.0553653721625988,0.3342633843421936,0.0553653721625988,51.41176470588236,99.0,62.0,5791.481856000001,5791.481856,76.94117647058823,78.0,55.51172549019608,101.508,1280.2941176470588,5000.0,4.0,3031.097667269438,177547.71929277226,0.0,0.0,0.0,473.104384,473.104384,35.0,35.0,9.489450980392157,9.956,300.0,405.0,1.0,525.4343946593181,31216.543761048502,67.45098039215686,72.9,4.317152356392157,4.377092096,15.5,2.8285953606274505,2.838171648,26.382839808,0.0,3556.532061928756,0.9879255727579878,0.7043909333764452,713.0,916,Tesla T4,16106.12736,70.0,GPU-a33bf8c2-746f-e912-2269-a8e9d6d97464,Tesla T4,16106.12736,70.0,GPU-c86cdc1f-6697-5b59-64a5-dc94cdb433c9,580.159.04,1.0,40,1.0,20,1.0,3,1.0,41
a-resnet50-base-f2-s1,a,resnet50,base,2,1,59,6313,202016,1787788187.8434737,1787788242.644834,2026-08-26T23:49:47Z,2026-08-26T23:50:42Z,acct2,1,d5f974,Interactive,67ca7a8892cb,v2,8.41705868836717e-06,1.0,0.0934040950218192,2.446344110796528e-07,0.0001223069930687,0.0008196888957172,6.943042535567656e-05,0.0004249280056683,0.0007063396414741,0.0,1052.0702902762378,2.8439638964079975e-14,524288.0,0,0,54.77562475204468,52.28511118888855,2.4894635677337646,23.06541657447815,27.879610538482662,25.821091890335083,0.98927903175354,0.4210890643217567,0.2712330127430853,0.2708768844604492,0.2731092929840087,0.2826290941238403,65.4870941677878,23512130,23512130,3251.563935995102,209481.95828427552,60,384,32,coral,coral_bce,0.0,session_balanced,adamw,0.0003,0.05,cosine,5,60,5.0,True,full,raw,full_frame,dataset_v1_1,fp16,2,resnet50,2,1,base,a,67ca7a8892cb,1.0,1.0,1.0,1.0,1.0,1.0,1.0,1.0,1.0,1.0,40,1.0,1.0,1.0,20,1.0,1.0,1.0,44,1.0,0.0,1.0,1.0,0.1508181737303242,0.0687414098554535,0.8789446130394936,0.8789446130394936,,-0.1210553869605064,0.1210553869605064,0.4870826959609985,0.1210553869605064,50.5686274509804,99.0,53.0,5791.481856000001,5791.481856,77.25490196078431,78.0,58.17970588235294,89.914,1190.2941176470588,5000.0,4.0,3011.758090494346,180590.98657150025,0.0,0.0,0.0,473.104384,473.104384,35.0,35.0,9.446549019607843,9.956,300.0,405.0,1.0,521.0510025162657,31744.19080713076,67.51176470588236,73.3,4.317682908862745,4.39986176,15.6,2.8304991974901954,2.866495488,26.382839808,0.0,3532.809093010612,0.9813358591696144,0.6996924675879351,713.0,908,Tesla T4,16106.12736,70.0,GPU-a33bf8c2-746f-e912-2269-a8e9d6d97464,Tesla T4,16106.12736,70.0,GPU-c86cdc1f-6697-5b59-64a5-dc94cdb433c9,580.159.04,1.0,40,1.0,20,1.0,3,1.0,41
a-resnet50-base-f2-s1,a,resnet50,base,2,1,60,6420,205440,1787788243.193732,1787788297.617236,2026-08-26T23:50:43Z,2026-08-26T23:51:37Z,acct2,1,d5f974,Interactive,67ca7a8892cb,v2,2.560114574027262e-05,1.0,0.0326260311063606,0.0,0.0003564588971776,0.0180604290217161,8.602398884249851e-05,0.0008986113651189,0.0027822488173842,0.0,1052.0702906393506,0.0,524288.0,0,0,54.39689350128174,51.82651352882385,2.5694382190704346,22.633513689041138,27.87281322479248,25.85931134223938,0.9746649265289308,0.4160809971346586,0.2710626392721015,0.2708814144134521,0.2731479167938232,0.2744569730758667,66.06657031049768,23512130,23512130,3305.960829496384,213031.72433139343,60,384,32,coral,coral_bce,0.0,session_balanced,adamw,0.0003,0.05,cosine,5,60,5.0,True,full,raw,full_frame,dataset_v1_1,fp16,2,resnet50,2,1,base,a,67ca7a8892cb,1.0,1.0,1.0,1.0,1.0,1.0,1.0,1.0,1.0,1.0,40,1.0,1.0,1.0,20,1.0,1.0,1.0,44,1.0,0.0,1.0,1.0,0.0485973886806738,0.0115475922706835,0.9557634064784416,0.9557634064784416,,-0.0442365935215582,0.0442365935215583,0.2823944091796875,0.0442365935215583,54.7,99.0,65.0,5791.481856000001,5791.481856,76.98,78.0,54.83941999999999,88.648,1278.9,5000.0,4.0,3025.0811298975605,183650.0048666956,0.0,0.0,0.0,473.104384,473.104384,35.0,35.0,9.58696,10.055,300.0,405.0,1.0,524.6849172203838,32275.868247829178,67.908,73.5,4.32449544192,4.39134208,15.8,2.8303759769600005,2.861355008,26.383888384,0.0,3549.7660471179443,0.9860461241994288,0.7030508865541928,713.0,902,Tesla T4,16106.12736,70.0,GPU-a33bf8c2-746f-e912-2269-a8e9d6d97464,Tesla T4,16106.12736,70.0,GPU-c86cdc1f-6697-5b59-64a5-dc94cdb433c9,580.159.04,1.0,40,1.0,20,1.0,3,1.0,41
