run_id,stage,arch,technique,fold,seed,epoch,global_step,samples_seen,ts_start,ts_end,iso_start,iso_end,account,worker_id,session_id,host,config_hash,lib_version,train_loss,train_acc,val_loss,lr_group0,grad_norm_mean,grad_norm_max,grad_norm_p50,grad_norm_p95,grad_norm_p99,grad_clip_hit_rate,weight_norm_total,update_to_weight_ratio,amp_scale,amp_scale_decreases,nan_or_inf_batches,epoch_seconds,train_seconds,val_seconds,dataload_seconds,compute_seconds,backward_seconds,optimizer_seconds,dataload_frac,step_time_mean,step_time_p50,step_time_p90,step_time_p99,images_per_second,n_params_total,n_params_trainable,wall_seconds_cumulative,energy_joules_cumulative,epochs_planned,cfg_input_resolution,cfg_batch_size,cfg_head_type,cfg_loss_name,cfg_label_smoothing,cfg_sampler_name,cfg_optimizer_name,cfg_lr_initial,cfg_weight_decay,cfg_scheduler_name,cfg_warmup_epochs,cfg_max_epochs,cfg_grad_clip,cfg_pretrained,cfg_finetune_depth,cfg_preprocessing,cfg_roi_mode,cfg_augment_policy,cfg_precision,cfg_num_workers,cfg_arch,cfg_fold,cfg_seed,cfg_technique,cfg_stage,cfg_config_hash,val_acc,val_balanced_acc,val_f1_macro,val_f1_micro,val_f1_weighted,val_precision_macro,val_recall_macro,val_f1_low,val_recall_low,val_precision_low,val_support_low,val_f1_mid,val_recall_mid,val_precision_mid,val_support_mid,val_f1_high,val_recall_high,val_precision_high,val_support_high,val_qwk,val_mae_class,val_cohen_kappa,val_mcc,val_nll,val_brier,val_mean_confidence,val_mean_confidence_correct,val_mean_confidence_incorrect,val_overconfidence_gap,val_ece,val_mce,val_ace,gpu0_util_mean,gpu0_util_max,gpu0_util_p50,gpu0_mem_used_mb_mean,gpu0_mem_used_mb_peak,gpu0_temp_c_mean,gpu0_temp_c_max,gpu0_power_w_mean,gpu0_power_w_max,gpu0_sm_clock_mhz_mean,gpu0_mem_clock_mhz_mean,gpu0_throttle_reasons,gpu0_energy_joules_epoch,gpu0_energy_joules_cumulative,gpu1_util_mean,gpu1_util_max,gpu1_util_p50,gpu1_mem_used_mb_mean,gpu1_mem_used_mb_peak,gpu1_temp_c_mean,gpu1_temp_c_max,gpu1_power_w_mean,gpu1_power_w_max,gpu1_sm_clock_mhz_mean,gpu1_mem_clock_mhz_mean,gpu1_throttle_reasons,gpu1_energy_joules_epoch,gpu1_energy_joules_cumulative,cpu_percent_mean,cpu_percent_max,ram_used_gb_mean,ram_used_gb_peak,ram_percent_peak,proc_rss_gb_mean,proc_rss_gb_peak,proc_vms_gb_peak,swap_used_gb_peak,energy_joules_epoch,energy_wh_epoch,co2_g_epoch,carbon_intensity_g_per_kwh,power_sample_count,gpu0_name,gpu0_mem_total_mb,gpu0_power_limit_w,gpu0_uuid,gpu1_name,gpu1_mem_total_mb,gpu1_power_limit_w,gpu1_uuid,gpu_driver,val_acc_session_mileage_090000__session_001,val_n_session_mileage_090000__session_001,val_acc_session_mileage_100000_plus__session_002,val_n_session_mileage_100000_plus__session_002,val_acc_session_mileage_100000_plus__session_004,val_n_session_mileage_100000_plus__session_004,val_acc_session_new_tire__session_001,val_n_session_new_tire__session_001
a-resnet50-base-f0-s3,a,resnet50,base,0,3,1,79,2528,1787783175.9013257,1787783224.4853923,2026-08-26T22:26:15Z,2026-08-26T22:27:04Z,acct2,1,d5f974,Interactive,0e7bb4fc52eb,v2,0.6561629410031475,0.4723101265822785,0.5791639397221227,6e-05,inf,inf,0.7992052435874939,1.1903517127037044,inf,0.0126582278481012,1095.477621245843,inf,32768.0,1,0,48.56044793128967,43.862704277038574,4.694746017456055,15.993975400924684,26.8698046207428,24.530503511428837,0.7353763580322266,0.3293621884121676,0.3508548223519627,0.2743167877197265,0.2770092010498047,1.6157721805572445,57.63438533185396,23512130,23512130,48.56044793128967,3050.240573127981,60,384,32,coral,coral_bce,0.0,session_balanced,adamw,0.0003,0.05,cosine,5,60,5.0,True,full,raw,full_frame,dataset_v1_1,fp16,2,resnet50,0,3,base,a,0e7bb4fc52eb,0.4623655913978494,0.4527363184079602,0.3603479853479854,0.4623655913978494,0.374527354366064,0.4609053497942386,0.4527363184079602,0.5274725274725275,0.3582089552238806,1.0,67,0.0,0.0,0.0,57,0.5535714285714286,1.0,0.382716049382716,62,0.2897448724362181,0.7688172043010753,0.1893305439330543,0.3247249332822426,0.920679773069264,0.5701235565911575,0.4624149360323465,0.4842192495978156,0.4436632263660431,4.934463449707272e-05,0.2496384814862282,0.4005172145816515,0.2496384814862282,45.93181818181818,99.0,50.5,5693.916625454545,7131.561984,76.88636363636364,80.0,56.30381818181817,105.517,1229.3181818181818,5000.0,4.0,2588.254629771706,2594.6214363992176,0.0,0.0,0.0,473.1043839999999,473.104384,35.20454545454545,36.0,9.47375,9.956,300.0,405.0,1.0,461.9859433562752,464.0833204283711,64.37727272727273,78.2,3.1977497134545447,3.610517504,13.2,2.645067869090909,2.664968192,28.350836736,0.0,3050.240573127981,0.8472890480911058,0.6041170912889585,713.0,806,Tesla T4,16106.12736,70.0,GPU-a33bf8c2-746f-e912-2269-a8e9d6d97464,Tesla T4,16106.12736,70.0,GPU-c86cdc1f-6697-5b59-64a5-dc94cdb433c9,580.159.04,0.0,57,1.0,2,1.0,60,0.3582089552238806,67
a-resnet50-base-f0-s3,a,resnet50,base,0,3,2,158,5056,1787783225.3630197,1787783268.4461913,2026-08-26T22:27:05Z,2026-08-26T22:27:48Z,acct2,1,d5f974,Interactive,0e7bb4fc52eb,v2,0.3503596110245849,0.92998417721519,0.1066531420394938,0.0001199999999999,0.7888675083087969,2.795971632003784,0.7426598072052002,1.1493465065956114,1.6382962822914109,0.0,1095.141414488148,8.644007042807356e-08,32768.0,0,0,43.066030502319336,39.112924337387085,3.951713800430298,17.20713973045349,20.88043546676636,19.35836672782898,0.7613673210144043,0.3995524902051698,0.2754874863202058,0.2742607593536377,0.2769540309906005,0.3060928440093993,64.63336717534942,23512130,23512130,91.626478433609,5797.507963629952,60,384,32,coral,coral_bce,0.0,session_balanced,adamw,0.0003,0.05,cosine,5,60,5.0,True,full,raw,full_frame,dataset_v1_1,fp16,2,resnet50,0,3,base,a,0e7bb4fc52eb,1.0,1.0,1.0,1.0,1.0,1.0,1.0,1.0,1.0,1.0,67,1.0,1.0,1.0,57,1.0,1.0,1.0,62,1.0,0.0,1.0,1.0,0.1697566787069524,0.0429514962527564,0.846153183649945,0.846153183649945,,-0.153846816350055,0.153846816350055,0.2769837975502014,0.153846816350055,62.3,99.0,72.5,5686.519398400001,5797.773312,76.875,80.0,53.9269,87.339,1240.125,5000.0,4.0,2337.486992656943,4972.192477415793,0.0,0.0,0.0,473.104384,473.104384,35.15,36.0,9.5049,10.353,300.0,405.0,1.0,409.7803978450287,883.1705467543587,67.2825,78.5,3.650316492800001,3.8095872,13.8,2.7450734592,2.762682368,26.434945024,0.0,2747.267390501972,0.7631298306949922,0.5441115692855294,713.0,714,Tesla T4,16106.12736,70.0,GPU-a33bf8c2-746f-e912-2269-a8e9d6d97464,Tesla T4,16106.12736,70.0,GPU-c86cdc1f-6697-5b59-64a5-dc94cdb433c9,580.159.04,1.0,57,1.0,2,1.0,60,1.0,67
a-resnet50-base-f0-s3,a,resnet50,base,0,3,3,237,7584,1787783270.099798,1787783313.3261397,2026-08-26T22:27:50Z,2026-08-26T22:28:33Z,acct2,1,d5f974,Interactive,0e7bb4fc52eb,v2,0.0382449982357741,0.9984177215189872,0.0151466684796476,0.0001799999999999,0.2520442667263972,0.9417755007743835,0.1899139732122421,0.6849234580993644,0.8893434107303618,0.0,1094.5654895434006,4.144838152139878e-08,32768.0,0,0,43.20928716659546,39.26376438140869,3.943352460861206,17.353887796401978,20.899254083633423,19.455541849136356,0.7609450817108154,0.4016240242402805,0.2755120162722431,0.2744426727294922,0.277288818359375,0.2956226253509521,64.38506444371907,23512130,23512130,134.83576560020447,8557.840016013379,60,384,32,coral,coral_bce,0.0,session_balanced,adamw,0.0003,0.05,cosine,5,60,5.0,True,full,raw,full_frame,dataset_v1_1,fp16,2,resnet50,0,3,base,a,0e7bb4fc52eb,1.0,1.0,1.0,1.0,1.0,1.0,1.0,1.0,1.0,1.0,67,1.0,1.0,1.0,57,1.0,1.0,1.0,62,1.0,0.0,1.0,1.0,0.0218299691808421,0.0010200544739556,0.978512999191079,0.978512999191079,,-0.0214870008089209,0.0214870008089209,0.0214870008089209,0.0214870008089209,54.425,99.0,58.5,5797.773312,5797.773312,77.45,80.0,54.210525,92.894,1228.5,5000.0,4.0,2349.907625042678,7398.616970778697,0.0,0.0,0.0,473.104384,473.104384,35.15,36.0,9.45535,9.956,300.0,405.0,1.0,410.4244273407478,1310.8668824589256,66.5225,73.5,3.7874830336,3.943817216,14.2,2.6598825984,2.666336256,26.350256128,0.0,2760.332052383425,0.7667589034398404,0.5466990981526062,713.0,718,Tesla T4,16106.12736,70.0,GPU-a33bf8c2-746f-e912-2269-a8e9d6d97464,Tesla T4,16106.12736,70.0,GPU-c86cdc1f-6697-5b59-64a5-dc94cdb433c9,580.159.04,1.0,57,1.0,2,1.0,60,1.0,67
a-resnet50-base-f0-s3,a,resnet50,base,0,3,4,316,10112,1787783313.982595,1787783356.686869,2026-08-26T22:28:33Z,2026-08-26T22:29:16Z,acct2,1,d5f974,Interactive,0e7bb4fc52eb,v2,0.0074372027390577,1.0,0.007519084826282,0.0002399999999999,0.0929768059308393,1.2275406122207642,0.0583840683102607,0.2367815509438511,0.6229001563787452,0.0,1093.7801333283412,2.0401205638558513e-08,32768.0,0,0,42.68934583663941,38.82590174674988,3.861396789550781,17.107521057128906,20.742942094802856,19.24767541885376,0.7145774364471436,0.4007445118178847,0.2730254704439187,0.2729268074035644,0.2747903823852539,0.2781030035018921,65.11117285799085,23512130,23512130,177.52511143684387,11311.224433968297,60,384,32,coral,coral_bce,0.0,session_balanced,adamw,0.0003,0.05,cosine,5,60,5.0,True,full,raw,full_frame,dataset_v1_1,fp16,2,resnet50,0,3,base,a,0e7bb4fc52eb,1.0,1.0,1.0,1.0,1.0,1.0,1.0,1.0,1.0,1.0,67,1.0,1.0,1.0,57,1.0,1.0,1.0,62,1.0,0.0,1.0,1.0,0.0105885347013426,0.0002854254423216,0.9895000268695175,0.9895000268695175,,-0.0104999731304824,0.0104999731304824,0.0104999731304824,0.0104999731304824,45.45,99.0,41.5,5797.773312,5797.773312,76.925,78.0,60.290425000000006,93.167,1204.5,5000.0,4.0,2345.0849597666192,9780.771237936482,0.0,0.0,0.0,473.104384,473.104384,35.075,36.0,9.46255,9.86,300.0,405.0,1.0,408.2994581882956,1727.40754826808,66.4925,73.6,3.8709966848,3.983720448,14.4,2.744410112,2.744410112,26.378313728,0.0,2753.384417954915,0.7648290049874764,0.5453230805560707,713.0,710,Tesla T4,16106.12736,70.0,GPU-a33bf8c2-746f-e912-2269-a8e9d6d97464,Tesla T4,16106.12736,70.0,GPU-c86cdc1f-6697-5b59-64a5-dc94cdb433c9,580.159.04,1.0,57,1.0,2,1.0,60,1.0,67
a-resnet50-base-f0-s3,a,resnet50,base,0,3,5,395,12640,1787783357.375416,1787783400.5411644,2026-08-26T22:29:17Z,2026-08-26T22:30:00Z,acct2,1,d5f974,Interactive,0e7bb4fc52eb,v2,0.0037608126957924,0.9996044303797468,0.0021979603647274,0.0003,0.0711894029621742,1.2327933311462402,0.0178708285093307,0.2924722939729689,0.693786098957061,0.0,1092.7952837645396,1.954329525936528e-08,32768.0,0,0,43.14573311805725,39.30886220932007,3.8343915939331055,17.57896089553833,20.72773838043213,19.217299699783325,0.742081880569458,0.4074321983923185,0.2732095658024655,0.2727119922637939,0.2751686096191406,0.2837544584274292,64.31119747344442,23512130,23512130,220.67084455490112,14058.903470596077,60,384,32,coral,coral_bce,0.0,session_balanced,adamw,0.0003,0.05,cosine,5,60,5.0,True,full,raw,full_frame,dataset_v1_1,fp16,2,resnet50,0,3,base,a,0e7bb4fc52eb,1.0,1.0,1.0,1.0,1.0,1.0,1.0,1.0,1.0,1.0,67,1.0,1.0,1.0,57,1.0,1.0,1.0,62,1.0,0.0,1.0,1.0,0.0024427392043311,2.274638857747304e-05,0.9975636175242804,0.9975636175242804,,-0.0024363824757196,0.0024363824757196,0.0024363824757196,0.0024363824757196,53.675,99.0,56.5,5797.773312,5797.773312,77.225,79.0,55.723975,95.151,1263.75,5000.0,4.0,2334.6164450044744,12149.928741497752,0.0,0.0,0.0,473.104384,473.104384,35.525,36.0,9.519925,10.254,300.0,405.0,1.0,413.06259162330593,2148.3504338650705,67.0275,74.8,3.8579644416,4.042330112,14.5,2.769969152,2.769969152,26.403872768,0.0,2747.67903662778,0.7632441768410501,0.5441930980876687,713.0,714,Tesla T4,16106.12736,70.0,GPU-a33bf8c2-746f-e912-2269-a8e9d6d97464,Tesla T4,16106.12736,70.0,GPU-c86cdc1f-6697-5b59-64a5-dc94cdb433c9,580.159.04,1.0,57,1.0,2,1.0,60,1.0,67
a-resnet50-base-f0-s3,a,resnet50,base,0,3,6,474,15168,1787783401.153241,1787783444.1832051,2026-08-26T22:30:01Z,2026-08-26T22:30:44Z,acct2,1,d5f974,Interactive,0e7bb4fc52eb,v2,0.0013605723775705,1.0,0.0012948565627573,0.0002997553655889,0.0165117632691996,0.1350741237401962,0.0094205904752016,0.0540407560765742,0.1079495103657245,0.0,1091.69350949898,4.533772155106193e-09,32768.0,0,0,43.0149359703064,39.102097511291504,3.91089391708374,17.461345195770264,20.674092292785645,19.23052978515625,0.7328159809112549,0.4059367938574636,0.2723272782337816,0.2720184326171875,0.2742635250091553,0.284493236541748,64.65126325435585,23512130,23512130,263.6857805252075,16812.2256778059,60,384,32,coral,coral_bce,0.0,session_balanced,adamw,0.0003,0.05,cosine,5,60,5.0,True,full,raw,full_frame,dataset_v1_1,fp16,2,resnet50,0,3,base,a,0e7bb4fc52eb,1.0,1.0,1.0,1.0,1.0,1.0,1.0,1.0,1.0,1.0,67,1.0,1.0,1.0,57,1.0,1.0,1.0,62,1.0,0.0,1.0,1.0,0.001568106499021,6.6509782911165e-06,0.998434002681445,0.998434002681445,,-0.001565997318555,0.001565997318555,0.001565997318555,0.001565997318555,42.425,99.0,45.0,5797.773312,5797.773312,76.95,78.0,55.58115,89.051,1248.375,5000.0,4.0,2343.9642204370502,14531.009947311164,0.0,0.0,0.0,473.104384,473.104384,35.25,36.0,9.42065,9.857,300.0,405.0,1.0,409.3579867727767,2565.8979533517363,67.17,74.2,3.831715328,3.98184448,14.4,2.6632060928000003,2.702204928,26.350403584,0.0,2753.322207209827,0.7648117242249519,0.5453107593723907,713.0,712,Tesla T4,16106.12736,70.0,GPU-a33bf8c2-746f-e912-2269-a8e9d6d97464,Tesla T4,16106.12736,70.0,GPU-c86cdc1f-6697-5b59-64a5-dc94cdb433c9,580.159.04,1.0,57,1.0,2,1.0,60,1.0,67
a-resnet50-base-f0-s3,a,resnet50,base,0,3,7,553,17696,1787783444.8681953,1787783486.9092534,2026-08-26T22:30:44Z,2026-08-26T22:31:26Z,acct2,1,d5f974,Interactive,0e7bb4fc52eb,v2,0.0008333337989111,1.0,0.0008718802778911,0.0002990222603022,0.0096843208560625,0.1164135336875915,0.0053454670123755,0.0229428054764866,0.0676626619696616,0.0,1090.5971927889304,2.655267711139995e-09,32768.0,0,0,42.02288675308228,38.23001527786255,3.7915351390838623,16.585612535476685,20.67708945274353,19.199868202209476,0.7285747528076172,0.3946804662166663,0.272343825690354,0.2716460227966308,0.2737249851226807,0.2867762184143066,66.12605256958561,23512130,23512130,305.7086672782898,19528.67698405335,60,384,32,coral,coral_bce,0.0,session_balanced,adamw,0.0003,0.05,cosine,5,60,5.0,True,full,raw,full_frame,dataset_v1_1,fp16,2,resnet50,0,3,base,a,0e7bb4fc52eb,1.0,1.0,1.0,1.0,1.0,1.0,1.0,1.0,1.0,1.0,67,1.0,1.0,1.0,57,1.0,1.0,1.0,62,1.0,0.0,1.0,1.0,0.0010606722174092,3.981897682115988e-06,0.998940348304728,0.998940348304728,,-0.001059651695272,0.001059651695272,0.001059651695272,0.001059651695272,53.69230769230769,99.0,51.0,5797.773312000001,5797.773312,77.07692307692308,79.0,55.400307692307706,93.459,1273.076923076923,5000.0,4.0,2316.9360785610425,16882.653407845235,0.0,0.0,0.0,473.1043839999998,473.104384,35.38461538461539,36.0,9.475410256410251,9.956,300.0,405.0,1.0,399.5152276864033,2973.1130751242617,67.3974358974359,75.0,3.891259024410256,4.043726848,14.7,2.7452906469743588,2.778750976,26.434945024,0.0,2716.4513062474457,0.7545698072909571,0.5380082725984524,713.0,700,Tesla T4,16106.12736,70.0,GPU-a33bf8c2-746f-e912-2269-a8e9d6d97464,Tesla T4,16106.12736,70.0,GPU-c86cdc1f-6697-5b59-64a5-dc94cdb433c9,580.159.04,1.0,57,1.0,2,1.0,60,1.0,67
a-resnet50-base-f0-s3,a,resnet50,base,0,3,8,632,20224,1787783487.625772,1787783529.771817,2026-08-26T22:31:27Z,2026-08-26T22:32:09Z,acct2,1,d5f974,Interactive,0e7bb4fc52eb,v2,0.0005008960363773,1.0,0.0007130830876199,0.0002978030753771,0.0062682106648866,0.0434558615088462,0.0034225597046315,0.0180991407483816,0.0366462073475122,0.0,1089.5065990645132,1.713337408619575e-09,32768.0,0,0,42.1297869682312,38.259156703948975,3.8685719966888423,16.6694278717041,20.635352849960327,19.116849422454838,0.7172799110412598,0.3956684586198837,0.2716345907766608,0.2712907791137695,0.2736572742462158,0.2797344636917114,66.07568534669424,23512130,23512130,347.838454246521,22231.026413051837,60,384,32,coral,coral_bce,0.0,session_balanced,adamw,0.0003,0.05,cosine,5,60,5.0,True,full,raw,full_frame,dataset_v1_1,fp16,2,resnet50,0,3,base,a,0e7bb4fc52eb,1.0,1.0,1.0,1.0,1.0,1.0,1.0,1.0,1.0,1.0,67,1.0,1.0,1.0,57,1.0,1.0,1.0,62,1.0,0.0,1.0,1.0,0.0008096994211184,2.2369929325754307e-06,0.999190939370022,0.999190939370022,,-0.0008090606299779,0.0008090606299779,0.0008090606299779,0.0008090606299779,48.02564102564103,99.0,50.0,5797.773312000001,5797.773312,76.92307692307692,79.0,55.411358974358976,102.156,1260.3846153846157,5000.0,4.0,2301.8171160981765,19218.03810427474,0.0,0.0,0.0,473.1043839999998,473.104384,35.56410256410256,36.0,9.477820512820514,9.96,300.0,405.0,1.0,400.53231290030726,3381.6636191532616,67.39743589743591,73.0,3.8810559934358975,4.013146112,14.4,2.7687895039999995,2.768789504,26.40269312,0.0,2702.349428998484,0.7506526191662455,0.5352153174655331,713.0,702,Tesla T4,16106.12736,70.0,GPU-a33bf8c2-746f-e912-2269-a8e9d6d97464,Tesla T4,16106.12736,70.0,GPU-c86cdc1f-6697-5b59-64a5-dc94cdb433c9,580.159.04,1.0,57,1.0,2,1.0,60,1.0,67
a-resnet50-base-f0-s3,a,resnet50,base,0,3,9,711,22752,1787783530.493414,1787783572.8881872,2026-08-26T22:32:10Z,2026-08-26T22:32:52Z,acct2,1,d5f974,Interactive,0e7bb4fc52eb,v2,0.0004285503775831,1.0,0.0005562744561522,0.0002961017875413,0.0054425991455658,0.0634165778756141,0.002825929550454,0.0137542813085019,0.0287012975662946,0.0,1088.4230336937203,1.4806406020313738e-09,32768.0,0,0,42.37767481803894,38.507585525512695,3.868707180023194,16.9129581451416,20.651642560958862,19.245784521102905,0.711188793182373,0.3991006636811099,0.271776141999643,0.2712645530700683,0.2732725620269775,0.2851417636871338,65.64940298126733,23512130,23512130,390.21612906456,24948.800655752897,60,384,32,coral,coral_bce,0.0,session_balanced,adamw,0.0003,0.05,cosine,5,60,5.0,True,full,raw,full_frame,dataset_v1_1,fp16,2,resnet50,0,3,base,a,0e7bb4fc52eb,1.0,1.0,1.0,1.0,1.0,1.0,1.0,1.0,1.0,1.0,67,1.0,1.0,1.0,57,1.0,1.0,1.0,62,1.0,0.0,1.0,1.0,0.0006310414417924,1.458813690571464e-06,0.9993693700400732,0.9993693700400732,,-0.0006306299599267,0.0006306299599267,0.0006306299599267,0.0006306299599267,51.97435897435897,99.0,53.0,5797.773312000001,5797.773312,76.92307692307692,79.0,54.21651282051282,86.57,1296.1538461538462,5000.0,4.0,2314.206348594198,21570.82139597821,0.0,0.0,0.0,473.1043839999998,473.104384,35.205128205128204,36.0,9.475666666666667,9.86,300.0,405.0,1.0,403.5678941068645,3793.717505149126,67.33589743589744,73.4,3.916624397128204,4.020363264,14.5,2.773593376820513,2.82529792,26.460913664,0.0,2717.7742427010626,0.754937289639184,0.5382702875127382,713.0,704,Tesla T4,16106.12736,70.0,GPU-a33bf8c2-746f-e912-2269-a8e9d6d97464,Tesla T4,16106.12736,70.0,GPU-c86cdc1f-6697-5b59-64a5-dc94cdb433c9,580.159.04,1.0,57,1.0,2,1.0,60,1.0,67
a-resnet50-base-f0-s3,a,resnet50,base,0,3,10,790,25280,1787783573.578381,1787783615.836833,2026-08-26T22:32:53Z,2026-08-26T22:33:35Z,acct2,1,d5f974,Interactive,0e7bb4fc52eb,v2,0.0003732403211997,1.0,0.0004898915699462,0.0002939239460421,0.0065559859643985,0.2046166807413101,0.0024686565157026,0.0138345465995371,0.0662409625574944,0.0,1087.349416356625,1.7721637919389115e-09,32768.0,0,0,42.23919153213501,38.44479751586914,3.792625665664673,16.87896180152893,20.59813165664673,19.08602738380432,0.7305331230163574,0.3996042819306246,0.2713938061195083,0.2711639404296875,0.2733199596405029,0.2797302436828613,65.75662152873868,23512130,23512130,432.45532059669495,27671.23976374528,60,384,32,coral,coral_bce,0.0,session_balanced,adamw,0.0003,0.05,cosine,5,60,5.0,True,full,raw,full_frame,dataset_v1_1,fp16,2,resnet50,0,3,base,a,0e7bb4fc52eb,1.0,1.0,1.0,1.0,1.0,1.0,1.0,1.0,1.0,1.0,67,1.0,1.0,1.0,57,1.0,1.0,1.0,62,1.0,0.0,1.0,1.0,0.0005699139856782,1.5789216140574903e-06,0.999430485310093,0.999430485310093,,-0.0005695146899069,0.0005695146899069,0.0005695146899069,0.0005695146899069,63.56410256410256,99.0,86.0,5797.773312000001,5797.773312,77.35897435897436,79.0,58.04546153846153,87.588,1218.4615384615386,5000.0,4.0,2314.633746440624,23923.452363660785,0.0,0.0,0.0,473.1043839999998,473.104384,35.30769230769231,36.0,9.69397435897436,10.75,300.0,405.0,1.0,407.8053615517574,4209.67926046681,67.3974358974359,74.9,3.886360208410256,4.004921344,14.4,2.7718503712820524,2.821971968,26.460930048,0.0,2722.4391079923817,0.7562330855534394,0.5391941899996022,713.0,702,Tesla T4,16106.12736,70.0,GPU-a33bf8c2-746f-e912-2269-a8e9d6d97464,Tesla T4,16106.12736,70.0,GPU-c86cdc1f-6697-5b59-64a5-dc94cdb433c9,580.159.04,1.0,57,1.0,2,1.0,60,1.0,67
a-resnet50-base-f0-s3,a,resnet50,base,0,3,11,869,27808,1787783616.6787696,1787783659.4165115,2026-08-26T22:33:36Z,2026-08-26T22:34:19Z,acct2,1,d5f974,Interactive,0e7bb4fc52eb,v2,0.0003378483224302,1.0,0.0005636518790295,0.0002912766545459,0.0071196013971679,0.1408944725990295,0.002153405919671,0.021463851444423,0.0961637721955775,0.0,1086.286620354027,1.909048346735372e-09,32768.0,0,0,42.71976065635681,38.86290192604065,3.8556180000305176,17.298761129379272,20.60067105293274,19.097270011901852,0.716865062713623,0.4049358157348471,0.2712666384781463,0.2711687088012695,0.2731979846954345,0.2748038005828857,65.04918250343208,23512130,23512130,475.17508125305176,30390.668126652447,60,384,32,coral,coral_bce,0.0,session_balanced,adamw,0.0003,0.05,cosine,5,60,5.0,True,full,raw,full_frame,dataset_v1_1,fp16,2,resnet50,0,3,base,a,0e7bb4fc52eb,1.0,1.0,1.0,1.0,1.0,1.0,1.0,1.0,1.0,1.0,67,1.0,1.0,1.0,57,1.0,1.0,1.0,62,1.0,0.0,1.0,1.0,0.0006035244679023,2.0391963523974933e-06,0.9993970163406865,0.9993970163406865,,-0.0006029836593135,0.0006029836593135,0.0006029836593135,0.0006029836593135,59.075,99.0,79.0,5797.773312,5797.773312,77.25,78.0,57.085800000000006,89.58,1226.625,5000.0,4.0,2303.1928278996857,26274.623092998707,0.0,0.0,0.0,473.104384,473.104384,35.325,36.0,9.658525,10.353,300.0,405.0,1.0,416.2355350074822,4636.299299618721,67.0175,75.1,3.7346267136,3.858153472,14.0,2.645979136,2.665467904,26.336014336,0.0,2719.428362907168,0.7553967674742132,0.538597895209114,713.0,712,Tesla T4,16106.12736,70.0,GPU-a33bf8c2-746f-e912-2269-a8e9d6d97464,Tesla T4,16106.12736,70.0,GPU-c86cdc1f-6697-5b59-64a5-dc94cdb433c9,580.159.04,1.0,57,1.0,2,1.0,60,1.0,67
a-resnet50-base-f0-s3,a,resnet50,base,0,3,12,948,30336,1787783660.1333802,1787783703.0082135,2026-08-26T22:34:20Z,2026-08-26T22:35:03Z,acct2,1,d5f974,Interactive,0e7bb4fc52eb,v2,0.0002267271238106,1.0,0.0002748172992141,0.0002881685479672,0.0038897568069669,0.0658330619335174,0.0018298275535926,0.0114409447647631,0.0472893638163804,0.0,1085.2349747672893,1.0328690072393456e-09,32768.0,0,0,42.85662865638733,38.98020029067993,3.8752288818359375,17.402992725372314,20.62269258499145,19.171570301055908,0.7132596969604492,0.4060747023501248,0.2714757134642782,0.271291971206665,0.2733142852783203,0.2846287393569946,64.85343792870245,23512130,23512130,518.0317099094391,33147.338433092074,60,384,32,coral,coral_bce,0.0,session_balanced,adamw,0.0003,0.05,cosine,5,60,5.0,True,full,raw,full_frame,dataset_v1_1,fp16,2,resnet50,0,3,base,a,0e7bb4fc52eb,1.0,1.0,1.0,1.0,1.0,1.0,1.0,1.0,1.0,1.0,67,1.0,1.0,1.0,57,1.0,1.0,1.0,62,1.0,0.0,1.0,1.0,0.0003249247040215,4.459779163816404e-07,0.9996751886542126,0.9996751886542126,,-0.0003248113457874,0.0003248113457874,0.0003248113457874,0.0003248113457874,50.02564102564103,99.0,51.0,5797.773312000001,5797.773312,77.3076923076923,79.0,52.86661538461539,92.992,1270.3846153846157,5000.0,4.0,2338.5036971452173,28647.306512927014,0.0,0.0,0.0,473.1043839999998,473.104384,35.41025641025641,36.0,9.71671794871795,10.452,300.0,405.0,1.0,418.1666092944133,5062.97631003642,67.1846153846154,73.9,4.033009191384616,4.132319232,14.9,2.772106213743589,2.810486784,26.4609792,0.0,2756.6703064396306,0.7657417517887862,0.5459738690254047,713.0,712,Tesla T4,16106.12736,70.0,GPU-a33bf8c2-746f-e912-2269-a8e9d6d97464,Tesla T4,16106.12736,70.0,GPU-c86cdc1f-6697-5b59-64a5-dc94cdb433c9,580.159.04,1.0,57,1.0,2,1.0,60,1.0,67
a-resnet50-base-f0-s3,a,resnet50,base,0,3,13,1027,32864,1787783703.6960087,1787783745.839717,2026-08-26T22:35:03Z,2026-08-26T22:35:45Z,acct2,1,d5f974,Interactive,0e7bb4fc52eb,v2,0.0002181931227317,1.0,0.0004050928729812,0.0002846097643037,0.0027773864817793,0.0214830413460731,0.0012065763585269,0.0099491386674344,0.0178225699067115,0.0,1084.1964649548568,7.290849375647387e-10,32768.0,0,0,42.125402212142944,38.282896995544434,3.840872049331665,16.76180338859558,20.55113196372986,19.007155895233154,0.7241785526275635,0.3979025126972882,0.2707075710538067,0.2707703113555908,0.2723386287689209,0.2744600772857666,66.03470997229446,23512130,23512130,560.157112121582,35842.89434766287,60,384,32,coral,coral_bce,0.0,session_balanced,adamw,0.0003,0.05,cosine,5,60,5.0,True,full,raw,full_frame,dataset_v1_1,fp16,2,resnet50,0,3,base,a,0e7bb4fc52eb,1.0,1.0,1.0,1.0,1.0,1.0,1.0,1.0,1.0,1.0,67,1.0,1.0,1.0,57,1.0,1.0,1.0,62,1.0,0.0,1.0,1.0,0.0004812827829421,1.1381614161621632e-06,0.9995190719122528,0.9995190719122528,,-0.0004809280877472,0.0004809280877472,0.0004809280877472,0.0004809280877472,43.76923076923077,99.0,23.0,5797.773312000001,5797.773312,76.53846153846153,78.0,53.28223076923077,86.559,1286.5384615384614,5000.0,4.0,2286.9897725956325,30970.75268159623,0.0,0.0,0.0,473.1043839999998,473.104384,35.0,35.0,9.638153846153848,10.651,300.0,405.0,1.0,408.5661419751632,5480.200346276518,67.46153846153847,75.6,3.907833540923077,4.049154048,14.5,2.770395871179488,2.770423808,26.404298752,0.0,2695.555914570796,0.748765531825221,0.5338698241913825,713.0,697,Tesla T4,16106.12736,70.0,GPU-a33bf8c2-746f-e912-2269-a8e9d6d97464,Tesla T4,16106.12736,70.0,GPU-c86cdc1f-6697-5b59-64a5-dc94cdb433c9,580.159.04,1.0,57,1.0,2,1.0,60,1.0,67
a-resnet50-base-f0-s3,a,resnet50,base,0,3,14,1106,35392,1787783746.5334606,1787783789.06894,2026-08-26T22:35:46Z,2026-08-26T22:36:29Z,acct2,1,d5f974,Interactive,0e7bb4fc52eb,v2,0.0033358801377093,0.9992088607594936,0.0378095822464382,0.0002806119115679,0.0576779181052948,1.3702961206436155,0.0018083758186548,0.2430879399180412,1.1870358133316037,0.0,1083.239712933059,1.49413935452601e-08,32768.0,0,0,42.5188627243042,38.6081018447876,3.9083964824676514,16.98808765411377,20.65692496299744,19.224932193756104,0.7183747291564941,0.3995423810901511,0.2719595583179329,0.2715814113616943,0.2747569561004638,0.2781887054443359,65.47848454614714,23512130,23512130,602.6759748458862,38594.14414029066,60,384,32,coral,coral_bce,0.0,session_balanced,adamw,0.0003,0.05,cosine,5,60,5.0,True,full,raw,full_frame,dataset_v1_1,fp16,2,resnet50,0,3,base,a,0e7bb4fc52eb,1.0,1.0,1.0,1.0,1.0,1.0,1.0,1.0,1.0,1.0,67,1.0,1.0,1.0,57,1.0,1.0,1.0,62,1.0,0.0,1.0,1.0,0.0574795739825844,0.0111513772837837,0.94642690561151,0.94642690561151,,-0.0535730943884901,0.05357309438849,0.2204964458942413,0.05357309438849,56.825,99.0,64.0,5797.773312,5797.773312,77.575,79.0,58.66665,90.36,1191.75,5000.0,4.0,2342.9599196285926,33346.80792694799,0.0,0.0,0.0,473.104384,473.104384,35.375,36.0,9.522025,10.055,300.0,405.0,1.0,408.289872999193,5897.390566692112,66.85,73.1,3.8491440128,3.962949632,14.3,2.7705590784,2.770563072,26.404429824,0.0,2751.2497926277856,0.7642360535077182,0.544900306151003,713.0,706,Tesla T4,16106.12736,70.0,GPU-a33bf8c2-746f-e912-2269-a8e9d6d97464,Tesla T4,16106.12736,70.0,GPU-c86cdc1f-6697-5b59-64a5-dc94cdb433c9,580.159.04,1.0,57,1.0,2,1.0,60,1.0,67
a-resnet50-base-f0-s3,a,resnet50,base,0,3,15,1185,37920,1787783789.7902503,1787783832.870565,2026-08-26T22:36:29Z,2026-08-26T22:37:12Z,acct2,1,d5f974,Interactive,0e7bb4fc52eb,v2,0.0007272942784305,1.0,0.0006409660164408,0.0002761880299246,0.0161620281795865,0.1981133371591568,0.0044787432998418,0.0669447742402553,0.1749356359243392,0.0,1082.270938963621,4.124437386059348e-09,32768.0,0,0,43.06316018104553,39.18742394447327,3.874402523040772,17.58170461654663,20.63294005393982,19.12375259399414,0.7214584350585938,0.4082771571484739,0.271770006493677,0.2717375755310058,0.2736312866210937,0.2759885406494141,64.51049202882172,23512130,23512130,645.7391350269318,41361.47197388727,60,384,32,coral,coral_bce,0.0,session_balanced,adamw,0.0003,0.05,cosine,5,60,5.0,True,full,raw,full_frame,dataset_v1_1,fp16,2,resnet50,0,3,base,a,0e7bb4fc52eb,1.0,1.0,1.0,1.0,1.0,1.0,1.0,1.0,1.0,1.0,67,1.0,1.0,1.0,57,1.0,1.0,1.0,62,1.0,0.0,1.0,1.0,0.0008869918947594,2.9423734858680134e-06,0.9991139676622164,0.9991139676622164,,-0.0008860323377835,0.0008860323377835,0.0008860323377835,0.0008860323377835,48.8,99.0,53.5,5797.773312,5797.773312,76.425,78.0,51.993175,86.515,1278.375,5000.0,4.0,2354.999336397559,35734.11820741493,0.0,0.0,0.0,473.104384,473.104384,35.05,36.0,9.489975,9.86,300.0,405.0,1.0,412.328497199057,6317.342895090101,66.17750000000001,72.9,3.9111269376,4.026966016,14.5,2.7714911232,2.812522496,26.460930048,0.0,2767.327833596616,0.76870217599906,0.5480846514873299,713.0,716,Tesla T4,16106.12736,70.0,GPU-a33bf8c2-746f-e912-2269-a8e9d6d97464,Tesla T4,16106.12736,70.0,GPU-c86cdc1f-6697-5b59-64a5-dc94cdb433c9,580.159.04,1.0,57,1.0,2,1.0,60,1.0,67
a-resnet50-base-f0-s3,a,resnet50,base,0,3,16,1264,40448,1787783833.5977812,1787783876.6501086,2026-08-26T22:37:13Z,2026-08-26T22:37:56Z,acct2,1,d5f974,Interactive,0e7bb4fc52eb,v2,0.0003233516540546,1.0,0.0004039448489375,0.0002713525491562,0.005435772239425,0.1529313027858734,0.0016279151896014,0.0210247356444597,0.0627224125713108,0.0,1081.282725291925,1.3641304159395583e-09,32768.0,0,0,43.03440380096436,39.11548066139221,3.917401552200317,17.526952743530273,20.618847608566284,19.114946126937863,0.7159197330474854,0.4072776940187914,0.2715765796130217,0.2715730667114258,0.2737853527069092,0.2767740726470947,64.62914317438488,23512130,23512130,688.7735388278961,44124.56575733934,60,384,32,coral,coral_bce,0.0,session_balanced,adamw,0.0003,0.05,cosine,5,60,5.0,True,full,raw,full_frame,dataset_v1_1,fp16,2,resnet50,0,3,base,a,0e7bb4fc52eb,1.0,1.0,1.0,1.0,1.0,1.0,1.0,1.0,1.0,1.0,67,1.0,1.0,1.0,57,1.0,1.0,1.0,62,1.0,0.0,1.0,1.0,0.0005490987140151,1.1263529330893406e-06,0.999451272590186,0.999451272590186,,-0.000548727409814,0.000548727409814,0.000548727409814,0.000548727409814,37.35,99.0,27.5,5797.773312,5797.773312,77.35,78.0,52.705925,96.477,1253.25,5000.0,4.0,2352.047438961301,38121.67841557204,0.0,0.0,0.0,473.104384,473.104384,35.5,36.0,9.44025,9.658,300.0,405.0,1.0,411.0463444907664,6736.4795172331305,67.15,73.6,3.9031343104,4.11926528,14.8,2.7704608768,2.77047296,26.404298752,0.0,2763.093783452068,0.7675260509589076,0.5472460743337011,713.0,716,Tesla T4,16106.12736,70.0,GPU-a33bf8c2-746f-e912-2269-a8e9d6d97464,Tesla T4,16106.12736,70.0,GPU-c86cdc1f-6697-5b59-64a5-dc94cdb433c9,580.159.04,1.0,57,1.0,2,1.0,60,1.0,67
a-resnet50-base-f0-s3,a,resnet50,base,0,3,17,1343,42976,1787783877.3633523,1787783919.562742,2026-08-26T22:37:57Z,2026-08-26T22:38:39Z,acct2,1,d5f974,Interactive,0e7bb4fc52eb,v2,0.0001860653322217,1.0,0.0001825552192527,0.0002661212415958,0.0025956067978699,0.0341197252273559,0.0012654734309762,0.0074803156312555,0.0202787739038467,0.0,1080.313707679148,6.393940008664168e-10,32768.0,0,0,42.17963171005249,38.16546487808228,4.013028383255005,16.606194257736206,20.58630084991455,19.113852500915527,0.7242445945739746,0.3937017367028959,0.2711683436285091,0.270862340927124,0.2735374450683593,0.278573899269104,66.23789355312645,23512130,23512130,730.9531705379486,46832.14417582739,60,384,32,coral,coral_bce,0.0,session_balanced,adamw,0.0003,0.05,cosine,5,60,5.0,True,full,raw,full_frame,dataset_v1_1,fp16,2,resnet50,0,3,base,a,0e7bb4fc52eb,1.0,1.0,1.0,1.0,1.0,1.0,1.0,1.0,1.0,1.0,67,1.0,1.0,1.0,57,1.0,1.0,1.0,62,1.0,0.0,1.0,1.0,0.0002195105055242,1.8078019478092377e-07,0.9997805465934098,0.9997805465934098,,-0.0002194534065902,0.0002194534065902,0.0002194534065902,0.0002194534065902,49.51282051282051,99.0,48.0,5797.773312000001,5797.773312,76.76923076923077,78.0,55.81007692307693,98.229,1264.6153846153843,5000.0,4.0,2306.235390818132,40459.76775592172,0.0,0.0,0.0,473.1043839999998,473.104384,35.02564102564103,36.0,9.513794871794875,9.956,300.0,405.0,1.0,401.34302766991095,7145.252291278603,67.17948717948717,74.1,3.829259657846153,3.962642432,14.4,2.7708905419487198,2.78474752,26.4609792,0.0,2707.578418488043,0.7521051162466786,0.5362509478838818,713.0,698,Tesla T4,16106.12736,70.0,GPU-a33bf8c2-746f-e912-2269-a8e9d6d97464,Tesla T4,16106.12736,70.0,GPU-c86cdc1f-6697-5b59-64a5-dc94cdb433c9,580.159.04,1.0,57,1.0,2,1.0,60,1.0,67
a-resnet50-base-f0-s3,a,resnet50,base,0,3,18,1422,45504,1787783920.2654424,1787783964.8923397,2026-08-26T22:38:40Z,2026-08-26T22:39:24Z,acct2,1,d5f974,Interactive,0e7bb4fc52eb,v2,0.0001215532972275,1.0,0.0002127041893849,0.0002605111706814,0.0016030098815946,0.0124734453856945,0.0009095864952541,0.0037788768764585,0.0112319192849099,0.0,1079.3656531148818,3.8689574720396344e-10,32768.0,0,0,44.603034019470215,40.76366782188416,3.837715864181519,19.17728853225708,20.59885144233704,19.029183387756348,0.7236533164978027,0.429954799126126,0.2713632462899896,0.2710902690887451,0.2728598117828369,0.2823800039291382,62.01600923268323,23512130,23512130,775.5562045574188,49636.53623986896,60,384,32,coral,coral_bce,0.0,session_balanced,adamw,0.0003,0.05,cosine,5,60,5.0,True,full,raw,full_frame,dataset_v1_1,fp16,2,resnet50,0,3,base,a,0e7bb4fc52eb,1.0,1.0,1.0,1.0,1.0,1.0,1.0,1.0,1.0,1.0,67,1.0,1.0,1.0,57,1.0,1.0,1.0,62,1.0,0.0,1.0,1.0,0.0002614797648231,2.68487111992013e-07,0.9997386070348884,0.9997386070348884,,-0.0002613929651116,0.0002613929651116,0.0002613929651116,0.0002613929651116,51.76190476190476,99.0,62.5,5797.773312,5797.773312,77.33333333333333,79.0,57.73242857142858,95.601,1181.428571428571,5000.0,4.0,2380.257157944383,42874.05454883082,0.0,0.0,0.0,473.1043839999999,473.104384,35.30952380952381,36.0,9.481309523809523,9.956,300.0,405.0,1.0,424.1349060971843,7577.856436721814,70.31904761904762,98.5,4.039040828952381,4.912713728,17.3,2.787581659428572,3.372777472,27.123372032,0.0,2804.392064041567,0.778997795567102,0.5554254282393437,713.0,734,Tesla T4,16106.12736,70.0,GPU-a33bf8c2-746f-e912-2269-a8e9d6d97464,Tesla T4,16106.12736,70.0,GPU-c86cdc1f-6697-5b59-64a5-dc94cdb433c9,580.159.04,1.0,57,1.0,2,1.0,60,1.0,67
a-resnet50-base-f0-s3,a,resnet50,base,0,3,19,1501,48032,1787783965.5743484,1787784008.2924151,2026-08-26T22:39:25Z,2026-08-26T22:40:08Z,acct2,1,d5f974,Interactive,0e7bb4fc52eb,v2,0.0001123560338288,1.0,0.0001621415270565,0.0002545406352982,0.0013872573271547,0.0115372519940137,0.0007229818729683,0.0042638339102268,0.0089060542359948,0.0,1078.44001303047,3.2742976624532446e-10,32768.0,0,0,42.6936891078949,38.81508183479309,3.876744985580444,17.310688495635986,20.533727645874023,19.03431344032288,0.7281942367553711,0.40546246663971,0.2706063125706926,0.2701432704925537,0.2722124576568603,0.2810392761230468,65.1293229461634,23512130,23512130,818.2498936653137,52345.88042143464,60,384,32,coral,coral_bce,0.0,session_balanced,adamw,0.0003,0.05,cosine,5,60,5.0,True,full,raw,full_frame,dataset_v1_1,fp16,2,resnet50,0,3,base,a,0e7bb4fc52eb,1.0,1.0,1.0,1.0,1.0,1.0,1.0,1.0,1.0,1.0,67,1.0,1.0,1.0,57,1.0,1.0,1.0,62,1.0,0.0,1.0,1.0,0.0002039752531383,1.710749891544941e-07,0.9997960806533854,0.9997960806533854,,-0.0002039193466145,0.0002039193466145,0.0002039193466145,0.0002039193466145,56.975,99.0,68.0,5797.773312,5797.773312,76.525,78.0,55.39549999999999,88.996,1263.0,5000.0,4.0,2303.0321054083543,45219.0864030025,0.0,0.0,0.0,473.104384,473.104384,35.025,36.0,9.485225,9.956,300.0,405.0,1.0,406.3120761573282,7993.051710574159,66.62249999999999,72.6,4.1483749376,4.362780672,15.5,2.8179050496,2.817908736,26.404298752,0.0,2709.3441815656824,0.7525956059904674,0.5366006670712032,713.0,708,Tesla T4,16106.12736,70.0,GPU-a33bf8c2-746f-e912-2269-a8e9d6d97464,Tesla T4,16106.12736,70.0,GPU-c86cdc1f-6697-5b59-64a5-dc94cdb433c9,580.159.04,1.0,57,1.0,2,1.0,60,1.0,67
a-resnet50-base-f0-s3,a,resnet50,base,0,3,20,1580,50560,1787784016.664513,1787784059.34572,2026-08-26T22:40:16Z,2026-08-26T22:40:59Z,acct2,1,d5f974,Interactive,0e7bb4fc52eb,v2,0.0001652339593258,1.0,0.0002416451627082,0.0002482291100917,0.0052141134280496,0.256916880607605,0.0006527550285682,0.0074775386136025,0.1010058370977637,0.0,1077.539441696976,1.2011576431244968e-09,32768.0,0,0,42.66149163246155,38.7567675113678,3.9034535884857178,17.09206748008728,20.711722135543823,19.26533818244934,0.7111356258392334,0.4006439256118686,0.2725593681576885,0.271735668182373,0.274634313583374,0.2904030323028564,65.22731802280748,23512130,23512130,860.9113852977753,55096.44982204745,60,384,32,coral,coral_bce,0.0,session_balanced,adamw,0.0003,0.05,cosine,5,60,5.0,True,full,raw,full_frame,dataset_v1_1,fp16,2,resnet50,0,3,base,a,0e7bb4fc52eb,1.0,1.0,1.0,1.0,1.0,1.0,1.0,1.0,1.0,1.0,67,1.0,1.0,1.0,57,1.0,1.0,1.0,62,1.0,0.0,1.0,1.0,0.0003249291966443,7.226327155454493e-07,0.9996753091453224,0.9996753091453224,,-0.0003246908546775,0.0003246908546775,0.0003246908546775,0.0003246908546775,44.12820512820513,99.0,33.0,5797.773312000001,5797.773312,77.74358974358974,80.0,54.5524358974359,88.759,1270.7692307692307,5000.0,4.0,2341.7541982009207,47833.240513326375,0.0,0.0,0.0,473.1043839999998,473.104384,36.0,36.0,9.559487179487178,10.452,300.0,405.0,1.0,408.815202411889,8484.500278077374,67.32564102564102,73.2,4.036887683282051,4.243775488,15.1,2.718434645333333,2.755977216,26.34242048,0.0,2750.5694006128097,0.7640470557257805,0.5447655507324815,713.0,708,Tesla T4,16106.12736,70.0,GPU-a33bf8c2-746f-e912-2269-a8e9d6d97464,Tesla T4,16106.12736,70.0,GPU-c86cdc1f-6697-5b59-64a5-dc94cdb433c9,580.159.04,1.0,57,1.0,2,1.0,60,1.0,67
a-resnet50-base-f0-s3,a,resnet50,base,0,3,21,1659,53088,1787784060.3229048,1787784103.0725014,2026-08-26T22:41:00Z,2026-08-26T22:41:43Z,acct2,1,d5f974,Interactive,0e7bb4fc52eb,v2,0.0001033739439708,1.0,0.0005556951610224,0.0002415971819453,0.0013751158963437,0.0153331765905022,0.000696480856277,0.0038354446878656,0.0109461340680718,0.0,1076.6607502244924,3.085689947697978e-10,32768.0,0,0,42.73023438453674,38.86019206047058,3.8675405979156494,17.329504013061523,20.52192258834839,18.9771888256073,0.7486708164215088,0.4055560252047843,0.2707639977901797,0.2700448036193847,0.2724433422088623,0.2914520931243896,65.05371862460596,23512130,23512130,903.641619682312,57831.65876231908,60,384,32,coral,coral_bce,0.0,session_balanced,adamw,0.0003,0.05,cosine,5,60,5.0,True,full,raw,full_frame,dataset_v1_1,fp16,2,resnet50,0,3,base,a,0e7bb4fc52eb,1.0,1.0,1.0,1.0,1.0,1.0,1.0,1.0,1.0,1.0,67,1.0,1.0,1.0,57,1.0,1.0,1.0,62,1.0,0.0,1.0,1.0,0.0007885784220667,5.483719713242571e-06,0.9992132167662344,0.9992132167662344,,-0.0007867832337656,0.0007867832337656,0.0007867832337656,0.0007867832337656,61.5,99.0,82.5,5797.773312,5797.773312,76.125,78.0,55.81455000000001,90.734,1273.875,5000.0,4.0,2326.6747684845977,50209.104482673865,0.0,0.0,0.0,473.104384,473.104384,35.35,36.0,9.4927,10.353,300.0,405.0,1.0,408.5341717870306,8904.036058153884,66.565,73.3,4.0659684352,4.274688,15.2,2.7139072,2.7139072,26.28374528,0.0,2735.2089402716283,0.7597802611865634,0.5417233262260197,713.0,712,Tesla T4,16106.12736,70.0,GPU-a33bf8c2-746f-e912-2269-a8e9d6d97464,Tesla T4,16106.12736,70.0,GPU-c86cdc1f-6697-5b59-64a5-dc94cdb433c9,580.159.04,1.0,57,1.0,2,1.0,60,1.0,67
a-resnet50-base-f0-s3,a,resnet50,base,0,3,22,1738,55616,1787784103.7823212,1787784146.4435534,2026-08-26T22:41:43Z,2026-08-26T22:42:26Z,acct2,1,d5f974,Interactive,0e7bb4fc52eb,v2,8.432160510996186e-05,1.0,0.0002119549194845,0.00023466648283,0.0014271240003916,0.0342002846300601,0.0006031143711879,0.0029421010753139,0.0144953470863401,0.0,1075.8078273817775,3.1129924993134636e-10,32768.0,0,0,42.63983297348023,38.84473276138306,3.7935233116149902,17.303990364074707,20.561500549316406,19.092827558517456,0.7352077960968018,0.4058174987420072,0.2710783813573137,0.270869493484497,0.2729688644409179,0.2791834878921508,65.0796084897558,23512130,23512130,946.2814526557922,60537.18730513673,60,384,32,coral,coral_bce,0.0,session_balanced,adamw,0.0003,0.05,cosine,5,60,5.0,True,full,raw,full_frame,dataset_v1_1,fp16,2,resnet50,0,3,base,a,0e7bb4fc52eb,1.0,1.0,1.0,1.0,1.0,1.0,1.0,1.0,1.0,1.0,67,1.0,1.0,1.0,57,1.0,1.0,1.0,62,1.0,0.0,1.0,1.0,0.0002828390862988,6.075818041049953e-07,0.999717362144942,0.999717362144942,,-0.0002826378550581,0.0002826378550581,0.0002826378550581,0.0002826378550581,51.85,99.0,51.0,5797.773312,5797.773312,77.35,79.0,52.48630000000001,77.98,1244.625,5000.0,4.0,2298.453772423556,52541.53394059137,0.0,0.0,0.0,473.104384,473.104384,35.85,36.0,9.492475,10.055,300.0,405.0,1.0,407.07477039409423,9319.08644339087,67.035,73.2,4.2606205952,4.361248768,15.5,2.8350930944,2.847698944,26.460930048,0.0,2705.5285428176503,0.7515357063382362,0.5358449586191624,713.0,708,Tesla T4,16106.12736,70.0,GPU-a33bf8c2-746f-e912-2269-a8e9d6d97464,Tesla T4,16106.12736,70.0,GPU-c86cdc1f-6697-5b59-64a5-dc94cdb433c9,580.159.04,1.0,57,1.0,2,1.0,60,1.0,67
a-resnet50-base-f0-s3,a,resnet50,base,0,3,23,1817,58144,1787784147.165139,1787784190.1949916,2026-08-26T22:42:27Z,2026-08-26T22:43:10Z,acct2,1,d5f974,Interactive,0e7bb4fc52eb,v2,9.122407818377044e-05,1.0,7.805473321622554e-05,0.0002274596192458,0.0012881921824764,0.0179784800857305,0.0004622272681444,0.0049506754148751,0.0159152515977621,0.0,1074.981054937742,2.725738300183759e-10,32768.0,0,0,43.0108425617218,39.14849376678467,3.8609776496887207,17.633851289749146,20.53714084625244,19.03684425354004,0.7381036281585693,0.4099861857959201,0.2707340626776973,0.2704966068267822,0.2723740100860595,0.2830632209777832,64.57464277067201,23512130,23512130,989.292295217514,63326.3540366236,60,384,32,coral,coral_bce,0.0,session_balanced,adamw,0.0003,0.05,cosine,5,60,5.0,True,full,raw,full_frame,dataset_v1_1,fp16,2,resnet50,0,3,base,a,0e7bb4fc52eb,1.0,1.0,1.0,1.0,1.0,1.0,1.0,1.0,1.0,1.0,67,1.0,1.0,1.0,57,1.0,1.0,1.0,62,1.0,0.0,1.0,1.0,9.7298482153229e-05,5.743113883219274e-08,0.9999027200924452,0.9999027200924452,,-9.727990755470373e-05,9.727990755470373e-05,9.727990755470373e-05,9.727990755470373e-05,54.8,99.0,63.0,5797.773312,5797.773312,76.975,79.0,59.65877499999999,94.822,1208.25,5000.0,4.0,2378.171645063463,54960.49119185696,0.0,0.0,0.0,473.104384,473.104384,35.675,36.0,9.487125,9.956,300.0,405.0,1.0,410.99508642340334,9738.87172816065,66.13499999999999,73.5,4.2484933632,4.369780736,15.5,2.8355796992,2.86963712,26.461175808,0.0,2789.1667314868664,0.7747685365241296,0.5524099665417044,713.0,714,Tesla T4,16106.12736,70.0,GPU-a33bf8c2-746f-e912-2269-a8e9d6d97464,Tesla T4,16106.12736,70.0,GPU-c86cdc1f-6697-5b59-64a5-dc94cdb433c9,580.159.04,1.0,57,1.0,2,1.0,60,1.0,67
a-resnet50-base-f0-s3,a,resnet50,base,0,3,24,1896,60672,1787784190.9263449,1787784234.3630452,2026-08-26T22:43:10Z,2026-08-26T22:43:54Z,acct2,1,d5f974,Interactive,0e7bb4fc52eb,v2,7.085378745361157e-05,1.0,0.0001343139811754,0.0002200000984838,0.0009929826580757,0.0163922607898712,0.0003617672191467,0.0037346316268667,0.0073450563475489,0.0,1074.1811952260152,2.0337004924336852e-10,32768.0,0,0,43.41672134399414,39.56838822364807,3.846977710723877,18.080708742141724,20.53526020050049,19.03211975097656,0.7140138149261475,0.4164457421574243,0.2703821749626836,0.2704074382781982,0.2723634243011474,0.2734613990783691,63.88938527673309,23512130,23512130,1032.7090165615082,66063.49207019775,60,384,32,coral,coral_bce,0.0,session_balanced,adamw,0.0003,0.05,cosine,5,60,5.0,True,full,raw,full_frame,dataset_v1_1,fp16,2,resnet50,0,3,base,a,0e7bb4fc52eb,1.0,1.0,1.0,1.0,1.0,1.0,1.0,1.0,1.0,1.0,67,1.0,1.0,1.0,57,1.0,1.0,1.0,62,1.0,0.0,1.0,1.0,0.0001709714645979,2.2650524889738186e-07,0.9998291035493216,0.9998291035493216,,-0.0001708964506784,0.0001708964506784,0.0001708964506784,0.0001708964506784,41.85,99.0,35.5,5797.773312,5797.773312,77.15,79.0,50.41835,83.342,1327.125,5000.0,4.0,2323.742536790669,57319.41884186975,0.0,0.0,0.0,473.104384,473.104384,35.95,36.0,9.4408,9.857,300.0,405.0,1.0,413.3954967834906,10160.739156334424,66.7975,74.0,4.2071709696,4.332384256,15.4,2.8354961408,2.868211712,26.461126656,0.0,2737.13803357416,0.7603161204372666,0.542105393871771,713.0,722,Tesla T4,16106.12736,70.0,GPU-a33bf8c2-746f-e912-2269-a8e9d6d97464,Tesla T4,16106.12736,70.0,GPU-c86cdc1f-6697-5b59-64a5-dc94cdb433c9,580.159.04,1.0,57,1.0,2,1.0,60,1.0,67
a-resnet50-base-f0-s3,a,resnet50,base,0,3,25,1975,63200,1787784235.0993743,1787784277.761341,2026-08-26T22:43:55Z,2026-08-26T22:44:37Z,acct2,1,d5f974,Interactive,0e7bb4fc52eb,v2,8.532015525343934e-05,1.0,9.641341412427738e-05,0.0002123122519502,0.002468550371362,0.1229100972414016,0.0003441810549702,0.0049753515981137,0.0326410450506954,0.0,1073.409912597804,4.882603395455614e-10,32768.0,0,0,42.64215397834778,38.57933616638184,4.061494588851929,17.074634313583374,20.51263642311096,19.013386964797974,0.7510476112365723,0.4004167876288165,0.2705950918076913,0.2702043056488037,0.27292160987854,0.2836169958114624,65.52730687478515,23512130,23512130,1075.351170539856,68802.66844528978,60,384,32,coral,coral_bce,0.0,session_balanced,adamw,0.0003,0.05,cosine,5,60,5.0,True,full,raw,full_frame,dataset_v1_1,fp16,2,resnet50,0,3,base,a,0e7bb4fc52eb,1.0,1.0,1.0,1.0,1.0,1.0,1.0,1.0,1.0,1.0,67,1.0,1.0,1.0,57,1.0,1.0,1.0,62,1.0,0.0,1.0,1.0,0.0001306021924236,8.16194588715386e-08,0.9998694248096918,0.9998694248096918,,-0.0001305751903082,0.0001305751903082,0.0001305751903082,0.0001305751903082,47.20512820512821,99.0,46.0,5797.773312000001,5797.773312,76.61538461538461,79.0,50.79297435897435,95.893,1326.5384615384614,5000.0,4.0,2327.677897970432,59678.27085454193,0.0,0.0,0.0,473.1043839999998,473.104384,35.56410256410256,36.0,9.543923076923075,9.956,300.0,405.0,1.0,411.4984771215932,10580.631275013237,67.7051282051282,73.4,4.24245142974359,4.328022016,15.4,2.83534120697436,2.855432192,26.460930048,0.0,2739.1763750920254,0.7608823264144515,0.542509098733504,713.0,706,Tesla T4,16106.12736,70.0,GPU-a33bf8c2-746f-e912-2269-a8e9d6d97464,Tesla T4,16106.12736,70.0,GPU-c86cdc1f-6697-5b59-64a5-dc94cdb433c9,580.159.04,1.0,57,1.0,2,1.0,60,1.0,67
a-resnet50-base-f0-s3,a,resnet50,base,0,3,26,2054,65728,1787784278.4700274,1787784321.5452287,2026-08-26T22:44:38Z,2026-08-26T22:45:21Z,acct2,1,d5f974,Interactive,0e7bb4fc52eb,v2,4.670950679437853e-05,1.0,0.0005334267595366,0.0002044211558025,0.0006100404196193,0.0073029580526053,0.0002705793303903,0.0019656939664855,0.0039330352842807,0.0,1072.6668947085846,1.1625712351154878e-10,32768.0,0,0,43.05485987663269,39.11779260635376,3.935584783554077,17.56824040412903,20.56928825378418,19.0954487323761,0.7412643432617188,0.4080431443620584,0.2711485699762272,0.2705299854278564,0.2735731601715088,0.2854333448410034,64.62532345420192,23512130,23512130,1118.4060304164886,71591.2811497198,60,384,32,coral,coral_bce,0.0,session_balanced,adamw,0.0003,0.05,cosine,5,60,5.0,True,full,raw,full_frame,dataset_v1_1,fp16,2,resnet50,0,3,base,a,0e7bb4fc52eb,1.0,1.0,1.0,1.0,1.0,1.0,1.0,1.0,1.0,1.0,67,1.0,1.0,1.0,57,1.0,1.0,1.0,62,1.0,0.0,1.0,1.0,0.0008268156039209,6.282034013585242e-06,0.9991751322823186,0.9991751322823186,,-0.0008248677176814,0.0008248677176814,0.0008248677176814,0.0008248677176814,45.15,99.0,50.0,5797.773312,5797.773312,77.25,80.0,54.637175,96.902,1316.625,5000.0,4.0,2370.8926491839084,62087.94324920971,0.0,0.0,0.0,473.104384,473.104384,35.725,36.0,9.6952,10.353,300.0,405.0,1.0,417.72005524612,11006.830398854529,66.565,73.6,4.227143782400001,4.334665728,15.5,2.8373721088,2.88438272,26.460913664,0.0,2788.6127044300283,0.7746146401194524,0.5523002384051695,713.0,714,Tesla T4,16106.12736,70.0,GPU-a33bf8c2-746f-e912-2269-a8e9d6d97464,Tesla T4,16106.12736,70.0,GPU-c86cdc1f-6697-5b59-64a5-dc94cdb433c9,580.159.04,1.0,57,1.0,2,1.0,60,1.0,67
a-resnet50-base-f0-s3,a,resnet50,base,0,3,27,2133,68256,1787784322.233872,1787784365.187428,2026-08-26T22:45:22Z,2026-08-26T22:46:05Z,acct2,1,d5f974,Interactive,0e7bb4fc52eb,v2,5.515184401805458e-05,1.0,0.0002698668113861,0.0001963525491562,0.0008344105542475,0.0197801701724529,0.0003223092644475,0.0015589890070259,0.0105171530693769,0.0,1071.9528832168792,1.5284126936410083e-10,65536.0,0,0,42.933876514434814,38.94009590148926,3.992407321929932,17.43504810333252,20.56106925010681,19.12816786766052,0.7107663154602051,0.4060907031646834,0.2706489261192611,0.2704758644104004,0.2735928058624267,0.2770683479309082,64.92023045848012,23512130,23512130,1161.3399069309237,74308.11319964673,60,384,32,coral,coral_bce,0.0,session_balanced,adamw,0.0003,0.05,cosine,5,60,5.0,True,full,raw,full_frame,dataset_v1_1,fp16,2,resnet50,0,3,base,a,0e7bb4fc52eb,1.0,1.0,1.0,1.0,1.0,1.0,1.0,1.0,1.0,1.0,67,1.0,1.0,1.0,57,1.0,1.0,1.0,62,1.0,0.0,1.0,1.0,0.0003791280778924,1.318055267063752e-06,0.9996213025303298,0.9996213025303298,,-0.0003786974696702,0.0003786974696702,0.0003786974696702,0.0003786974696702,52.95,99.0,62.5,5797.773312,5797.773312,77.15,80.0,53.084825,89.191,1267.5,5000.0,4.0,2296.877647696216,64416.30848975566,0.0,0.0,0.0,473.104384,473.104384,35.575,36.0,9.735575,10.353,300.0,405.0,1.0,419.9544022307237,11434.93666202857,66.1875,73.0,4.1848044544,4.32986112,15.4,2.834444288,2.834444288,26.404282368,0.0,2716.83204992694,0.7546755694241498,0.5380836809994188,713.0,714,Tesla T4,16106.12736,70.0,GPU-a33bf8c2-746f-e912-2269-a8e9d6d97464,Tesla T4,16106.12736,70.0,GPU-c86cdc1f-6697-5b59-64a5-dc94cdb433c9,580.159.04,1.0,57,1.0,2,1.0,60,1.0,67
a-resnet50-base-f0-s3,a,resnet50,base,0,3,28,2212,70784,1787784365.9181468,1787784408.311481,2026-08-26T22:46:05Z,2026-08-26T22:46:48Z,acct2,1,d5f974,Interactive,0e7bb4fc52eb,v2,3.876308694342225e-05,1.0,6.15516142050926e-05,0.000188132750129,0.0005683249556695,0.0081802532076835,0.0002169454528484,0.0017452045460231,0.006821335395798,0.0,1071.2688935427689,9.980737564727438e-11,65536.0,0,0,42.37440872192383,38.50787019729614,3.865091562271118,16.974571704864502,20.55289053916931,19.096980571746823,0.7415955066680908,0.400585452796705,0.2708992565734477,0.270723819732666,0.2725003242492675,0.2821160364151001,65.6489176640443,23512130,23512130,1203.7143156528473,77013.75644575429,60,384,32,coral,coral_bce,0.0,session_balanced,adamw,0.0003,0.05,cosine,5,60,5.0,True,full,raw,full_frame,dataset_v1_1,fp16,2,resnet50,0,3,base,a,0e7bb4fc52eb,1.0,1.0,1.0,1.0,1.0,1.0,1.0,1.0,1.0,1.0,67,1.0,1.0,1.0,57,1.0,1.0,1.0,62,1.0,0.0,1.0,1.0,7.488832228305615e-05,2.9579935158354788e-08,0.9999251211843184,0.9999251211843184,,-7.48788156816893e-05,7.48788156816893e-05,7.48788156816893e-05,7.48788156816893e-05,44.333333333333336,99.0,34.0,5797.773312000001,5797.773312,76.94871794871794,79.0,52.52771794871795,86.894,1297.3076923076924,5000.0,4.0,2293.0542702104794,66745.51421426654,0.0,0.0,0.0,473.1043839999998,473.104384,35.58974358974359,36.0,9.686589743589746,10.448,300.0,405.0,1.0,412.5889758970807,11855.868113506102,67.46923076923076,73.7,4.185746615794872,4.39693312,15.6,2.8345917439999986,2.834591744,26.404429824,0.0,2705.64324610756,0.7515675683632111,0.5358676762429696,713.0,704,Tesla T4,16106.12736,70.0,GPU-a33bf8c2-746f-e912-2269-a8e9d6d97464,Tesla T4,16106.12736,70.0,GPU-c86cdc1f-6697-5b59-64a5-dc94cdb433c9,580.159.04,1.0,57,1.0,2,1.0,60,1.0,67
a-resnet50-base-f0-s3,a,resnet50,base,0,3,29,2291,73312,1787784409.0357168,1787784451.9937048,2026-08-26T22:46:49Z,2026-08-26T22:47:31Z,acct2,1,d5f974,Interactive,0e7bb4fc52eb,v2,6.590259839913991e-05,1.0,5.560151152978936e-05,0.0001797885699968,0.00095656757765,0.0195326022803783,0.000302831409499,0.0022954830201342,0.0135238607600331,0.0,1070.6142076097549,1.606366846887123e-10,65536.0,0,0,42.93703079223633,38.97251057624817,3.963270425796509,17.432008266448975,20.560460090637207,19.14470148086548,0.7341117858886719,0.4059900730164357,0.2709582123575331,0.2707278728485107,0.2730156898498535,0.2796170091629028,64.86623424103172,23512130,23512130,1246.6513464450836,79771.66893983707,60,384,32,coral,coral_bce,0.0,session_balanced,adamw,0.0003,0.05,cosine,5,60,5.0,True,full,raw,full_frame,dataset_v1_1,fp16,2,resnet50,0,3,base,a,0e7bb4fc52eb,1.0,1.0,1.0,1.0,1.0,1.0,1.0,1.0,1.0,1.0,67,1.0,1.0,1.0,57,1.0,1.0,1.0,62,1.0,0.0,1.0,1.0,6.436784719614049e-05,1.968621718920937e-08,0.9999356381995704,0.9999356381995704,,-6.436180042967976e-05,6.436180042967976e-05,6.436180042967976e-05,6.436180042967976e-05,34.25,99.0,27.5,5797.773312,5797.773312,77.05,79.0,51.652575,90.693,1299.0,5000.0,4.0,2346.208814452504,69125.42368610631,0.0,0.0,0.0,473.104384,473.104384,35.525,36.0,9.57375,10.055,300.0,405.0,1.0,411.7036796302673,12276.068775283107,67.0275,73.9,4.151053414400001,4.412624896,15.6,2.835484672,2.863476736,26.460913664,0.0,2757.9124940827714,0.766086803911881,0.5462198911891711,713.0,714,Tesla T4,16106.12736,70.0,GPU-a33bf8c2-746f-e912-2269-a8e9d6d97464,Tesla T4,16106.12736,70.0,GPU-c86cdc1f-6697-5b59-64a5-dc94cdb433c9,580.159.04,1.0,57,1.0,2,1.0,60,1.0,67
a-resnet50-base-f0-s3,a,resnet50,base,0,3,30,2370,75840,1787784452.6986566,1787784495.232333,2026-08-26T22:47:32Z,2026-08-26T22:48:15Z,acct2,1,d5f974,Interactive,0e7bb4fc52eb,v2,4.4817691789980526e-05,1.0,2.8769541151182582e-05,0.0001713472257409,0.0006286530061757,0.0106043778359889,0.0003034824039787,0.0018193769152276,0.0056409557815641,0.0,1069.9901962103238,1.0067190236271796e-10,65536.0,0,0,42.51349592208862,38.58713388442993,3.925092458724976,17.084706783294678,20.541708946228027,19.08889651298523,0.7164666652679443,0.4018654879524509,0.2705502630789069,0.2703726291656494,0.2725581169128418,0.2790121507644653,65.51406506561138,23512130,23512130,1289.1648423671722,82494.30686017714,60,384,32,coral,coral_bce,0.0,session_balanced,adamw,0.0003,0.05,cosine,5,60,5.0,True,full,raw,full_frame,dataset_v1_1,fp16,2,resnet50,0,3,base,a,0e7bb4fc52eb,1.0,1.0,1.0,1.0,1.0,1.0,1.0,1.0,1.0,1.0,67,1.0,1.0,1.0,57,1.0,1.0,1.0,62,1.0,0.0,1.0,1.0,3.556715959236825e-05,6.837373187012296e-09,0.9999644349339188,0.9999644349339188,,-3.556506608126675e-05,3.556506608126675e-05,3.556506608126675e-05,3.556506608126675e-05,64.15,99.0,84.0,5797.773312,5797.773312,77.25,78.0,57.3883,84.37,1206.75,5000.0,4.0,2316.294429295551,71473.7158194071,0.0,0.0,0.0,473.104384,473.104384,35.325,36.0,9.527325,9.86,300.0,405.0,1.0,406.34349104452303,12690.257326546918,66.57750000000001,75.6,4.201504358399999,4.3314176,15.4,2.8366137344,2.891091968,26.460930048,0.0,2722.637920340074,0.756288311205576,0.5392335658895757,713.0,708,Tesla T4,16106.12736,70.0,GPU-a33bf8c2-746f-e912-2269-a8e9d6d97464,Tesla T4,16106.12736,70.0,GPU-c86cdc1f-6697-5b59-64a5-dc94cdb433c9,580.159.04,1.0,57,1.0,2,1.0,60,1.0,67
a-resnet50-base-f0-s3,a,resnet50,base,0,3,31,2449,78368,1787784496.364576,1787784539.5169978,2026-08-26T22:48:16Z,2026-08-26T22:48:59Z,acct2,1,d5f974,Interactive,0e7bb4fc52eb,v2,3.875166497937819e-05,1.0,3.868946082890347e-05,0.0001628362512718,0.000516405664493,0.0047568664886057,0.0002131880610249,0.0017763768672011,0.0035869144229218,0.0,1069.3967778091503,7.863270610732154e-11,65536.0,0,0,43.13220500946045,39.1787109375,3.9521193504333496,17.63171410560608,20.565102100372314,19.08048725128174,0.7304553985595703,0.4087830450991042,0.271011467221417,0.2703557014465332,0.2727624416351318,0.2880947923660278,64.52483860514968,23512130,23512130,1332.2970473766327,85266.0606639966,60,384,32,coral,coral_bce,0.0,session_balanced,adamw,0.0003,0.05,cosine,5,60,5.0,True,full,raw,full_frame,dataset_v1_1,fp16,2,resnet50,0,3,base,a,0e7bb4fc52eb,1.0,1.0,1.0,1.0,1.0,1.0,1.0,1.0,1.0,1.0,67,1.0,1.0,1.0,57,1.0,1.0,1.0,62,1.0,0.0,1.0,1.0,4.349867933268618e-05,1.178516074929044e-08,0.999956504632068,0.999956504632068,,-4.349536793202269e-05,4.349536793202269e-05,4.349536793202269e-05,4.349536793202269e-05,49.425,99.0,52.5,5797.773312,5797.773312,76.975,79.0,52.084050000000005,88.564,1291.5,5000.0,4.0,2360.3780588954105,73891.49518483177,0.0,0.0,0.0,473.104384,473.104384,35.375,36.0,9.462675,9.757,300.0,405.0,1.0,411.37574492405656,13114.185389114138,67.08,72.5,4.0600526848000005,4.221865984,15.1,2.7168251904000003,2.74372608,26.3426048,0.0,2771.753803819467,0.7699316121720742,0.5489612394786889,713.0,716,Tesla T4,16106.12736,70.0,GPU-a33bf8c2-746f-e912-2269-a8e9d6d97464,Tesla T4,16106.12736,70.0,GPU-c86cdc1f-6697-5b59-64a5-dc94cdb433c9,580.159.04,1.0,57,1.0,2,1.0,60,1.0,67
a-resnet50-base-f0-s3,a,resnet50,base,0,3,32,2528,80896,1787784540.194716,1787784582.796427,2026-08-26T22:49:00Z,2026-08-26T22:49:42Z,acct2,1,d5f974,Interactive,0e7bb4fc52eb,v2,3.060870813851004e-05,1.0,3.2528578905781145e-05,0.000154283407619,0.0004303889032552,0.0078870058059692,0.0001613792264834,0.00151890454581,0.0031731681269593,0.0,1068.834087874304,6.212551353757027e-11,65536.0,0,0,42.58099055290222,38.62117838859558,3.958636522293091,17.133474349975586,20.500741958618164,19.00459671020508,0.7282030582427979,0.4023737852854578,0.2703338695477836,0.2703404426574707,0.2726264476776123,0.2767774820327758,65.45631452681131,23512130,23512130,1374.878037929535,88015.72281106334,60,384,32,coral,coral_bce,0.0,session_balanced,adamw,0.0003,0.05,cosine,5,60,5.0,True,full,raw,full_frame,dataset_v1_1,fp16,2,resnet50,0,3,base,a,0e7bb4fc52eb,1.0,1.0,1.0,1.0,1.0,1.0,1.0,1.0,1.0,1.0,67,1.0,1.0,1.0,57,1.0,1.0,1.0,62,1.0,0.0,1.0,1.0,3.7727865540473366e-05,6.066118040531151e-09,0.999962273784863,0.999962273784863,,-3.772621513697949e-05,3.772621513697949e-05,3.772621513697949e-05,3.772621513697949e-05,52.95,99.0,62.5,5797.773312,5797.773312,76.825,79.0,54.3749,101.702,1259.25,5000.0,4.0,2344.123050981681,76267.35520432552,0.0,0.0,0.0,473.104384,473.104384,35.575,36.0,9.467875,9.956,300.0,405.0,1.0,405.5390960850691,13527.342070063343,66.47,74.5,4.1580977152,4.3229184,15.4,2.8366364672000004,2.88217088,26.460930048,0.0,2749.6621470667505,0.7637950408518751,0.544585864127387,713.0,708,Tesla T4,16106.12736,70.0,GPU-a33bf8c2-746f-e912-2269-a8e9d6d97464,Tesla T4,16106.12736,70.0,GPU-c86cdc1f-6697-5b59-64a5-dc94cdb433c9,580.159.04,1.0,57,1.0,2,1.0,60,1.0,67
a-resnet50-base-f0-s3,a,resnet50,base,0,3,33,2607,83424,1787784583.5078638,1787784626.455705,2026-08-26T22:49:43Z,2026-08-26T22:50:26Z,acct2,1,d5f974,Interactive,0e7bb4fc52eb,v2,3.8664532500166114e-05,1.0,0.0001331223022821,0.0001457165923809,0.0004899277438555,0.0126009881496429,0.0002076028613373,0.0011060323333367,0.0045637677237391,0.0,1068.3019337060182,6.682623993748323e-11,65536.0,0,0,42.92613363265991,38.98403286933899,3.9404680728912354,17.429495811462402,20.579994440078732,19.13910341262817,0.719451904296875,0.4060346072771237,0.2709863608396506,0.2706391811370849,0.2731942176818848,0.2811662864685058,64.84706209008654,23512130,23512130,1417.8041715621948,90767.299784635,60,384,32,coral,coral_bce,0.0,session_balanced,adamw,0.0003,0.05,cosine,5,60,5.0,True,full,raw,full_frame,dataset_v1_1,fp16,2,resnet50,0,3,base,a,0e7bb4fc52eb,1.0,1.0,1.0,1.0,1.0,1.0,1.0,1.0,1.0,1.0,67,1.0,1.0,1.0,57,1.0,1.0,1.0,62,1.0,0.0,1.0,1.0,0.0001786972087917,2.56308717528558e-07,0.9998213869910086,0.9998213869910086,,-0.0001786130089913,0.0001786130089913,0.0001786130089913,0.0001786130089913,49.3,99.0,57.0,5797.773312,5797.773312,76.95,79.0,51.686775,81.202,1327.125,5000.0,4.0,2340.948890452739,78641.40477853369,0.0,0.0,0.0,473.104384,473.104384,35.4,36.0,9.484675,9.857,300.0,405.0,1.0,410.6280831189197,13945.844511145826,66.405,73.2,4.118191206400001,4.277747712,15.2,2.834444288,2.834444288,26.404282368,0.0,2751.5769735716585,0.7643269371032385,0.544965106154609,713.0,712,Tesla T4,16106.12736,70.0,GPU-a33bf8c2-746f-e912-2269-a8e9d6d97464,Tesla T4,16106.12736,70.0,GPU-c86cdc1f-6697-5b59-64a5-dc94cdb433c9,580.159.04,1.0,57,1.0,2,1.0,60,1.0,67
a-resnet50-base-f0-s3,a,resnet50,base,0,3,34,2686,85952,1787784627.171898,1787784670.2767124,2026-08-26T22:50:27Z,2026-08-26T22:51:10Z,acct2,1,d5f974,Interactive,0e7bb4fc52eb,v2,3.79926453212037e-05,1.0,3.535288105531338e-05,0.0001371637487281,0.0006642826185178,0.0170883182436227,0.0002113788796123,0.0015070998808368,0.0097948424704372,0.0,1067.800657859079,8.533005996977177e-11,65536.0,0,0,43.08309364318848,39.06531929969788,4.016509294509888,17.58854913711548,20.50643014907837,19.035565853118896,0.7295305728912354,0.4082471254915619,0.2702414265161828,0.2699520587921142,0.2717756748199463,0.2801934194564819,64.71212946209174,23512130,23512130,1460.8872652053833,93507.30597766058,60,384,32,coral,coral_bce,0.0,session_balanced,adamw,0.0003,0.05,cosine,5,60,5.0,True,full,raw,full_frame,dataset_v1_1,fp16,2,resnet50,0,3,base,a,0e7bb4fc52eb,1.0,1.0,1.0,1.0,1.0,1.0,1.0,1.0,1.0,1.0,67,1.0,1.0,1.0,57,1.0,1.0,1.0,62,1.0,0.0,1.0,1.0,4.143142797371703e-05,1.0649720139973471e-08,0.9999585718877854,0.9999585718877854,,-4.142811221463649e-05,4.142811221463649e-05,4.142811221463649e-05,4.142811221463649e-05,44.85,99.0,40.0,5797.773312,5797.773312,77.05,78.0,53.369875,73.869,1296.375,5000.0,4.0,2328.6875080094323,81005.07288585734,0.0,0.0,0.0,473.104384,473.104384,35.125,36.0,9.4723,10.055,300.0,405.0,1.0,411.3186850161456,14365.1468262627,66.9725,74.7,4.1483517952,4.4632064,15.8,2.8348645376,2.845913088,26.461044736,0.0,2740.006193025578,0.7611128313959938,0.5426734487853436,713.0,718,Tesla T4,16106.12736,70.0,GPU-a33bf8c2-746f-e912-2269-a8e9d6d97464,Tesla T4,16106.12736,70.0,GPU-c86cdc1f-6697-5b59-64a5-dc94cdb433c9,580.159.04,1.0,57,1.0,2,1.0,60,1.0,67
a-resnet50-base-f0-s3,a,resnet50,base,0,3,35,2765,88480,1787784671.0147803,1787784714.0946913,2026-08-26T22:51:11Z,2026-08-26T22:51:54Z,acct2,1,d5f974,Interactive,0e7bb4fc52eb,v2,3.053852320083968e-05,1.0,3.447733635805899e-05,0.000128652774259,0.000382935860619,0.0028676954098045,0.0002215379790868,0.0012869977508671,0.0017679688497446,0.0,1067.3299239990636,4.6157949593796376e-11,65536.0,0,0,43.058979749679565,39.08341670036316,3.974070072174072,17.585206031799316,20.529544353485107,19.03877139091492,0.7274808883666992,0.4083981119392449,0.2704389940334272,0.2701714038848877,0.2717948913574218,0.2829747676849365,64.68216480102443,23512130,23512130,1503.9462449550629,96280.47802311096,60,384,32,coral,coral_bce,0.0,session_balanced,adamw,0.0003,0.05,cosine,5,60,5.0,True,full,raw,full_frame,dataset_v1_1,fp16,2,resnet50,0,3,base,a,0e7bb4fc52eb,1.0,1.0,1.0,1.0,1.0,1.0,1.0,1.0,1.0,1.0,67,1.0,1.0,1.0,57,1.0,1.0,1.0,62,1.0,0.0,1.0,1.0,3.907928362802213e-05,7.133061912103679e-09,0.999960922746248,0.999960922746248,,-3.907725375185134e-05,3.907725375185134e-05,3.907725375185134e-05,3.907725375185134e-05,47.625,99.0,53.5,5797.773312,5797.773312,76.75,78.0,52.144375,89.483,1335.375,5000.0,4.0,2358.661021818567,83396.1977100336,0.0,0.0,0.0,473.104384,473.104384,35.025,36.0,9.551975,10.551,300.0,405.0,1.0,414.51102363181417,14787.374355573644,66.4775,74.1,4.2072400896,4.377001984,15.5,2.8353830912,2.874232832,26.460848128,0.0,2773.172045450381,0.7703255681806614,0.5492421301128116,713.0,714,Tesla T4,16106.12736,70.0,GPU-a33bf8c2-746f-e912-2269-a8e9d6d97464,Tesla T4,16106.12736,70.0,GPU-c86cdc1f-6697-5b59-64a5-dc94cdb433c9,580.159.04,1.0,57,1.0,2,1.0,60,1.0,67
a-resnet50-base-f0-s3,a,resnet50,base,0,3,36,2844,91008,1787784714.8287358,1787784758.4725118,2026-08-26T22:51:54Z,2026-08-26T22:52:38Z,acct2,1,d5f974,Interactive,0e7bb4fc52eb,v2,3.098142108200004e-05,1.0,0.00010117929694,0.0001202114300031,0.0004342196978403,0.0072667566128075,0.0001776004210114,0.0014819791889749,0.0032189572881907,0.0,1066.8896392832653,4.892555789367471e-11,65536.0,0,0,43.623291015625,39.6699697971344,3.9512648582458496,18.156639099121094,20.561198234558105,19.13043546676636,0.7137699127197266,0.4162143358835019,0.2706716452972798,0.2705016136169433,0.2720639228820801,0.2804272365570068,63.72578585080276,23512130,23512130,1547.569535970688,99071.24886267527,60,384,32,coral,coral_bce,0.0,session_balanced,adamw,0.0003,0.05,cosine,5,60,5.0,True,full,raw,full_frame,dataset_v1_1,fp16,2,resnet50,0,3,base,a,0e7bb4fc52eb,1.0,1.0,1.0,1.0,1.0,1.0,1.0,1.0,1.0,1.0,67,1.0,1.0,1.0,57,1.0,1.0,1.0,62,1.0,0.0,1.0,1.0,0.000130410280236,1.4935737010602618e-07,0.9998696391941398,0.9998696391941398,,-0.0001303608058601,0.0001303608058601,0.0001303608058601,0.0001303608058601,49.925,99.0,46.5,5797.773312,5797.773312,77.325,79.0,50.321975,86.028,1340.25,5000.0,4.0,2371.9744393374567,85804.251729535,0.0,0.0,0.0,473.104384,473.104384,35.3,36.0,9.572275,10.452,300.0,405.0,1.0,418.7964002268491,15214.480697917945,66.38250000000001,74.1,4.2164591616,4.362043392,15.5,2.8357484544,2.88303104,26.460930048,0.0,2790.770839564306,0.775214122101196,0.5527276690581528,713.0,724,Tesla T4,16106.12736,70.0,GPU-a33bf8c2-746f-e912-2269-a8e9d6d97464,Tesla T4,16106.12736,70.0,GPU-c86cdc1f-6697-5b59-64a5-dc94cdb433c9,580.159.04,1.0,57,1.0,2,1.0,60,1.0,67
a-resnet50-base-f0-s3,a,resnet50,base,0,3,37,2923,93536,1787784759.2056465,1787784801.7474432,2026-08-26T22:52:39Z,2026-08-26T22:53:21Z,acct2,1,d5f974,Interactive,0e7bb4fc52eb,v2,3.561610254950256e-05,1.0,9.59747511162903e-05,0.0001118672498709,0.0005159240376824,0.0065883994102478,0.0001533714239485,0.0021022501168772,0.0046372901927679,0.0,1066.4793028415445,5.4117321437078805e-11,65536.0,0,0,42.51914691925049,38.57573819160461,3.9422683715820312,17.092366695404053,20.520092010498047,19.08710217475891,0.7271323204040527,0.4019922301796113,0.2703445742401895,0.2702062129974365,0.272197675704956,0.279101014137268,65.53341863332581,23512130,23512130,1590.0886828899384,101777.65151515912,60,384,32,coral,coral_bce,0.0,session_balanced,adamw,0.0003,0.05,cosine,5,60,5.0,True,full,raw,full_frame,dataset_v1_1,fp16,2,resnet50,0,3,base,a,0e7bb4fc52eb,1.0,1.0,1.0,1.0,1.0,1.0,1.0,1.0,1.0,1.0,67,1.0,1.0,1.0,57,1.0,1.0,1.0,62,1.0,0.0,1.0,1.0,0.0001243059747334,1.282871574944794e-07,0.9998757364929364,0.9998757364929364,,-0.0001242635070636,0.0001242635070636,0.0001242635070636,0.0001242635070636,56.48717948717949,99.0,54.0,5797.773312000001,5797.773312,76.76923076923077,79.0,51.66894871794871,82.229,1305.7692307692307,5000.0,4.0,2301.826929942268,88141.53938212612,0.0,0.0,0.0,473.1043839999998,473.104384,35.53846153846154,36.0,9.462923076923078,10.154,300.0,405.0,1.0,404.5757225415728,15627.761626248368,67.37692307692308,73.6,4.226995646358975,4.349288448,15.4,2.8350385230769244,2.846724096,26.461192192,0.0,2706.402652483841,0.7517785145788447,0.5360180808947163,713.0,705,Tesla T4,16106.12736,70.0,GPU-a33bf8c2-746f-e912-2269-a8e9d6d97464,Tesla T4,16106.12736,70.0,GPU-c86cdc1f-6697-5b59-64a5-dc94cdb433c9,580.159.04,1.0,57,1.0,2,1.0,60,1.0,67
a-resnet50-base-f0-s3,a,resnet50,base,0,3,38,3002,96064,1787784802.4754417,1787784845.099613,2026-08-26T22:53:22Z,2026-08-26T22:54:05Z,acct2,1,d5f974,Interactive,0e7bb4fc52eb,v2,0.0001044694290267,1.0,3.149976521766099e-05,0.0001036474508437,0.0049787540879554,0.3189314603805542,0.0003486861241981,0.0032745853532105,0.0851936856284734,0.0,1066.10383605142,4.840383761358412e-10,65536.0,0,0,42.60399746894837,38.70965075492859,3.891702890396118,17.18248724937439,20.56049633026123,18.983863353729248,0.7268285751342773,0.4033069258793785,0.2708602766447429,0.2708134651184082,0.272483491897583,0.2774124670028686,65.30671165195491,23512130,23512130,1632.6926803588867,104487.5581256662,60,384,32,coral,coral_bce,0.0,session_balanced,adamw,0.0003,0.05,cosine,5,60,5.0,True,full,raw,full_frame,dataset_v1_1,fp16,2,resnet50,0,3,base,a,0e7bb4fc52eb,1.0,1.0,1.0,1.0,1.0,1.0,1.0,1.0,1.0,1.0,67,1.0,1.0,1.0,57,1.0,1.0,1.0,62,1.0,0.0,1.0,1.0,4.055051460239991e-05,8.162245807163714e-09,0.9999594518574336,0.9999594518574336,,-4.054814256648776e-05,4.054814256648776e-05,4.054814256648776e-05,4.054814256648776e-05,49.7948717948718,99.0,62.0,5797.773312000001,5797.773312,77.0,79.0,55.774,93.713,1267.6923076923076,5000.0,4.0,2304.562004411535,90475.72203413091,0.0,0.0,0.0,473.1043839999998,473.104384,35.51282051282051,36.0,9.488128205128207,9.956,300.0,405.0,1.0,405.34460609555936,16042.388920615453,67.23846153846155,75.1,4.179546111999999,4.300288,15.3,2.834479261538461,2.834538496,26.405347328,0.0,2709.9066105070942,0.7527518362519706,0.5367120592476551,713.0,706,Tesla T4,16106.12736,70.0,GPU-a33bf8c2-746f-e912-2269-a8e9d6d97464,Tesla T4,16106.12736,70.0,GPU-c86cdc1f-6697-5b59-64a5-dc94cdb433c9,580.159.04,1.0,57,1.0,2,1.0,60,1.0,67
a-resnet50-base-f0-s3,a,resnet50,base,0,3,39,3081,98592,1787784845.8122542,1787784889.0480423,2026-08-26T22:54:05Z,2026-08-26T22:54:49Z,acct2,1,d5f974,Interactive,0e7bb4fc52eb,v2,0.0007272441190436,0.9996044303797468,0.0001514571912921,9.557884419740386e-05,inf,inf,0.0003321015101391,0.0766260951757428,inf,0.0126582278481012,1065.7636147207802,inf,32768.0,1,0,43.21408247947693,39.22285532951355,3.989799976348877,17.664546728134155,20.594229221343998,19.212601900100708,0.7254800796508789,0.4087682929869756,0.2711714340161674,0.2707343101501465,0.2732998371124268,0.2792997217178344,64.45221743195698,23512130,23512130,1675.9067628383636,107236.83202417886,60,384,32,coral,coral_bce,0.0,session_balanced,adamw,0.0003,0.05,cosine,5,60,5.0,True,full,raw,full_frame,dataset_v1_1,fp16,2,resnet50,0,3,base,a,0e7bb4fc52eb,1.0,1.0,1.0,1.0,1.0,1.0,1.0,1.0,1.0,1.0,67,1.0,1.0,1.0,57,1.0,1.0,1.0,62,1.0,0.0,1.0,1.0,0.0001822756722615,3.207814122130107e-07,0.9998178276964412,0.9998178276964412,,-0.0001821723035586,0.0001821723035586,0.0001821723035586,0.0001821723035586,46.925,99.0,48.5,5797.773312,5797.773312,77.2,79.0,51.209625,89.97,1338.75,5000.0,4.0,2337.753408518809,92848.05283643377,0.0,0.0,0.0,473.104384,473.104384,35.375,36.0,9.41555,9.658,300.0,405.0,1.0,411.5204899938344,16461.886975621266,67.3325,72.2,4.2004409344,4.327862272,15.4,2.8352709632,2.852446208,26.461978624,0.0,2749.2738985126434,0.7636871940312898,0.5445089693443096,713.0,718,Tesla T4,16106.12736,70.0,GPU-a33bf8c2-746f-e912-2269-a8e9d6d97464,Tesla T4,16106.12736,70.0,GPU-c86cdc1f-6697-5b59-64a5-dc94cdb433c9,580.159.04,1.0,57,1.0,2,1.0,60,1.0,67
a-resnet50-base-f0-s3,a,resnet50,base,0,3,40,3160,101120,1787784889.741101,1787784932.8945744,2026-08-26T22:54:49Z,2026-08-26T22:55:32Z,acct2,1,d5f974,Interactive,0e7bb4fc52eb,v2,7.681851553869922e-05,1.0,0.0001488401668976,8.768774804971705e-05,0.0014716888828751,0.0194147508591413,0.000506970740389,0.0062752784229814,0.0116111646406352,0.0,1065.4435558211003,1.211224032132514e-10,32768.0,0,0,43.13300848007202,39.18506121635437,3.946495532989502,17.624922275543213,20.56261730194092,19.052167415618896,0.7405469417572021,0.408617967923247,0.2711031949972804,0.2708878517150879,0.2726540565490722,0.2812921810150146,64.51438179570606,23512130,23512130,1719.0397713184357,110035.6050261806,60,384,32,coral,coral_bce,0.0,session_balanced,adamw,0.0003,0.05,cosine,5,60,5.0,True,full,raw,full_frame,dataset_v1_1,fp16,2,resnet50,0,3,base,a,0e7bb4fc52eb,1.0,1.0,1.0,1.0,1.0,1.0,1.0,1.0,1.0,1.0,67,1.0,1.0,1.0,57,1.0,1.0,1.0,62,1.0,0.0,1.0,1.0,0.0002084250973962,3.177310532225475e-07,0.9997916763187736,0.9997916763187736,,-0.0002083236812263,0.0002083236812263,0.0002083236812263,0.0002083236812263,57.43589743589744,99.0,69.0,5797.773312000001,5797.773312,77.1025641025641,78.0,52.037153846153856,84.866,1315.7692307692307,5000.0,4.0,2384.983477059621,95264.38309834184,0.0,0.0,0.0,473.1043839999998,473.104384,35.23076923076923,36.0,9.55971794871795,10.651,300.0,405.0,1.0,413.7895249421308,16882.701490555297,67.25897435897436,72.8,4.226552648205128,4.337893376,15.5,2.8355176500512824,2.866618368,26.461437952,0.0,2798.773002001752,0.7774369450004865,0.554312541785347,713.0,716,Tesla T4,16106.12736,70.0,GPU-a33bf8c2-746f-e912-2269-a8e9d6d97464,Tesla T4,16106.12736,70.0,GPU-c86cdc1f-6697-5b59-64a5-dc94cdb433c9,580.159.04,1.0,57,1.0,2,1.0,60,1.0,67
a-resnet50-base-f0-s3,a,resnet50,base,0,3,41,3239,103648,1787822371.9960153,1787822419.683246,2026-08-27T09:19:31Z,2026-08-27T09:20:19Z,acct2,1,6106a7,Interactive,0e7bb4fc52eb,v2,0.00013268516832346295,1.0,7.97834859000549e-05,7.999990151614894e-05,0.006701329140693666,0.39039626717567444,0.000342738872859627,0.008865289203822553,0.10929595790803391,0.0,1065.150358150433,5.033145482049185e-10,32768.0,0,0,47.66920733451843,43.140923500061035,4.525179386138916,15.541086912155151,26.184509754180908,23.98384189605713,1.1740398406982422,0.326019411296178,0.34762779368629937,0.27683448791503906,0.2812368869781494,1.5157543277740415,58.59865285443932,23512130,23512130,1766.708978652954,113089.83642963205,60,384,32,coral,coral_bce,0.0,session_balanced,adamw,0.0003,0.05,cosine,5,60,5.0,True,full,raw,full_frame,dataset_v1_1,fp16,2,resnet50,0,3,base,a,0e7bb4fc52eb,1.0,1.0,1.0,1.0,1.0,1.0,1.0,1.0,1.0,1.0,67,1.0,1.0,1.0,57,1.0,1.0,1.0,62,1.0,0.0,1.0,1.0,9.943706139869595e-05,7.934278255408319e-08,0.9999005890661671,0.9999005890661671,NA,-9.941093383292188e-05,9.941093383292188e-05,9.941093383292188e-05,9.941093383292188e-05,51.02272727272727,99.0,51.0,5600.974661818182,7714.57024,77.68181818181819,81.0,54.391136363636356,100.02,1267.5,5000.0,4.0,2573.4654538419245,2580.147851047754,0.0,0.0,0.0,473.10438399999987,473.104384,39.0,39.0,10.054795454545454,10.754,300.0,405.0,1.0,480.7659496095178,483.0961254947183,63.43636363636363,77.0,3.220028322909091,3.552751616,13.1,2.876829137454545,2.903412736,27.845771264,0.0,3054.2314034514425,0.8483976120698451,0.6049074974057995,713.0,792,Tesla T4,16106.12736,70.0,GPU-09703f0f-5a56-b2a1-197a-1eeeacb4ef23,Tesla T4,16106.12736,70.0,GPU-16cf2aa1-02ff-6825-3dc0-a53c2e3c612b,580.159.04,1.0,57,1.0,2,1.0,60,1.0,67
a-resnet50-base-f0-s3,a,resnet50,base,0,3,42,3318,106176,1787822420.3276305,1787822462.452473,2026-08-27T09:20:20Z,2026-08-27T09:21:02Z,acct2,1,6106a7,Interactive,0e7bb4fc52eb,v2,4.4452077608057846e-05,1.0,1.6156439859739577e-05,7.254038075415572e-05,0.0007356545172541114,0.008176653645932674,0.0002369792346144095,0.0028064861195161916,0.006646967018023131,0.0,1064.8810415847845,5.0113258383968544e-11,32768.0,0,0,42.106990814208984,38.373392820358276,3.732193946838379,16.422967672348022,20.46222710609436,18.928281545639038,1.2323029041290283,0.390029478592094,0.2760021716733522,0.27544426918029785,0.2778764724731445,0.2926165199279785,65.8789805695476,23512130,23512130,1808.815969467163,115777.06847847973,60,384,32,coral,coral_bce,0.0,session_balanced,adamw,0.0003,0.05,cosine,5,60,5.0,True,full,raw,full_frame,dataset_v1_1,fp16,2,resnet50,0,3,base,a,0e7bb4fc52eb,1.0,1.0,1.0,1.0,1.0,1.0,1.0,1.0,1.0,1.0,67,1.0,1.0,1.0,57,1.0,1.0,1.0,62,1.0,0.0,1.0,1.0,1.7810091555896478e-05,1.8238176552634649e-09,0.9999821903885052,0.9999821903885052,NA,-1.7809611494779e-05,1.7809611494779e-05,1.7809611494779e-05,1.7809611494779e-05,53.17948717948718,99.0,52.0,5771.639571692306,5787.287552,76.58974358974359,78.0,59.421282051282056,93.264,1188.4615384615386,5000.0,4.0,2256.0726397242584,4872.876589678768,0.0,0.0,0.0,473.1043839999998,473.104384,39.0,39.0,10.208923076923076,10.556,300.0,405.0,1.0,431.1594091234218,923.4072462887773,67.49230769230769,75.4,3.66977118523077,3.877986304,14.0,2.8763688434871786,2.876383232,25.513852928,0.0,2687.2320488476803,0.7464533469021334,0.5322212363412211,713.0,700,Tesla T4,16106.12736,70.0,GPU-09703f0f-5a56-b2a1-197a-1eeeacb4ef23,Tesla T4,16106.12736,70.0,GPU-16cf2aa1-02ff-6825-3dc0-a53c2e3c612b,580.159.04,1.0,57,1.0,2,1.0,60,1.0,67
a-resnet50-base-f0-s3,a,resnet50,base,0,3,43,3397,108704,1787822463.093552,1787822504.470607,2026-08-27T09:21:03Z,2026-08-27T09:21:44Z,acct2,1,6106a7,Interactive,0e7bb4fc52eb,v2,4.608752813717591e-05,1.0,7.374516750678106e-05,6.533351716998465e-05,0.0007534426989002873,0.007752385456115007,0.0002806746633723378,0.0029528570827096695,0.004835782526060935,0.0,1064.6374769153028,4.62364537906621e-11,32768.0,0,0,41.36170530319214,37.696805238723755,3.663806200027466,15.777234315872192,20.472890853881836,19.0612633228302,1.1956565380096436,0.3814454505736872,0.27570019794415823,0.2755413055419922,0.2772204399108887,0.28199651241302487,67.06138581216244,23512130,23512130,1850.1776747703552,118472.98439944779,60,384,32,coral,coral_bce,0.0,session_balanced,adamw,0.0003,0.05,cosine,5,60,5.0,True,full,raw,full_frame,dataset_v1_1,fp16,2,resnet50,0,3,base,a,0e7bb4fc52eb,1.0,1.0,1.0,1.0,1.0,1.0,1.0,1.0,1.0,1.0,67,1.0,1.0,1.0,57,1.0,1.0,1.0,62,1.0,0.0,1.0,1.0,9.512384033363902e-05,5.574507006554402e-08,0.9999048943801593,0.9999048943801593,NA,-9.510561984071852e-05,9.510561984071852e-05,9.510561984071852e-05,9.510561984071852e-05,50.05128205128205,99.0,63.0,5787.287551999999,5787.287552,77.25641025641026,79.0,55.33089743589744,90.441,1276.1538461538462,5000.0,4.0,2269.2334415652713,7174.0533424456125,0.0,0.0,0.0,473.1043839999998,473.104384,39.0,39.0,10.244717948717946,11.152,300.0,405.0,1.0,426.6824794027799,1358.1266254730226,67.03333333333333,75.8,3.7780289903589743,3.955212288,14.3,2.876401611487179,2.876420096,25.513852928,0.0,2695.915920968051,0.7488655336022364,0.5339411254583946,713.0,684,Tesla T4,16106.12736,70.0,GPU-09703f0f-5a56-b2a1-197a-1eeeacb4ef23,Tesla T4,16106.12736,70.0,GPU-16cf2aa1-02ff-6825-3dc0-a53c2e3c612b,580.159.04,1.0,57,1.0,2,1.0,60,1.0,67
a-resnet50-base-f0-s3,a,resnet50,base,0,3,44,3476,111232,1787822505.115603,1787822546.7565563,2026-08-27T09:21:45Z,2026-08-27T09:22:26Z,acct2,1,6106a7,Interactive,0e7bb4fc52eb,v2,3.286375084239289e-05,1.0,2.851368529102347e-05,5.840281805468426e-05,0.0005748296188576666,0.00902767013758421,0.00021254333842080086,0.002102823113091289,0.006209359215572472,0.0,1064.419241335291,3.153989362356215e-11,32768.0,0,0,41.622992753982544,37.954405307769775,3.667257785797119,16.058578968048096,20.457117319107056,19.07534909248352,1.1959140300750732,0.38581029151277424,0.2754746298246746,0.27533864974975586,0.2776280403137207,0.2843681478500366,66.60623396679817,23512130,23512130,1891.8006675243378,121193.47970780835,60,384,32,coral,coral_bce,0.0,session_balanced,adamw,0.0003,0.05,cosine,5,60,5.0,True,full,raw,full_frame,dataset_v1_1,fp16,2,resnet50,0,3,base,a,0e7bb4fc52eb,1.0,1.0,1.0,1.0,1.0,1.0,1.0,1.0,1.0,1.0,67,1.0,1.0,1.0,57,1.0,1.0,1.0,62,1.0,0.0,1.0,1.0,3.226497855920091e-05,6.18819711192324e-09,0.9999677369030573,0.9999677369030573,NA,-3.226309694270846e-05,3.226309694270846e-05,3.226309694270846e-05,3.226309694270846e-05,55.30769230769231,99.0,66.0,5787.287551999999,5787.287552,76.84615384615384,78.0,51.486051282051285,80.518,1367.3076923076924,5000.0,4.0,2290.4562662517956,9495.748557759278,0.0,0.0,0.0,473.1043839999998,473.104384,39.0,39.0,10.331615384615384,11.152,300.0,405.0,1.0,430.03904210877545,1796.4789448738113,66.78974358974358,75.2,3.8335527909743585,4.029853696,14.5,2.876444146871795,2.876473344,25.513852928,0.0,2720.495308360571,0.7556931412112697,0.5388092096836353,713.0,693,Tesla T4,16106.12736,70.0,GPU-09703f0f-5a56-b2a1-197a-1eeeacb4ef23,Tesla T4,16106.12736,70.0,GPU-16cf2aa1-02ff-6825-3dc0-a53c2e3c612b,580.159.04,1.0,57,1.0,2,1.0,60,1.0,67
a-resnet50-base-f0-s3,a,resnet50,base,0,3,45,3555,113760,1787822547.3983452,1787822589.6594543,2026-08-27T09:22:27Z,2026-08-27T09:23:09Z,acct2,1,6106a7,Interactive,0e7bb4fc52eb,v2,3.948973471779027e-05,1.0,2.203087958409875e-05,5.1770889908207245e-05,0.0007557066488470234,0.01532900519669056,0.0002637958968989551,0.0015466972836293267,0.01412304228171706,0.0,1064.2249097992114,3.6762535212355604e-11,32768.0,0,0,42.24426007270813,38.59313201904297,3.6499719619750977,16.6960186958313,20.43420433998108,19.01101279258728,1.2169561386108398,0.3952257340309707,0.27543718603592887,0.2749016284942627,0.27698941230773927,0.28983345031738283,65.50388288653565,23512130,23512130,1934.044927597046,123952.18752687227,60,384,32,coral,coral_bce,0.0,session_balanced,adamw,0.0003,0.05,cosine,5,60,5.0,True,full,raw,full_frame,dataset_v1_1,fp16,2,resnet50,0,3,base,a,0e7bb4fc52eb,1.0,1.0,1.0,1.0,1.0,1.0,1.0,1.0,1.0,1.0,67,1.0,1.0,1.0,57,1.0,1.0,1.0,62,1.0,0.0,1.0,1.0,2.4081616125834802e-05,3.5746020483091356e-09,0.9999759194030556,0.9999759194030556,NA,-2.4080596944364707e-05,2.4080596944364707e-05,2.4080596944364707e-05,2.4080596944364707e-05,44.282051282051285,99.0,39.0,5787.287551999999,5787.287552,76.87179487179488,78.0,56.57956410256409,92.972,1266.5384615384614,5000.0,4.0,2326.0120879294936,11848.806279785871,0.0,0.0,0.0,473.1043839999998,473.104384,39.15384615384615,40.0,10.191358974358973,10.854,300.0,405.0,1.0,432.6957311344154,2237.90043365288,66.98205128205129,74.7,3.848119007179487,4.020994048,14.5,2.878746834051282,2.929364992,25.570484224,0.0,2758.707819063909,0.7663077275177526,0.5463774097201575,713.0,704,Tesla T4,16106.12736,70.0,GPU-09703f0f-5a56-b2a1-197a-1eeeacb4ef23,Tesla T4,16106.12736,70.0,GPU-16cf2aa1-02ff-6825-3dc0-a53c2e3c612b,580.159.04,1.0,57,1.0,2,1.0,60,1.0,67
a-resnet50-base-f0-s3,a,resnet50,base,0,3,46,3634,116288,1787822590.2975147,1787822632.7959092,2026-08-27T09:23:10Z,2026-08-27T09:23:52Z,acct2,1,6106a7,Interactive,0e7bb4fc52eb,v2,4.4742446645406884e-05,1.0,2.4283264350234148e-05,4.5459364701705995e-05,0.0008559701986363323,0.013672135770320892,0.0002302862558281049,0.0038001946639269414,0.009251290205866092,0.0,1064.0533923139094,3.6569463256897596e-11,32768.0,0,0,42.48033690452576,38.682371854782104,3.7965781688690186,16.73878049850464,20.499319314956665,19.098108768463135,1.2004225254058838,0.3940359638890088,0.27605574945860273,0.27577686309814453,0.27826356887817383,0.2848603391647339,65.35276609951404,23512130,23512130,1976.5252645015717,126689.62438989794,60,384,32,coral,coral_bce,0.0,session_balanced,adamw,0.0003,0.05,cosine,5,60,5.0,True,full,raw,full_frame,dataset_v1_1,fp16,2,resnet50,0,3,base,a,0e7bb4fc52eb,1.0,1.0,1.0,1.0,1.0,1.0,1.0,1.0,1.0,1.0,67,1.0,1.0,1.0,57,1.0,1.0,1.0,62,1.0,0.0,1.0,1.0,2.7134070378672052e-05,4.886371306293154e-09,0.9999728673888791,0.9999728673888791,NA,-2.7132611120861405e-05,2.7132611120861405e-05,2.7132611120861405e-05,2.7132611120861405e-05,49.225,99.0,55.0,5787.287552,5787.287552,77.3,79.0,54.390750000000004,97.522,1278.0,5000.0,4.0,2302.9730256872317,14187.578305629504,0.0,0.0,0.0,473.10438400000004,473.104384,39.55,40.0,10.15315,11.052,300.0,405.0,1.0,434.46383733845005,2680.669777468448,66.0075,74.1,3.85273088,4.027326464,14.5,2.8765160448,2.876526592,25.513852928,0.0,2737.4368630256818,0.7603991286182449,0.5421645787048086,713.0,704,Tesla T4,16106.12736,70.0,GPU-09703f0f-5a56-b2a1-197a-1eeeacb4ef23,Tesla T4,16106.12736,70.0,GPU-16cf2aa1-02ff-6825-3dc0-a53c2e3c612b,580.159.04,1.0,57,1.0,2,1.0,60,1.0,67
a-resnet50-base-f0-s3,a,resnet50,base,0,3,47,3713,118816,1787822633.4332175,1787822674.942683,2026-08-27T09:23:53Z,2026-08-27T09:24:34Z,acct2,1,6106a7,Interactive,0e7bb4fc52eb,v2,5.1323096458067014e-05,1.0,6.499427100149943e-05,3.948882931853924e-05,0.0008777954228461095,0.030321108177304268,0.0001781866158125922,0.00344379900489002,0.012207988230511519,0.0,1063.903615780188,3.258106572365171e-11,32768.0,0,0,41.491992235183716,37.815556049346924,3.6752898693084717,15.878616333007812,20.467155694961548,19.006183862686157,1.2262415885925293,0.3826911044185369,0.27599035637288155,0.2751896381378174,0.27831554412841797,0.28789854049682617,66.85079538963063,23512130,23512130,2018.0172567367554,129378.96879749169,60,384,32,coral,coral_bce,0.0,session_balanced,adamw,0.0003,0.05,cosine,5,60,5.0,True,full,raw,full_frame,dataset_v1_1,fp16,2,resnet50,0,3,base,a,0e7bb4fc52eb,1.0,1.0,1.0,1.0,1.0,1.0,1.0,1.0,1.0,1.0,67,1.0,1.0,1.0,57,1.0,1.0,1.0,62,1.0,0.0,1.0,1.0,8.385298695046119e-05,4.83124562858265e-08,0.9999161628625726,0.9999161628625726,NA,-8.383713742743382e-05,8.383713742743382e-05,8.383713742743382e-05,8.383713742743382e-05,61.256410256410255,99.0,77.0,5787.287551999999,5787.287552,77.15384615384616,78.0,54.48992307692308,93.108,1272.6923076923076,5000.0,4.0,2264.4052099018263,16491.102280284194,0.0,0.0,0.0,473.1043839999998,473.104384,39.35897435897436,40.0,10.176230769230768,11.45,300.0,405.0,1.0,424.9391976919178,3114.4238048737107,67.27435897435898,73.8,3.833031443692307,3.958407168,14.3,2.876951000615386,2.891808768,25.570484224,0.0,2689.344407593744,0.7470401132204845,0.5326396007262054,713.0,690,Tesla T4,16106.12736,70.0,GPU-09703f0f-5a56-b2a1-197a-1eeeacb4ef23,Tesla T4,16106.12736,70.0,GPU-16cf2aa1-02ff-6825-3dc0-a53c2e3c612b,580.159.04,1.0,57,1.0,2,1.0,60,1.0,67
a-resnet50-base-f0-s3,a,resnet50,base,0,3,48,3792,121344,1787822675.5821629,1787822718.0347257,2026-08-27T09:24:35Z,2026-08-27T09:25:18Z,acct2,1,6106a7,Interactive,0e7bb4fc52eb,v2,2.7420800708131524e-05,1.0,2.8658819538792666e-05,3.3878758404137624e-05,0.0004235268375229185,0.003412656718865037,0.0001733355165924877,0.0019204521900974207,0.003103423682041466,0.0,1063.7742154072619,1.3488354199875123e-11,32768.0,0,0,42.43672966957092,38.66328048706055,3.771697998046875,16.758206129074097,20.44282364845276,19.047847270965576,1.2227942943572998,0.3948986234226832,0.2756491974939274,0.27532386779785156,0.27782931327819826,0.29033034324645995,65.3850363485335,23512130,23512130,2060.4539864063263,132121.80641400995,60,384,32,coral,coral_bce,0.0,session_balanced,adamw,0.0003,0.05,cosine,5,60,5.0,True,full,raw,full_frame,dataset_v1_1,fp16,2,resnet50,0,3,base,a,0e7bb4fc52eb,1.0,1.0,1.0,1.0,1.0,1.0,1.0,1.0,1.0,1.0,67,1.0,1.0,1.0,57,1.0,1.0,1.0,62,1.0,0.0,1.0,1.0,3.22940833267212e-05,6.02411953604031e-09,0.9999677077416451,0.9999677077416451,NA,-3.2292258354882364e-05,3.2292258354882364e-05,3.2292258354882364e-05,3.2292258354882364e-05,58.5,99.0,56.5,5787.287552,5787.287552,76.875,78.0,56.220724999999995,87.868,1238.625,5000.0,4.0,2312.0623926079134,18836.064355141178,0.0,0.0,0.0,473.10438400000004,473.104384,39.375,40.0,10.1183,10.551,300.0,405.0,1.0,430.77522391033244,3553.422003291614,66.2525,73.0,3.8616891392,3.999080448,14.4,2.8765897728,2.876608512,25.513852928,0.0,2742.837616518246,0.7618993379217349,0.5432342279381971,713.0,706,Tesla T4,16106.12736,70.0,GPU-09703f0f-5a56-b2a1-197a-1eeeacb4ef23,Tesla T4,16106.12736,70.0,GPU-16cf2aa1-02ff-6825-3dc0-a53c2e3c612b,580.159.04,1.0,57,1.0,2,1.0,60,1.0,67
a-resnet50-base-f0-s3,a,resnet50,base,0,3,49,3871,123872,1787822718.665967,1787822761.155421,2026-08-27T09:25:18Z,2026-08-27T09:26:01Z,acct2,1,6106a7,Interactive,0e7bb4fc52eb,v2,4.527777434327906e-05,1.0,2.803861753336996e-05,2.8647450843757897e-05,0.000891797683316672,0.010087473317980766,0.00028348719934001565,0.003966285660862902,0.008541080579161642,0.0,1063.664017974206,2.4018609131902653e-11,32768.0,0,0,42.47277522087097,38.76942229270935,3.7020456790924072,16.847655057907104,20.507312059402466,19.057463884353638,1.1809513568878174,0.3966695128890053,0.2758479208885869,0.2755885124206543,0.2776785373687744,0.28455517292022703,65.20602708272479,23512130,23512130,2102.9267616271973,134845.3620938865,60,384,32,coral,coral_bce,0.0,session_balanced,adamw,0.0003,0.05,cosine,5,60,5.0,True,full,raw,full_frame,dataset_v1_1,fp16,2,resnet50,0,3,base,a,0e7bb4fc52eb,1.0,1.0,1.0,1.0,1.0,1.0,1.0,1.0,1.0,1.0,67,1.0,1.0,1.0,57,1.0,1.0,1.0,62,1.0,0.0,1.0,1.0,3.160406060892978e-05,6.785953148492834e-09,0.9999683980018862,0.9999683980018862,NA,-3.160199811380604e-05,3.160199811380604e-05,3.160199811380604e-05,3.160199811380604e-05,51.25,99.0,57.5,5787.287552,5787.287552,77.575,79.0,54.65754999999999,84.857,1257.375,5000.0,4.0,2293.333200096604,21167.666450253502,0.0,0.0,0.0,473.10438400000004,473.104384,39.925,40.0,10.086324999999999,10.556,300.0,405.0,1.0,430.2224797799581,3992.1744132351937,66.32250000000002,72.9,3.8667456512,3.963695104,14.3,2.8776122368,2.915377152,25.570484224,0.0,2723.555679876562,0.7565432444101561,0.5394153332644414,713.0,706,Tesla T4,16106.12736,70.0,GPU-09703f0f-5a56-b2a1-197a-1eeeacb4ef23,Tesla T4,16106.12736,70.0,GPU-16cf2aa1-02ff-6825-3dc0-a53c2e3c612b,580.159.04,1.0,57,1.0,2,1.0,60,1.0,67
a-resnet50-base-f0-s3,a,resnet50,base,0,3,50,3950,126400,1787822761.8102567,1787822803.8585846,2026-08-27T09:26:01Z,2026-08-27T09:26:43Z,acct2,1,6106a7,Interactive,0e7bb4fc52eb,v2,3.4961187102914054e-05,1.0,3.86236989807883e-05,2.38119700753228e-05,0.0007845838404770077,0.031240012496709824,0.00015635817544534802,0.0015451991697773332,0.013014328703284237,0.0,1063.5714679610517,1.7565803045503006e-11,32768.0,0,0,42.03100323677063,38.24011516571045,3.789630651473999,16.34817123413086,20.43209409713745,18.96006464958191,1.2110555171966553,0.38895505639105793,0.27544356599638736,0.27494311332702637,0.27854275703430176,0.2840130805969238,66.10858751458034,23512130,23512130,2144.957764863968,137531.7618277987,60,384,32,coral,coral_bce,0.0,session_balanced,adamw,0.0003,0.05,cosine,5,60,5.0,True,full,raw,full_frame,dataset_v1_1,fp16,2,resnet50,0,3,base,a,0e7bb4fc52eb,1.0,1.0,1.0,1.0,1.0,1.0,1.0,1.0,1.0,1.0,67,1.0,1.0,1.0,57,1.0,1.0,1.0,62,1.0,0.0,1.0,1.0,4.658625677604168e-05,1.7068688923969025e-08,0.9999534192905631,0.9999534192905631,NA,-4.658070943686088e-05,4.658070943686088e-05,4.658070943686088e-05,4.658070943686088e-05,58.256410256410255,99.0,80.0,5787.287551999999,5787.287552,76.74358974358974,78.0,54.0475641025641,85.574,1272.6923076923076,5000.0,4.0,2259.281112307526,23459.94141868257,0.0,0.0,0.0,473.1043839999998,473.104384,39.84615384615385,40.0,10.092051282051283,10.655,300.0,405.0,1.0,427.1186216046831,4427.725192377814,66.76153846153846,73.4,3.8929699971282057,4.02444288,14.5,2.876666696205128,2.876686336,25.513852928,0.0,2686.3997339122093,0.7462221483089471,0.5320563917442792,713.0,700,Tesla T4,16106.12736,70.0,GPU-09703f0f-5a56-b2a1-197a-1eeeacb4ef23,Tesla T4,16106.12736,70.0,GPU-16cf2aa1-02ff-6825-3dc0-a53c2e3c612b,580.159.04,1.0,57,1.0,2,1.0,60,1.0,67
a-resnet50-base-f0-s3,a,resnet50,base,0,3,51,4029,128928,1787822804.6073492,1787822846.6474335,2026-08-27T09:26:44Z,2026-08-27T09:27:26Z,acct2,1,6106a7,Interactive,0e7bb4fc52eb,v2,3.6271644439348394e-05,1.0,3.864887008280822e-05,1.9388088432033443e-05,0.0005469913000835524,0.005604616831988096,0.0001756521814968437,0.0025558123365044573,0.0051062967348843805,0.0,1063.4953234755762,9.971943894322549e-12,32768.0,0,0,42.02235221862793,38.288007974624634,3.73319935798645,16.382364749908447,20.476181030273438,19.045693397521973,1.1780104637145996,0.3898488277066597,0.27558533753020853,0.27515411376953125,0.27803449630737304,0.2880010795593262,66.0258951490877,23512130,23512130,2186.980117082596,140241.65362603054,60,384,32,coral,coral_bce,0.0,session_balanced,adamw,0.0003,0.05,cosine,5,60,5.0,True,full,raw,full_frame,dataset_v1_1,fp16,2,resnet50,0,3,base,a,0e7bb4fc52eb,1.0,1.0,1.0,1.0,1.0,1.0,1.0,1.0,1.0,1.0,67,1.0,1.0,1.0,57,1.0,1.0,1.0,62,1.0,0.0,1.0,1.0,4.624412949958913e-05,1.4529816955009046e-08,0.9999537605752227,0.9999537605752227,NA,-4.62394247773279e-05,4.62394247773279e-05,4.62394247773279e-05,4.62394247773279e-05,49.43589743589744,99.0,48.0,5787.287551999999,5787.287552,77.15384615384616,78.0,54.957102564102556,88.731,1236.5384615384614,5000.0,4.0,2283.811738999124,25777.225191713325,0.0,0.0,0.0,473.1043839999998,473.104384,40.0,40.0,10.112410256410257,11.152,300.0,405.0,1.0,426.0800592327096,4862.631084504132,66.83846153846153,73.0,3.90018147774359,4.01463296,14.5,2.8767257206153856,2.87674368,25.513852928,0.0,2709.8917982318335,0.7527477217310649,0.5367091255942492,713.0,700,Tesla T4,16106.12736,70.0,GPU-09703f0f-5a56-b2a1-197a-1eeeacb4ef23,Tesla T4,16106.12736,70.0,GPU-16cf2aa1-02ff-6825-3dc0-a53c2e3c612b,580.159.04,1.0,57,1.0,2,1.0,60,1.0,67
a-resnet50-base-f0-s3,a,resnet50,base,0,3,52,4108,131456,1787822847.2643032,1787822888.9180324,2026-08-27T09:27:27Z,2026-08-27T09:28:08Z,acct2,1,6106a7,Interactive,0e7bb4fc52eb,v2,3.0918088386782456e-05,1.0,3.2715533672173125e-05,1.5390235696296265e-05,0.0004190575282451921,0.002917868085205555,0.0001773391559254378,0.001478963706176724,0.0028524467442184688,0.0,1063.43408979944,6.06468627615386e-12,32768.0,0,0,41.63194751739502,37.89526319503784,3.734374761581421,15.966167449951172,20.4533908367157,18.969411611557007,1.2337629795074463,0.38350758016496944,0.2758849059479146,0.2755868434906006,0.27807059288024905,0.2881224775314331,66.71018451538362,23512130,23512130,2228.612064599991,142936.8374358863,60,384,32,coral,coral_bce,0.0,session_balanced,adamw,0.0003,0.05,cosine,5,60,5.0,True,full,raw,full_frame,dataset_v1_1,fp16,2,resnet50,0,3,base,a,0e7bb4fc52eb,1.0,1.0,1.0,1.0,1.0,1.0,1.0,1.0,1.0,1.0,67,1.0,1.0,1.0,57,1.0,1.0,1.0,62,1.0,0.0,1.0,1.0,3.9309921759093775e-05,8.998303019623993e-09,0.9999606929799562,0.9999606929799562,NA,-3.93070200438439e-05,3.93070200438439e-05,3.93070200438439e-05,3.93070200438439e-05,46.76923076923077,99.0,43.0,5787.287551999999,5787.287552,77.35897435897436,79.0,59.50748717948719,98.467,1280.0,5000.0,4.0,2273.933258874229,28077.680757263464,0.0,0.0,0.0,473.1043839999998,473.104384,40.0,40.0,10.089512820512823,10.456,300.0,405.0,1.0,421.2505509815219,5290.823702982431,67.29743589743589,75.6,3.9313585493333325,4.078440448,14.6,2.876752607179486,2.87676416,25.513852928,0.0,2695.183809855751,0.7486621694043752,0.5337961267853196,713.0,688,Tesla T4,16106.12736,70.0,GPU-09703f0f-5a56-b2a1-197a-1eeeacb4ef23,Tesla T4,16106.12736,70.0,GPU-16cf2aa1-02ff-6825-3dc0-a53c2e3c612b,580.159.04,1.0,57,1.0,2,1.0,60,1.0,67
a-resnet50-base-f0-s3,a,resnet50,base,0,3,53,4187,133984,1787822889.5552506,1787822931.7245073,2026-08-27T09:28:09Z,2026-08-27T09:28:51Z,acct2,1,6106a7,Interactive,0e7bb4fc52eb,v2,3.670033919937666e-05,1.0,3.604630902735016e-05,1.1831452032772498e-05,0.0006253188622867117,0.016905538737773895,0.00017081618716474622,0.0015930851572193146,0.006074609085917457,0.0,1063.386111825562,6.957425945343492e-12,32768.0,0,0,42.14898753166199,38.44195818901062,3.705089569091797,16.54127860069275,20.450833559036255,19.009321928024292,1.2034392356872559,0.39244782779816645,0.2755501904065096,0.2751295566558838,0.2778475284576416,0.2883357334136963,65.76147831935049,23512130,23512130,2270.761052131653,145660.34275621024,60,384,32,coral,coral_bce,0.0,session_balanced,adamw,0.0003,0.05,cosine,5,60,5.0,True,full,raw,full_frame,dataset_v1_1,fp16,2,resnet50,0,3,base,a,0e7bb4fc52eb,1.0,1.0,1.0,1.0,1.0,1.0,1.0,1.0,1.0,1.0,67,1.0,1.0,1.0,57,1.0,1.0,1.0,62,1.0,0.0,1.0,1.0,4.131996232171009e-05,1.1946984322208983e-08,0.9999586837266081,0.9999586837266081,NA,-4.1316273391878156e-05,4.1316273391878156e-05,4.1316273391878156e-05,4.1316273391878156e-05,59.225,99.0,73.0,5787.287552,5787.287552,77.075,78.0,54.597075,90.498,1222.5,5000.0,4.0,2296.5045729119956,30408.44375058347,0.0,0.0,0.0,473.10438400000004,473.104384,40.0,40.0,10.071525,10.754,300.0,405.0,1.0,427.0007474119602,5725.758662617206,66.35249999999999,73.9,3.8749801472,3.972624384,14.3,2.8777310208,2.914779136,25.570484224,0.0,2723.505320323956,0.7565292556455433,0.5394053592752723,713.0,702,Tesla T4,16106.12736,70.0,GPU-09703f0f-5a56-b2a1-197a-1eeeacb4ef23,Tesla T4,16106.12736,70.0,GPU-16cf2aa1-02ff-6825-3dc0-a53c2e3c612b,580.159.04,1.0,57,1.0,2,1.0,60,1.0,67
a-resnet50-base-f0-s3,a,resnet50,base,0,3,54,4266,136512,1787822932.3693833,1787822974.9486735,2026-08-27T09:28:52Z,2026-08-27T09:29:34Z,acct2,1,6106a7,Interactive,0e7bb4fc52eb,v2,3.290935011781458e-05,1.0,3.981993133263415e-05,8.723345454071307e-06,0.0006352237413218834,0.023466091603040695,0.00019702450663316995,0.0013965517166070632,0.0072140315035357835,0.0,1063.34978636341,5.211150843533094e-12,32768.0,0,0,42.55998182296753,38.78119993209839,3.7767038345336914,16.891618251800537,20.471168756484985,19.014902114868164,1.1740870475769043,0.39688969610144337,0.2753396336036392,0.2751016616821289,0.2774174690246582,0.2832946825027466,65.18622436712246,23512130,23512130,2313.3210339546204,148420.19675173558,60,384,32,coral,coral_bce,0.0,session_balanced,adamw,0.0003,0.05,cosine,5,60,5.0,True,full,raw,full_frame,dataset_v1_1,fp16,2,resnet50,0,3,base,a,0e7bb4fc52eb,1.0,1.0,1.0,1.0,1.0,1.0,1.0,1.0,1.0,1.0,67,1.0,1.0,1.0,57,1.0,1.0,1.0,62,1.0,0.0,1.0,1.0,4.478727601507732e-05,1.6409813147840412e-08,0.9999552176844689,0.9999552176844689,NA,-4.478231553106671e-05,4.478231553106671e-05,4.478231553106671e-05,4.478231553106671e-05,54.3,99.0,66.0,5787.287552,5787.287552,77.05,79.0,57.33027499999999,92.525,1293.75,5000.0,4.0,2326.7742602352955,32772.63640689234,0.0,0.0,0.0,473.10438400000004,473.104384,40.0,40.0,10.14085,10.953,300.0,405.0,1.0,433.0797352900545,6167.403901496653,66.47999999999999,78.8,3.9105934336000003,4.035694592,14.5,2.8777059328,2.910941184,25.570484224,0.0,2759.85399552535,0.7666261098681528,0.5466044163359929,713.0,708,Tesla T4,16106.12736,70.0,GPU-09703f0f-5a56-b2a1-197a-1eeeacb4ef23,Tesla T4,16106.12736,70.0,GPU-16cf2aa1-02ff-6825-3dc0-a53c2e3c612b,580.159.04,1.0,57,1.0,2,1.0,60,1.0,67
a-resnet50-base-f0-s3,a,resnet50,base,0,3,55,4345,139040,1787822975.5593297,1787823017.5176725,2026-08-27T09:29:35Z,2026-08-27T09:30:17Z,acct2,1,6106a7,Interactive,0e7bb4fc52eb,v2,2.657122730783204e-05,1.0,8.158331877989293e-05,6.076053957825411e-06,0.0003860785815924851,0.006413150113075972,0.00014882184041198343,0.0010675838217139235,0.005438391491770743,0.0,1063.3237695776256,2.2061335980935083e-12,32768.0,0,0,41.941200971603394,38.20088768005371,3.7389349937438965,16.325990200042725,20.419235467910767,18.924081802368164,1.2093799114227295,0.3892590059854595,0.27516591096226173,0.27469801902770996,0.27692112922668455,0.2904980134963989,66.17647268233442,23512130,23512130,2355.2622349262238,151121.00921416294,60,384,32,coral,coral_bce,0.0,session_balanced,adamw,0.0003,0.05,cosine,5,60,5.0,True,full,raw,full_frame,dataset_v1_1,fp16,2,resnet50,0,3,base,a,0e7bb4fc52eb,1.0,1.0,1.0,1.0,1.0,1.0,1.0,1.0,1.0,1.0,67,1.0,1.0,1.0,57,1.0,1.0,1.0,62,1.0,0.0,1.0,1.0,9.801745085325778e-05,9.268866564978082e-08,0.9999020125276299,0.9999020125276299,NA,-9.798747237010907e-05,9.798747237010907e-05,9.798747237010907e-05,9.798747237010907e-05,55.205128205128204,99.0,70.0,5787.287551999999,5787.287552,76.64102564102564,78.0,54.562051282051286,87.534,1264.6153846153845,5000.0,4.0,2274.1901649956635,35083.87650160649,0.0,0.0,0.0,473.1043839999998,473.104384,40.0,40.0,10.074153846153848,10.953,300.0,405.0,1.0,426.62229743170246,6602.724399197577,66.66923076923075,72.7,3.919627185230769,4.034666496,14.5,2.8772182908717947,2.888400896,25.570484224,0.0,2700.812462427366,0.7502256840076017,0.53491091269742,713.0,698,Tesla T4,16106.12736,70.0,GPU-09703f0f-5a56-b2a1-197a-1eeeacb4ef23,Tesla T4,16106.12736,70.0,GPU-16cf2aa1-02ff-6825-3dc0-a53c2e3c612b,580.159.04,1.0,57,1.0,2,1.0,60,1.0,67
a-resnet50-base-f0-s3,a,resnet50,base,0,3,56,4424,141568,1787823018.1645243,1787823059.4660928,2026-08-27T09:30:18Z,2026-08-27T09:30:59Z,acct2,1,6106a7,Interactive,0e7bb4fc52eb,v2,3.703341710632553e-05,1.0,2.1585588734934946e-05,3.8982124586499795e-06,0.0007845240759453663,0.03513059392571449,0.00013261828280519694,0.0020760143641382436,0.009903401932679079,0.0,1063.306049085764,2.8761630102552142e-12,32768.0,0,0,41.285563707351685,37.561716079711914,3.7214531898498535,15.630758047103882,20.492448329925537,19.003947496414185,1.194511890411377,0.37860105672532035,0.2758548893506014,0.27515721321105957,0.2779975891113281,0.28801493167877196,67.30256931379768,23512130,23512130,2396.5477986335754,153803.74548379576,60,384,32,coral,coral_bce,0.0,session_balanced,adamw,0.0003,0.05,cosine,5,60,5.0,True,full,raw,full_frame,dataset_v1_1,fp16,2,resnet50,0,3,base,a,0e7bb4fc52eb,1.0,1.0,1.0,1.0,1.0,1.0,1.0,1.0,1.0,1.0,67,1.0,1.0,1.0,57,1.0,1.0,1.0,62,1.0,0.0,1.0,1.0,2.4458750544463878e-05,4.2336483831269205e-09,0.9999755425478822,0.9999755425478822,NA,-2.44574521177654e-05,2.44574521177654e-05,2.44574521177654e-05,2.44574521177654e-05,56.473684210526315,99.0,74.5,5787.287551999999,5787.287552,77.28947368421052,79.0,56.65676315789474,77.101,1222.5,5000.0,4.0,2264.583464863317,37376.87808738379,0.0,0.0,0.0,473.1043839999998,473.104384,40.0,40.0,10.087763157894736,10.655,300.0,405.0,1.0,418.1528047695092,7028.123727813237,67.71315789473682,74.0,3.9253599932631587,4.08838144,14.7,2.879427961263158,2.925645824,25.570484224,0.0,2682.7362696328264,0.7452045193424518,0.5313308222911681,713.0,686,Tesla T4,16106.12736,70.0,GPU-09703f0f-5a56-b2a1-197a-1eeeacb4ef23,Tesla T4,16106.12736,70.0,GPU-16cf2aa1-02ff-6825-3dc0-a53c2e3c612b,580.159.04,1.0,57,1.0,2,1.0,60,1.0,67
a-resnet50-base-f0-s3,a,resnet50,base,0,3,57,4503,144096,1787823060.0861223,1787823101.5461793,2026-08-27T09:31:00Z,2026-08-27T09:31:41Z,acct2,1,6106a7,Interactive,0e7bb4fc52eb,v2,3.060880719860069e-05,1.0,2.8967812228387706e-05,2.1969246228460523e-06,0.0004949911167904811,0.009456557221710682,0.0001624702417757362,0.0014395903330296277,0.005734288608655328,0.0,1063.2953116927417,1.0227245061730456e-12,32768.0,0,0,41.440919160842896,37.77347779273987,3.6660375595092773,15.896663904190063,20.438480615615845,18.9636812210083,1.1877622604370117,0.38359824603530174,0.27516242824023285,0.27530455589294434,0.2773126602172852,0.2791389274597168,66.92526470215263,23512130,23512130,2437.9887177944183,156497.31693273314,60,384,32,coral,coral_bce,0.0,session_balanced,adamw,0.0003,0.05,cosine,5,60,5.0,True,full,raw,full_frame,dataset_v1_1,fp16,2,resnet50,0,3,base,a,0e7bb4fc52eb,1.0,1.0,1.0,1.0,1.0,1.0,1.0,1.0,1.0,1.0,67,1.0,1.0,1.0,57,1.0,1.0,1.0,62,1.0,0.0,1.0,1.0,3.2044275634209135e-05,9.93066502905803e-09,0.9999679586579723,0.9999679586579723,NA,-3.204134202772213e-05,3.204134202772213e-05,3.204134202772213e-05,3.204134202772213e-05,51.92307692307692,99.0,53.0,5787.287551999999,5787.287552,77.17948717948718,78.0,57.595076923076924,92.038,1222.3076923076924,5000.0,4.0,2271.782502607799,39679.47214779164,0.0,0.0,0.0,473.1043839999998,473.104384,40.0,40.0,10.091820512820513,10.854,300.0,405.0,1.0,421.78894632959145,7457.80025794505,66.7717948717949,72.7,3.923655233641025,4.046667776,14.5,2.8769525760000008,2.877014016,25.513852928,0.0,2693.5714489373904,0.7482142913714973,0.5334767897478776,713.0,688,Tesla T4,16106.12736,70.0,GPU-09703f0f-5a56-b2a1-197a-1eeeacb4ef23,Tesla T4,16106.12736,70.0,GPU-16cf2aa1-02ff-6825-3dc0-a53c2e3c612b,580.159.04,1.0,57,1.0,2,1.0,60,1.0,67
a-resnet50-base-f0-s3,a,resnet50,base,0,3,58,4582,146624,1787823102.1668446,1787823144.0408366,2026-08-27T09:31:42Z,2026-08-27T09:32:24Z,acct2,1,6106a7,Interactive,0e7bb4fc52eb,v2,2.509519404329579e-05,1.0,5.744745770840303e-05,9.777396977174666e-07,0.0004222993435937899,0.004865116905421019,0.0001998569059651345,0.0010282648378051778,0.00405392798129469,0.0,1063.2886411037339,3.8832243342980897e-13,32768.0,0,0,41.85615396499634,38.08469200134277,3.7697808742523193,16.172006368637085,20.479332447052002,19.08230996131897,1.1932811737060547,0.3863710550702171,0.2757585048675537,0.275287389755249,0.2787388801574707,0.28767349243164064,66.37837585534022,23512130,23512130,2479.8448717594147,159188.41365065155,60,384,32,coral,coral_bce,0.0,session_balanced,adamw,0.0003,0.05,cosine,5,60,5.0,True,full,raw,full_frame,dataset_v1_1,fp16,2,resnet50,0,3,base,a,0e7bb4fc52eb,1.0,1.0,1.0,1.0,1.0,1.0,1.0,1.0,1.0,1.0,67,1.0,1.0,1.0,57,1.0,1.0,1.0,62,1.0,0.0,1.0,1.0,7.449539725609451e-05,3.763027927103445e-08,0.9999255169463414,0.9999255169463414,NA,-7.448305365864716e-05,7.448305365864716e-05,7.448305365864716e-05,7.448305365864716e-05,52.41025641025641,99.0,60.0,5787.287551999999,5787.287552,76.92307692307692,78.0,53.97151282051282,90.441,1307.3076923076924,5000.0,4.0,2260.1339505331634,41971.13028034308,0.0,0.0,0.0,473.1043839999998,473.104384,40.0,40.0,10.252487179487181,10.854,300.0,405.0,1.0,430.9627673852483,7897.150908946745,67.19230769230766,73.7,3.933592444717949,4.127920128,14.8,2.8770163265641022,2.877018112,25.513852928,0.0,2691.0967179184117,0.7475268660884478,0.5329866555210632,713.0,694,Tesla T4,16106.12736,70.0,GPU-09703f0f-5a56-b2a1-197a-1eeeacb4ef23,Tesla T4,16106.12736,70.0,GPU-16cf2aa1-02ff-6825-3dc0-a53c2e3c612b,580.159.04,1.0,57,1.0,2,1.0,60,1.0,67
a-resnet50-base-f0-s3,a,resnet50,base,0,3,59,4661,149152,1787823144.670274,1787823186.2909808,2026-08-27T09:32:24Z,2026-08-27T09:33:06Z,acct2,1,6106a7,Interactive,0e7bb4fc52eb,v2,2.7104090631952735e-05,1.0,5.118618219546656e-05,2.4463441107965276e-07,0.00037916313602734224,0.0031852948013693094,0.00016332168888766319,0.001633842126466333,0.002917793989181518,0.0,1063.2859540262195,8.723556455714815e-14,32768.0,0,0,41.6016743183136,37.87126588821411,3.7285690307617188,15.937367916107178,20.461069345474243,19.085136890411377,1.2387115955352783,0.38309438687883146,0.27596632438369945,0.275052547454834,0.28023495674133303,0.2891871929168701,66.7524557394512,23512130,23512130,2521.4465460777283,161906.9168666451,60,384,32,coral,coral_bce,0.0,session_balanced,adamw,0.0003,0.05,cosine,5,60,5.0,True,full,raw,full_frame,dataset_v1_1,fp16,2,resnet50,0,3,base,a,0e7bb4fc52eb,1.0,1.0,1.0,1.0,1.0,1.0,1.0,1.0,1.0,1.0,67,1.0,1.0,1.0,57,1.0,1.0,1.0,62,1.0,0.0,1.0,1.0,5.794963471728232e-05,4.0107138147687104e-08,0.9999420626830029,0.9999420626830029,NA,-5.793731699710314e-05,5.793731699710314e-05,5.793731699710314e-05,5.793731699710314e-05,49.55263157894737,99.0,58.5,5787.287551999999,5787.287552,77.15789473684211,78.0,58.650815789473675,94.627,1229.2105263157894,5000.0,4.0,2287.017710512322,44288.761307458575,0.0,0.0,0.0,473.1043839999998,473.104384,40.0,40.0,10.338684210526315,11.052,300.0,405.0,1.0,431.4855054812424,8336.13285836672,67.75526315789473,73.5,3.9505166551578945,4.098080768,14.7,2.877023609263158,2.877038592,25.513852928,0.0,2718.5032159935645,0.7551397822204345,0.5384146647231698,713.0,694,Tesla T4,16106.12736,70.0,GPU-09703f0f-5a56-b2a1-197a-1eeeacb4ef23,Tesla T4,16106.12736,70.0,GPU-16cf2aa1-02ff-6825-3dc0-a53c2e3c612b,580.159.04,1.0,57,1.0,2,1.0,60,1.0,67
a-resnet50-base-f0-s3,a,resnet50,base,0,3,60,4740,151680,1787823186.9170125,1787823230.0785954,2026-08-27T09:33:06Z,2026-08-27T09:33:50Z,acct2,1,6106a7,Interactive,0e7bb4fc52eb,v2,2.7335975418385645e-05,1.0,5.207303303406309e-05,0.0,0.0004099721663806122,0.009628165513277054,0.00013148011930752546,0.0011582573410123575,0.0038924026442691603,0.0,1063.285953240351,0.0,32768.0,0,0,43.14268231391907,39.471518754959106,3.6698198318481445,17.503666877746582,20.471936225891113,18.91983151435852,1.2403440475463867,0.4057157770206466,0.2761801435977598,0.2754478454589844,0.28028302192687987,0.2894692611694336,64.04618012531854,23512130,23512130,2564.5892283916473,164720.6072841978,60,384,32,coral,coral_bce,0.0,session_balanced,adamw,0.0003,0.05,cosine,5,60,5.0,True,full,raw,full_frame,dataset_v1_1,fp16,2,resnet50,0,3,base,a,0e7bb4fc52eb,1.0,1.0,1.0,1.0,1.0,1.0,1.0,1.0,1.0,1.0,67,1.0,1.0,1.0,57,1.0,1.0,1.0,62,1.0,0.0,1.0,1.0,6.799828936012879e-05,2.8309036061948774e-08,0.9999320109685262,0.9999320109685262,NA,-6.798903147375857e-05,6.798903147375857e-05,6.798903147375857e-05,6.798903147375857e-05,42.65,98.0,30.0,5787.287552,5787.287552,77.025,78.0,54.082325000000004,93.264,1354.125,5000.0,4.0,2366.683483794208,46684.285234334646,0.0,0.0,0.0,473.10438400000004,473.104384,40.0,40.0,10.25765,11.052,300.0,405.0,1.0,447.0069337584846,8790.823763255337,70.155,91.8,4.050580070400001,4.543578112,16.0,2.94345472,3.401306112,25.98545408,0.0,2813.6904175526925,0.7815806715424146,0.5572670188097416,713.0,712,Tesla T4,16106.12736,70.0,GPU-09703f0f-5a56-b2a1-197a-1eeeacb4ef23,Tesla T4,16106.12736,70.0,GPU-16cf2aa1-02ff-6825-3dc0-a53c2e3c612b,580.159.04,1.0,57,1.0,2,1.0,60,1.0,67
