run_id,stage,arch,technique,fold,seed,epoch,global_step,samples_seen,ts_start,ts_end,iso_start,iso_end,account,worker_id,session_id,host,config_hash,lib_version,train_loss,train_acc,val_loss,lr_group0,grad_norm_mean,grad_norm_max,grad_norm_p50,grad_norm_p95,grad_norm_p99,grad_clip_hit_rate,weight_norm_total,update_to_weight_ratio,amp_scale,amp_scale_decreases,nan_or_inf_batches,epoch_seconds,train_seconds,val_seconds,dataload_seconds,compute_seconds,backward_seconds,optimizer_seconds,dataload_frac,step_time_mean,step_time_p50,step_time_p90,step_time_p99,images_per_second,n_params_total,n_params_trainable,wall_seconds_cumulative,energy_joules_cumulative,epochs_planned,cfg_input_resolution,cfg_batch_size,cfg_head_type,cfg_loss_name,cfg_label_smoothing,cfg_sampler_name,cfg_optimizer_name,cfg_lr_initial,cfg_weight_decay,cfg_scheduler_name,cfg_warmup_epochs,cfg_max_epochs,cfg_grad_clip,cfg_pretrained,cfg_finetune_depth,cfg_preprocessing,cfg_roi_mode,cfg_augment_policy,cfg_precision,cfg_num_workers,cfg_arch,cfg_fold,cfg_seed,cfg_technique,cfg_stage,cfg_config_hash,val_acc,val_balanced_acc,val_f1_macro,val_f1_micro,val_f1_weighted,val_precision_macro,val_recall_macro,val_f1_low,val_recall_low,val_precision_low,val_support_low,val_f1_mid,val_recall_mid,val_precision_mid,val_support_mid,val_f1_high,val_recall_high,val_precision_high,val_support_high,val_qwk,val_mae_class,val_cohen_kappa,val_mcc,val_nll,val_brier,val_mean_confidence,val_mean_confidence_correct,val_mean_confidence_incorrect,val_overconfidence_gap,val_ece,val_mce,val_ace,gpu0_util_mean,gpu0_util_max,gpu0_util_p50,gpu0_mem_used_mb_mean,gpu0_mem_used_mb_peak,gpu0_temp_c_mean,gpu0_temp_c_max,gpu0_power_w_mean,gpu0_power_w_max,gpu0_sm_clock_mhz_mean,gpu0_mem_clock_mhz_mean,gpu0_throttle_reasons,gpu0_energy_joules_epoch,gpu0_energy_joules_cumulative,gpu1_util_mean,gpu1_util_max,gpu1_util_p50,gpu1_mem_used_mb_mean,gpu1_mem_used_mb_peak,gpu1_temp_c_mean,gpu1_temp_c_max,gpu1_power_w_mean,gpu1_power_w_max,gpu1_sm_clock_mhz_mean,gpu1_mem_clock_mhz_mean,gpu1_throttle_reasons,gpu1_energy_joules_epoch,gpu1_energy_joules_cumulative,cpu_percent_mean,cpu_percent_max,ram_used_gb_mean,ram_used_gb_peak,ram_percent_peak,proc_rss_gb_mean,proc_rss_gb_peak,proc_vms_gb_peak,swap_used_gb_peak,energy_joules_epoch,energy_wh_epoch,co2_g_epoch,carbon_intensity_g_per_kwh,power_sample_count,gpu0_name,gpu0_mem_total_mb,gpu0_power_limit_w,gpu0_uuid,gpu1_name,gpu1_mem_total_mb,gpu1_power_limit_w,gpu1_uuid,gpu_driver,val_acc_session_mileage_000100_005000__session_001,val_n_session_mileage_000100_005000__session_001,val_acc_session_mileage_070000__session_001,val_n_session_mileage_070000__session_001,val_acc_session_mileage_100000_plus__session_001,val_n_session_mileage_100000_plus__session_001,val_acc_session_mileage_100000_plus__session_005,val_n_session_mileage_100000_plus__session_005
a-resnet50-base-f2-s2,a,resnet50,base,2,2,1,107,3424,1787789013.3860068,1787789074.7164087,2026-08-27T00:03:33Z,2026-08-27T00:04:34Z,acct3,2,d8279d,Interactive,66ac3b15dc46,v2,0.6397918863831279,0.5379672897196262,0.5791020897718576,6e-05,0.90667828945356,2.612966060638428,0.8433007001876831,1.411324632167815,2.1761465406417835,0.0,1095.441010165223,4.9661001242785736e-08,65536.0,0,0,61.30941438674927,58.31257510185242,2.9953854084014893,26.53261613845825,30.45799469947815,28.49779462814331,0.988678216934204,0.4327657734762626,0.2953481250834242,0.2951924800872803,0.3035584449768066,0.3186657524108886,58.71803798785126,23512130,23512130,61.30941438674927,3989.053316941977,60,384,32,coral,coral_bce,0.0,session_balanced,adamw,0.0003,0.05,cosine,5,60,5.0,True,full,raw,full_frame,dataset_v1_1,fp16,2,resnet50,2,2,base,a,66ac3b15dc46,0.8076923076923077,0.6666666666666666,0.6049382716049383,0.8076923076923077,0.7293447293447293,0.5625,0.6666666666666666,1.0,1.0,1.0,40,0.0,0.0,0.0,20,0.8148148148148148,1.0,0.6875,44,0.8925619834710744,0.1923076923076923,0.675,0.7278712191232093,0.8298833611603484,0.5016786390198156,0.4666435039387299,0.4876788162759372,0.3782951921224594,-0.3410488037535777,0.4865469545699082,0.5345517694950104,0.4865469545699082,55.23214285714285,99.0,77.5,5795.676160000001,5795.67616,77.80357142857143,81.0,55.60144642857144,91.497,1062.053571428571,5000.0,4.0,3381.372942629577,3388.566730583431,0.0,0.0,0.0,473.1043840000001,473.104384,40.142857142857146,41.0,9.848107142857144,10.225,300.0,405.0,1.0,607.6803743124002,609.910931193828,63.13392857142857,73.7,3.511924736,3.891113984,14.1,2.897284534857143,2.940035072,26.505375744,0.0,3989.053316941977,1.108070365817216,0.790054170827675,713.0,1016,Tesla T4,16106.12736,70.0,GPU-f4a9a89f-cc24-d2f7-853e-1956f46933e2,Tesla T4,16106.12736,70.0,GPU-4d9a218d-2ddc-11de-006c-46c1d217053d,580.159.04,1.0,40,0.0,20,1.0,3,1.0,41
a-resnet50-base-f2-s2,a,resnet50,base,2,2,2,214,6848,1787789075.4557166,1787789134.3082006,2026-08-27T00:04:35Z,2026-08-27T00:05:34Z,acct3,2,d8279d,Interactive,66ac3b15dc46,v2,0.2226187256382447,0.9757593457943924,0.1176717523485422,0.0001199999999999,0.7359624832311523,3.8691017627716064,0.7119612693786621,1.3977106332778928,3.2778556346893284,0.0,1095.0065443598346,8.06529407907507e-08,65536.0,0,0,58.83608818054199,56.21371626853943,2.621340036392212,24.858142852783203,30.048341512680054,28.14890432357788,0.9785382747650146,0.4224982255194215,0.2913467973192161,0.2909016609191894,0.2948853969573974,0.3041063499450683,60.91040100681399,23512130,23512130,120.14550256729126,7830.175100897313,60,384,32,coral,coral_bce,0.0,session_balanced,adamw,0.0003,0.05,cosine,5,60,5.0,True,full,raw,full_frame,dataset_v1_1,fp16,2,resnet50,2,2,base,a,66ac3b15dc46,1.0,1.0,1.0,1.0,1.0,1.0,1.0,1.0,1.0,1.0,40,1.0,1.0,1.0,20,1.0,1.0,1.0,44,1.0,0.0,1.0,1.0,0.1867507175927247,0.05820471556833,0.8353632785953008,0.8353632785953008,,-0.1646367214046992,0.1646367214046991,0.2933275825098941,0.1646367214046991,53.07407407407408,99.0,53.5,5701.964534518523,5787.287552,76.77777777777777,78.0,54.771259259259246,90.682,1126.6666666666667,5000.0,4.0,3255.5491606130604,6687.127940702679,0.0,0.0,0.0,473.1043839999999,473.104384,40.0,40.0,9.850685185185185,10.225,300.0,405.0,1.0,585.5726233422763,1204.7436101109984,65.32037037037036,76.3,3.912434498370371,4.078600192,14.7,2.895380024888888,2.918150144,26.530660352,0.0,3841.121783955337,1.0669782733209268,0.7607555088778207,713.0,978,Tesla T4,16106.12736,70.0,GPU-f4a9a89f-cc24-d2f7-853e-1956f46933e2,Tesla T4,16106.12736,70.0,GPU-4d9a218d-2ddc-11de-006c-46c1d217053d,580.159.04,1.0,40,1.0,20,1.0,3,1.0,41
a-resnet50-base-f2-s2,a,resnet50,base,2,2,3,321,10272,1787789135.474055,1787789194.4548051,2026-08-27T00:05:35Z,2026-08-27T00:06:34Z,acct3,2,d8279d,Interactive,66ac3b15dc46,v2,0.0170288821704093,0.9982476635514018,0.0934044448658824,0.0001799999999999,0.1521161657314155,1.5748043060302734,0.102597452700138,0.437400972843169,0.8540545475482937,0.0,1094.2476770636074,2.5022588949085958e-08,65536.0,0,0,58.96343803405762,55.99961519241333,2.962299346923828,24.801217317581177,29.86358118057251,28.01689410209656,1.0062696933746338,0.4206202715529554,0.2899340669685435,0.2894423007965088,0.2926078796386718,0.3028519248962402,61.14327729280315,23512130,23512130,179.10894060134888,11673.946460960618,60,384,32,coral,coral_bce,0.0,session_balanced,adamw,0.0003,0.05,cosine,5,60,5.0,True,full,raw,full_frame,dataset_v1_1,fp16,2,resnet50,2,2,base,a,66ac3b15dc46,1.0,1.0,1.0,1.0,1.0,1.0,1.0,1.0,1.0,1.0,40,1.0,1.0,1.0,20,1.0,1.0,1.0,44,1.0,0.0,1.0,1.0,0.1480663719962486,0.0443665473411252,0.8686825203207823,0.8686825203207823,,-0.1313174796792177,0.1313174796792176,0.3448437650998434,0.1313174796792176,45.14545454545455,99.0,51.0,5787.287552000003,5787.287552,76.81818181818181,78.0,54.76336363636363,98.508,1116.8181818181818,5000.0,4.0,3247.8062719428444,9991.442755380143,0.0,0.0,0.0,473.1043839999999,473.104384,40.0,40.0,10.016745454545454,10.423,300.0,405.0,1.0,595.96508812046,1813.654887025356,63.745454545454535,74.7,3.9666580014545456,4.05526528,14.7,2.895332891927272,2.915987456,26.530660352,0.0,3843.771360063304,1.0677142666842512,0.761280272145871,713.0,980,Tesla T4,16106.12736,70.0,GPU-f4a9a89f-cc24-d2f7-853e-1956f46933e2,Tesla T4,16106.12736,70.0,GPU-4d9a218d-2ddc-11de-006c-46c1d217053d,580.159.04,1.0,40,1.0,20,1.0,3,1.0,41
a-resnet50-base-f2-s2,a,resnet50,base,2,2,4,428,13696,1787789194.9955082,1787789253.6121316,2026-08-27T00:06:34Z,2026-08-27T00:07:33Z,acct3,2,d8279d,Interactive,66ac3b15dc46,v2,0.0044805234554876,0.9997079439252337,0.0924164892639964,0.0002399999999999,0.0646695834323415,1.861876130104065,0.0247680768370628,0.1074874520301818,1.2828807309269878,0.0,1093.2046764781535,1.4197432884904184e-08,65536.0,0,0,58.60008239746094,55.870720624923706,2.7284047603607178,24.763405323028564,29.790646076202396,27.88970232009888,0.9925343990325928,0.4225831143899813,0.2890978193728723,0.2889163494110107,0.292314863204956,0.3042392015457153,61.2843357254384,23512130,23512130,237.7090229988098,15502.353590844166,60,384,32,coral,coral_bce,0.0,session_balanced,adamw,0.0003,0.05,cosine,5,60,5.0,True,full,raw,full_frame,dataset_v1_1,fp16,2,resnet50,2,2,base,a,66ac3b15dc46,1.0,1.0,1.0,1.0,1.0,1.0,1.0,1.0,1.0,1.0,40,1.0,1.0,1.0,20,1.0,1.0,1.0,44,1.0,0.0,1.0,1.0,0.1421985364563729,0.0489480495863286,0.8773862335544366,0.8773862335544366,,-0.1226137664455634,0.1226137664455634,0.4107284545898437,0.1226137664455634,56.94545454545455,99.0,70.0,5787.287552000003,5787.287552,77.25454545454545,78.0,58.33801818181817,93.919,1075.090909090909,5000.0,4.0,3231.007142358796,13250.087906719216,0.0,0.0,0.0,473.1043839999999,473.104384,40.0,40.0,10.188563636363638,11.115,300.0,405.0,1.0,597.3999875247523,2418.083764632229,64.14545454545454,75.2,4.052131169745454,4.21629952,15.0,2.8949503999999995,2.8949504,26.474029056,0.0,3828.407129883549,1.0634464249676523,0.758237301001936,713.0,974,Tesla T4,16106.12736,70.0,GPU-f4a9a89f-cc24-d2f7-853e-1956f46933e2,Tesla T4,16106.12736,70.0,GPU-4d9a218d-2ddc-11de-006c-46c1d217053d,580.159.04,1.0,40,1.0,20,1.0,3,1.0,41
a-resnet50-base-f2-s2,a,resnet50,base,2,2,5,535,17120,1787789254.1455104,1787789314.3530035,2026-08-27T00:07:34Z,2026-08-27T00:08:34Z,acct3,2,d8279d,Interactive,66ac3b15dc46,v2,0.001789034323856,1.0,0.106187136297544,0.0003,0.0214080604306796,0.1948891580104828,0.010262856259942,0.0861899770796298,0.187325150668621,0.0,1091.8620679021562,5.8820782569574685e-09,65536.0,0,0,60.18889617919922,57.374791622161865,2.8132107257843018,26.611071348190308,29.466952562332157,27.58516263961792,0.9651813507080078,0.4421259241731513,0.2859036031170426,0.2858726978302002,0.2891920089721679,0.29229172706604,59.67777665404939,23512130,23512130,297.89791917800903,19418.08283884241,60,384,32,coral,coral_bce,0.0,session_balanced,adamw,0.0003,0.05,cosine,5,60,5.0,True,full,raw,full_frame,dataset_v1_1,fp16,2,resnet50,2,2,base,a,66ac3b15dc46,1.0,1.0,1.0,1.0,1.0,1.0,1.0,1.0,1.0,1.0,40,1.0,1.0,1.0,20,1.0,1.0,1.0,44,1.0,0.0,1.0,1.0,0.1690084141329784,0.0735497335817455,0.8620555314880151,0.8620555314880151,,-0.1379444685119849,0.1379444685119849,0.484129786491394,0.1379444685119849,82.41071428571429,99.0,97.5,5787.287552000001,5787.287552,76.89285714285714,78.0,60.24696428571429,90.141,1037.678571428571,5000.0,4.0,3309.6003930843,16592.351922107475,0.0,0.0,0.0,473.1043840000001,473.104384,40.0,40.0,10.051767857142858,10.818,300.0,405.0,1.0,606.1288549139472,3031.63332535124,64.34821428571429,73.3,3.9595293257142856,4.054884352,14.6,2.8949503999999995,2.8949504,26.474029056,0.0,3915.729247998247,1.087702568888402,0.7755319316174306,713.0,1004,Tesla T4,16106.12736,70.0,GPU-f4a9a89f-cc24-d2f7-853e-1956f46933e2,Tesla T4,16106.12736,70.0,GPU-4d9a218d-2ddc-11de-006c-46c1d217053d,580.159.04,1.0,40,1.0,20,1.0,3,1.0,41
a-resnet50-base-f2-s2,a,resnet50,base,2,2,6,642,20544,1787789314.9054518,1787789373.7935734,2026-08-27T00:08:34Z,2026-08-27T00:09:33Z,acct3,2,d8279d,Interactive,66ac3b15dc46,v2,0.0021918696404661,0.9997079439252337,0.2181864835281605,0.0002997553655889,0.0476126328119398,1.5146490335464478,0.0104349162429571,0.134488513320684,0.9999665957689268,0.0,1090.3997889508323,1.3088907664707571e-08,65536.0,0,0,58.8690128326416,55.91252064704895,2.955497980117798,25.071019172668457,29.5595977306366,27.64085841178894,0.962888240814209,0.4258780293113241,0.2866317000344535,0.2868566513061523,0.2891562461853027,0.2911606454849243,61.23851975149179,23512130,23512130,356.76693201065063,23237.454069647338,60,384,32,coral,coral_bce,0.0,session_balanced,adamw,0.0003,0.05,cosine,5,60,5.0,True,full,raw,full_frame,dataset_v1_1,fp16,2,resnet50,2,2,base,a,66ac3b15dc46,0.7019230769230769,0.7416666666666667,0.643575740155217,0.7019230769230769,0.6727065690848387,0.7973856209150326,0.7416666666666667,0.3673469387755101,0.225,1.0,40,0.5633802816901409,1.0,0.392156862745098,20,1.0,1.0,1.0,44,0.7691867124856815,0.2980769230769231,0.5701333333333332,0.6548136009871752,0.3645738846082957,0.2299457072428085,0.7878364060933774,0.9258723275302208,0.4627840749679073,0.0859133291703004,0.0926269556467349,0.5800899267196655,0.0926269556467349,56.11111111111112,99.0,56.5,5787.2875520000025,5787.287552,76.75925925925925,78.0,54.86227777777777,75.45,1111.9444444444443,5000.0,4.0,3229.353544936188,19856.416389925264,0.0,0.0,0.0,473.1043839999999,473.104384,40.0,40.0,9.959703703703704,10.621,300.0,405.0,1.0,590.0176858687378,3628.9586316859713,64.66111111111111,74.0,3.967310961777778,4.084568064,14.7,2.896333937777777,2.944888832,26.530660352,0.0,3819.3712308049257,1.0609364530013683,0.7564476909899757,713.0,980,Tesla T4,16106.12736,70.0,GPU-f4a9a89f-cc24-d2f7-853e-1956f46933e2,Tesla T4,16106.12736,70.0,GPU-4d9a218d-2ddc-11de-006c-46c1d217053d,580.159.04,0.225,40,1.0,20,1.0,3,1.0,41
a-resnet50-base-f2-s2,a,resnet50,base,2,2,7,749,23968,1787789374.348382,1787789435.806499,2026-08-27T00:09:34Z,2026-08-27T00:10:35Z,acct3,2,d8279d,Interactive,66ac3b15dc46,v2,0.0006833386076527,1.0,0.2560753350027461,0.0002990222603022,0.008669384091518,0.1055266484618187,0.0046685058623552,0.0263361046090721,0.0688858385384082,0.0,1088.9242555761018,2.38064200811e-09,65536.0,0,0,61.43986225128174,58.67175507545471,2.7671077251434326,27.897581815719604,29.44015860557556,27.287094831466675,0.983126163482666,0.4540632220433993,0.2859356470197161,0.2853856086730957,0.2904913425445556,0.2983486413955688,58.35857467697311,23512130,23512130,418.2067942619324,27207.584656434363,60,384,32,coral,coral_bce,0.0,session_balanced,adamw,0.0003,0.05,cosine,5,60,5.0,True,full,raw,full_frame,dataset_v1_1,fp16,2,resnet50,2,2,base,a,66ac3b15dc46,0.6153846153846154,0.6666666666666666,0.5,0.6153846153846154,0.5192307692307693,0.4444444444444444,0.6666666666666666,0.0,0.0,0.0,40,0.5,1.0,0.3333333333333333,20,1.0,1.0,1.0,44,0.6790123456790124,0.3846153846153846,0.4583333333333333,0.5840250605220888,0.4546107756662181,0.3071301367378266,0.8200036794520341,0.9859212655574084,0.5545355416834354,0.2046190640674187,0.2219467372275315,0.6765968203544617,0.2219467372275315,52.44642857142857,99.0,63.5,5787.287552000001,5787.287552,76.96428571428571,78.0,52.14332142857143,86.47,1243.6607142857142,5000.0,4.0,3358.079922797242,23248.66923023325,0.0,0.0,0.0,473.1043840000001,473.104384,40.0,40.0,9.906035714285716,10.225,300.0,405.0,1.0,612.050663989784,4248.639496699334,69.18035714285715,91.7,4.145733046857143,4.807745536,16.8,2.9419005805714287,3.579854848,27.187109888,0.0,3970.130586787026,1.102814051885285,0.7863064189942083,713.0,1014,Tesla T4,16106.12736,70.0,GPU-f4a9a89f-cc24-d2f7-853e-1956f46933e2,Tesla T4,16106.12736,70.0,GPU-4d9a218d-2ddc-11de-006c-46c1d217053d,580.159.04,0.0,40,1.0,20,1.0,3,1.0,41
a-resnet50-base-f2-s2,a,resnet50,base,2,2,8,856,27392,1787789436.4006033,1787789497.4496834,2026-08-27T00:10:36Z,2026-08-27T00:11:37Z,acct3,2,d8279d,Interactive,66ac3b15dc46,v2,0.0004837218895483,1.0,0.2859994311905981,0.0002978030753771,0.0076732978003891,0.1765958219766616,0.002581438049674,0.0211680110543966,0.1155337435752151,0.0,1087.453061749034,2.1013612114579833e-09,65536.0,0,0,61.03033137321472,58.17519974708557,2.854013681411743,27.490588903427124,29.365014791488647,27.32625412940979,0.973193883895874,0.450441416339619,0.2851079646672044,0.2847766876220703,0.288653564453125,0.292350172996521,58.85669520492765,23512130,23512130,479.2371256351471,31163.94466866852,60,384,32,coral,coral_bce,0.0,session_balanced,adamw,0.0003,0.05,cosine,5,60,5.0,True,full,raw,full_frame,dataset_v1_1,fp16,2,resnet50,2,2,base,a,66ac3b15dc46,0.6153846153846154,0.6666666666666666,0.5,0.6153846153846154,0.5192307692307693,0.4444444444444444,0.6666666666666666,0.0,0.0,0.0,40,0.5,1.0,0.3333333333333333,20,1.0,1.0,1.0,44,0.6790123456790124,0.3846153846153846,0.4583333333333333,0.5840250605220888,0.5258364449599255,0.3625858041223354,0.8340714848958529,0.9621594222262502,0.6291307851672172,0.2186868695112375,0.2652598883096989,0.7660936415195465,0.2652598883096989,60.785714285714285,99.0,81.5,5787.287552000001,5787.287552,77.28571428571429,78.0,63.11958928571429,93.338,990.2678571428572,5000.0,4.0,3348.4559747645326,26630.697736022958,0.0,0.0,0.0,473.1043840000001,473.104384,40.0,40.0,9.834107142857144,10.127,300.0,405.0,1.0,607.9040374696278,4863.70597640467,65.33928571428571,75.2,4.262877403428571,4.337102848,15.4,2.924531712,2.924531712,26.474029056,0.0,3956.36001223416,1.0989888922872668,0.7835790802008212,713.0,1018,Tesla T4,16106.12736,70.0,GPU-f4a9a89f-cc24-d2f7-853e-1956f46933e2,Tesla T4,16106.12736,70.0,GPU-4d9a218d-2ddc-11de-006c-46c1d217053d,580.159.04,0.0,40,1.0,20,1.0,3,1.0,41
a-resnet50-base-f2-s2,a,resnet50,base,2,2,9,963,30816,1787789498.0129216,1787789558.545163,2026-08-27T00:11:38Z,2026-08-27T00:12:38Z,acct3,2,d8279d,Interactive,66ac3b15dc46,v2,0.0002409327598372,1.0,0.268344912246483,0.0002961017875413,0.0028147839127265,0.0418189465999603,0.0016970244469121,0.0058961458504199,0.0229617387987673,0.0,1085.9932068617943,7.674657104987063e-10,65536.0,0,0,60.5133318901062,57.45434498786926,3.058015823364258,26.867384433746334,29.258044242858887,27.21917843818665,0.995474338531494,0.4439911602047994,0.2842379151103653,0.2839624881744385,0.2871188163757324,0.2926193714141846,59.59514464437691,23512130,23512130,539.7504575252533,35107.198454349294,60,384,32,coral,coral_bce,0.0,session_balanced,adamw,0.0003,0.05,cosine,5,60,5.0,True,full,raw,full_frame,dataset_v1_1,fp16,2,resnet50,2,2,base,a,66ac3b15dc46,0.6153846153846154,0.6666666666666666,0.5,0.6153846153846154,0.5192307692307693,0.4444444444444444,0.6666666666666666,0.0,0.0,0.0,40,0.5,1.0,0.3333333333333333,20,1.0,1.0,1.0,44,0.6790123456790124,0.3846153846153846,0.4583333333333333,0.5840250605220888,0.4840308977035347,0.3326257667776743,0.833459132279341,0.9873083792626858,0.5873003371059895,0.2180745168947255,0.2336949731868046,0.748354971408844,0.2336949731868046,41.07142857142857,99.0,33.0,5787.287552000001,5787.287552,76.92857142857143,78.0,53.35291071428571,92.66,1240.7142857142858,5000.0,4.0,3338.7865259370883,29999.87079304124,0.0,0.0,0.0,473.1043840000001,473.104384,40.0,40.0,9.981321428571428,10.917,300.0,405.0,1.0,604.4672597436856,5475.2047427899815,65.925,73.0,4.290201965714286,4.378959872,15.6,2.925213988571429,2.943668224,26.530660352,0.0,3943.253785680774,1.095348273800215,0.7809833192195533,713.0,1008,Tesla T4,16106.12736,70.0,GPU-f4a9a89f-cc24-d2f7-853e-1956f46933e2,Tesla T4,16106.12736,70.0,GPU-4d9a218d-2ddc-11de-006c-46c1d217053d,580.159.04,0.0,40,1.0,20,1.0,3,1.0,41
a-resnet50-base-f2-s2,a,resnet50,base,2,2,10,1070,34240,1787789566.0472538,1787789626.515393,2026-08-27T00:12:46Z,2026-08-27T00:13:46Z,acct3,2,d8279d,Interactive,66ac3b15dc46,v2,0.0002060199039988,1.0,0.2652865882169303,0.0002939239460421,0.0027634072458593,0.0566610395908355,0.0015038104029372,0.0064030181150883,0.0145732734724879,0.0,1084.5453461353832,7.489143401138403e-10,65536.0,0,0,60.449179887771606,57.644997119903564,2.803122043609619,26.870840549468998,29.464956998825077,27.35811424255371,0.9746313095092772,0.4445195220076882,0.2859322957903425,0.2846038341522217,0.2925565719604492,0.2984868955612182,59.398042693591655,23512130,23512130,600.1996374130249,38982.87142710076,60,384,32,coral,coral_bce,0.0,session_balanced,adamw,0.0003,0.05,cosine,5,60,5.0,True,full,raw,full_frame,dataset_v1_1,fp16,2,resnet50,2,2,base,a,66ac3b15dc46,0.6153846153846154,0.6666666666666666,0.5,0.6153846153846154,0.5192307692307693,0.4444444444444444,0.6666666666666666,0.0,0.0,0.0,40,0.5,1.0,0.3333333333333333,20,1.0,1.0,1.0,44,0.6790123456790124,0.3846153846153846,0.4583333333333333,0.5840250605220888,0.4737883429877563,0.3162910762682216,0.8143898495114766,0.96963076479733,0.5660043850541114,0.1990052341268612,0.2363827543763013,0.7016793290774027,0.2363827543763013,62.07142857142857,99.0,74.5,5787.287552000001,5787.287552,77.57142857142857,80.0,56.42921428571429,102.766,1080.803571428571,5000.0,4.0,3274.1556122702023,33539.8006571537,0.0,0.0,0.0,473.1043840000001,473.104384,40.25,41.0,9.87144642857143,10.917,300.0,405.0,1.0,601.5173604812671,6153.525532842398,65.54107142857143,75.5,4.283488475428571,4.33831936,15.4,2.939267949714285,2.950017024,26.530660352,0.0,3875.672972751469,1.076575825764297,0.7675985637699437,713.0,1006,Tesla T4,16106.12736,70.0,GPU-f4a9a89f-cc24-d2f7-853e-1956f46933e2,Tesla T4,16106.12736,70.0,GPU-4d9a218d-2ddc-11de-006c-46c1d217053d,580.159.04,0.0,40,1.0,20,1.0,3,1.0,41
a-resnet50-base-f2-s2,a,resnet50,base,2,2,11,1177,37664,1787789627.2566626,1787789685.3326871,2026-08-27T00:13:47Z,2026-08-27T00:14:45Z,acct3,2,d8279d,Interactive,66ac3b15dc46,v2,0.0001795659219194,1.0,0.2522834922352698,0.0002912766545459,0.0025395696613367,0.0548268109560012,0.0011232002871111,0.0088934945873915,0.0207427402772009,0.0,1083.1119896964506,6.829555595149645e-10,65536.0,0,0,58.0537223815918,55.20645189285278,2.845371723175049,24.65233016014099,29.21915102005005,27.12041282653809,0.9940319061279296,0.424646846899829,0.2839214534403008,0.2834897041320801,0.2889508724212646,0.3000524091720581,62.0217362754168,23512130,23512130,658.2533597946167,42796.064014220334,60,384,32,coral,coral_bce,0.0,session_balanced,adamw,0.0003,0.05,cosine,5,60,5.0,True,full,raw,full_frame,dataset_v1_1,fp16,2,resnet50,2,2,base,a,66ac3b15dc46,0.625,0.6749999999999999,0.5183698672429763,0.625,0.5392096326026551,0.7796610169491526,0.6749999999999999,0.048780487804878,0.025,1.0,40,0.5063291139240507,1.0,0.3389830508474576,20,1.0,1.0,1.0,44,0.689718482252142,0.375,0.4704960835509138,0.5913901994236609,0.4515858974814606,0.3038723720064819,0.8167738733956447,0.9713895871089056,0.5590810172068768,0.1917738733956446,0.2165092060772272,0.7501989006996155,0.2165092060772272,52.24528301886792,99.0,49.0,5787.2875520000025,5787.287552,76.98113207547169,79.0,55.8107358490566,86.804,1166.8867924528302,5000.0,4.0,3235.534635246513,36809.27289636311,0.0,0.0,0.0,473.1043839999999,473.104384,40.15094339622642,41.0,9.879490566037736,10.324,300.0,405.0,1.0,577.6579518730596,6739.553124695774,67.25094339622642,72.9,4.3104954638490565,4.413497344,15.6,2.941174610113207,2.984620032,26.530660352,0.0,3813.1925871195726,1.05922016308877,0.7552239762822931,713.0,965,Tesla T4,16106.12736,70.0,GPU-f4a9a89f-cc24-d2f7-853e-1956f46933e2,Tesla T4,16106.12736,70.0,GPU-4d9a218d-2ddc-11de-006c-46c1d217053d,580.159.04,0.025,40,1.0,20,1.0,3,1.0,41
a-resnet50-base-f2-s2,a,resnet50,base,2,2,12,1284,41088,1787789685.903344,1787789744.8042405,2026-08-27T00:14:45Z,2026-08-27T00:15:44Z,acct3,2,d8279d,Interactive,66ac3b15dc46,v2,0.000232610719964,1.0,0.1924899195325382,0.0002881685479672,0.0040811725212674,0.1821327358484268,0.0008708728710189,0.0089352416340261,0.0415981712192296,0.0,1081.6977787318372,1.0872404312747946e-09,65536.0,0,0,58.88227081298828,56.15243101119995,2.7282931804656982,25.69864106178284,29.107030868530277,26.98496103286743,0.9847590923309326,0.4364410663339128,0.2829606287947325,0.2826862335205078,0.2866687297821045,0.2937817144393921,60.97687915447618,23512130,23512130,717.135630607605,46600.46397199621,60,384,32,coral,coral_bce,0.0,session_balanced,adamw,0.0003,0.05,cosine,5,60,5.0,True,full,raw,full_frame,dataset_v1_1,fp16,2,resnet50,2,2,base,a,66ac3b15dc46,1.0,1.0,1.0,1.0,1.0,1.0,1.0,1.0,1.0,1.0,40,1.0,1.0,1.0,20,1.0,1.0,1.0,44,1.0,0.0,1.0,1.0,0.2848186606608631,0.1461241806602745,0.7896349922968791,0.7896349922968791,,-0.2103650077031209,0.2103650077031209,0.5481743812561035,0.2103650077031209,72.61818181818182,99.0,84.0,5787.287552000003,5787.287552,76.78181818181818,78.0,56.684854545454535,82.686,1122.8181818181818,5000.0,4.0,3217.91509527545,40050.00054342213,0.0,0.0,0.0,473.1043839999999,473.104384,40.0,40.0,9.8992,10.423,300.0,405.0,1.0,586.4848625004242,7333.302213863602,66.91999999999999,74.6,4.296949983418182,4.338221056,15.5,2.9411434496,2.992287744,26.530660352,0.0,3804.399957775874,1.056777766048854,0.7534825471928329,713.0,982,Tesla T4,16106.12736,70.0,GPU-f4a9a89f-cc24-d2f7-853e-1956f46933e2,Tesla T4,16106.12736,70.0,GPU-4d9a218d-2ddc-11de-006c-46c1d217053d,580.159.04,1.0,40,1.0,20,1.0,3,1.0,41
a-resnet50-base-f2-s2,a,resnet50,base,2,2,13,1391,44512,1787789745.362703,1787789803.244866,2026-08-27T00:15:45Z,2026-08-27T00:16:43Z,acct3,2,d8279d,Interactive,66ac3b15dc46,v2,0.0001564617518469,1.0,0.1966816454917604,0.0002846097643037,0.0021029595968642,0.0205921810120344,0.0008561516297049,0.0089388830121606,0.0145157668739557,0.0,1080.3021900272436,5.54032788907556e-10,65536.0,0,0,57.86106872558594,55.2079918384552,2.652153968811035,24.77177739143372,29.09536099433899,27.11163830757141,0.9826211929321288,0.4281251269124888,0.2827869753971278,0.2821211814880371,0.2863433361053467,0.3010198402404785,62.02000627045101,23512130,23512130,774.9966993331909,50360.20601337113,60,384,32,coral,coral_bce,0.0,session_balanced,adamw,0.0003,0.05,cosine,5,60,5.0,True,full,raw,full_frame,dataset_v1_1,fp16,2,resnet50,2,2,base,a,66ac3b15dc46,0.875,0.8916666666666666,0.8535623767952689,0.875,0.8782033230076034,0.8686868686868686,0.8916666666666666,0.8059701492537313,0.675,1.0,40,0.7547169811320755,1.0,0.6060606060606061,20,1.0,1.0,1.0,44,0.9154154154154154,0.125,0.8106442577030812,0.8303676985781446,0.3242890596256731,0.1943878421305139,0.7877841064563165,0.8337214975566655,0.4662223687538734,-0.0872158935436835,0.1084020149249297,0.5508391559123993,0.1084020149249297,48.18518518518518,99.0,45.0,5787.2875520000025,5787.287552,76.68518518518519,78.0,53.92696296296296,89.462,1263.611111111111,5000.0,4.0,3183.653949798354,43263.66069888559,0.0,0.0,0.0,473.1043839999999,473.104384,40.0,40.0,9.928425925925923,10.719,300.0,405.0,1.0,576.0880915765674,7916.511083928091,67.71481481481482,72.6,4.368192701629631,4.453974016,15.8,2.9396732586666663,2.971512832,26.530660352,0.0,3759.7420413749214,1.0443727892708117,0.7446377987500886,713.0,960,Tesla T4,16106.12736,70.0,GPU-f4a9a89f-cc24-d2f7-853e-1956f46933e2,Tesla T4,16106.12736,70.0,GPU-4d9a218d-2ddc-11de-006c-46c1d217053d,580.159.04,0.675,40,1.0,20,1.0,3,1.0,41
a-resnet50-base-f2-s2,a,resnet50,base,2,2,14,1498,47936,1787789803.7855182,1787789860.5440795,2026-08-27T00:16:43Z,2026-08-27T00:17:40Z,acct3,2,d8279d,Interactive,66ac3b15dc46,v2,0.0030078896457423,0.9982476635514018,0.1657594590752314,0.0002806119115679,0.087808263111124,2.8838114738464355,0.0062433579005301,0.3291947454214091,1.4277649712562552,0.0,1079.1917555644636,2.2831942920271562e-08,65536.0,0,0,56.73670411109924,54.059388637542725,2.675521850585937,23.097342014312744,29.62520170211792,27.59119153022766,0.994565486907959,0.4070969996615343,0.2875806772820303,0.2876894474029541,0.2916772365570068,0.2991705417633056,63.33774921054376,23512130,23512130,831.7334034442902,54106.42013016495,60,384,32,coral,coral_bce,0.0,session_balanced,adamw,0.0003,0.05,cosine,5,60,5.0,True,full,raw,full_frame,dataset_v1_1,fp16,2,resnet50,2,2,base,a,66ac3b15dc46,1.0,1.0,1.0,1.0,1.0,1.0,1.0,1.0,1.0,1.0,40,1.0,1.0,1.0,20,1.0,1.0,1.0,44,1.0,0.0,1.0,1.0,0.2652624054281572,0.1443980039815071,0.8047397629572794,0.8047397629572794,,-0.1952602370427205,0.1952602370427205,0.551479765347072,0.1952602370427205,43.16981132075472,99.0,33.0,5787.2875520000025,5787.287552,77.0,78.0,54.914509433962266,90.237,1181.8867924528302,5000.0,4.0,3171.7650558692985,46467.75599945508,0.0,0.0,0.0,473.1043839999999,473.104384,40.0,40.0,10.073622641509434,11.016,300.0,405.0,1.0,574.4490609245258,8498.307008247592,68.39245283018869,75.2,4.317854816603774,4.370436096,15.6,2.940370866716981,2.982326272,26.530660352,0.0,3746.214116793824,1.040615032442729,0.7419585181316658,713.0,940,Tesla T4,16106.12736,70.0,GPU-f4a9a89f-cc24-d2f7-853e-1956f46933e2,Tesla T4,16106.12736,70.0,GPU-4d9a218d-2ddc-11de-006c-46c1d217053d,580.159.04,1.0,40,1.0,20,1.0,3,1.0,41
a-resnet50-base-f2-s2,a,resnet50,base,2,2,15,1605,51360,1787789861.120648,1787789918.335864,2026-08-27T00:17:41Z,2026-08-27T00:18:38Z,acct3,2,d8279d,Interactive,66ac3b15dc46,v2,0.0002731144113483,1.0,0.1365128374065814,0.0002761880299246,0.0046001552828809,0.0570899061858654,0.0016019345493987,0.0160740439780056,0.0456838897615671,0.0,1077.8371437404146,1.178756765161616e-09,65536.0,0,0,57.19437670707703,54.43825721740723,2.754499673843384,23.835994720458984,29.296984672546387,27.27465915679932,0.9696781635284424,0.4167541652308907,0.2843623762932893,0.2843854427337646,0.2876792430877685,0.2899262523651123,62.896943712318894,23512130,23512130,888.9277801513672,57856.85293577632,60,384,32,coral,coral_bce,0.0,session_balanced,adamw,0.0003,0.05,cosine,5,60,5.0,True,full,raw,full_frame,dataset_v1_1,fp16,2,resnet50,2,2,base,a,66ac3b15dc46,1.0,1.0,1.0,1.0,1.0,1.0,1.0,1.0,1.0,1.0,40,1.0,1.0,1.0,20,1.0,1.0,1.0,44,1.0,0.0,1.0,1.0,0.2241394579727091,0.1198911253591812,0.8302511343589196,0.8302511343589196,,-0.1697488656410803,0.1697488656410804,0.539389580488205,0.1697488656410804,61.18867924528302,99.0,91.0,5787.2875520000025,5787.287552,76.77358490566037,78.0,52.87273584905659,88.258,1174.811320754717,5000.0,4.0,3166.147147612792,49660.55812609442,0.0,0.0,0.0,473.1043839999999,473.104384,40.0,40.0,10.14990566037736,11.214,300.0,405.0,1.0,584.2856579985746,9090.122346198548,68.44716981132075,74.8,4.377101988226415,4.478353408,15.8,2.9398243212075466,2.9789184,26.530660352,0.0,3750.4328056113663,1.0417868904476018,0.74279405288914,713.0,950,Tesla T4,16106.12736,70.0,GPU-f4a9a89f-cc24-d2f7-853e-1956f46933e2,Tesla T4,16106.12736,70.0,GPU-4d9a218d-2ddc-11de-006c-46c1d217053d,580.159.04,1.0,40,1.0,20,1.0,3,1.0,41
a-resnet50-base-f2-s2,a,resnet50,base,2,2,16,1712,54784,1787789918.9006853,1787789976.5534089,2026-08-27T00:18:38Z,2026-08-27T00:19:36Z,acct3,2,d8279d,Interactive,66ac3b15dc46,v2,0.0001787939942243,1.0,0.2106718451127213,0.0002713525491562,0.0025863715966458,0.0564329400658607,0.0008264105999842,0.0108625940978526,0.0236837751790881,0.0,1076.5071267598682,6.519404362212838e-10,65536.0,0,0,57.63198661804199,54.898619651794434,2.731403589248657,24.392274618148804,29.172956943511963,27.058661460876465,0.9841508865356444,0.4232419538095998,0.2833712145546886,0.2829327583312988,0.2862098217010498,0.2944657516479492,62.36950986595675,23512130,23512130,946.5597667694092,61651.252450409054,60,384,32,coral,coral_bce,0.0,session_balanced,adamw,0.0003,0.05,cosine,5,60,5.0,True,full,raw,full_frame,dataset_v1_1,fp16,2,resnet50,2,2,base,a,66ac3b15dc46,0.7115384615384616,0.75,0.6571428571428571,0.7115384615384616,0.6868131868131868,0.7999999999999999,0.75,0.4,0.25,1.0,40,0.5714285714285715,1.0,0.4,20,1.0,1.0,1.0,44,0.7784090909090909,0.2884615384615384,0.5828877005347595,0.6633037434097068,0.3716187282281242,0.2480951003764974,0.8126893006265163,0.9266417219832136,0.5316066612799962,0.1011508390880547,0.1228481551202444,0.6122719446818033,0.1228481551202444,45.11320754716981,99.0,41.0,5787.2875520000025,5787.287552,76.9622641509434,78.0,54.2078679245283,70.432,1152.4528301886792,5000.0,4.0,3213.641313547392,52906.666428092816,0.0,0.0,0.0,473.1043839999999,473.104384,40.0,40.0,10.030509433962264,10.522,300.0,405.0,1.0,580.7582010853439,9678.55318389321,68.54905660377358,74.9,4.32686702128302,4.38550528,15.6,2.94033129781132,2.978131968,26.530660352,0.0,3794.399514632736,1.05399986517576,0.7515019038703168,713.0,956,Tesla T4,16106.12736,70.0,GPU-f4a9a89f-cc24-d2f7-853e-1956f46933e2,Tesla T4,16106.12736,70.0,GPU-4d9a218d-2ddc-11de-006c-46c1d217053d,580.159.04,0.25,40,1.0,20,1.0,3,1.0,41
a-resnet50-base-f2-s2,a,resnet50,base,2,2,17,1819,58208,1787789977.1260154,1787790033.189334,2026-08-27T00:19:37Z,2026-08-27T00:20:33Z,acct3,2,d8279d,Interactive,66ac3b15dc46,v2,0.0004748029857701,0.9997079439252337,0.1809991315669601,0.0002661212415958,0.0105573653458904,0.5292798280715942,0.0016244667349383,0.02442188244313,0.1254358686506747,0.0,1075.2242506528737,2.612979731552336e-09,65536.0,0,0,56.04268908500672,53.4287371635437,2.6126818656921387,22.692433834075928,29.424688577651978,27.37169289588928,0.972773551940918,0.4049133652322709,0.285552528416999,0.2858138084411621,0.2894418239593506,0.2942828941345214,64.08536270507841,23512130,23512130,1002.602455854416,65364.37774415246,60,384,32,coral,coral_bce,0.0,session_balanced,adamw,0.0003,0.05,cosine,5,60,5.0,True,full,raw,full_frame,dataset_v1_1,fp16,2,resnet50,2,2,base,a,66ac3b15dc46,0.8076923076923077,0.8333333333333334,0.7777777777777777,0.8076923076923077,0.8076923076923077,0.8333333333333334,0.8333333333333334,0.6666666666666666,0.5,1.0,40,0.6666666666666666,1.0,0.5,20,1.0,1.0,1.0,44,0.8631578947368421,0.1923076923076923,0.7142857142857143,0.7558139534883721,0.3185366022148124,0.2061144040803708,0.8090589192624276,0.8783029928093865,0.5182338103652,0.0013666115701198,0.0678388995046799,0.6112940311431885,0.0678388995046799,45.74509803921568,99.0,45.0,5787.287552000002,5787.287552,77.33333333333333,78.0,56.16327450980393,94.344,1127.9411764705883,5000.0,4.0,3152.8017324168977,56089.76193769062,0.0,0.0,0.0,473.104384,473.104384,40.0,40.0,9.91807843137255,10.324,300.0,405.0,1.0,560.323561326506,10246.219645825153,68.7843137254902,73.9,4.392812383372549,4.485431296,15.8,2.9394001919999995,2.951327744,26.530660352,0.0,3713.125293743404,1.031423692706501,0.7354050928997352,713.0,930,Tesla T4,16106.12736,70.0,GPU-f4a9a89f-cc24-d2f7-853e-1956f46933e2,Tesla T4,16106.12736,70.0,GPU-4d9a218d-2ddc-11de-006c-46c1d217053d,580.159.04,0.5,40,1.0,20,1.0,3,1.0,41
a-resnet50-base-f2-s2,a,resnet50,base,2,2,18,1926,61632,1787790033.7279563,1787790090.7288702,2026-08-27T00:20:33Z,2026-08-27T00:21:30Z,acct3,2,d8279d,Interactive,66ac3b15dc46,v2,9.565702449461275e-05,1.0,0.1708973915466021,0.0002605111706814,0.0013180912051254,0.0150753101333975,0.0006142221973277,0.0039262554608285,0.0108170192595571,0.0,1073.9507578263897,3.1973298627502607e-10,65536.0,0,0,56.98079514503479,54.27262568473816,2.7072153091430664,23.85297131538391,29.094566822052,27.09070110321045,0.9803915023803712,0.4186142235233869,0.2825898968170736,0.2826969623565674,0.2863842964172363,0.2881006097793579,63.08889530957137,23512130,23512130,1059.583250999451,69054.25838646281,60,384,32,coral,coral_bce,0.0,session_balanced,adamw,0.0003,0.05,cosine,5,60,5.0,True,full,raw,full_frame,dataset_v1_1,fp16,2,resnet50,2,2,base,a,66ac3b15dc46,0.8461538461538461,0.8666666666666667,0.8214285714285715,0.8461538461538461,0.8489010989010988,0.8518518518518517,0.8666666666666667,0.7499999999999999,0.6,1.0,40,0.7142857142857143,1.0,0.5555555555555556,20,1.0,1.0,1.0,44,0.8936605316973415,0.1538461538461538,0.7688888888888891,0.7972688859741256,0.2957629766061658,0.1836655043611639,0.8071937509454213,0.8636356436393477,0.4967633411288261,-0.0389600952084248,0.0527401165320323,0.1513034942058416,0.0527401165320323,60.75471698113208,99.0,81.0,5787.2875520000025,5787.287552,76.98113207547169,78.0,59.16892452830188,91.4,1034.1509433962265,5000.0,4.0,3122.559412380906,59238.62715268408,0.0,0.0,0.0,473.1043839999999,473.104384,40.0,40.0,9.922735849056604,10.324,300.0,405.0,1.0,567.3212299294391,10820.669706292148,67.66226415094339,74.1,4.364764372528301,4.427149312,15.7,2.940133453283018,2.974527488,26.530660352,0.0,3689.880642310345,1.024966845086207,0.7308013605464656,713.0,946,Tesla T4,16106.12736,70.0,GPU-f4a9a89f-cc24-d2f7-853e-1956f46933e2,Tesla T4,16106.12736,70.0,GPU-4d9a218d-2ddc-11de-006c-46c1d217053d,580.159.04,0.6,40,1.0,20,1.0,3,1.0,41
a-resnet50-base-f2-s2,a,resnet50,base,2,2,19,2033,65056,1787790091.308694,1787790147.6331203,2026-08-27T00:21:31Z,2026-08-27T00:22:27Z,acct3,2,d8279d,Interactive,66ac3b15dc46,v2,0.0001056247892252,1.0,0.1583665476140105,0.0002545406352982,0.0016560365584495,0.0317653156816959,0.0003417515254113,0.0059767151717096,0.0206660339795052,0.0,1072.7062636304292,3.9295808364009316e-10,131072.0,0,0,56.30300760269165,53.68301320075989,2.6190948486328125,23.26521468162537,29.10751700401306,27.119434595108032,0.9706864356994628,0.413214420902679,0.2826629576281966,0.2826020717620849,0.2867177963256836,0.2915552139282226,63.78181469052734,23512130,23512130,1115.8862586021423,72750.74921820892,60,384,32,coral,coral_bce,0.0,session_balanced,adamw,0.0003,0.05,cosine,5,60,5.0,True,full,raw,full_frame,dataset_v1_1,fp16,2,resnet50,2,2,base,a,66ac3b15dc46,0.9903846153846154,0.9916666666666668,0.9876505094164866,0.9903846153846154,0.9904410193079536,0.9841269841269842,0.9916666666666668,0.9873417721518988,0.975,1.0,40,0.975609756097561,1.0,0.9523809523809524,20,1.0,1.0,1.0,44,0.9939981532779316,0.0096153846153846,0.984927536231884,0.9850740357660184,0.2581915107336814,0.1404220436735816,0.8083120988538632,0.8116166325448786,0.4679451286792755,-0.1820725165307521,0.1820725165307521,0.5409058587891715,0.1820725165307521,57.80769230769231,99.0,72.5,5787.2875520000025,5787.287552,76.96153846153847,78.0,52.164038461538446,91.633,1242.6923076923076,5000.0,4.0,3136.0871184496937,62406.58600055276,0.0,0.0,0.0,473.1043839999999,473.104384,40.0,40.0,9.927403846153847,10.328,300.0,405.0,1.0,560.4037132964186,11388.407709596877,68.05384615384615,73.7,4.342012061538461,4.478349312,15.8,2.9398551630769223,2.979770368,26.530660352,0.0,3696.490831746112,1.0268030088183646,0.7321105452874939,713.0,934,Tesla T4,16106.12736,70.0,GPU-f4a9a89f-cc24-d2f7-853e-1956f46933e2,Tesla T4,16106.12736,70.0,GPU-4d9a218d-2ddc-11de-006c-46c1d217053d,580.159.04,0.975,40,1.0,20,1.0,3,1.0,41
a-resnet50-base-f2-s2,a,resnet50,base,2,2,20,2140,68480,1787790148.1896298,1787790205.1261628,2026-08-27T00:22:28Z,2026-08-27T00:23:25Z,acct3,2,d8279d,Interactive,66ac3b15dc46,v2,0.0003601905340236,0.9997079439252337,0.1747122488742696,0.0002482291100917,0.0076106160006156,0.5380207300186157,0.0008309381082653,0.0115846602246165,0.0361301054805516,0.0,1071.5210732626265,1.7630791257617606e-09,131072.0,0,0,56.91199231147766,54.25766038894653,2.653438091278076,23.66224670410156,29.284264087677,27.33468651771545,0.9711902141571044,0.4157690803477548,0.2842091065700923,0.2835907936096191,0.2894736766815186,0.2912604379653931,63.10629642809927,23512130,23512130,1172.79825091362,76439.6667194118,60,384,32,coral,coral_bce,0.0,session_balanced,adamw,0.0003,0.05,cosine,5,60,5.0,True,full,raw,full_frame,dataset_v1_1,fp16,2,resnet50,2,2,base,a,66ac3b15dc46,0.9807692307692308,0.9833333333333334,0.9755799755799756,0.9807692307692308,0.9809805579036348,0.9696969696969696,0.9833333333333334,0.9743589743589745,0.95,1.0,40,0.9523809523809524,1.0,0.9090909090909092,20,1.0,1.0,1.0,44,0.9879182156133828,0.0192307692307692,0.969942196531792,0.9705163293664584,0.2704315433834382,0.1500903607463468,0.8069013509039695,0.813989344180799,0.4454136937856674,-0.1738678798652612,0.1738678798652612,0.4734734974124214,0.1738678798652612,44.75,99.0,28.0,5787.2875520000025,5787.287552,76.90384615384616,78.0,56.3001923076923,90.973,1115.4807692307693,5000.0,4.0,3122.0994930010565,65554.91996170515,0.0,0.0,0.0,473.1043839999999,473.104384,40.0,40.0,9.923269230769227,10.526,300.0,405.0,1.0,566.8180082018353,11962.673810792685,68.32307692307693,76.5,4.383505092923077,4.531736576,16.0,2.9392930658461536,2.944577536,26.530660352,0.0,3688.917501202892,1.0246993058896925,0.7306106050993506,713.0,942,Tesla T4,16106.12736,70.0,GPU-f4a9a89f-cc24-d2f7-853e-1956f46933e2,Tesla T4,16106.12736,70.0,GPU-4d9a218d-2ddc-11de-006c-46c1d217053d,580.159.04,0.95,40,1.0,20,1.0,3,1.0,41
a-resnet50-base-f2-s2,a,resnet50,base,2,2,21,2247,71904,1787790206.0208983,1787790262.4288516,2026-08-27T00:23:26Z,2026-08-27T00:24:22Z,acct3,2,d8279d,Interactive,66ac3b15dc46,v2,7.683082398743354e-05,1.0,0.2203905977713265,0.0002415971819453,0.0010141462052135,0.0054770740680396,0.0004382919287309,0.0037699727108702,0.0043294015713036,0.0,1070.341739086484,2.2891274469894383e-10,131072.0,0,0,56.38584470748901,53.78196573257446,2.6029303073883057,23.231678247451782,29.217029333114624,27.20677876472473,0.9951698780059814,0.4120125958557505,0.2838444397828289,0.2833237648010254,0.2871979236602783,0.2986904621124267,63.66446360524461,23512130,23512130,1229.184095621109,80132.35029481672,60,384,32,coral,coral_bce,0.0,session_balanced,adamw,0.0003,0.05,cosine,5,60,5.0,True,full,raw,full_frame,dataset_v1_1,fp16,2,resnet50,2,2,base,a,66ac3b15dc46,0.7788461538461539,0.8083333333333332,0.7438039543302701,0.7788461538461539,0.7745967482809589,0.8217054263565892,0.8083333333333332,0.5964912280701754,0.425,1.0,40,0.6349206349206349,1.0,0.4651162790697674,20,1.0,1.0,1.0,44,0.8390742734122713,0.2211538461538461,0.6741144414168937,0.726509165671526,0.3720089936707648,0.2370502994685442,0.7986267352333436,0.8793687724772795,0.5142743432003519,0.0197805813871897,0.1123677463485644,0.6307910680770874,0.1123677463485644,57.92307692307692,99.0,70.5,5787.2875520000025,5787.287552,76.84615384615384,78.0,52.13207692307692,80.167,1226.826923076923,5000.0,4.0,3129.0885319767403,68734.98790971731,0.0,0.0,0.0,473.1043839999999,473.104384,40.0,40.0,9.91201923076923,10.922,300.0,405.0,1.0,563.5950434281713,12537.566526663768,68.28461538461538,75.8,4.359854237538461,4.50840576,15.9,2.939072512,2.939072512,26.474029056,0.0,3692.683575404912,1.0257454376124755,0.7313564970176951,713.0,936,Tesla T4,16106.12736,70.0,GPU-f4a9a89f-cc24-d2f7-853e-1956f46933e2,Tesla T4,16106.12736,70.0,GPU-4d9a218d-2ddc-11de-006c-46c1d217053d,580.159.04,0.425,40,1.0,20,1.0,3,1.0,41
a-resnet50-base-f2-s2,a,resnet50,base,2,2,22,2354,75328,1787790262.961073,1787790320.0478396,2026-08-27T00:24:22Z,2026-08-27T00:25:20Z,acct3,2,d8279d,Interactive,66ac3b15dc46,v2,5.343887223461594e-05,1.0,0.2122801608259648,0.00023466648283,0.0008522586826771,0.0209952071309089,0.0002934466174338,0.0029978899750858,0.008258807985112,0.0,1069.197048699698,1.8705302990540951e-10,131072.0,0,0,57.066168785095215,54.30127048492432,2.7638869285583496,23.844002723693848,29.115972995758057,27.154956102371216,1.0123398303985596,0.4178307959219706,0.282971348717948,0.2827897071838379,0.2859124660491943,0.2991893005371093,63.05561489487813,23512130,23512130,1286.2502644062042,83905.29809024457,60,384,32,coral,coral_bce,0.0,session_balanced,adamw,0.0003,0.05,cosine,5,60,5.0,True,full,raw,full_frame,dataset_v1_1,fp16,2,resnet50,2,2,base,a,66ac3b15dc46,0.8365384615384616,0.8583333333333334,0.8106377053745475,0.8365384615384616,0.8388599704389178,0.8468468468468467,0.8583333333333334,0.7301587301587301,0.575,1.0,40,0.7017543859649124,1.0,0.5405405405405406,20,1.0,1.0,1.0,44,0.8861997940267765,0.1634615384615384,0.7551246537396121,0.7866321745681758,0.3518266136362001,0.2185932327012044,0.793496095503752,0.850262258244657,0.5029869097120622,-0.0430423660347095,0.1059677546414045,0.6016452312469482,0.1059677546414045,51.64150943396226,99.0,54.0,5787.2875520000025,5787.287552,76.88679245283019,78.0,53.693320754716986,87.095,1220.0943396226414,5000.0,4.0,3205.7945084021776,71965.23820832832,0.0,0.0,0.0,473.1043839999999,473.104384,40.0,40.0,9.907283018867926,10.324,300.0,405.0,1.0,567.1532870256742,13110.960466222734,67.36603773584906,74.4,4.392805588528302,4.47438848,15.8,2.940514304,2.994909184,26.530660352,0.0,3772.947795427852,1.0480410542855143,0.7472532717055718,713.0,952,Tesla T4,16106.12736,70.0,GPU-f4a9a89f-cc24-d2f7-853e-1956f46933e2,Tesla T4,16106.12736,70.0,GPU-4d9a218d-2ddc-11de-006c-46c1d217053d,580.159.04,0.575,40,1.0,20,1.0,3,1.0,41
a-resnet50-base-f2-s2,a,resnet50,base,2,2,23,2461,78752,1787790320.594251,1787790378.0940747,2026-08-27T00:25:20Z,2026-08-27T00:26:18Z,acct3,2,d8279d,Interactive,66ac3b15dc46,v2,6.998008089055398e-05,1.0,0.1764013966768778,0.0002274596192458,0.0013835856650339,0.0843283608555793,0.0003285559650976,0.0028180393856018,0.0061769099440425,0.0,1068.0881668694217,2.9464783743933726e-10,131072.0,0,0,57.47132921218872,54.64648485183716,2.823161125183105,24.25590682029724,29.07695984840393,27.09143686294556,0.990187406539917,0.4220523024749001,0.2824304415800861,0.2823703289031982,0.2852102279663085,0.2964062309265137,62.65727812655252,23512130,23512130,1343.721593618393,87665.21250465007,60,384,32,coral,coral_bce,0.0,session_balanced,adamw,0.0003,0.05,cosine,5,60,5.0,True,full,raw,full_frame,dataset_v1_1,fp16,2,resnet50,2,2,base,a,66ac3b15dc46,0.8846153846153846,0.9,0.8642533936651584,0.8846153846153846,0.8877479986077271,0.875,0.9,0.8235294117647058,0.7,1.0,40,0.7692307692307693,1.0,0.625,20,1.0,1.0,1.0,44,0.9224652087475148,0.1153846153846153,0.8247191011235955,0.841822834402036,0.2952391827527144,0.1781991017722794,0.8086521745874331,0.8485968721949536,0.5024094929297765,-0.0759632100279514,0.0759632100279514,0.3339868783950805,0.0759632100279514,48.84905660377358,99.0,49.0,5787.2875520000025,5787.287552,76.81132075471699,78.0,56.4412075471698,102.735,1120.754716981132,5000.0,4.0,3187.046145688932,75182.41629953981,0.0,0.0,0.0,473.1043839999999,473.104384,40.0,40.0,9.925339622641507,10.719,300.0,405.0,1.0,572.8682687165765,13691.025114958737,67.00754716981132,75.3,4.32949580316981,4.38065152,15.6,2.939072511999999,2.939072512,26.474029056,0.0,3759.914414405508,1.0444206706681969,0.7446719381864242,713.0,952,Tesla T4,16106.12736,70.0,GPU-f4a9a89f-cc24-d2f7-853e-1956f46933e2,Tesla T4,16106.12736,70.0,GPU-4d9a218d-2ddc-11de-006c-46c1d217053d,580.159.04,0.7,40,1.0,20,1.0,3,1.0,41
a-resnet50-base-f2-s2,a,resnet50,base,2,2,24,2568,82176,1787790378.6436312,1787790436.4873624,2026-08-27T00:26:18Z,2026-08-27T00:27:16Z,acct3,2,d8279d,Interactive,66ac3b15dc46,v2,4.9180874148673145e-05,1.0,0.2666403846832019,0.0002200000984838,0.0007277645032513,0.007178705651313,0.0003197434998583,0.0029276953078806,0.0060901040397584,0.0,1067.0165506785456,1.5005227640239427e-10,131072.0,0,0,57.82327342033386,55.149115562438965,2.673239231109619,24.593810081481934,29.24275827407837,27.235766887664795,0.9836506843566896,0.425327184483357,0.2839304576410311,0.2838892936706543,0.2880746841430664,0.2932286405563354,62.086217794796745,23512130,23512130,1401.5448670387268,91446.56804550967,60,384,32,coral,coral_bce,0.0,session_balanced,adamw,0.0003,0.05,cosine,5,60,5.0,True,full,raw,full_frame,dataset_v1_1,fp16,2,resnet50,2,2,base,a,66ac3b15dc46,0.6346153846153846,0.6833333333333332,0.536019536019536,0.6346153846153846,0.5583262890955198,0.7816091954022989,0.6833333333333332,0.0952380952380952,0.05,1.0,40,0.5128205128205129,1.0,0.3448275862068966,20,1.0,1.0,1.0,44,0.700242718446602,0.3653846153846153,0.4827225130890052,0.5988831427460674,0.4871530247408596,0.3393406840415268,0.8434936945828108,0.9820611928448532,0.602823829180316,0.2088783099674261,0.2098226240621163,0.7609412802590264,0.2098226240621163,56.11320754716981,99.0,78.0,5787.2875520000025,5787.287552,77.45283018867924,79.0,54.96096226415094,92.234,1147.9245283018868,5000.0,4.0,3204.6881932791875,78415.79680181305,0.0,0.0,0.0,473.1043839999999,473.104384,40.0,40.0,9.86064150943396,10.229,300.0,405.0,1.0,576.6673475804109,14274.949234024474,67.80188679245283,74.1,4.358125838490566,4.445523968,15.9,2.9393791710188677,2.95532544,26.530660352,0.0,3781.3555408595994,1.0503765391276665,0.7489184723980261,713.0,962,Tesla T4,16106.12736,70.0,GPU-f4a9a89f-cc24-d2f7-853e-1956f46933e2,Tesla T4,16106.12736,70.0,GPU-4d9a218d-2ddc-11de-006c-46c1d217053d,580.159.04,0.05,40,1.0,20,1.0,3,1.0,41
a-resnet50-base-f2-s2,a,resnet50,base,2,2,25,2675,85600,1787790437.03673,1787790497.0352287,2026-08-27T00:27:17Z,2026-08-27T00:28:17Z,acct3,2,d8279d,Interactive,66ac3b15dc46,v2,4.5846730731724826e-05,1.0,0.3501281931973888,0.0002123122519502,0.0006628763962185,0.014280192553997,0.0002371740411035,0.0025228484068065,0.0054801396746188,0.0,1065.9818587999423,1.3202549300819184e-10,131072.0,0,0,59.97536253929138,57.1500928401947,2.824197769165039,26.79445743560791,29.038434743881226,26.906668663024902,0.9703731536865234,0.4467577401979718,0.2820016713899986,0.2818725109100342,0.2855067729949951,0.2915450811386108,59.91241360839642,23512130,23512130,1461.5202295780182,95351.0191319938,60,384,32,coral,coral_bce,0.0,session_balanced,adamw,0.0003,0.05,cosine,5,60,5.0,True,full,raw,full_frame,dataset_v1_1,fp16,2,resnet50,2,2,base,a,66ac3b15dc46,0.6153846153846154,0.6666666666666666,0.5,0.6153846153846154,0.5192307692307693,0.4444444444444444,0.6666666666666666,0.0,0.0,0.0,40,0.5,1.0,0.3333333333333333,20,1.0,1.0,1.0,44,0.6790123456790124,0.3846153846153846,0.4583333333333333,0.5840250605220888,0.6632980499314568,0.4564511428353716,0.8900044990273622,0.9996822811663152,0.7145200476050377,0.2746198836427468,0.2750109222072821,0.8837822675704956,0.2750109222072821,54.654545454545456,99.0,58.0,5787.287552000003,5787.287552,76.67272727272727,78.0,53.30896363636363,73.062,1235.7272727272727,5000.0,4.0,3301.694923145449,81743.99492272217,0.0,0.0,0.0,473.1043839999999,473.104384,40.0,40.0,9.954818181818183,10.625,300.0,405.0,1.0,602.756163338674,14883.918617813786,66.86545454545454,74.0,4.3015107677090905,4.385972224,15.7,2.9409408837818174,2.989142016,26.530660352,0.0,3904.451086484123,1.0845697462455897,0.7732982290731054,713.0,996,Tesla T4,16106.12736,70.0,GPU-f4a9a89f-cc24-d2f7-853e-1956f46933e2,Tesla T4,16106.12736,70.0,GPU-4d9a218d-2ddc-11de-006c-46c1d217053d,580.159.04,0.0,40,1.0,20,1.0,3,1.0,41
a-resnet50-base-f2-s2,a,resnet50,base,2,2,26,2782,89024,1787790497.607697,1787790557.0675037,2026-08-27T00:28:17Z,2026-08-27T00:29:17Z,acct3,2,d8279d,Interactive,66ac3b15dc46,v2,4.584251094193205e-05,1.0,0.1934016836879051,0.0002044211558025,0.0010848627056492,0.062864288687706,0.0002430638123769,0.0017469562590122,0.0042058196710422,0.0,1064.9857558260549,2.0823648294144e-10,131072.0,0,0,59.43691515922546,56.5900137424469,2.845864534378052,26.16076898574829,29.07626247406006,26.94520330429077,1.0031697750091553,0.4401434515177351,0.282670823213096,0.2822749614715576,0.2859371185302734,0.2961138820648193,60.505374951547935,23512130,23512130,1520.9571447372437,99225.0248699568,60,384,32,coral,coral_bce,0.0,session_balanced,adamw,0.0003,0.05,cosine,5,60,5.0,True,full,raw,full_frame,dataset_v1_1,fp16,2,resnet50,2,2,base,a,66ac3b15dc46,0.8461538461538461,0.8666666666666667,0.8214285714285715,0.8461538461538461,0.8489010989010988,0.8518518518518517,0.8666666666666667,0.7499999999999999,0.6,1.0,40,0.7142857142857143,1.0,0.5555555555555556,20,1.0,1.0,1.0,44,0.8936605316973415,0.1538461538461538,0.7688888888888891,0.7972688859741256,0.3295359819531773,0.2079771044363282,0.8018990428401873,0.854630780490962,0.5118744857609272,-0.0442548033136588,0.1098640371973697,0.4264600202441215,0.1098640371973697,36.81818181818182,99.0,26.0,5787.287552000003,5787.287552,76.87272727272727,78.0,48.69058181818182,87.58,1341.0,5000.0,4.0,3268.661248774064,85046.28706754644,0.0,0.0,0.0,473.1043839999999,473.104384,40.0,40.0,10.153763636363635,11.016,300.0,405.0,1.0,605.3444891889194,15496.68127343151,67.30000000000001,73.4,4.390495622981818,4.491882496,15.9,2.9394216401454534,2.95827456,26.530660352,0.0,3874.005737962984,1.0761127049897177,0.7672683586576686,713.0,988,Tesla T4,16106.12736,70.0,GPU-f4a9a89f-cc24-d2f7-853e-1956f46933e2,Tesla T4,16106.12736,70.0,GPU-4d9a218d-2ddc-11de-006c-46c1d217053d,580.159.04,0.6,40,1.0,20,1.0,3,1.0,41
a-resnet50-base-f2-s2,a,resnet50,base,2,2,27,2889,92448,1787790557.651045,1787790617.9558809,2026-08-27T00:29:17Z,2026-08-27T00:30:17Z,acct3,2,d8279d,Interactive,66ac3b15dc46,v2,3.7673859245604325e-05,1.0,0.2059521575100426,0.0001963525491562,0.0005879137771044,0.017616756260395,0.0002035943180089,0.0012488960172049,0.0073948410712182,0.0,1064.0290424452703,1.0849174619636904e-10,131072.0,0,0,60.28206825256348,57.24715876579285,3.033916473388672,26.895727157592773,29.024528980255127,26.81603193283081,0.9790520668029784,0.4461646379634468,0.2819482901386011,0.2811872959136963,0.2855922222137451,0.2929956436157226,59.81082858641289,23512130,23512130,1581.2392129898071,103140.85893998176,60,384,32,coral,coral_bce,0.0,session_balanced,adamw,0.0003,0.05,cosine,5,60,5.0,True,full,raw,full_frame,dataset_v1_1,fp16,2,resnet50,2,2,base,a,66ac3b15dc46,0.7884615384615384,0.8166666666666668,0.7552836484983315,0.7884615384615384,0.7858731924360399,0.8253968253968255,0.8166666666666668,0.6206896551724138,0.45,1.0,40,0.6451612903225806,1.0,0.4761904761904761,20,1.0,1.0,1.0,44,0.8472222222222222,0.2115384615384615,0.687431693989071,0.7361182325677944,0.3542532128104216,0.2288321657921727,0.8039633952654325,0.8805961877834506,0.518332077698274,0.015501856803894,0.1062703866225022,0.6379300951957703,0.1062703866225022,60.38181818181818,99.0,81.0,5787.287552000003,5787.287552,76.9090909090909,78.0,54.75072727272726,82.693,1203.8181818181818,5000.0,4.0,3304.802089385033,88382.31632359752,0.0,0.0,0.0,473.1043839999999,473.104384,40.0,40.0,10.091836363636364,10.522,300.0,405.0,1.0,611.031980639933,16115.02223355719,66.72727272727273,72.8,4.3409129472000005,4.46611456,15.8,2.9399804834909085,2.977476608,26.530660352,0.0,3915.8340700249664,1.0877316861180462,0.7755526922021669,713.0,1000,Tesla T4,16106.12736,70.0,GPU-f4a9a89f-cc24-d2f7-853e-1956f46933e2,Tesla T4,16106.12736,70.0,GPU-4d9a218d-2ddc-11de-006c-46c1d217053d,580.159.04,0.45,40,1.0,20,1.0,3,1.0,41
a-resnet50-base-f2-s2,a,resnet50,base,2,2,28,2996,95872,1787790618.5343926,1787790678.9289253,2026-08-27T00:30:18Z,2026-08-27T00:31:18Z,acct3,2,d8279d,Interactive,66ac3b15dc46,v2,2.272448987496658e-05,1.0,0.1894046874178037,0.000188132750129,0.0003121288557671,0.0020857669878751,0.0001763787149684,0.0010701112507376,0.0018384001078084,0.0,1063.112399693494,5.5235608245209795e-11,131072.0,0,0,60.3711154460907,57.45181274414063,2.9175243377685547,27.06448268890381,29.043363571166992,27.02690553665161,0.9935593605041504,0.448301849136305,0.2822926467824205,0.2817656993865967,0.2855344295501709,0.2997093915939331,59.59777135751396,23512130,23512130,1641.6103284358978,107046.450444391,60,384,32,coral,coral_bce,0.0,session_balanced,adamw,0.0003,0.05,cosine,5,60,5.0,True,full,raw,full_frame,dataset_v1_1,fp16,2,resnet50,2,2,base,a,66ac3b15dc46,0.8846153846153846,0.9,0.8642533936651584,0.8846153846153846,0.8877479986077271,0.875,0.9,0.8235294117647058,0.7,1.0,40,0.7692307692307693,1.0,0.625,20,1.0,1.0,1.0,44,0.9224652087475148,0.1153846153846153,0.8247191011235955,0.841822834402036,0.3140129629657231,0.1917774163374245,0.8018360026180744,0.8415016862361328,0.4977324282129605,-0.0827793819973101,0.0827793819973101,0.3706148375164379,0.0827793819973101,44.517857142857146,99.0,37.0,5787.287552000001,5787.287552,76.96428571428571,78.0,57.238625,95.289,1101.696428571429,5000.0,4.0,3300.2493983926106,91710.7635939038,0.0,0.0,0.0,473.1043840000001,473.104384,40.0,40.0,9.966964285714283,10.522,300.0,405.0,1.0,605.3421060166238,16727.655085818486,67.04107142857143,74.2,4.374952594285714,4.473843712,15.8,2.939663506285714,2.962010112,26.530660352,0.0,3905.5915044092335,1.084886529002565,0.7735240951788289,713.0,1006,Tesla T4,16106.12736,70.0,GPU-f4a9a89f-cc24-d2f7-853e-1956f46933e2,Tesla T4,16106.12736,70.0,GPU-4d9a218d-2ddc-11de-006c-46c1d217053d,580.159.04,0.7,40,1.0,20,1.0,3,1.0,41
a-resnet50-base-f2-s2,a,resnet50,base,2,2,29,3103,99296,1787790679.5226998,1787790740.4410632,2026-08-27T00:31:19Z,2026-08-27T00:32:20Z,acct3,2,d8279d,Interactive,66ac3b15dc46,v2,3.842777173559056e-05,1.0,0.1993962764851088,0.0001797885699968,0.0006020791840804,0.0176802724599838,0.0001579022937221,0.0019255558843724,0.0053851412050425,0.0,1062.2360509090445,1.0190480302194748e-10,131072.0,0,0,60.89320468902588,58.03886961936951,2.8533051013946533,27.52677869796753,29.1528058052063,27.071542501449585,0.9948441982269288,0.4520500906224826,0.2833425330224438,0.2832300662994385,0.2877352714538574,0.2929599523544312,58.99494636017682,23512130,23512130,1702.5035331249237,111013.81177021074,60,384,32,coral,coral_bce,0.0,session_balanced,adamw,0.0003,0.05,cosine,5,60,5.0,True,full,raw,full_frame,dataset_v1_1,fp16,2,resnet50,2,2,base,a,66ac3b15dc46,0.8461538461538461,0.8666666666666667,0.8214285714285715,0.8461538461538461,0.8489010989010988,0.8518518518518517,0.8666666666666667,0.7499999999999999,0.6,1.0,40,0.7142857142857143,1.0,0.5555555555555556,20,1.0,1.0,1.0,44,0.8936605316973415,0.1538461538461538,0.7688888888888891,0.7972688859741256,0.3329928483818616,0.2072985900095879,0.7976027125349412,0.8532875166697935,0.4913362897932529,-0.0485511336189049,0.0598330228374554,0.586658239364624,0.0598330228374554,37.642857142857146,99.0,29.5,5787.287552000001,5787.287552,77.28571428571429,79.0,59.482625,99.93,1072.767857142857,5000.0,4.0,3360.2311257321708,95101.71383505204,0.0,0.0,0.0,473.1043840000001,473.104384,40.0,40.0,9.984732142857142,10.917,300.0,405.0,1.0,607.130200087573,17342.06310818241,66.76071428571429,72.5,4.376227035428571,4.449214464,15.7,2.939072512,2.939072512,26.474029056,0.0,3967.361325819744,1.1020448127277067,0.7857579514748548,713.0,1010,Tesla T4,16106.12736,70.0,GPU-f4a9a89f-cc24-d2f7-853e-1956f46933e2,Tesla T4,16106.12736,70.0,GPU-4d9a218d-2ddc-11de-006c-46c1d217053d,580.159.04,0.6,40,1.0,20,1.0,3,1.0,41
a-resnet50-base-f2-s2,a,resnet50,base,2,2,30,3210,102720,1787790741.0379035,1787790802.0462809,2026-08-27T00:32:21Z,2026-08-27T00:33:22Z,acct3,2,d8279d,Interactive,66ac3b15dc46,v2,3.0763502262378217e-05,1.0,0.2059347066363513,0.0001713472257409,0.0004361102497381,0.0134143764153122,0.0001570161111885,0.0013960262294858,0.0039637588569894,0.0,1061.4007629186665,7.040345552830282e-11,131072.0,0,0,60.985687255859375,58.2097053527832,2.7749812602996826,27.84394574165344,29.0158007144928,26.99656701087952,0.991741418838501,0.4565652531689434,0.2819431429711457,0.2814052104949951,0.2853670120239258,0.2933477592468261,58.82180607595684,23512130,23512130,1763.489220380783,114985.86338719905,60,384,32,coral,coral_bce,0.0,session_balanced,adamw,0.0003,0.05,cosine,5,60,5.0,True,full,raw,full_frame,dataset_v1_1,fp16,2,resnet50,2,2,base,a,66ac3b15dc46,0.7788461538461539,0.8083333333333332,0.7438039543302701,0.7788461538461539,0.7745967482809589,0.8217054263565892,0.8083333333333332,0.5964912280701754,0.425,1.0,40,0.6349206349206349,1.0,0.4651162790697674,20,1.0,1.0,1.0,44,0.8390742734122713,0.2211538461538461,0.6741144414168937,0.726509165671526,0.3578657102855068,0.2338227902262904,0.8072835616767406,0.8865113677801909,0.5282638967037201,0.0284374078305867,0.0970047887128133,0.6163691520690918,0.0970047887128133,51.71428571428572,99.0,45.0,5787.287552000001,5787.287552,76.92857142857143,78.0,53.37264285714286,77.787,1217.946428571429,5000.0,4.0,3364.2513121513184,98499.94927516783,0.0,0.0,0.0,473.1043840000001,473.104384,40.0,40.0,9.903946428571428,10.719,300.0,405.0,1.0,607.8003048369828,17957.38670608208,66.88571428571429,73.0,4.361327469714285,4.414758912,15.7,2.939072512,2.939072512,26.474029056,0.0,3972.051616988301,1.1033476713856392,0.7866868896979609,713.0,1018,Tesla T4,16106.12736,70.0,GPU-f4a9a89f-cc24-d2f7-853e-1956f46933e2,Tesla T4,16106.12736,70.0,GPU-4d9a218d-2ddc-11de-006c-46c1d217053d,580.159.04,0.425,40,1.0,20,1.0,3,1.0,41
a-resnet50-base-f2-s2,a,resnet50,base,2,2,31,3317,106144,1787790803.0872996,1787790861.6547096,2026-08-27T00:33:23Z,2026-08-27T00:34:21Z,acct3,2,d8279d,Interactive,66ac3b15dc46,v2,3.171798981685948e-05,1.0,0.1427818415857193,0.0001628362512718,0.0004339237577165,0.0080201914533972,0.000125338032376,0.0017286292742937,0.0044364555366337,0.0,1060.606429197942,6.662086528909319e-11,131072.0,0,0,58.54535126686096,55.86498045921326,2.6794447898864746,25.502545595169067,29.059835195541385,27.041582107543945,0.973322868347168,0.4356032553109736,0.2820970833858597,0.2812092304229736,0.2854743957519531,0.289860897064209,61.29063273368269,23512130,23512130,1822.034571647644,118841.1350001185,60,384,32,coral,coral_bce,0.0,session_balanced,adamw,0.0003,0.05,cosine,5,60,5.0,True,full,raw,full_frame,dataset_v1_1,fp16,2,resnet50,2,2,base,a,66ac3b15dc46,1.0,1.0,1.0,1.0,1.0,1.0,1.0,1.0,1.0,1.0,40,1.0,1.0,1.0,20,1.0,1.0,1.0,44,1.0,0.0,1.0,1.0,0.2198710281722871,0.1127228913786639,0.8334346585548841,0.8334346585548841,,-0.1665653414451159,0.1665653414451159,0.5490966439247131,0.1665653414451159,62.5925925925926,99.0,72.5,5787.2875520000025,5787.287552,77.01851851851852,78.0,54.72733333333333,71.946,1197.7777777777778,5000.0,4.0,3271.48275028386,101824.41684868408,0.0,0.0,0.0,473.1043839999999,473.104384,40.03703703703704,41.0,9.911925925925926,10.423,300.0,405.0,1.0,583.7888626356034,18552.90951422545,67.09814814814816,72.9,4.404386550518519,4.507119616,15.9,2.939072511999999,2.939072512,26.474029056,0.0,3855.271612919463,1.0709087813665177,0.7635579611143269,713.0,974,Tesla T4,16106.12736,70.0,GPU-f4a9a89f-cc24-d2f7-853e-1956f46933e2,Tesla T4,16106.12736,70.0,GPU-4d9a218d-2ddc-11de-006c-46c1d217053d,580.159.04,1.0,40,1.0,20,1.0,3,1.0,41
a-resnet50-base-f2-s2,a,resnet50,base,2,2,32,3424,109568,1787790862.2214732,1787790918.8021245,2026-08-27T00:34:22Z,2026-08-27T00:35:18Z,acct3,2,d8279d,Interactive,66ac3b15dc46,v2,2.7183303989438186e-05,1.0,0.2375699487877227,0.000154283407619,0.000355461820975,0.0031083454377949,0.0001475166500313,0.0016069539939053,0.0020481482893228,0.0,1059.853323120114,5.174476488601169e-11,131072.0,0,0,56.55598831176758,53.96462321281433,2.590167284011841,23.711262464523315,28.925480604171756,26.942136526107788,0.9941556453704834,0.4192529062318538,0.2811144467826201,0.2806394100189209,0.2846521854400635,0.2961786556243896,63.44897446049329,23512130,23512130,1878.590559959412,122550.91968758656,60,384,32,coral,coral_bce,0.0,session_balanced,adamw,0.0003,0.05,cosine,5,60,5.0,True,full,raw,full_frame,dataset_v1_1,fp16,2,resnet50,2,2,base,a,66ac3b15dc46,0.6442307692307693,0.6916666666666668,0.5530051344004833,0.6442307692307693,0.5766442859466115,0.7836257309941521,0.6916666666666668,0.1395348837209302,0.075,1.0,40,0.5194805194805194,1.0,0.3508771929824561,20,1.0,1.0,1.0,44,0.710589651022864,0.3557692307692308,0.4950131233595801,0.6065017304406407,0.4209751649529655,0.2853313679679575,0.8195473090387307,0.9745036221262234,0.5389507420965143,0.1753165398079614,0.1761089915839525,0.6843950549761454,0.1761089915839525,52.76923076923077,99.0,56.0,5787.2875520000025,5787.287552,76.76923076923077,78.0,54.02798076923078,86.858,1209.2307692307693,5000.0,4.0,3144.7597754778835,104999.3147929256,0.0,0.0,0.0,473.1043839999999,473.104384,40.0,40.0,9.999153846153847,10.917,300.0,405.0,1.0,565.0249119901673,19125.2507211301,67.725,73.9,4.3630143015384615,4.463558656,15.8,2.940176620307691,2.995716096,26.530660352,0.0,3709.784687468051,1.030495746518903,0.7347434672679779,713.0,938,Tesla T4,16106.12736,70.0,GPU-f4a9a89f-cc24-d2f7-853e-1956f46933e2,Tesla T4,16106.12736,70.0,GPU-4d9a218d-2ddc-11de-006c-46c1d217053d,580.159.04,0.075,40,1.0,20,1.0,3,1.0,41
a-resnet50-base-f2-s2,a,resnet50,base,2,2,33,3531,112992,1787790919.370782,1787790976.5461884,2026-08-27T00:35:19Z,2026-08-27T00:36:16Z,acct3,2,d8279d,Interactive,66ac3b15dc46,v2,2.345878908302175e-05,1.0,0.1875713590758935,0.0001457165923809,0.000287401556638,0.005344932898879,0.0001425889058737,0.0010631498531438,0.0025946824159473,0.0,1059.1417204079512,3.954067210396445e-11,131072.0,0,0,57.15208387374878,54.458319664001465,2.692859411239624,24.17149543762207,28.94739508628845,26.90573763847351,0.9832727909088136,0.4229328801206595,0.2812933654428642,0.2808499336242676,0.2853251457214355,0.2904801559448242,62.87377247637267,23512130,23512130,1935.7426438331604,126302.74493271178,60,384,32,coral,coral_bce,0.0,session_balanced,adamw,0.0003,0.05,cosine,5,60,5.0,True,full,raw,full_frame,dataset_v1_1,fp16,2,resnet50,2,2,base,a,66ac3b15dc46,0.8846153846153846,0.9,0.8642533936651584,0.8846153846153846,0.8877479986077271,0.875,0.9,0.8235294117647058,0.7,1.0,40,0.7692307692307693,1.0,0.625,20,1.0,1.0,1.0,44,0.9224652087475148,0.1153846153846153,0.8247191011235955,0.841822834402036,0.3129816588287712,0.1919630122001643,0.8013425890642863,0.8412310215442077,0.4955312733848889,-0.0832727955510982,0.0832727955510983,0.3870830113689105,0.0832727955510983,62.69230769230769,99.0,86.5,5787.2875520000025,5787.287552,77.01923076923077,78.0,56.03384615384615,70.14,1157.3076923076924,5000.0,4.0,3181.468069237424,108215.83107814832,0.0,0.0,0.0,473.1043839999999,473.104384,40.0,40.0,9.902423076923077,10.621,300.0,405.0,1.0,570.3571758877988,19703.25301917237,68.52692307692308,74.8,4.407768694153846,4.492058624,15.9,2.9394266584615374,2.956652544,26.530660352,0.0,3751.825245125223,1.0421736792014509,0.7430698332706344,713.0,948,Tesla T4,16106.12736,70.0,GPU-f4a9a89f-cc24-d2f7-853e-1956f46933e2,Tesla T4,16106.12736,70.0,GPU-4d9a218d-2ddc-11de-006c-46c1d217053d,580.159.04,0.7,40,1.0,20,1.0,3,1.0,41
a-resnet50-base-f2-s2,a,resnet50,base,2,2,34,3638,116416,1787790977.0993044,1787791036.38479,2026-08-27T00:36:17Z,2026-08-27T00:37:16Z,acct3,2,d8279d,Interactive,66ac3b15dc46,v2,1.9490617521080472e-05,1.0,0.2646943053034822,0.0001371637487281,0.0002438917862806,0.0033357061911374,9.836383105721323e-05,0.0008452625828795,0.0015035421727225,0.0,1058.4715380184975,3.1605112172296517e-11,131072.0,0,0,59.26192927360535,56.416340827941895,2.844552993774414,26.19478154182434,28.87509489059448,26.621496200561523,0.9901106357574464,0.442017022781795,0.2807319097429792,0.2806406021118164,0.2833295345306396,0.2893984127044677,60.69163561037196,23512130,23512130,1995.0045731067655,130189.68775510736,60,384,32,coral,coral_bce,0.0,session_balanced,adamw,0.0003,0.05,cosine,5,60,5.0,True,full,raw,full_frame,dataset_v1_1,fp16,2,resnet50,2,2,base,a,66ac3b15dc46,0.625,0.6749999999999999,0.5183698672429763,0.625,0.5392096326026551,0.7796610169491526,0.6749999999999999,0.048780487804878,0.025,1.0,40,0.5063291139240507,1.0,0.3389830508474576,20,1.0,1.0,1.0,44,0.689718482252142,0.375,0.4704960835509138,0.5913901994236609,0.4845679583878851,0.3389885075178602,0.8441525216285999,0.9902637655918416,0.6006337816898639,0.2191525216285998,0.2204413035741219,0.8017303943634033,0.2204413035741219,66.32727272727273,99.0,97.0,5787.287552000003,5787.287552,76.9090909090909,78.0,60.55263636363637,91.652,1065.8181818181818,5000.0,4.0,3296.267094030365,111542.11219400258,0.0,0.0,0.0,473.1043839999999,473.104384,40.0,40.0,9.927127272727274,10.427,300.0,405.0,1.0,590.6757283652041,20301.270699182474,66.58545454545454,76.1,4.403272759854545,4.496207872,15.9,2.940089809454544,2.994139136,26.530660352,0.0,3886.942822395569,1.0797063395543247,0.7698306201022335,713.0,986,Tesla T4,16106.12736,70.0,GPU-f4a9a89f-cc24-d2f7-853e-1956f46933e2,Tesla T4,16106.12736,70.0,GPU-4d9a218d-2ddc-11de-006c-46c1d217053d,580.159.04,0.025,40,1.0,20,1.0,3,1.0,41
a-resnet50-base-f2-s2,a,resnet50,base,2,2,35,3745,119840,1787791036.9799695,1787791096.6985116,2026-08-27T00:37:16Z,2026-08-27T00:38:16Z,acct3,2,d8279d,Interactive,66ac3b15dc46,v2,1.3799260780989438e-05,1.0,0.1803183907297282,0.000128652774259,0.0001795450410601,0.0019418348092585,7.548084977315739e-05,0.0005610355932731,0.001640038639307,0.0,1057.8422158786736,2.18359291112686e-11,131072.0,0,0,59.692060708999634,56.8188955783844,2.8713862895965576,26.49163818359375,28.952821254730225,26.77095460891724,1.0070514678955078,0.4438050532840737,0.2817252707258563,0.281153917312622,0.2853977203369141,0.2904590225219726,60.26164298241995,23512130,23512130,2054.6966338157654,134067.2881888293,60,384,32,coral,coral_bce,0.0,session_balanced,adamw,0.0003,0.05,cosine,5,60,5.0,True,full,raw,full_frame,dataset_v1_1,fp16,2,resnet50,2,2,base,a,66ac3b15dc46,0.8653846153846154,0.8833333333333333,0.8428731762065095,0.8653846153846154,0.8685573685573686,0.8627450980392157,0.8833333333333333,0.787878787878788,0.65,1.0,40,0.7407407407407407,1.0,0.5882352941176471,20,1.0,1.0,1.0,44,0.908266129032258,0.1346153846153846,0.7966480446927375,0.8191290910848996,0.3070698994388957,0.190673657949176,0.8085361197590828,0.854377626048194,0.5138407221862248,-0.0568484956255326,0.0950194843686544,0.2782502278037694,0.0950194843686544,71.57142857142857,99.0,89.5,5787.287552000001,5787.287552,77.46428571428571,78.0,60.553,93.376,1049.732142857143,5000.0,4.0,3282.5120055660664,114849.90900623,0.0,0.0,0.0,473.1043840000001,473.104384,40.0,40.0,9.877214285714286,10.324,300.0,405.0,1.0,595.0884281558683,20903.12161834781,66.67321428571428,74.5,4.407272667428571,4.474073088,15.9,2.940254500571428,2.991386624,26.530660352,0.0,3877.600433721935,1.0771112315894262,0.7679803081232609,713.0,994,Tesla T4,16106.12736,70.0,GPU-f4a9a89f-cc24-d2f7-853e-1956f46933e2,Tesla T4,16106.12736,70.0,GPU-4d9a218d-2ddc-11de-006c-46c1d217053d,580.159.04,0.65,40,1.0,20,1.0,3,1.0,41
a-resnet50-base-f2-s2,a,resnet50,base,2,2,36,3852,123264,1787791097.285956,1787791156.583152,2026-08-27T00:38:17Z,2026-08-27T00:39:16Z,acct3,2,d8279d,Interactive,66ac3b15dc46,v2,1.6447266507256985e-05,1.0,0.2702330861995261,0.0001202114300031,0.0002414589193181,0.002016004640609,9.381334530189632e-05,0.0010352820740081,0.0016847544931806,0.0,1057.2535603960891,2.7454267420367808e-11,131072.0,0,0,59.27074456214905,56.48303937911987,2.786705017089844,26.135176181793213,28.994028091430664,26.887741565704346,0.9960658550262452,0.4409456364157676,0.281845152935135,0.2813818454742431,0.2857612609863281,0.2941547250747681,60.619967297045854,23512130,23512130,2113.9673783779144,137947.7996313047,60,384,32,coral,coral_bce,0.0,session_balanced,adamw,0.0003,0.05,cosine,5,60,5.0,True,full,raw,full_frame,dataset_v1_1,fp16,2,resnet50,2,2,base,a,66ac3b15dc46,0.625,0.6749999999999999,0.5183698672429763,0.625,0.5392096326026551,0.7796610169491526,0.6749999999999999,0.048780487804878,0.025,1.0,40,0.5063291139240507,1.0,0.3389830508474576,20,1.0,1.0,1.0,44,0.689718482252142,0.375,0.4704960835509138,0.5913901994236609,0.4930838089208847,0.343604527921689,0.8446022189007356,0.9899806902958797,0.6023047665754954,0.2196022189007356,0.2210206753359391,0.7589736410549709,0.2210206753359391,56.87272727272728,99.0,68.0,5787.287552000003,5787.287552,77.32727272727273,78.0,56.08343636363635,96.801,1235.4545454545455,5000.0,4.0,3287.6436569438665,118168.27277116748,0.0,0.0,0.0,473.1043839999999,473.104384,40.0,40.0,9.912472727272728,10.423,300.0,405.0,1.0,592.8677855315254,21503.07618184941,67.28727272727274,75.6,4.391661344581819,4.460609536,15.8,2.9390888959999986,2.939088896,26.474029056,0.0,3880.511442475392,1.0779198451320533,0.768556849579154,713.0,984,Tesla T4,16106.12736,70.0,GPU-f4a9a89f-cc24-d2f7-853e-1956f46933e2,Tesla T4,16106.12736,70.0,GPU-4d9a218d-2ddc-11de-006c-46c1d217053d,580.159.04,0.025,40,1.0,20,1.0,3,1.0,41
a-resnet50-base-f2-s2,a,resnet50,base,2,2,37,3959,126688,1787791157.1493628,1787791217.4792583,2026-08-27T00:39:17Z,2026-08-27T00:40:17Z,acct3,2,d8279d,Interactive,66ac3b15dc46,v2,2.134939723814186e-05,1.0,0.2361899802123949,0.0001118672498709,0.000276749965383,0.0024467697367072,9.085751662496476e-05,0.0013655613409355,0.0018408196349628,0.0,1056.7049163077006,2.9297921351083505e-11,131072.0,0,0,60.30473327636719,56.91888618469238,3.3848350048065186,26.671646118164062,28.88166975975037,26.811256647109985,1.0148613452911377,0.4422811389602217,0.2809470546579806,0.2804155349731445,0.2837438106536865,0.2963389444351196,60.155780084833104,23512130,23512130,2174.2721116542816,141865.5598199672,60,384,32,coral,coral_bce,0.0,session_balanced,adamw,0.0003,0.05,cosine,5,60,5.0,True,full,raw,full_frame,dataset_v1_1,fp16,2,resnet50,2,2,base,a,66ac3b15dc46,0.6442307692307693,0.6916666666666668,0.5530051344004833,0.6442307692307693,0.5766442859466115,0.7836257309941521,0.6916666666666668,0.1395348837209302,0.075,1.0,40,0.5194805194805194,1.0,0.3508771929824561,20,1.0,1.0,1.0,44,0.710589651022864,0.3557692307692308,0.4950131233595801,0.6065017304406407,0.4225811147210246,0.2892240296437495,0.8233481439260336,0.9742147068479168,0.5501573407972181,0.1791173746952643,0.1808101064883745,0.6898632560457502,0.1808101064883745,33.85454545454545,99.0,11.0,5787.287552000003,5787.287552,76.78181818181818,78.0,52.81670909090907,93.279,1245.0,5000.0,4.0,3305.512506449188,121504.91776260226,0.0,0.0,0.0,473.1043839999999,473.104384,40.0,40.0,10.047563636363636,10.818,300.0,405.0,1.0,612.2476822133322,22122.62368524308,70.18909090909091,91.5,4.350780732509091,4.664475648,16.4,2.953486336,3.197878272,26.744475648,0.0,3917.76018866252,1.0882667190729225,0.7759341706989935,713.0,1000,Tesla T4,16106.12736,70.0,GPU-f4a9a89f-cc24-d2f7-853e-1956f46933e2,Tesla T4,16106.12736,70.0,GPU-4d9a218d-2ddc-11de-006c-46c1d217053d,580.159.04,0.075,40,1.0,20,1.0,3,1.0,41
a-resnet50-base-f2-s2,a,resnet50,base,2,2,38,4066,130112,1787791218.0888207,1787791278.6244743,2026-08-27T00:40:18Z,2026-08-27T00:41:18Z,acct3,2,d8279d,Interactive,66ac3b15dc46,v2,1.9649587990566506e-05,1.0,0.3645751735367289,0.0001036474508437,0.0003007295912046,0.0076074777171015,9.591164416633546e-05,0.0010463682236149,0.0047264066222123,0.0,1056.1957157283014,2.9511439080350974e-11,262144.0,0,0,60.510401487350464,57.58828926086426,2.920880079269409,27.12918281555176,29.11635136604309,26.95597743988037,0.9771544933319092,0.448339163990228,0.2828620260006913,0.282989501953125,0.2871193885803222,0.2914505338668823,59.45653263791039,23512130,23512130,2234.782513141632,145804.17425484426,60,384,32,coral,coral_bce,0.0,session_balanced,adamw,0.0003,0.05,cosine,5,60,5.0,True,full,raw,full_frame,dataset_v1_1,fp16,2,resnet50,2,2,base,a,66ac3b15dc46,0.6153846153846154,0.6666666666666666,0.5,0.6153846153846154,0.5192307692307693,0.4444444444444444,0.6666666666666666,0.0,0.0,0.0,40,0.5,1.0,0.3333333333333333,20,1.0,1.0,1.0,44,0.6790123456790124,0.3846153846153846,0.4583333333333333,0.5840250605220888,0.6959195570439441,0.4779066075372299,0.8992627480855355,0.999471583403647,0.7389286115765572,0.2838781327009201,0.2845284915887392,0.8845486215182713,0.2845284915887392,61.392857142857146,99.0,87.5,5787.287552000001,5787.287552,77.35714285714286,78.0,56.08333928571428,78.759,1169.4642857142858,5000.0,4.0,3323.601662632602,124855.620081271,0.0,0.0,0.0,473.1043840000001,473.104384,40.0,40.0,10.079946428571429,11.115,300.0,405.0,1.0,615.0127722444486,22745.368631633228,67.31428571428572,73.9,4.421483081142857,4.493541376,15.9,2.9413825097142854,2.941403136,26.482036736,0.0,3938.6144348770495,1.0940595652436251,0.7800644700187046,713.0,1008,Tesla T4,16106.12736,70.0,GPU-f4a9a89f-cc24-d2f7-853e-1956f46933e2,Tesla T4,16106.12736,70.0,GPU-4d9a218d-2ddc-11de-006c-46c1d217053d,580.159.04,0.0,40,1.0,20,1.0,3,1.0,41
a-resnet50-base-f2-s2,a,resnet50,base,2,2,39,4173,133536,1787791279.2176423,1787791339.6793764,2026-08-27T00:41:19Z,2026-08-27T00:42:19Z,acct3,2,d8279d,Interactive,66ac3b15dc46,v2,2.111127891447867e-05,1.0,0.2256103043523755,9.557884419740386e-05,0.0003473299630144,0.0169345401227474,6.975666474318132e-05,0.0009145048039499,0.0019790769205428,0.0,1055.725434035976,3.1445104332792406e-11,262144.0,0,0,60.43590545654297,57.73142051696777,2.7034146785736084,27.35387778282165,29.026729822158813,27.000591039657596,0.979640245437622,0.4526097123255765,0.2820637961414373,0.2814288139343261,0.2862260818481445,0.2901559352874756,59.30912437870217,23512130,23512130,2295.218418598175,149719.83512567412,60,384,32,coral,coral_bce,0.0,session_balanced,adamw,0.0003,0.05,cosine,5,60,5.0,True,full,raw,full_frame,dataset_v1_1,fp16,2,resnet50,2,2,base,a,66ac3b15dc46,0.6826923076923077,0.725,0.6152725153016614,0.6826923076923077,0.6430172858327915,0.7924528301886792,0.725,0.2978723404255319,0.175,1.0,40,0.5479452054794521,1.0,0.3773584905660377,20,1.0,1.0,1.0,44,0.7502910360884749,0.3173076923076923,0.5448275862068966,0.6382132850383295,0.4052142189982154,0.2772227078431536,0.8219768837667428,0.9450053765740192,0.5572792174238147,0.1392845760744351,0.1421912091855819,0.7394658327102661,0.1421912091855819,62.17857142857143,99.0,71.0,5787.287552000001,5787.287552,77.07142857142857,78.0,57.92371428571429,90.973,1111.071428571429,5000.0,4.0,3309.545366968392,128196.41654467877,0.0,0.0,0.0,473.1043840000001,473.104384,40.0,40.0,9.987875,10.818,300.0,405.0,1.0,606.1155038614706,23358.70427147125,67.27499999999999,75.9,4.430389321142857,4.540329984,16.0,2.9434031542857144,2.995904512,26.530660352,0.0,3915.660870829863,1.0876835752305174,0.7755183891393589,713.0,1004,Tesla T4,16106.12736,70.0,GPU-f4a9a89f-cc24-d2f7-853e-1956f46933e2,Tesla T4,16106.12736,70.0,GPU-4d9a218d-2ddc-11de-006c-46c1d217053d,580.159.04,0.175,40,1.0,20,1.0,3,1.0,41
a-resnet50-base-f2-s2,a,resnet50,base,2,2,40,4280,136960,1787791340.2348895,1787791396.84988,2026-08-27T00:42:20Z,2026-08-27T00:43:16Z,acct3,2,d8279d,Interactive,66ac3b15dc46,v2,2.314079341074354e-05,1.0,0.2139215675793786,8.768774804971705e-05,0.0004154793247333,0.0084550846368074,7.844375795684755e-05,0.0010145943902898,0.007213507303968,0.0,1055.292730947414,3.452354524832e-11,262144.0,0,0,56.59181094169617,53.95888590812683,2.6304023265838623,23.5803382396698,29.049054384231567,27.01524806022644,0.9726927280426024,0.4166740354706707,0.2820237975254237,0.2815709114074707,0.2861120223999023,0.2891644334793091,63.45572082103174,23512130,23512130,2351.810229539871,153435.8694219596,60,384,32,coral,coral_bce,0.0,session_balanced,adamw,0.0003,0.05,cosine,5,60,5.0,True,full,raw,full_frame,dataset_v1_1,fp16,2,resnet50,2,2,base,a,66ac3b15dc46,0.7788461538461539,0.8083333333333332,0.7438039543302701,0.7788461538461539,0.7745967482809589,0.8217054263565892,0.8083333333333332,0.5964912280701754,0.425,1.0,40,0.6349206349206349,1.0,0.4651162790697674,20,1.0,1.0,1.0,44,0.8390742734122713,0.2211538461538461,0.6741144414168937,0.726509165671526,0.3711334259182291,0.243530673596353,0.8077279942540022,0.8839205032513465,0.5393978538720504,0.0288818404078483,0.1372602868538636,0.675508439540863,0.1372602868538636,59.0377358490566,99.0,63.0,5787.2875520000025,5787.287552,76.88679245283019,78.0,54.33630188679245,90.528,1164.622641509434,5000.0,4.0,3150.262222238627,131378.40165579048,0.0,0.0,0.0,473.1043839999999,473.104384,40.0,40.0,9.963641509433964,10.423,300.0,405.0,1.0,565.7720740468503,23931.22786448573,67.76415094339622,75.1,4.3618358870943394,4.458266624,15.8,2.942193432150943,2.984566784,26.530660352,0.0,3716.0342962854775,1.0322317489681885,0.7359812370143182,713.0,940,Tesla T4,16106.12736,70.0,GPU-f4a9a89f-cc24-d2f7-853e-1956f46933e2,Tesla T4,16106.12736,70.0,GPU-4d9a218d-2ddc-11de-006c-46c1d217053d,580.159.04,0.425,40,1.0,20,1.0,3,1.0,41
a-resnet50-base-f2-s2,a,resnet50,base,2,2,41,4387,140384,1787791411.928983,1787791469.554648,2026-08-27T00:43:31Z,2026-08-27T00:44:29Z,acct3,2,d8279d,Interactive,66ac3b15dc46,v2,1.72120537685489e-05,1.0,0.2220536017533469,7.999990151614894e-05,0.0002456594807014,0.0045642964541912,6.237014167709276e-05,0.0009275116724893,0.0030267580039799,0.0,1054.8973777055078,1.8629996318098488e-11,262144.0,0,0,57.60153865814209,54.86900854110718,2.7315549850463867,24.152345180511475,29.38548469543457,27.410544395446777,0.9842548370361328,0.4193003475801682,0.2853204602393034,0.2848501205444336,0.2940542697906494,0.308134274482727,62.40316876574837,23512130,23512130,2409.4117681980133,157213.94112445705,60,384,32,coral,coral_bce,0.0,session_balanced,adamw,0.0003,0.05,cosine,5,60,5.0,True,full,raw,full_frame,dataset_v1_1,fp16,2,resnet50,2,2,base,a,66ac3b15dc46,0.6826923076923077,0.725,0.6152725153016614,0.6826923076923077,0.6430172858327915,0.7924528301886792,0.725,0.2978723404255319,0.175,1.0,40,0.5479452054794521,1.0,0.3773584905660377,20,1.0,1.0,1.0,44,0.7502910360884749,0.3173076923076923,0.5448275862068966,0.6382132850383295,0.3948169522429896,0.2670720586005562,0.8164566139189097,0.944908081645697,0.5400913348703673,0.1337643062266019,0.1362776220417939,0.6855373829603195,0.1362776220417939,44.60377358490566,99.0,39.0,5787.2875520000025,5787.287552,77.75471698113208,81.0,55.97049056603773,94.828,1120.754716981132,5000.0,4.0,3202.995895012602,135091.61834470934,0.0,0.0,0.0,473.1043839999999,473.104384,40.83018867924528,41.0,9.91890566037736,10.324,300.0,405.0,1.0,575.0758074848454,24659.4077612271,68.05283018867925,74.4,4.4473596715471695,4.56445952,16.1,2.9551636866415083,2.98274816,26.530660352,0.0,3778.071702497448,1.0494643618048465,0.7482680899668556,713.0,956,Tesla T4,16106.12736,70.0,GPU-f4a9a89f-cc24-d2f7-853e-1956f46933e2,Tesla T4,16106.12736,70.0,GPU-4d9a218d-2ddc-11de-006c-46c1d217053d,580.159.04,0.175,40,1.0,20,1.0,3,1.0,41
a-resnet50-base-f2-s2,a,resnet50,base,2,2,42,4494,143808,1787791470.108859,1787791527.3178282,2026-08-27T00:44:30Z,2026-08-27T00:45:27Z,acct3,2,d8279d,Interactive,66ac3b15dc46,v2,1.3323802083131146e-05,1.0,0.2369677434691784,7.254038075415572e-05,0.0002169368253647,0.0059045660309493,8.739989425521344e-05,0.00046336427622,0.0022206323454156,0.0,1054.5378184259769,1.4922821767589715e-11,262144.0,0,0,57.18375015258789,54.463276386260986,2.7192327976226807,23.96813130378723,29.13959240913391,27.058568716049194,0.99894380569458,0.4191423479542909,0.2832063425367123,0.2831113338470459,0.2907400131225586,0.297743592262268,62.868050311856464,23512130,23512130,2466.595518350601,160949.92964018713,60,384,32,coral,coral_bce,0.0,session_balanced,adamw,0.0003,0.05,cosine,5,60,5.0,True,full,raw,full_frame,dataset_v1_1,fp16,2,resnet50,2,2,base,a,66ac3b15dc46,0.6442307692307693,0.6916666666666668,0.5530051344004833,0.6442307692307693,0.5766442859466115,0.7836257309941521,0.6916666666666668,0.1395348837209302,0.075,1.0,40,0.5194805194805194,1.0,0.3508771929824561,20,1.0,1.0,1.0,44,0.710589651022864,0.3557692307692308,0.4950131233595801,0.6065017304406407,0.4289788601590355,0.29710702728349,0.8286255724154986,0.9734734118874392,0.5663335387771194,0.1843948031847293,0.1875048990433032,0.756981372833252,0.1875048990433032,53.15384615384615,99.0,56.5,5787.2875520000025,5787.287552,77.1923076923077,80.0,55.17103846153847,85.845,1170.8653846153843,5000.0,4.0,3164.054533347604,138288.83889800665,0.0,0.0,0.0,473.1043839999999,473.104384,40.59615384615385,41.0,9.919115384615385,10.522,300.0,405.0,1.0,571.9339823824848,25238.4736442403,68.42307692307692,76.7,4.400510976,4.544909312,16.1,2.955734724923076,3.003457536,26.530660352,0.0,3735.9885157300887,1.0377745877028024,0.7399332810320981,713.0,948,Tesla T4,16106.12736,70.0,GPU-f4a9a89f-cc24-d2f7-853e-1956f46933e2,Tesla T4,16106.12736,70.0,GPU-4d9a218d-2ddc-11de-006c-46c1d217053d,580.159.04,0.075,40,1.0,20,1.0,3,1.0,41
a-resnet50-base-f2-s2,a,resnet50,base,2,2,43,4601,147232,1787791527.867762,1787791585.6456962,2026-08-27T00:45:27Z,2026-08-27T00:46:25Z,acct3,2,d8279d,Interactive,66ac3b15dc46,v2,1.3762976685892316e-05,1.0,0.186968316442202,6.533351716998465e-05,0.0001930257886695,0.0017483500996604,8.812977466732264e-05,0.0006136265059467,0.0014982585934922,0.0,1054.2129785925583,1.19625293317186e-11,262144.0,0,0,57.752087354660034,55.04817342758179,2.7027385234832764,24.90119409561157,28.802574396133423,26.734293937683105,0.9734466075897216,0.4311739235101826,0.279980064552521,0.2796473503112793,0.284031867980957,0.2887250614166259,62.20006562986904,23512130,23512130,2524.347605705261,164741.49698752598,60,384,32,coral,coral_bce,0.0,session_balanced,adamw,0.0003,0.05,cosine,5,60,5.0,True,full,raw,full_frame,dataset_v1_1,fp16,2,resnet50,2,2,base,a,66ac3b15dc46,0.8653846153846154,0.8833333333333333,0.8428731762065095,0.8653846153846154,0.8685573685573686,0.8627450980392157,0.8833333333333333,0.787878787878788,0.65,1.0,40,0.7407407407407407,1.0,0.5882352941176471,20,1.0,1.0,1.0,44,0.908266129032258,0.1346153846153846,0.7966480446927375,0.8191290910848996,0.3177714391520826,0.1986154220058858,0.8055069334805012,0.8502555165025923,0.5178374711956296,-0.0598776819041142,0.1172827227184405,0.6012935638427734,0.1172827227184405,54.24528301886792,99.0,60.0,5787.2875520000025,5787.287552,76.47169811320755,78.0,55.125415094339616,80.995,1177.3584905660375,5000.0,4.0,3212.0776337477146,141536.41292122423,0.0,0.0,0.0,473.1043839999999,473.104384,40.33962264150944,41.0,9.907150943396225,10.818,300.0,405.0,1.0,579.4897135911342,25825.49880992957,67.85471698113209,73.8,4.430053839698113,4.538535936,16.0,2.954633215999999,2.954633216,26.53065216,0.0,3791.567347338849,1.053213152038569,0.7509409774034997,713.0,958,Tesla T4,16106.12736,70.0,GPU-f4a9a89f-cc24-d2f7-853e-1956f46933e2,Tesla T4,16106.12736,70.0,GPU-4d9a218d-2ddc-11de-006c-46c1d217053d,580.159.04,0.65,40,1.0,20,1.0,3,1.0,41
a-resnet50-base-f2-s2,a,resnet50,base,2,2,44,4708,150656,1787791586.2096806,1787791643.626838,2026-08-27T00:46:26Z,2026-08-27T00:47:23Z,acct3,2,d8279d,Interactive,66ac3b15dc46,v2,1.5909052802475614e-05,1.0,0.221700267779467,5.840281805468426e-05,0.000223360723777,0.0035787066444754,7.4634219345171e-05,0.0008587841934058,0.0022803438664413,0.0,1053.921647639717,1.2377481514424589e-11,262144.0,0,0,57.388500452041626,54.568631172180176,2.818850517272949,24.277441024780277,28.976847410202023,26.92894411087036,0.9824581146240234,0.423036685634754,0.281410417824148,0.2804198265075683,0.2857223510742187,0.2942082548141479,62.74667196976716,23512130,23512130,2581.736106157303,168489.381626552,60,384,32,coral,coral_bce,0.0,session_balanced,adamw,0.0003,0.05,cosine,5,60,5.0,True,full,raw,full_frame,dataset_v1_1,fp16,2,resnet50,2,2,base,a,66ac3b15dc46,0.6923076923076923,0.7333333333333334,0.6296296296296297,0.6923076923076923,0.6581196581196581,0.7948717948717948,0.7333333333333334,0.3333333333333333,0.2,1.0,40,0.5555555555555556,1.0,0.3846153846153846,20,1.0,1.0,1.0,44,0.7598152424942264,0.3076923076923077,0.5574468085106383,0.6464506583421579,0.395347802929438,0.2683090580741705,0.817147603401771,0.9373913192086748,0.546599242836237,0.1248399110940786,0.1278274173919971,0.6874959588050842,0.1278274173919971,55.22641509433962,99.0,63.0,5787.2875520000025,5787.287552,76.94339622641509,78.0,58.32109433962264,85.554,1116.2264150943397,5000.0,4.0,3176.7561125944485,144735.78354632584,0.0,0.0,0.0,473.1043839999999,473.104384,40.320754716981135,41.0,9.878679245283015,10.423,300.0,405.0,1.0,571.1285264315557,26402.91614120908,67.69056603773585,74.0,4.457030636679245,4.554375168,16.1,2.9548693929056595,2.967150592,26.530660352,0.0,3747.884639026004,1.0410790663961125,0.742289374340428,713.0,954,Tesla T4,16106.12736,70.0,GPU-f4a9a89f-cc24-d2f7-853e-1956f46933e2,Tesla T4,16106.12736,70.0,GPU-4d9a218d-2ddc-11de-006c-46c1d217053d,580.159.04,0.2,40,1.0,20,1.0,3,1.0,41
a-resnet50-base-f2-s2,a,resnet50,base,2,2,45,4815,154080,1787791644.1932592,1787791701.7116127,2026-08-27T00:47:24Z,2026-08-27T00:48:21Z,acct3,2,d8279d,Interactive,66ac3b15dc46,v2,1.9636345345023533e-05,1.0,0.2805508462712571,5.1770889908207245e-05,0.0002973463051773,0.0104522742331027,7.65310978749767e-05,0.0007537607103586,0.0039387460821308,0.0,1053.6621065332108,1.4609885592826803e-11,262144.0,0,0,57.49274802207947,54.82201433181763,2.6697397232055664,24.534204244613647,28.94810652732849,26.93277263641357,0.9869604110717772,0.4267356334261766,0.281257493473659,0.2808635234832763,0.2847537040710449,0.2939016151428222,62.45666164828929,23512130,23512130,2639.2288541793823,172239.64865166048,60,384,32,coral,coral_bce,0.0,session_balanced,adamw,0.0003,0.05,cosine,5,60,5.0,True,full,raw,full_frame,dataset_v1_1,fp16,2,resnet50,2,2,base,a,66ac3b15dc46,0.6153846153846154,0.6666666666666666,0.5,0.6153846153846154,0.5192307692307693,0.4444444444444444,0.6666666666666666,0.0,0.0,0.0,40,0.5,1.0,0.3333333333333333,20,1.0,1.0,1.0,44,0.6790123456790124,0.3846153846153846,0.4583333333333333,0.5840250605220888,0.519526930802858,0.3655921205229887,0.8553098133550241,0.9983491878956556,0.6264468140900135,0.2399251979704086,0.2419569667142171,0.8126571178436279,0.2419569667142171,63.351851851851855,99.0,87.0,5787.2875520000025,5787.287552,76.94444444444444,78.0,58.76905555555554,96.026,1115.0,5000.0,4.0,3179.499264070182,147947.08472535573,0.0,0.0,0.0,473.1043839999999,473.104384,40.24074074074074,41.0,9.863462962962965,10.229,300.0,405.0,1.0,570.7677610382998,26980.44008288521,67.04444444444442,76.2,4.441489787259259,4.569935872,16.2,2.954633215999999,2.954633216,26.474029056,0.0,3750.267025108482,1.0417408403079116,0.742761219139541,713.0,956,Tesla T4,16106.12736,70.0,GPU-f4a9a89f-cc24-d2f7-853e-1956f46933e2,Tesla T4,16106.12736,70.0,GPU-4d9a218d-2ddc-11de-006c-46c1d217053d,580.159.04,0.0,40,1.0,20,1.0,3,1.0,41
a-resnet50-base-f2-s2,a,resnet50,base,2,2,46,4922,157504,1787791702.25714,1787791759.2891238,2026-08-27T00:48:22Z,2026-08-27T00:49:19Z,acct3,2,d8279d,Interactive,66ac3b15dc46,v2,1.0739913085604015e-05,1.0,0.3163166296928134,4.5459364701706e-05,0.0001412844127184,0.0015086599159985,5.41104054718744e-05,0.0004691234556958,0.0014224841701798,0.0,1053.4334129920062,6.096920379802548e-12,262144.0,0,0,57.00686597824097,54.41088819503784,2.5949487686157227,24.064831972122192,29.011997938156128,26.98806571960449,0.995030641555786,0.4221391855028047,0.2818789392988258,0.2818388938903808,0.2851642131805419,0.2940726137161255,62.92858127451523,23512130,23512130,2696.2357201576237,176004.7054443086,60,384,32,coral,coral_bce,0.0,session_balanced,adamw,0.0003,0.05,cosine,5,60,5.0,True,full,raw,full_frame,dataset_v1_1,fp16,2,resnet50,2,2,base,a,66ac3b15dc46,0.6153846153846154,0.6666666666666666,0.5,0.6153846153846154,0.5192307692307693,0.4444444444444444,0.6666666666666666,0.0,0.0,0.0,40,0.5,1.0,0.3333333333333333,20,1.0,1.0,1.0,44,0.6790123456790124,0.3846153846153846,0.4583333333333333,0.5840250605220888,0.5985150529733319,0.4213286111367717,0.8781982270570902,0.99575265776366,0.6901111379265785,0.2628136116724747,0.2680411098095087,0.8737203677495321,0.2680411098095087,55.320754716981135,99.0,65.0,5787.2875520000025,5787.287552,77.11320754716981,78.0,53.85871698113207,95.022,1216.4150943396226,5000.0,4.0,3197.8435989287973,151174.72502206563,0.0,0.0,0.0,473.1043839999999,473.104384,40.33962264150944,41.0,9.872396226415091,10.427,300.0,405.0,1.0,567.2131937193299,27554.9876101643,67.98490566037735,74.7,4.430347824301887,4.514648064,16.0,2.95645585871698,3.008700416,26.530660352,0.0,3765.056792648127,1.045849109068924,0.745690414766143,713.0,946,Tesla T4,16106.12736,70.0,GPU-f4a9a89f-cc24-d2f7-853e-1956f46933e2,Tesla T4,16106.12736,70.0,GPU-4d9a218d-2ddc-11de-006c-46c1d217053d,580.159.04,0.0,40,1.0,20,1.0,3,1.0,41
a-resnet50-base-f2-s2,a,resnet50,base,2,2,47,5029,160928,1787791759.858648,1787791817.7368915,2026-08-27T00:49:19Z,2026-08-27T00:50:17Z,acct3,2,d8279d,Interactive,66ac3b15dc46,v2,1.205308205103775e-05,1.0,0.2295714465243026,3.948882931853924e-05,0.0002007583569682,0.0076657338067889,5.643952317768708e-05,0.0004603086505085,0.0018568997725378,0.0,1053.2335831745738,7.527022133775047e-12,262144.0,0,0,57.85193753242493,55.04235005378723,2.8082540035247803,24.63327407836914,29.067013263702396,27.037781238555908,0.987330198287964,0.4257986012060988,0.2823794823940669,0.2819976806640625,0.2868552684783935,0.2946105337142944,62.20664627607791,23512130,23512130,2754.087657690048,179787.44267703278,60,384,32,coral,coral_bce,0.0,session_balanced,adamw,0.0003,0.05,cosine,5,60,5.0,True,full,raw,full_frame,dataset_v1_1,fp16,2,resnet50,2,2,base,a,66ac3b15dc46,0.6730769230769231,0.7166666666666667,0.600470035252644,0.6730769230769231,0.6273614751875621,0.7901234567901234,0.7166666666666667,0.2608695652173913,0.15,1.0,40,0.5405405405405406,1.0,0.3703703703703703,20,1.0,1.0,1.0,44,0.7406103286384977,0.3269230769230769,0.5322751322751323,0.630100255103627,0.413420026389133,0.2840989245713745,0.8240463266579005,0.9514659668718064,0.561711773276329,0.1509694035809773,0.1537180030002043,0.7549468278884888,0.1537180030002043,60.42592592592592,99.0,96.5,5787.2875520000025,5787.287552,77.33333333333333,79.0,57.10277777777779,97.962,1159.1666666666667,5000.0,4.0,3204.0715452966106,154411.2825740983,0.0,0.0,0.0,473.1043839999999,473.104384,40.07407407407408,41.0,9.907574074074072,10.324,300.0,405.0,1.0,578.6656874275577,28140.6376599304,66.92407407407407,75.2,4.368369588148148,4.415397888,15.8,2.9549888094814807,2.970624,26.530660352,0.0,3782.737232724168,1.05076034242338,0.74919212414787,713.0,962,Tesla T4,16106.12736,70.0,GPU-f4a9a89f-cc24-d2f7-853e-1956f46933e2,Tesla T4,16106.12736,70.0,GPU-4d9a218d-2ddc-11de-006c-46c1d217053d,580.159.04,0.15,40,1.0,20,1.0,3,1.0,41
a-resnet50-base-f2-s2,a,resnet50,base,2,2,48,5136,164352,1787791818.3079498,1787791876.3322904,2026-08-27T00:50:18Z,2026-08-27T00:51:16Z,acct3,2,d8279d,Interactive,66ac3b15dc46,v2,1.171027145916167e-05,1.0,0.2364427372861497,3.3878758404137624e-05,0.0001552488889484,0.0013971626758575,8.793778397375718e-05,0.0005287712148856,0.0011916929681319,0.0,1053.0609039717203,4.994620521337609e-12,262144.0,0,0,57.99612164497376,55.22148776054382,2.7730259895324707,24.994508504867557,28.906397104263306,26.86459279060364,0.973059892654419,0.4309686198996671,0.2807216466030228,0.2805402278900146,0.2839389324188232,0.2874573612213135,62.00484881623335,23512130,23512130,2812.083779335022,183592.04721565824,60,384,32,coral,coral_bce,0.0,session_balanced,adamw,0.0003,0.05,cosine,5,60,5.0,True,full,raw,full_frame,dataset_v1_1,fp16,2,resnet50,2,2,base,a,66ac3b15dc46,0.6538461538461539,0.7000000000000001,0.569377990430622,0.6538461538461539,0.5942215679057784,0.7857142857142857,0.7000000000000001,0.1818181818181818,0.1,1.0,40,0.5263157894736842,1.0,0.3571428571428571,20,1.0,1.0,1.0,44,0.7207637231503581,0.3461538461538461,0.5073684210526316,0.6142445353659823,0.4264663986402745,0.2939436686240033,0.8265684123795766,0.9650571048259736,0.5649786599808269,0.1727222585334227,0.1766771814570977,0.7531303763389587,0.1766771814570977,47.25925925925926,99.0,40.5,5787.2875520000025,5787.287552,76.70370370370371,78.0,55.72331481481481,90.682,1188.0555555555557,5000.0,4.0,3217.120590792387,157656.5820933854,0.0,0.0,0.0,473.1043839999999,473.104384,40.01851851851852,41.0,10.055537037037036,10.719,300.0,405.0,1.0,587.4839478330796,28734.985056881134,67.35555555555555,75.4,4.431451173925925,4.519723008,16.0,2.954633215999999,2.954633216,26.474029056,0.0,3804.6045386254655,1.0568345940626296,0.7535230655666549,713.0,962,Tesla T4,16106.12736,70.0,GPU-f4a9a89f-cc24-d2f7-853e-1956f46933e2,Tesla T4,16106.12736,70.0,GPU-4d9a218d-2ddc-11de-006c-46c1d217053d,580.159.04,0.1,40,1.0,20,1.0,3,1.0,41
a-resnet50-base-f2-s2,a,resnet50,base,2,2,49,5243,167776,1787791876.9165888,1787791934.5870368,2026-08-27T00:51:16Z,2026-08-27T00:52:14Z,acct3,2,d8279d,Interactive,66ac3b15dc46,v2,1.1550226108249824e-05,1.0,0.2783405968158989,2.8647450843757897e-05,0.0001565549763713,0.0016547704581171,5.974418672849424e-05,0.0006655263248831,0.0010901094600558,0.0,1052.914033015069,4.259512979518752e-12,262144.0,0,0,57.641616344451904,54.87537932395935,2.7642617225646973,24.60896134376526,28.93903636932373,26.792293071746823,0.9743046760559082,0.4269304524132052,0.2810947895050049,0.2805349826812744,0.284718656539917,0.2923663902282715,62.39592404065687,23512130,23512130,2869.725395679474,187359.80669048184,60,384,32,coral,coral_bce,0.0,session_balanced,adamw,0.0003,0.05,cosine,5,60,5.0,True,full,raw,full_frame,dataset_v1_1,fp16,2,resnet50,2,2,base,a,66ac3b15dc46,0.6153846153846154,0.6666666666666666,0.5,0.6153846153846154,0.5192307692307693,0.4444444444444444,0.6666666666666666,0.0,0.0,0.0,40,0.5,1.0,0.3333333333333333,20,1.0,1.0,1.0,44,0.6790123456790124,0.3846153846153846,0.4583333333333333,0.5840250605220888,0.5086051623118621,0.3534236970931343,0.8477403100293416,0.9993992131203412,0.6050860650837422,0.2323556946447261,0.23309512465046,0.8037058711051941,0.23309512465046,62.45283018867924,99.0,84.0,5787.2875520000025,5787.287552,76.88679245283019,78.0,57.65599999999999,86.373,1140.2830188679245,5000.0,4.0,3179.8581661494973,160865.41838915067,0.0,0.0,0.0,473.1043839999999,473.104384,40.11320754716981,41.0,10.115490566037735,11.016,300.0,405.0,1.0,587.9013086740961,29330.38012246413,67.94716981132075,73.9,4.436790523169812,4.519186432,16.0,2.954633215999999,2.954633216,26.474029056,0.0,3767.759474823593,1.0465998541176649,0.746225695985895,713.0,956,Tesla T4,16106.12736,70.0,GPU-f4a9a89f-cc24-d2f7-853e-1956f46933e2,Tesla T4,16106.12736,70.0,GPU-4d9a218d-2ddc-11de-006c-46c1d217053d,580.159.04,0.0,40,1.0,20,1.0,3,1.0,41
a-resnet50-base-f2-s2,a,resnet50,base,2,2,50,5350,171200,1787791935.1226015,1787791991.8996165,2026-08-27T00:52:15Z,2026-08-27T00:53:11Z,acct3,2,d8279d,Interactive,66ac3b15dc46,v2,9.47208126709169e-06,1.0,0.2467471346575131,2.38119700753228e-05,0.0001316824036621,0.0012342360569164,5.543071893043816e-05,0.0004564126342302,0.001194074176019,0.0,1052.790764484766,2.9783861724733857e-12,262144.0,0,0,56.74813508987427,54.015732526779175,2.7313947677612305,23.556818962097168,29.069825887680054,27.078208208084103,1.0256497859954834,0.4151117728325222,0.282903399422904,0.2824165821075439,0.286677074432373,0.3009751176834106,63.38893947800294,23512130,23512130,2926.473530769348,191087.46829193612,60,384,32,coral,coral_bce,0.0,session_balanced,adamw,0.0003,0.05,cosine,5,60,5.0,True,full,raw,full_frame,dataset_v1_1,fp16,2,resnet50,2,2,base,a,66ac3b15dc46,0.6442307692307693,0.6916666666666668,0.5530051344004833,0.6442307692307693,0.5766442859466115,0.7836257309941521,0.6916666666666668,0.1395348837209302,0.075,1.0,40,0.5194805194805194,1.0,0.3508771929824561,20,1.0,1.0,1.0,44,0.710589651022864,0.3557692307692308,0.4950131233595801,0.6065017304406407,0.4425601936082378,0.3039295590271831,0.8280550943544278,0.9739512071680668,0.5638648360162168,0.1838243251236585,0.1848663908357803,0.7490159273147583,0.1848663908357803,57.0188679245283,99.0,58.0,5787.2875520000025,5787.287552,77.35849056603773,78.0,54.465396226415095,91.206,1217.2641509433963,5000.0,4.0,3156.354231197387,164054.1339663831,0.0,0.0,0.0,473.1043839999999,473.104384,40.0566037735849,41.0,10.030301886792452,10.526,300.0,405.0,1.0,571.3073702569309,29908.69624823449,67.87924528301886,76.6,4.462589681509434,4.56300544,16.1,2.955561075924529,3.002146816,26.530660352,0.0,3727.661601454318,1.0354615559595328,0.7382840893991468,713.0,938,Tesla T4,16106.12736,70.0,GPU-f4a9a89f-cc24-d2f7-853e-1956f46933e2,Tesla T4,16106.12736,70.0,GPU-4d9a218d-2ddc-11de-006c-46c1d217053d,580.159.04,0.075,40,1.0,20,1.0,3,1.0,41
a-resnet50-base-f2-s2,a,resnet50,base,2,2,51,5457,174624,1787820822.9951873,1787820879.290943,2026-08-27T08:53:42Z,2026-08-27T08:54:39Z,acct3,2,90a8e9,Interactive,66ac3b15dc46,v2,1.1439990765202905e-05,1.0,0.22551984440486614,1.9388088432033443e-05,0.00015562762743012793,0.0012794717913493514,4.929577335133217e-05,0.0007834853895474216,0.0011833413410931822,0.0,1052.6891441483585,2.8662993437857984e-12,262144.0,0,0,56.275816917419434,53.02360510826111,3.250278949737549,22.012706518173218,29.03251600265503,27.177806854248047,1.6419060230255127,0.3911574762295361,0.2882033753617902,0.28754520416259766,0.29396209716796873,0.30199830055236815,64.57501320419533,23512130,23512130,2982.7493476867676,194798.41554362583,60,384,32,coral,coral_bce,0.0,session_balanced,adamw,0.0003,0.05,cosine,5,60,5.0,True,full,raw,full_frame,dataset_v1_1,fp16,2,resnet50,2,2,base,a,66ac3b15dc46,0.6634615384615384,0.7083333333333334,0.5851851851851851,0.6634615384615384,0.6111111111111112,0.787878787878788,0.7083333333333334,0.2222222222222222,0.125,1.0,40,0.5333333333333333,1.0,0.36363636363636365,20,1.0,1.0,1.0,44,0.7307692307692308,0.33653846153846156,0.5197889182058048,0.6221107777377067,0.4045679852681419,0.27684149846385864,0.8203350520477846,0.9579971907795339,0.5489439785480499,0.15687351358624613,0.1605970776424958,0.6866958396775382,0.1605970776424958,64.54901960784314,99.0,81.0,5785.190400000002,5785.1904,78.47058823529412,81.0,59.363725490196074,88.313,1096.4705882352941,5000.0,4.0,3174.2538592586525,3180.987755025149,0.0,0.0,0.0,473.104384,473.104384,37.705882352941174,38.0,9.504411764705884,10.258,300.0,405.0,1.0,536.693392431021,538.8638875620368,68.01764705882353,74.4,3.6127792188235293,4.100919296,14.7,2.9092998927058824,2.925821952,25.480134656,0.0,3710.9472516896735,1.0308186810249094,0.7349737195707604,713.0,933,Tesla T4,16106.12736,70.0,GPU-fc22ec96-dd5c-27c3-ec5a-2191c63905d8,Tesla T4,16106.12736,70.0,GPU-d558708b-5ada-3f0e-fc90-d76759e2cb6f,580.159.04,0.125,40,1.0,20,1.0,3,1.0,41
a-resnet50-base-f2-s2,a,resnet50,base,2,2,52,5564,178048,1787820879.9431627,1787820934.4188554,2026-08-27T08:54:39Z,2026-08-27T08:55:34Z,acct3,2,90a8e9,Interactive,66ac3b15dc46,v2,1.0823896938796747e-05,1.0,0.28698386080381727,1.5390235696296265e-05,0.00015147210393547325,0.0012993465643376112,5.5345415603369474e-05,0.0006556913023814542,0.001209377578925341,0.0,1052.6074933554112,2.214682486773534e-12,262144.0,0,0,54.456493616104126,51.872236251831055,2.5826222896575928,21.212990522384644,28.705271005630493,26.861897230148315,1.6309599876403809,0.389540146890975,0.2849064720011203,0.28450632095336914,0.2875694751739502,0.29774066448211667,66.00833600805353,23512130,23512130,3037.2058413028717,198377.07867254614,60,384,32,coral,coral_bce,0.0,session_balanced,adamw,0.0003,0.05,cosine,5,60,5.0,True,full,raw,full_frame,dataset_v1_1,fp16,2,resnet50,2,2,base,a,66ac3b15dc46,0.6153846153846154,0.6666666666666666,0.5,0.6153846153846154,0.5192307692307693,0.4444444444444444,0.6666666666666666,0.0,0.0,0.0,40,0.5,1.0,0.3333333333333333,20,1.0,1.0,1.0,44,0.6790123456790124,0.38461538461538464,0.45833333333333337,0.5840250605220888,0.5324630536956525,0.3740222209699183,0.8585337543716798,0.9985471060499549,0.6345123916864395,0.24314913898706436,0.24493731615635067,0.8189435243606568,0.24493731615635067,57.76,99.0,82.5,5690.357186560001,5783.093248,76.18,79.0,54.722480000000004,97.292,1219.8,5000.0,4.0,3063.5151487472094,6276.195746449952,0.0,0.0,0.0,473.104384,473.104384,37.0,37.0,9.384820000000001,9.864,300.0,405.0,1.0,515.1479801731113,1062.1754262418751,68.696,76.6,4.1072205824,4.342427648,15.4,2.9293551615999998,2.975485952,25.536765952,0.0,3578.6631289203206,0.9940730913667557,0.7087741141444969,713.0,902,Tesla T4,16106.12736,70.0,GPU-fc22ec96-dd5c-27c3-ec5a-2191c63905d8,Tesla T4,16106.12736,70.0,GPU-d558708b-5ada-3f0e-fc90-d76759e2cb6f,580.159.04,0.0,40,1.0,20,1.0,3,1.0,41
a-resnet50-base-f2-s2,a,resnet50,base,2,2,53,5671,181472,1787820934.9890985,1787820988.0370765,2026-08-27T08:55:34Z,2026-08-27T08:56:28Z,acct3,2,90a8e9,Interactive,66ac3b15dc46,v2,1.5748904203196487e-05,1.0,0.26312640378084606,1.1831452032772498e-05,0.0002990840845664492,0.010178429074585438,7.150299643399194e-05,0.0007089638907928004,0.004439952354878181,0.0,1052.543522575849,3.3619502893844624e-12,262144.0,0,0,53.026994705200195,50.47123861312866,2.5544896125793457,19.759119272232056,28.75020170211792,26.865812301635742,1.6345810890197754,0.3726237811907213,0.2854233634806125,0.2849733829498291,0.2888136863708496,0.29180934429168703,67.84061762869722,23512130,23512130,3090.232836008072,201863.17390365884,60,384,32,coral,coral_bce,0.0,session_balanced,adamw,0.0003,0.05,cosine,5,60,5.0,True,full,raw,full_frame,dataset_v1_1,fp16,2,resnet50,2,2,base,a,66ac3b15dc46,0.625,0.6749999999999999,0.5183698672429763,0.625,0.5392096326026551,0.7796610169491526,0.6749999999999999,0.04878048780487806,0.025,1.0,40,0.5063291139240507,1.0,0.3389830508474576,20,1.0,1.0,1.0,44,0.689718482252142,0.375,0.4704960835509138,0.5913901994236609,0.48566135428424506,0.3422111267554641,0.8458354650781705,0.9857704795323885,0.612610440987807,0.22083546507817053,0.2280721154350501,0.818360447883606,0.2280721154350501,51.36734693877551,99.0,59.0,5783.093248,5783.093248,76.89795918367346,78.0,57.9184693877551,98.3,1227.857142857143,5000.0,4.0,2984.3050581879515,9291.589329944129,0.0,0.0,0.0,473.10438400000004,473.104384,36.734693877551024,37.0,9.40118367346939,9.864,300.0,405.0,1.0,501.79017292475737,1570.8805637862688,68.78163265306122,75.3,4.15768576,4.400508928,15.6,2.9281034239999997,2.964803584,25.536765952,0.0,3486.095231112709,0.9683597864201969,0.6904405277176003,713.0,878,Tesla T4,16106.12736,70.0,GPU-fc22ec96-dd5c-27c3-ec5a-2191c63905d8,Tesla T4,16106.12736,70.0,GPU-d558708b-5ada-3f0e-fc90-d76759e2cb6f,580.159.04,0.025,40,1.0,20,1.0,3,1.0,41
a-resnet50-base-f2-s2,a,resnet50,base,2,2,54,5778,184896,1787820988.6476107,1787821041.2838569,2026-08-27T08:56:28Z,2026-08-27T08:57:21Z,acct3,2,90a8e9,Interactive,66ac3b15dc46,v2,1.6754654882015105e-05,1.0,0.2978085341356011,8.723345454071307e-06,0.0002022166410280869,0.0038637754041701555,7.422511407639831e-05,0.0007551599468570192,0.0024599841120652825,0.0,1052.4951381353249,1.6760225794250877e-12,262144.0,0,0,52.61969208717346,50.08080458641052,2.5379576683044434,19.352927207946777,28.780182600021362,26.90726613998413,1.6276135444641113,0.36778868215126315,0.2855775623678047,0.28503870964050293,0.28871707916259765,0.29665069580078124,68.36950860268539,23512130,23512130,3142.8525280952454,205400.27788151332,60,384,32,coral,coral_bce,0.0,session_balanced,adamw,0.0003,0.05,cosine,5,60,5.0,True,full,raw,full_frame,dataset_v1_1,fp16,2,resnet50,2,2,base,a,66ac3b15dc46,0.6153846153846154,0.6666666666666666,0.5,0.6153846153846154,0.5192307692307693,0.4444444444444444,0.6666666666666666,0.0,0.0,0.0,40,0.5,1.0,0.3333333333333333,20,1.0,1.0,1.0,44,0.6790123456790124,0.38461538461538464,0.45833333333333337,0.5840250605220888,0.5612250615231107,0.3990384055020877,0.8706589008753116,0.9964810879901052,0.669343401491642,0.2552742854906962,0.25960525411825913,0.8310927814907498,0.25960525411825913,56.041666666666664,99.0,55.0,5783.093248,5783.093248,77.1875,79.0,59.728812500000004,105.33,1222.1875,5000.0,4.0,3037.932203004353,12368.390185017814,0.0,0.0,0.0,473.10438400000004,473.104384,36.604166666666664,37.0,9.408416666666668,10.158,300.0,405.0,1.0,499.1717748501287,2078.1417675154203,69.42916666666666,76.1,4.142734165333334,4.273147904,15.2,2.9275368106666666,2.95634944,25.536765952,0.0,3537.103977854482,0.9825288827373561,0.7005430933917349,713.0,872,Tesla T4,16106.12736,70.0,GPU-fc22ec96-dd5c-27c3-ec5a-2191c63905d8,Tesla T4,16106.12736,70.0,GPU-d558708b-5ada-3f0e-fc90-d76759e2cb6f,580.159.04,0.0,40,1.0,20,1.0,3,1.0,41
a-resnet50-base-f2-s2,a,resnet50,base,2,2,55,5885,188320,1787821041.83814,1787821095.1132576,2026-08-27T08:57:21Z,2026-08-27T08:58:15Z,acct3,2,90a8e9,Interactive,66ac3b15dc46,v2,1.7687225695609014e-05,1.0,0.27584494628013967,6.076053957825411e-06,0.00024443079410813083,0.00464335223659873,8.330853597726673e-05,0.0009043425729032594,0.0029266474163159688,0.0,1052.4603897651903,1.4111454534516659e-12,262144.0,0,0,53.25723648071289,50.707533836364746,2.548739433288574,19.92121720314026,28.785939693450928,26.971144437789917,1.648876428604126,0.37405653239921166,0.285812770094827,0.28531384468078613,0.28824992179870607,0.298060507774353,67.52448287170475,23512130,23512130,3196.1097645759583,208947.09253971264,60,384,32,coral,coral_bce,0.0,session_balanced,adamw,0.0003,0.05,cosine,5,60,5.0,True,full,raw,full_frame,dataset_v1_1,fp16,2,resnet50,2,2,base,a,66ac3b15dc46,0.6153846153846154,0.6666666666666666,0.5,0.6153846153846154,0.5192307692307693,0.4444444444444444,0.6666666666666666,0.0,0.0,0.0,40,0.5,1.0,0.3333333333333333,20,1.0,1.0,1.0,44,0.6790123456790124,0.38461538461538464,0.45833333333333337,0.5840250605220888,0.5120511108655784,0.3624682317437298,0.855176584651837,0.9975711740553379,0.6273452416062355,0.23979196926722157,0.24278129350680572,0.808753252029419,0.24278129350680572,59.08163265306123,99.0,67.0,5785.0192039183685,5785.1904,76.6734693877551,78.0,57.44214285714287,105.002,1168.1632653061224,5000.0,4.0,3041.6555044367433,15443.397495142699,0.0,0.0,0.0,473.10438400000004,473.104384,36.0,36.0,9.397163265306125,9.864,300.0,405.0,1.0,505.1591537625791,2590.054578588485,69.05102040816327,74.6,4.155372857469387,4.273512448,15.3,2.9269237759999998,2.926923776,25.480134656,0.0,3546.8146581993224,0.9852262939442562,0.7024663475822547,713.0,882,Tesla T4,16106.12736,70.0,GPU-fc22ec96-dd5c-27c3-ec5a-2191c63905d8,Tesla T4,16106.12736,70.0,GPU-d558708b-5ada-3f0e-fc90-d76759e2cb6f,580.159.04,0.0,40,1.0,20,1.0,3,1.0,41
a-resnet50-base-f2-s2,a,resnet50,base,2,2,56,5992,191744,1787821095.6690383,1787821149.2607071,2026-08-27T08:58:15Z,2026-08-27T08:59:09Z,acct3,2,90a8e9,Interactive,66ac3b15dc46,v2,1.4027738454970119e-05,1.0,0.28466323338682287,3.8982124586499795e-06,0.00018782116489789,0.003482595318928361,7.527207344537601e-05,0.0005605216370895481,0.0025625931750982967,0.0,1052.4368218979619,6.956871802363578e-13,262144.0,0,0,53.57398509979248,51.00504422187805,2.567941427230835,20.274051189422607,28.728853702545166,26.858966827392578,1.6698682308197021,0.37843089610858793,0.2855515947965818,0.2851386070251465,0.28838582038879396,0.29897568225860593,67.13061526042777,23512130,23512130,3249.6837496757507,212504.97529779118,60,384,32,coral,coral_bce,0.0,session_balanced,adamw,0.0003,0.05,cosine,5,60,5.0,True,full,raw,full_frame,dataset_v1_1,fp16,2,resnet50,2,2,base,a,66ac3b15dc46,0.6153846153846154,0.6666666666666666,0.5,0.6153846153846154,0.5192307692307693,0.4444444444444444,0.6666666666666666,0.0,0.0,0.0,40,0.5,1.0,0.3333333333333333,20,1.0,1.0,1.0,44,0.6790123456790124,0.38461538461538464,0.45833333333333337,0.5840250605220888,0.527494590668203,0.3704464940401388,0.8570952418331916,0.9989049164578319,0.6301997624337673,0.24171062644857622,0.2430584215773986,0.8173227310180664,0.2430584215773986,57.2,99.0,76.5,5785.190400000001,5785.1904,76.92,78.0,55.47146,107.913,1246.5,5000.0,4.0,3044.619910612062,18516.813343044716,0.0,0.0,0.0,473.104384,473.104384,36.0,36.0,9.519779999999999,10.158,300.0,405.0,1.0,513.2628474664753,3109.8213709716856,68.5,75.3,4.16153812992,4.34741248,15.4,2.92925833216,2.983555072,25.536765952,0.0,3557.8827580785373,0.988300766132927,0.704658446252777,713.0,888,Tesla T4,16106.12736,70.0,GPU-fc22ec96-dd5c-27c3-ec5a-2191c63905d8,Tesla T4,16106.12736,70.0,GPU-d558708b-5ada-3f0e-fc90-d76759e2cb6f,580.159.04,0.0,40,1.0,20,1.0,3,1.0,41
a-resnet50-base-f2-s2,a,resnet50,base,2,2,57,6099,195168,1787821149.8212242,1787821203.0949514,2026-08-27T08:59:09Z,2026-08-27T09:00:03Z,acct3,2,90a8e9,Interactive,66ac3b15dc46,v2,1.1426789975009861e-05,1.0,0.3043385383142112,2.1969246228460523e-06,0.00016357388515550334,0.002540796296671033,7.12610999471508e-05,0.0004497154324781143,0.0015563491592183705,0.0,1052.4225127994764,3.414593393643873e-13,524288.0,0,0,53.25695586204529,50.663402795791626,2.592285394668579,19.83764123916626,28.862712144851685,27.008017539978027,1.634629249572754,0.37248920667852103,0.28643489775256575,0.2861359119415283,0.28920574188232423,0.29925635337829587,67.58330098357341,23512130,23512130,3302.940705537796,216109.5517610375,60,384,32,coral,coral_bce,0.0,session_balanced,adamw,0.0003,0.05,cosine,5,60,5.0,True,full,raw,full_frame,dataset_v1_1,fp16,2,resnet50,2,2,base,a,66ac3b15dc46,0.6153846153846154,0.6666666666666666,0.5,0.6153846153846154,0.5192307692307693,0.4444444444444444,0.6666666666666666,0.0,0.0,0.0,40,0.5,1.0,0.3333333333333333,20,1.0,1.0,1.0,44,0.6790123456790124,0.38461538461538464,0.45833333333333337,0.5840250605220888,0.5696672697809089,0.4000765845346667,0.8688542524782511,0.9975408036261797,0.6629557706415653,0.2534696370936357,0.25649634032295304,0.8265743017196655,0.25649634032295304,52.8,99.0,49.5,5785.190400000001,5785.1904,77.18,78.0,57.93486,102.802,1195.2,5000.0,4.0,3087.2211569111096,21631.86058902376,0.0,0.0,0.0,473.104384,473.104384,36.0,36.0,9.71592,10.953,300.0,405.0,1.0,517.3553063352115,3633.5182165513106,68.852,74.8,4.22786179072,4.399284224,15.6,2.9269237759999998,2.926923776,25.53675776,0.0,3604.576463246321,1.0012712397906447,0.7139063939707297,713.0,880,Tesla T4,16106.12736,70.0,GPU-fc22ec96-dd5c-27c3-ec5a-2191c63905d8,Tesla T4,16106.12736,70.0,GPU-d558708b-5ada-3f0e-fc90-d76759e2cb6f,580.159.04,0.0,40,1.0,20,1.0,3,1.0,41
a-resnet50-base-f2-s2,a,resnet50,base,2,2,58,6206,198592,1787821203.65569,1787821256.898875,2026-08-27T09:00:03Z,2026-08-27T09:00:56Z,acct3,2,90a8e9,Interactive,66ac3b15dc46,v2,1.3006270606430032e-05,1.0,0.22181612565987052,9.777396977174666e-07,0.0002572134057135092,0.013283752836287022,4.650772098102607e-05,0.0006919846462551496,0.0014126647892408074,0.0,1052.4136261359943,2.3896284816698963e-13,524288.0,0,0,53.22678065299988,50.67728638648987,2.548693895339966,19.932002305984497,28.79889225959778,26.915176391601562,1.6065733432769775,0.3744731892752774,0.2856623792202673,0.28533291816711426,0.28757586479187014,0.29777409076690675,67.5647858073318,23512130,23512130,3356.167486190796,219667.27264656703,60,384,32,coral,coral_bce,0.0,session_balanced,adamw,0.0003,0.05,cosine,5,60,5.0,True,full,raw,full_frame,dataset_v1_1,fp16,2,resnet50,2,2,base,a,66ac3b15dc46,0.6730769230769231,0.7166666666666667,0.600470035252644,0.6730769230769231,0.6273614751875621,0.7901234567901234,0.7166666666666667,0.2608695652173913,0.15,1.0,40,0.5405405405405406,1.0,0.37037037037037035,20,1.0,1.0,1.0,44,0.7406103286384977,0.3269230769230769,0.5322751322751323,0.630100255103627,0.3988621426505799,0.27301508075680125,0.8202936824124593,0.950771062714713,0.5516637817901724,0.14721675933553613,0.1521581139128942,0.6928799748420715,0.1521581139128942,64.44,99.0,74.0,5785.190400000001,5785.1904,76.6,78.0,55.46122,87.241,1179.3,5000.0,4.0,3044.0082979455256,24708.133125409557,0.0,0.0,0.0,473.104384,473.104384,36.0,36.0,9.634820000000001,10.858,300.0,405.0,1.0,513.7125875840129,4154.017604293824,68.584,75.6,4.20888584192,4.300423168,15.3,2.92879286272,2.976206848,25.536765952,0.0,3557.7208855295385,0.9882558015359829,0.7046263864951559,713.0,882,Tesla T4,16106.12736,70.0,GPU-fc22ec96-dd5c-27c3-ec5a-2191c63905d8,Tesla T4,16106.12736,70.0,GPU-d558708b-5ada-3f0e-fc90-d76759e2cb6f,580.159.04,0.15,40,1.0,20,1.0,3,1.0,41
a-resnet50-base-f2-s2,a,resnet50,base,2,2,59,6313,202016,1787821257.4433868,1787821311.2992606,2026-08-27T09:00:57Z,2026-08-27T09:01:51Z,acct3,2,90a8e9,Interactive,66ac3b15dc46,v2,9.86062506426946e-06,1.0,0.2743047801163549,2.4463441107965276e-07,0.00013528343318446395,0.0017679826123639941,4.243889998178929e-05,0.0006103742460254577,0.0008720125304535028,0.0,1052.4100832836534,3.144685092968164e-14,524288.0,0,0,53.83808970451355,51.32838463783264,2.5086960792541504,20.567517280578613,28.847180366516113,26.976300954818726,1.5935673713684082,0.3820253911953775,0.28580416920029117,0.2854740619659424,0.28773937225341795,0.2965338087081909,66.70772953716276,23512130,23512130,3410.0055758953094,223202.35247409143,60,384,32,coral,coral_bce,0.0,session_balanced,adamw,0.0003,0.05,cosine,5,60,5.0,True,full,raw,full_frame,dataset_v1_1,fp16,2,resnet50,2,2,base,a,66ac3b15dc46,0.625,0.6749999999999999,0.5183698672429763,0.625,0.5392096326026551,0.7796610169491526,0.6749999999999999,0.04878048780487806,0.025,1.0,40,0.5063291139240507,1.0,0.3389830508474576,20,1.0,1.0,1.0,44,0.689718482252142,0.375,0.4704960835509138,0.5913901994236609,0.5070023023470295,0.3566782872843272,0.8517823216433709,0.9889110546845656,0.6232344332413796,0.22678232164337087,0.22965948942762157,0.811538557211558,0.22965948942762157,50.44,99.0,43.5,5785.190400000001,5785.1904,77.08,78.0,54.91853999999999,97.097,1201.8,5000.0,4.0,3022.501544760693,27757.548822848978,0.0,0.0,0.0,473.104384,473.104384,36.0,36.0,9.476120000000002,10.063,300.0,405.0,1.0,512.578282763714,4673.097675022358,68.568,75.4,4.22951845888,4.365852672,15.6,2.9277731225599997,2.969391104,25.536765952,0.0,3535.079827524407,0.9819666187567797,0.7001421991735839,713.0,892,Tesla T4,16106.12736,70.0,GPU-fc22ec96-dd5c-27c3-ec5a-2191c63905d8,Tesla T4,16106.12736,70.0,GPU-d558708b-5ada-3f0e-fc90-d76759e2cb6f,580.159.04,0.025,40,1.0,20,1.0,3,1.0,41
a-resnet50-base-f2-s2,a,resnet50,base,2,2,60,6420,205440,1787821311.856075,1787821365.2733526,2026-08-27T09:01:51Z,2026-08-27T09:02:45Z,acct3,2,90a8e9,Interactive,66ac3b15dc46,v2,1.0074785589529149e-05,1.0,0.230382324222931,0.0,0.0001276066523982608,0.0015694898320361972,4.27420309279114e-05,0.0004664344654884189,0.0010535299032926556,0.0,1052.410084073487,0.0,524288.0,0,0,53.40021800994873,50.909549713134766,2.4894585609436035,20.118046522140503,28.792213916778564,26.869613885879517,1.6678416728973389,0.37674090615870537,0.28609186243788104,0.2854759693145752,0.28877882957458495,0.3024278116226196,67.25653672628343,23512130,23512130,3463.405793905258,226746.46715068186,60,384,32,coral,coral_bce,0.0,session_balanced,adamw,0.0003,0.05,cosine,5,60,5.0,True,full,raw,full_frame,dataset_v1_1,fp16,2,resnet50,2,2,base,a,66ac3b15dc46,0.6826923076923077,0.725,0.6152725153016614,0.6826923076923077,0.6430172858327915,0.7924528301886792,0.725,0.2978723404255319,0.175,1.0,40,0.5479452054794521,1.0,0.37735849056603776,20,1.0,1.0,1.0,44,0.7502910360884749,0.3173076923076923,0.5448275862068966,0.6382132850383295,0.403714607974889,0.2697683980862806,0.8129157191858842,0.9443704821694066,0.5300888048880028,0.13022341149357652,0.13106648251414302,0.6897000670433044,0.13106648251414302,50.72,99.0,52.0,5785.190400000001,5785.1904,76.92,79.0,60.78676,104.486,1137.6,5000.0,4.0,3037.6223239614847,30831.66926505392,0.0,0.0,0.0,473.104384,473.104384,36.0,36.0,9.40844,9.864,300.0,405.0,1.0,506.49235262893944,5187.186880980479,68.51799999999999,75.4,4.26629545984,4.486344704,15.8,2.9279002623999997,2.975748096,25.536765952,0.0,3544.114676590424,0.9844762990528956,0.7019316012247144,713.0,886,Tesla T4,16106.12736,70.0,GPU-fc22ec96-dd5c-27c3-ec5a-2191c63905d8,Tesla T4,16106.12736,70.0,GPU-d558708b-5ada-3f0e-fc90-d76759e2cb6f,580.159.04,0.175,40,1.0,20,1.0,3,1.0,41
