run_id,stage,arch,technique,fold,seed,epoch,global_step,samples_seen,ts_start,ts_end,iso_start,iso_end,account,worker_id,session_id,host,config_hash,lib_version,train_loss,train_acc,val_loss,lr_group0,grad_norm_mean,grad_norm_max,grad_norm_p50,grad_norm_p95,grad_norm_p99,grad_clip_hit_rate,weight_norm_total,update_to_weight_ratio,amp_scale,amp_scale_decreases,nan_or_inf_batches,epoch_seconds,train_seconds,val_seconds,dataload_seconds,compute_seconds,backward_seconds,optimizer_seconds,dataload_frac,step_time_mean,step_time_p50,step_time_p90,step_time_p99,images_per_second,n_params_total,n_params_trainable,wall_seconds_cumulative,energy_joules_cumulative,epochs_planned,cfg_input_resolution,cfg_batch_size,cfg_head_type,cfg_loss_name,cfg_label_smoothing,cfg_sampler_name,cfg_optimizer_name,cfg_lr_initial,cfg_weight_decay,cfg_scheduler_name,cfg_warmup_epochs,cfg_max_epochs,cfg_grad_clip,cfg_pretrained,cfg_finetune_depth,cfg_preprocessing,cfg_roi_mode,cfg_augment_policy,cfg_precision,cfg_num_workers,cfg_arch,cfg_fold,cfg_seed,cfg_technique,cfg_stage,cfg_config_hash,val_acc,val_balanced_acc,val_f1_macro,val_f1_micro,val_f1_weighted,val_precision_macro,val_recall_macro,val_f1_low,val_recall_low,val_precision_low,val_support_low,val_f1_mid,val_recall_mid,val_precision_mid,val_support_mid,val_f1_high,val_recall_high,val_precision_high,val_support_high,val_qwk,val_mae_class,val_cohen_kappa,val_mcc,val_nll,val_brier,val_mean_confidence,val_mean_confidence_correct,val_mean_confidence_incorrect,val_overconfidence_gap,val_ece,val_mce,val_ace,gpu0_util_mean,gpu0_util_max,gpu0_util_p50,gpu0_mem_used_mb_mean,gpu0_mem_used_mb_peak,gpu0_temp_c_mean,gpu0_temp_c_max,gpu0_power_w_mean,gpu0_power_w_max,gpu0_sm_clock_mhz_mean,gpu0_mem_clock_mhz_mean,gpu0_throttle_reasons,gpu0_energy_joules_epoch,gpu0_energy_joules_cumulative,gpu1_util_mean,gpu1_util_max,gpu1_util_p50,gpu1_mem_used_mb_mean,gpu1_mem_used_mb_peak,gpu1_temp_c_mean,gpu1_temp_c_max,gpu1_power_w_mean,gpu1_power_w_max,gpu1_sm_clock_mhz_mean,gpu1_mem_clock_mhz_mean,gpu1_throttle_reasons,gpu1_energy_joules_epoch,gpu1_energy_joules_cumulative,cpu_percent_mean,cpu_percent_max,ram_used_gb_mean,ram_used_gb_peak,ram_percent_peak,proc_rss_gb_mean,proc_rss_gb_peak,proc_vms_gb_peak,swap_used_gb_peak,energy_joules_epoch,energy_wh_epoch,co2_g_epoch,carbon_intensity_g_per_kwh,power_sample_count,gpu0_name,gpu0_mem_total_mb,gpu0_power_limit_w,gpu0_uuid,gpu1_name,gpu1_mem_total_mb,gpu1_power_limit_w,gpu1_uuid,gpu_driver,val_acc_session_mileage_000100_005000__session_002,val_n_session_mileage_000100_005000__session_002,val_acc_session_mileage_040000__session_001,val_n_session_mileage_040000__session_001,val_acc_session_mileage_100000_plus__session_003,val_n_session_mileage_100000_plus__session_003,val_acc_session_mileage_100000_plus__session_006,val_n_session_mileage_100000_plus__session_006
a-resnet50-base-f1-s1,a,resnet50,base,1,1,1,99,3168,1787787417.8219478,1787787474.7454095,2026-08-26T23:36:57Z,2026-08-26T23:37:54Z,acct3,2,d8279d,Interactive,097fb921d60b,v2,0.6434409919411245,0.5476641414141414,0.6348875015974045,6e-05,1.0144297787637422,4.874565124511719,0.8527328372001648,2.1546078681945784,2.92097625255584,0.0,1095.4517757871638,5.556226944092353e-08,65536.0,0,0,56.896055698394775,54.07234716415405,2.8216118812561035,18.646450519561768,34.183438777923584,31.61665391921997,0.9219787120819092,0.3277283511251878,0.3559630350633101,0.2959520816802978,0.3050990104675293,0.4349916934966806,58.58817244205276,23512130,23512130,56.896055698394775,3696.82152913308,60,384,32,coral,coral_bce,0.0,session_balanced,adamw,0.0003,0.05,cosine,5,60,5.0,True,full,raw,full_frame,dataset_v1_1,fp16,2,resnet50,1,1,base,a,097fb921d60b,0.84375,0.6666666666666666,0.6203703703703703,0.84375,0.7764756944444444,0.5853658536585366,0.6666666666666666,0.8611111111111112,1.0,0.7560975609756098,62,0.0,0.0,0.0,20,1.0,1.0,1.0,46,0.9118942731277532,0.15625,0.7212543554006968,0.7617263074577288,0.975442091372128,0.5805251784925476,0.4258608443196863,0.427260714272658,0.4183015465736389,-0.4178891556803137,0.4178891556803137,0.5234354138374329,0.4178891556803137,60.19230769230769,99.0,65.0,5709.531608615382,7714.57024,77.61538461538461,81.0,55.863326923076926,92.001,1060.9615384615386,5000.0,4.0,3133.8050401926025,3141.0960346949087,0.0,0.0,0.0,473.1043839999999,473.104384,40.0,40.0,9.87775,10.526,300.0,405.0,1.0,563.0164889404771,565.2602580831048,66.25576923076923,80.1,3.393375862153846,3.562893312,13.1,2.848063330461538,2.876141568,28.682596352,0.0,3696.82152913308,1.0268948692036333,0.7321760417421905,713.0,940,Tesla T4,16106.12736,70.0,GPU-f4a9a89f-cc24-d2f7-853e-1956f46933e2,Tesla T4,16106.12736,70.0,GPU-4d9a218d-2ddc-11de-006c-46c1d217053d,580.159.04,1.0,62,0.0,20,1.0,5,1.0,41
a-resnet50-base-f1-s1,a,resnet50,base,1,1,2,198,6336,1787787475.514208,1787787527.9516356,2026-08-26T23:37:55Z,2026-08-26T23:38:47Z,acct3,2,d8279d,Interactive,097fb921d60b,v2,0.2492501874915277,0.9624368686868688,0.3287520222365856,0.0001199999999999,0.6495413801284752,2.341630220413208,0.5903104543685913,1.1230488181114195,1.9381043958663924,0.0,1095.033531114958,7.118043731140707e-08,65536.0,0,0,52.42067265510559,49.7755663394928,2.644111156463623,20.89957857131958,27.64859104156494,25.74655818939209,0.8954868316650391,0.3986896297349216,0.2897741722338127,0.2898573875427246,0.2935741901397705,0.2970159769058227,63.64568467976333,23512130,23512130,109.31672835350037,7113.359488112212,60,384,32,coral,coral_bce,0.0,session_balanced,adamw,0.0003,0.05,cosine,5,60,5.0,True,full,raw,full_frame,dataset_v1_1,fp16,2,resnet50,1,1,base,a,097fb921d60b,0.875,0.8236559139784946,0.8236559139784946,0.875,0.875,0.8236559139784946,0.8236559139784946,0.8709677419354839,0.8709677419354839,0.8709677419354839,62,0.6,0.6,0.6,20,1.0,1.0,1.0,46,0.9245283018867924,0.125,0.7956903431763767,0.7956903431763767,0.5730879448612439,0.3250711423957435,0.6128747616894543,0.6384896287428481,0.4335706923156976,-0.2621252383105457,0.2680323817767203,0.4598946571350097,0.2680323817767203,53.645833333333336,99.0,54.0,5795.67616,5795.67616,76.375,78.0,54.7955625,92.621,1118.125,5000.0,4.0,2895.0033847599034,6076.621440551995,0.0,0.0,0.0,473.104384,473.104384,40.0,40.0,9.877229166666666,10.427,300.0,405.0,1.0,521.534574219228,1096.3552388181697,69.28958333333334,80.7,3.734882474666666,3.856932864,14.1,2.8489919146666662,2.886479872,26.4429568,0.0,3416.5379589791314,0.9490383219386476,0.6766643235422558,713.0,868,Tesla T4,16106.12736,70.0,GPU-f4a9a89f-cc24-d2f7-853e-1956f46933e2,Tesla T4,16106.12736,70.0,GPU-4d9a218d-2ddc-11de-006c-46c1d217053d,580.159.04,0.8709677419354839,62,0.6,20,1.0,5,1.0,41
a-resnet50-base-f1-s1,a,resnet50,base,1,1,3,297,9504,1787787529.1553316,1787787580.2597167,2026-08-26T23:38:49Z,2026-08-26T23:39:40Z,acct3,2,d8279d,Interactive,097fb921d60b,v2,0.0191378287801688,1.0,0.3190417778678238,0.0001799999999999,0.1275236854950587,0.7037908434867859,0.1097928509116172,0.3003514468669887,0.5048986744880668,0.0,1094.3194496642186,2.0975834246712744e-08,65536.0,0,0,51.08599328994751,48.48430681228638,2.6006600856781006,19.52599310874939,27.73647093772888,25.969587564468384,0.9153625965118408,0.3822181355645997,0.2908082971669207,0.2901935577392578,0.2935850620269775,0.3047314357757568,65.34072998641282,23512130,23512130,160.40272164344788,10497.835740759849,60,384,32,coral,coral_bce,0.0,session_balanced,adamw,0.0003,0.05,cosine,5,60,5.0,True,full,raw,full_frame,dataset_v1_1,fp16,2,resnet50,1,1,base,a,097fb921d60b,0.9140625,0.9408602150537636,0.8956561975822778,0.9140625,0.9191474709352768,0.8817204301075269,0.9408602150537636,0.9026548672566372,0.8225806451612904,1.0,62,0.7843137254901961,1.0,0.6451612903225806,20,1.0,1.0,1.0,46,0.9460122699386504,0.0859375,0.8657257295441542,0.8763064935578945,0.5421945011685636,0.3162489148510087,0.638847142457962,0.658058785729938,0.4345051185651259,-0.2752153575420379,0.2752153575420379,0.6049516499042511,0.2752153575420379,56.297872340425535,99.0,59.0,5795.67616,5795.67616,77.06382978723404,78.0,53.45548936170213,79.731,1168.723404255319,5000.0,4.0,2875.450883806463,9003.009100525374,0.0,0.0,0.0,473.1043839999998,473.104384,40.0,40.0,9.920063829787235,10.724,300.0,405.0,1.0,509.0253688411733,1618.5162675950558,69.5936170212766,73.9,3.8310162519148943,3.968856064,14.5,2.8480785647659563,2.86930944,26.4429568,0.0,3384.476252647636,0.9401322924021212,0.6703143244827124,713.0,846,Tesla T4,16106.12736,70.0,GPU-f4a9a89f-cc24-d2f7-853e-1956f46933e2,Tesla T4,16106.12736,70.0,GPU-4d9a218d-2ddc-11de-006c-46c1d217053d,580.159.04,0.8225806451612904,62,1.0,20,1.0,5,1.0,41
a-resnet50-base-f1-s1,a,resnet50,base,1,1,4,396,12672,1787787581.3998787,1787787634.5866537,2026-08-26T23:39:41Z,2026-08-26T23:40:34Z,acct3,2,d8279d,Interactive,097fb921d60b,v2,0.0043123101820284,1.0,0.2658954362850636,0.0002399999999999,0.0368833983542792,0.2046770900487899,0.0283669363707304,0.0892222963273524,0.1264855954051014,0.0,1093.3412705101282,8.09629696032317e-09,65536.0,0,0,53.16775298118591,50.50614976882935,2.660629749298096,21.69963026046753,27.57548475265503,25.63895392417908,0.9126272201538086,0.4081351767517092,0.2892085109094177,0.2886497974395752,0.2911439895629882,0.301720209121704,62.72503476309692,23512130,23512130,213.5704746246338,13985.79891992405,60,384,32,coral,coral_bce,0.0,session_balanced,adamw,0.0003,0.05,cosine,5,60,5.0,True,full,raw,full_frame,dataset_v1_1,fp16,2,resnet50,1,1,base,a,097fb921d60b,0.890625,0.7666666666666666,0.7840088572253778,0.890625,0.8654801374314047,0.9320570570570572,0.7666666666666666,0.911764705882353,1.0,0.8378378378378378,62,0.4615384615384615,0.3,1.0,20,0.9787234042553192,1.0,0.9583333333333334,46,0.9373601789709172,0.109375,0.810730882974229,0.8282752956199797,0.4652910174307219,0.2580188612066831,0.6847782300319523,0.7167519574102602,0.4244207356657301,-0.2058467699680477,0.2060683460440487,0.4433122033422644,0.2060683460440487,52.55102040816327,99.0,67.0,5795.67616,5795.67616,76.9795918367347,78.0,56.5065306122449,90.819,1094.0816326530612,5000.0,4.0,2958.245788378743,12019.285490435386,0.0,0.0,0.0,473.104384,473.104384,40.0,40.0,9.886265306122448,10.526,300.0,405.0,1.0,529.7173907854574,2161.066952080493,71.26326530612246,95.8,3.9852580362448977,4.644929536,16.5,2.8948809351836737,3.412180992,27.056635904,0.0,3487.9631791642005,0.9688786608789446,0.6908104852066875,713.0,876,Tesla T4,16106.12736,70.0,GPU-f4a9a89f-cc24-d2f7-853e-1956f46933e2,Tesla T4,16106.12736,70.0,GPU-4d9a218d-2ddc-11de-006c-46c1d217053d,580.159.04,1.0,62,0.3,20,1.0,5,1.0,41
a-resnet50-base-f1-s1,a,resnet50,base,1,1,5,495,15840,1787787635.1990335,1787787686.2025068,2026-08-26T23:40:35Z,2026-08-26T23:41:26Z,acct3,2,d8279d,Interactive,097fb921d60b,v2,0.0023992989959566,0.9996843434343434,0.3240091911575291,0.0003,0.0317535945449513,0.800702691078186,0.0133391842246055,0.0830315120518207,0.3143450057506541,0.0,1092.09887892081,8.722725155527023e-09,65536.0,0,0,50.975210666656494,48.35759806632996,2.616126537322998,19.70651054382324,27.42567348480225,25.652409553527832,0.9104251861572266,0.3865900755700753,0.2877042702954225,0.2875516414642334,0.2908104419708252,0.2960087633132934,65.51193869585077,23512130,23512130,264.5456852912903,17345.28082209087,60,384,32,coral,coral_bce,0.0,session_balanced,adamw,0.0003,0.05,cosine,5,60,5.0,True,full,raw,full_frame,dataset_v1_1,fp16,2,resnet50,1,1,base,a,097fb921d60b,0.7734375,0.8440860215053764,0.7581489956775997,0.7734375,0.7864678680396644,0.8027210884353742,0.8440860215053764,0.6947368421052631,0.532258064516129,1.0,62,0.5797101449275363,1.0,0.4081632653061224,20,1.0,1.0,1.0,46,0.8475689881734559,0.2265625,0.6698096424123822,0.7244448969738241,0.550700626241684,0.3283250766052126,0.6465527908876538,0.7110566704562216,0.426349891670819,-0.1268847091123461,0.1268847091123461,0.4317663113276163,0.1268847091123461,62.93617021276596,99.0,78.0,5795.67616,5795.67616,77.19148936170212,78.0,59.400191489361696,92.639,1001.808510638298,5000.0,4.0,2853.16537732122,14911.2432160728,0.0,0.0,0.0,473.1043839999998,473.104384,40.0,40.0,9.89895744680851,10.522,300.0,405.0,1.0,506.31652484560254,2675.799114383228,68.99574468085108,74.4,3.997491548595745,4.145410048,14.8,2.869999223829788,2.87064064,26.45897216,0.0,3359.4819021668227,0.933189417268562,0.6653640545124846,713.0,846,Tesla T4,16106.12736,70.0,GPU-f4a9a89f-cc24-d2f7-853e-1956f46933e2,Tesla T4,16106.12736,70.0,GPU-4d9a218d-2ddc-11de-006c-46c1d217053d,580.159.04,0.532258064516129,62,1.0,20,1.0,5,1.0,41
a-resnet50-base-f1-s1,a,resnet50,base,1,1,6,594,19008,1787787686.796925,1787787738.6945405,2026-08-26T23:41:26Z,2026-08-26T23:42:18Z,acct3,2,d8279d,Interactive,097fb921d60b,v2,0.0008243473512449,1.0,0.2384062767378054,0.0002997553655889,0.0090579809926713,0.0693530514836311,0.0051348228007555,0.0210983011871575,0.0615501385182141,0.0,1090.7193307350594,2.4893465508912164e-09,65536.0,0,0,51.87685036659241,49.298375368118286,2.5768277645111084,20.82922410964965,27.279375314712524,25.46425414085388,0.8917129039764404,0.4015128899009497,0.2859506366228816,0.2857148647308349,0.2887176990509033,0.2929014492034912,64.26175256981743,23512130,23512130,316.4225356578827,20738.008656044225,60,384,32,coral,coral_bce,0.0,session_balanced,adamw,0.0003,0.05,cosine,5,60,5.0,True,full,raw,full_frame,dataset_v1_1,fp16,2,resnet50,1,1,base,a,097fb921d60b,0.8515625,0.6833333333333332,0.6541236541236541,0.8515625,0.7942734348984349,0.9218106995884772,0.6833333333333332,0.8671328671328672,1.0,0.7654320987654321,62,0.0952380952380952,0.05,1.0,20,1.0,1.0,1.0,46,0.9160220994475138,0.1484375,0.7363971385215695,0.7730196098938013,0.4349867523556685,0.2438818375357995,0.7456903178244829,0.7768356324335851,0.567014565593318,-0.105872182175517,0.1341609107330441,0.2969739913940429,0.1341609107330441,59.74468085106383,99.0,80.0,5795.67616,5795.67616,77.04255319148936,78.0,57.97168085106383,93.144,1074.2553191489362,5000.0,4.0,2879.33374941251,17826.632279890753,0.0,0.0,0.0,473.1043839999998,473.104384,40.0,40.0,9.877659574468083,10.427,300.0,405.0,1.0,513.3940845408456,3197.5936719086253,68.91702127659575,75.2,4.041868048340425,4.215648256,15.0,2.86998528,2.86998528,26.402340864,0.0,3392.7278339533555,0.9424243983203764,0.6719485960024285,713.0,862,Tesla T4,16106.12736,70.0,GPU-f4a9a89f-cc24-d2f7-853e-1956f46933e2,Tesla T4,16106.12736,70.0,GPU-4d9a218d-2ddc-11de-006c-46c1d217053d,580.159.04,1.0,62,0.05,20,1.0,5,1.0,41
a-resnet50-base-f1-s1,a,resnet50,base,1,1,7,693,22176,1787787746.026967,1787787797.5404963,2026-08-26T23:42:26Z,2026-08-26T23:43:17Z,acct3,2,d8279d,Interactive,097fb921d60b,v2,0.0012230143130926,0.9996843434343434,0.2989998508710414,0.0002990222603022,0.0223338887967978,1.2192907333374023,0.0056544723920524,0.0328602332621812,0.1301388703286603,0.0,1089.3761516093966,6.1304168440735915e-09,65536.0,0,0,51.49570274353027,48.82844305038452,2.66617488861084,20.025951623916622,27.593666553497314,25.734454870224,0.903224229812622,0.3888858789568147,0.2892753066438617,0.2900338172912597,0.2968200206756591,0.3054401683807373,64.88021739155273,23512130,23512130,367.91823840141296,24154.282388669253,60,384,32,coral,coral_bce,0.0,session_balanced,adamw,0.0003,0.05,cosine,5,60,5.0,True,full,raw,full_frame,dataset_v1_1,fp16,2,resnet50,1,1,base,a,097fb921d60b,0.84375,0.836021505376344,0.808187134502924,0.84375,0.8525219298245614,0.8012820512820512,0.836021505376344,0.8245614035087719,0.7580645161290323,0.903846153846154,62,0.6,0.75,0.5,20,1.0,1.0,1.0,46,0.902200488997555,0.15625,0.7548831865185752,0.7625459492958452,0.5171434738993302,0.3098014257274586,0.6599795485381037,0.6963227325015597,0.4637263551354408,-0.1837704514618963,0.1837704514618963,0.4399486184120178,0.1837704514618963,59.583333333333336,99.0,75.0,5795.67616,5795.67616,77.625,80.0,55.65079166666667,73.062,1038.75,5000.0,4.0,2905.4903841712694,20999.415425221683,0.0,0.0,0.0,473.104384,473.104384,40.0,40.0,9.878395833333334,10.225,300.0,405.0,1.0,510.7833484537596,3783.854571515569,67.96249999999999,75.5,4.027931306666666,4.135727104,14.8,2.8886985386666666,2.935222272,26.526081024,0.0,3416.273732625029,0.9489649257291748,0.6766119920449015,713.0,852,Tesla T4,16106.12736,70.0,GPU-f4a9a89f-cc24-d2f7-853e-1956f46933e2,Tesla T4,16106.12736,70.0,GPU-4d9a218d-2ddc-11de-006c-46c1d217053d,580.159.04,0.7580645161290323,62,0.75,20,1.0,5,1.0,41
a-resnet50-base-f1-s1,a,resnet50,base,1,1,8,792,25344,1787787798.1297538,1787787849.8406515,2026-08-26T23:43:18Z,2026-08-26T23:44:09Z,acct3,2,d8279d,Interactive,097fb921d60b,v2,0.0004797777195691,1.0,0.2643894943757914,0.0002978030753771,0.0055458069769571,0.0290544908493757,0.0032677361741662,0.0211540780961513,0.0281295810267329,0.0,1088.0117120587608,1.5179601054668795e-09,65536.0,0,0,51.69317412376404,48.99918866157532,2.692720651626587,20.681038856506348,27.109681844711304,25.2669415473938,0.8916046619415283,0.4000729149847078,0.2843542821479566,0.2841651439666748,0.2877970218658447,0.2948306083679199,64.654131762886,23512130,23512130,419.611412525177,27582.19369044137,60,384,32,coral,coral_bce,0.0,session_balanced,adamw,0.0003,0.05,cosine,5,60,5.0,True,full,raw,full_frame,dataset_v1_1,fp16,2,resnet50,1,1,base,a,097fb921d60b,0.859375,0.7677419354838709,0.7773755656108597,0.859375,0.8502121040723982,0.7983193277310924,0.7677419354838709,0.8615384615384616,0.9032258064516128,0.8235294117647058,62,0.4705882352941176,0.4,0.5714285714285714,20,1.0,1.0,1.0,46,0.9168591224018476,0.140625,0.7642243143675809,0.767385940289773,0.474708591427122,0.2857226539905935,0.6893250022549182,0.717178017984737,0.5191121283504698,-0.1700499977450817,0.1700499977450817,0.3242354393005371,0.1700499977450817,54.80851063829788,99.0,65.0,5795.67616,5795.67616,76.57446808510639,78.0,55.82108510638296,102.99,1176.063829787234,5000.0,4.0,2905.8236480867854,23935.882514637,0.0,0.0,0.0,473.1043839999998,473.104384,40.0,40.0,10.013297872340424,10.522,300.0,405.0,1.0,522.0876536853357,4313.281506464733,68.68297872340426,75.1,4.07088855693617,4.173344768,14.9,2.8885927108085108,2.929258496,26.526081024,0.0,3427.911301772121,0.9521975838255892,0.6789168772676452,713.0,860,Tesla T4,16106.12736,70.0,GPU-f4a9a89f-cc24-d2f7-853e-1956f46933e2,Tesla T4,16106.12736,70.0,GPU-4d9a218d-2ddc-11de-006c-46c1d217053d,580.159.04,0.9032258064516128,62,0.4,20,1.0,5,1.0,41
a-resnet50-base-f1-s1,a,resnet50,base,1,1,9,891,28512,1787787850.4363694,1787787903.2172048,2026-08-26T23:44:10Z,2026-08-26T23:45:03Z,acct3,2,d8279d,Interactive,097fb921d60b,v2,0.0004964940916662,1.0,0.2964946657884866,0.0002961017875413,0.0086336881486755,0.4804479777812958,0.002186981961131,0.008995343465358,0.0496310350298864,0.0,1086.6617186980309,2.352572516275234e-09,65536.0,0,0,52.760812282562256,50.196842670440674,2.561882257461548,21.9484965801239,27.059535264968872,25.297584533691406,0.8869702816009521,0.4159999748028519,0.283722364541256,0.2838361263275146,0.2869022846221923,0.2888767337799072,63.11153912207181,23512130,23512130,472.37222480773926,31070.862003468286,60,384,32,coral,coral_bce,0.0,session_balanced,adamw,0.0003,0.05,cosine,5,60,5.0,True,full,raw,full_frame,dataset_v1_1,fp16,2,resnet50,1,1,base,a,097fb921d60b,0.8671875,0.7166666666666667,0.7134340631102889,0.8671875,0.8261110468701819,0.9282700421940928,0.7166666666666667,0.8794326241134751,1.0,0.7848101265822784,62,0.2608695652173913,0.15,1.0,20,1.0,1.0,1.0,46,0.9243604004449388,0.1328125,0.7662728249194415,0.7957553186910886,0.5139373180868066,0.2954822419891857,0.6763994817156345,0.706790695587794,0.4779627323150635,-0.1907880182843655,0.1943661563564091,0.4804157154900687,0.1943661563564091,37.63265306122449,99.0,14.0,5795.67616,5795.67616,76.77551020408163,78.0,52.54191836734694,89.81,1254.1836734693877,5000.0,4.0,2949.6398709759706,26914.14803367925,0.0,0.0,0.0,473.104384,473.104384,40.0,40.0,10.152816326530612,10.818,300.0,405.0,1.0,539.0284420509406,4859.729778098126,66.83469387755102,74.4,4.077230038204082,4.182245376,15.1,2.8881848111020405,2.911039488,26.526081024,0.0,3488.668313026911,0.9690745313963642,0.6909501408856077,713.0,878,Tesla T4,16106.12736,70.0,GPU-f4a9a89f-cc24-d2f7-853e-1956f46933e2,Tesla T4,16106.12736,70.0,GPU-4d9a218d-2ddc-11de-006c-46c1d217053d,580.159.04,1.0,62,0.15,20,1.0,5,1.0,41
a-resnet50-base-f1-s1,a,resnet50,base,1,1,10,990,31680,1787787903.806119,1787787953.8720162,2026-08-26T23:45:03Z,2026-08-26T23:45:53Z,acct3,2,d8279d,Interactive,097fb921d60b,v2,0.0002695452214281,1.0,0.2396004777401685,0.0002939239460421,0.0038489444634637,0.0774842649698257,0.0023074806667864,0.0069234454073011,0.0302340323105452,0.0,1085.3204175300425,1.0423621692965371e-09,65536.0,0,0,50.04624485969544,47.50164175033569,2.542901039123535,19.18300080299377,27.146864652633667,25.329888343811035,0.8884925842285156,0.3833054978804761,0.2845351214360709,0.2850358486175537,0.2873048305511474,0.2885613107681274,66.69243174058529,23512130,23512130,522.4184696674347,34393.967079500915,60,384,32,coral,coral_bce,0.0,session_balanced,adamw,0.0003,0.05,cosine,5,60,5.0,True,full,raw,full_frame,dataset_v1_1,fp16,2,resnet50,1,1,base,a,097fb921d60b,0.84375,0.6666666666666666,0.6203703703703703,0.84375,0.7764756944444444,0.5853658536585366,0.6666666666666666,0.8611111111111112,1.0,0.7560975609756098,62,0.0,0.0,0.0,20,1.0,1.0,1.0,46,0.9118942731277532,0.15625,0.7212543554006968,0.7617263074577288,0.4683499543923402,0.2582515679076252,0.7785840937867761,0.8063911856324585,0.6284257978200912,-0.0651659062132239,0.1059783874079585,0.4998250007629394,0.1059783874079585,56.06521739130435,99.0,61.5,5795.67616,5795.67616,77.30434782608695,78.0,56.61154347826088,79.245,1079.0217391304348,5000.0,4.0,2819.451488610492,29763.93897079657,0.0,0.0,0.0,473.1043839999998,473.104384,40.0,40.0,9.99141304347826,10.522,300.0,405.0,1.0,503.6535874221354,5370.656473852657,69.57608695652173,75.3,4.106816912695652,4.236087296,15.1,2.8877086720000005,2.887708672,26.469449728,0.0,3323.105076032627,0.9230847433423964,0.6581594220031287,713.0,829,Tesla T4,16106.12736,70.0,GPU-f4a9a89f-cc24-d2f7-853e-1956f46933e2,Tesla T4,16106.12736,70.0,GPU-4d9a218d-2ddc-11de-006c-46c1d217053d,580.159.04,1.0,62,0.0,20,1.0,5,1.0,41
a-resnet50-base-f1-s1,a,resnet50,base,1,1,11,1089,34848,1787787954.6097531,1787788004.5913837,2026-08-26T23:45:54Z,2026-08-26T23:46:44Z,acct3,2,d8279d,Interactive,097fb921d60b,v2,0.0001819014098807,1.0,0.2793856670323293,0.0002912766545459,0.0022551157968024,0.0174446459859609,0.0011333023430779,0.0069501541089266,0.0130486624501645,0.0,1083.9916230538142,6.05966476987886e-10,65536.0,0,0,49.964107036590576,47.44336128234863,2.519793510437012,19.19223380088806,27.051745891571045,25.28474473953247,0.9134695529937744,0.3841204204216614,0.283809994206284,0.2835893630981445,0.2872100830078125,0.2974628019332885,66.77435818989197,23512130,23512130,572.3825767040253,37721.28310027191,60,384,32,coral,coral_bce,0.0,session_balanced,adamw,0.0003,0.05,cosine,5,60,5.0,True,full,raw,full_frame,dataset_v1_1,fp16,2,resnet50,1,1,base,a,097fb921d60b,0.875,0.7333333333333334,0.738222325365514,0.875,0.8396984025682679,0.9279727364833747,0.7333333333333334,0.8920863309352518,1.0,0.8051948051948052,62,0.3333333333333333,0.2,1.0,20,0.989247311827957,1.0,0.9787234042553192,46,0.9287305122494433,0.125,0.7813834329632793,0.8059175893491152,0.4842928527966506,0.2732759432339874,0.6844865744933486,0.7170096984399217,0.4568247068673372,-0.1905134255066514,0.1984734637662768,0.4234485335839101,0.1984734637662768,60.43478260869565,99.0,72.5,5795.67616,5795.67616,77.06521739130434,78.0,58.27215217391305,91.264,1103.804347826087,5000.0,4.0,2828.727604822136,32629.74886136933,0.0,0.0,0.0,473.1043839999998,473.104384,40.0,40.0,9.927282608695652,10.328,300.0,405.0,1.0,498.5884159488596,5879.097736053004,69.51304347826087,73.9,4.091132171130434,4.216971264,15.2,2.888362607304348,2.90461696,26.526081024,0.0,3327.3160207709952,0.9242544502141652,0.6589934230026999,713.0,826,Tesla T4,16106.12736,70.0,GPU-f4a9a89f-cc24-d2f7-853e-1956f46933e2,Tesla T4,16106.12736,70.0,GPU-4d9a218d-2ddc-11de-006c-46c1d217053d,580.159.04,1.0,62,0.2,20,1.0,5,1.0,41
a-resnet50-base-f1-s1,a,resnet50,base,1,1,12,1188,38016,1787788005.1656246,1787788056.2297962,2026-08-26T23:46:45Z,2026-08-26T23:47:36Z,acct3,2,d8279d,Interactive,097fb921d60b,v2,0.0001650236366306,1.0,0.2071185722015798,0.0002881685479672,0.0024628117542379,0.0832902640104293,0.0010034060105681,0.0061925754416733,0.0128611641004678,0.0,1082.6786690197453,6.555083308124536e-10,65536.0,0,0,51.03919768333435,48.41120362281799,2.6260669231414795,20.233461141586304,26.98999786376953,25.24408411979676,0.8929905891418457,0.396429843335744,0.2830059889591101,0.282916784286499,0.2859800338745117,0.288425908088684,65.43939755521394,23512130,23512130,623.4217743873596,41138.51442643836,60,384,32,coral,coral_bce,0.0,session_balanced,adamw,0.0003,0.05,cosine,5,60,5.0,True,full,raw,full_frame,dataset_v1_1,fp16,2,resnet50,1,1,base,a,097fb921d60b,0.84375,0.6666666666666666,0.6203703703703703,0.84375,0.7764756944444444,0.5853658536585366,0.6666666666666666,0.8611111111111112,1.0,0.7560975609756098,62,0.0,0.0,0.0,20,1.0,1.0,1.0,46,0.9118942731277532,0.15625,0.7212543554006968,0.7617263074577288,0.4369413570621012,0.2497494744238881,0.881966452114284,0.8961418287621604,0.8054194182157517,0.038216452114284,0.0681437142193317,0.646460235118866,0.0681437142193317,59.70212765957447,99.0,68.0,5795.67616,5795.67616,76.93617021276596,78.0,55.29657446808511,94.538,1215.6382978723404,5000.0,4.0,2908.3666554265583,35567.80337184336,0.0,0.0,0.0,473.1043839999998,473.104384,40.0,40.0,9.929553191489358,10.423,300.0,405.0,1.0,508.864670739893,6394.879338029403,68.42340425531916,74.2,4.099045942468084,4.219977728,15.0,2.8877086720000005,2.887708672,26.469449728,0.0,3417.231326166452,0.9492309239351252,0.6768016487657443,713.0,848,Tesla T4,16106.12736,70.0,GPU-f4a9a89f-cc24-d2f7-853e-1956f46933e2,Tesla T4,16106.12736,70.0,GPU-4d9a218d-2ddc-11de-006c-46c1d217053d,580.159.04,1.0,62,0.0,20,1.0,5,1.0,41
a-resnet50-base-f1-s1,a,resnet50,base,1,1,13,1287,41184,1787788056.818594,1787788108.3765812,2026-08-26T23:47:36Z,2026-08-26T23:48:28Z,acct3,2,d8279d,Interactive,097fb921d60b,v2,0.0005904068031411,0.9996843434343434,0.3927019789407495,0.0002846097643037,0.017995427104214,0.9913269281387328,0.0016247865278273,0.0228475594893097,0.231771766245362,0.0,1081.4222623278883,4.736054032815868e-09,65536.0,0,0,51.53717851638794,48.84141540527344,2.693142890930176,20.566638946533203,27.092227458953857,25.312658548355103,0.8852195739746094,0.3990641229999303,0.2839764296406447,0.2837657928466797,0.2876633644104004,0.292156434059143,64.8629851062414,23512130,23512130,674.9589529037476,44542.328489057065,60,384,32,coral,coral_bce,0.0,session_balanced,adamw,0.0003,0.05,cosine,5,60,5.0,True,full,raw,full_frame,dataset_v1_1,fp16,2,resnet50,1,1,base,a,097fb921d60b,0.84375,0.6666666666666666,0.6203703703703703,0.84375,0.7764756944444444,0.5853658536585366,0.6666666666666666,0.8611111111111112,1.0,0.7560975609756098,62,0.0,0.0,0.0,20,1.0,1.0,1.0,46,0.9118942731277532,0.15625,0.7212543554006968,0.7617263074577288,0.7721251637474613,0.4093380878171476,0.7843412682414055,0.758398233740418,0.9244336545467376,-0.0594087317585945,0.3479746580123901,0.908206568314479,0.3479746580123901,48.97916666666666,99.0,53.5,5795.67616,5795.67616,76.75,78.0,54.18258333333333,92.369,1220.625,5000.0,4.0,2891.82042652151,38493.78912504696,0.0,0.0,0.0,473.104384,473.104384,40.0,40.0,9.902583333333334,10.324,300.0,405.0,1.0,511.9936360971879,6914.117858688129,67.80416666666666,75.2,4.116321792,4.236578816,15.1,2.8880595626666667,2.904551424,26.526081024,0.0,3403.814062618698,0.9455039062829717,0.6741442851797588,713.0,857,Tesla T4,16106.12736,70.0,GPU-f4a9a89f-cc24-d2f7-853e-1956f46933e2,Tesla T4,16106.12736,70.0,GPU-4d9a218d-2ddc-11de-006c-46c1d217053d,580.159.04,1.0,62,0.0,20,1.0,5,1.0,41
a-resnet50-base-f1-s1,a,resnet50,base,1,1,14,1386,44352,1787788108.97508,1787788159.7453182,2026-08-26T23:48:28Z,2026-08-26T23:49:19Z,acct3,2,d8279d,Interactive,097fb921d60b,v2,0.0001409709680827,1.0,0.3895421441120561,0.0002806119115679,0.0017278378003575,0.0150679601356387,0.0008335600723512,0.0065333451610058,0.0124738979525864,0.0,1080.145951492663,4.4887625359119615e-10,65536.0,0,0,50.75180912017822,48.19604825973511,2.5547711849212646,19.99876618385315,26.99484848976136,25.24612283706665,0.88875412940979,0.394050311319876,0.2832301794880568,0.2830111980438232,0.2856899261474609,0.2887054729461669,65.73153016461461,23512130,23512130,725.7107620239258,47907.39497313712,60,384,32,coral,coral_bce,0.0,session_balanced,adamw,0.0003,0.05,cosine,5,60,5.0,True,full,raw,full_frame,dataset_v1_1,fp16,2,resnet50,1,1,base,a,097fb921d60b,0.84375,0.6666666666666666,0.6203703703703703,0.84375,0.7764756944444444,0.5853658536585366,0.6666666666666666,0.8611111111111112,1.0,0.7560975609756098,62,0.0,0.0,0.0,20,1.0,1.0,1.0,46,0.9118942731277532,0.15625,0.7212543554006968,0.7617263074577288,0.7891160769434077,0.3856814111517176,0.8248082366771996,0.8003671395557898,0.9567901611328123,-0.0189417633228003,0.3175659193657338,0.9244565665721892,0.3175659193657338,54.70212765957447,99.0,65.0,5795.67616,5795.67616,77.02127659574468,78.0,55.21672340425531,85.791,1169.3617021276596,5000.0,4.0,2858.5091582290843,41381.65189149352,0.0,0.0,0.0,473.1043839999998,473.104384,40.0,40.0,9.921638297872342,10.427,300.0,405.0,1.0,506.55732585096666,7428.900765239016,68.71063829787234,77.2,4.136584736680852,4.294725632,15.3,2.8877086720000005,2.887708672,26.526072832,0.0,3365.066484080051,0.9347406900222364,0.6664701119858546,713.0,838,Tesla T4,16106.12736,70.0,GPU-f4a9a89f-cc24-d2f7-853e-1956f46933e2,Tesla T4,16106.12736,70.0,GPU-4d9a218d-2ddc-11de-006c-46c1d217053d,580.159.04,1.0,62,0.0,20,1.0,5,1.0,41
a-resnet50-base-f1-s1,a,resnet50,base,1,1,15,1485,47520,1787788160.3239348,1787788210.6325634,2026-08-26T23:49:20Z,2026-08-26T23:50:10Z,acct3,2,d8279d,Interactive,097fb921d60b,v2,0.0001437077888553,1.0,0.4180151543478132,0.0002761880299246,0.0017303117751402,0.0231666434556245,0.000576177611947,0.0057466092985123,0.0158187879994511,0.0,1078.890774449024,4.4294697076774216e-10,65536.0,0,0,50.2875862121582,47.61539196968079,2.671099901199341,19.358966588974,27.040903091430664,25.26792550086975,0.9233245849609376,0.3849651185742042,0.2838460363522924,0.283165693283081,0.2881126403808594,0.2960875034332275,66.5331076559704,23512130,23512130,775.998348236084,51263.9619875665,60,384,32,coral,coral_bce,0.0,session_balanced,adamw,0.0003,0.05,cosine,5,60,5.0,True,full,raw,full_frame,dataset_v1_1,fp16,2,resnet50,1,1,base,a,097fb921d60b,0.84375,0.6666666666666666,0.6203703703703703,0.84375,0.7764756944444444,0.5853658536585366,0.6666666666666666,0.8611111111111112,1.0,0.7560975609756098,62,0.0,0.0,0.0,20,1.0,1.0,1.0,46,0.9118942731277532,0.15625,0.7212543554006968,0.7617263074577288,0.9143053099078308,0.3361746899275929,0.9057942009530962,0.8908174639498746,0.9866685807704926,0.0620442009530961,0.2450284822843968,0.3514223098754883,0.2450284822843968,59.95652173913044,99.0,78.5,5795.67616,5795.67616,77.1086956521739,78.0,55.12404347826088,85.748,1218.9130434782608,5000.0,4.0,2853.334721345469,44268.81618354464,0.0,0.0,0.0,473.1043839999998,473.104384,40.0,40.0,9.97491304347826,10.917,300.0,405.0,1.0,503.2322930839128,7939.395883817933,69.07608695652173,74.8,4.126382525217392,4.321153024,15.4,2.8886418476521745,2.930634752,26.526081024,0.0,3356.5670144293817,0.9323797262303838,0.6647867448022636,713.0,836,Tesla T4,16106.12736,70.0,GPU-f4a9a89f-cc24-d2f7-853e-1956f46933e2,Tesla T4,16106.12736,70.0,GPU-4d9a218d-2ddc-11de-006c-46c1d217053d,580.159.04,1.0,62,0.0,20,1.0,5,1.0,41
a-resnet50-base-f1-s1,a,resnet50,base,1,1,16,1584,50688,1787788211.2425811,1787788262.858318,2026-08-26T23:50:11Z,2026-08-26T23:51:02Z,acct3,2,d8279d,Interactive,097fb921d60b,v2,0.0001182756428129,1.0,0.4059062878950499,0.0002713525491562,0.0015005119136979,0.018653254956007,0.0004880652413703,0.0063661265186965,0.0146436421573161,0.0,1077.6580958924276,3.7782645012661187e-10,65536.0,0,0,51.59514665603638,49.03251361846924,2.561659097671509,20.960458993911743,26.86443567276001,25.122020721435547,0.9002556800842285,0.4062486561700561,0.2820212094470708,0.2813024520874023,0.2857599735260009,0.2898034572601318,64.61018957034867,23512130,23512130,827.5934948921204,54664.59530579128,60,384,32,coral,coral_bce,0.0,session_balanced,adamw,0.0003,0.05,cosine,5,60,5.0,True,full,raw,full_frame,dataset_v1_1,fp16,2,resnet50,1,1,base,a,097fb921d60b,0.84375,0.6666666666666666,0.6203703703703703,0.84375,0.7764756944444444,0.5853658536585366,0.6666666666666666,0.8611111111111112,1.0,0.7560975609756098,62,0.0,0.0,0.0,20,1.0,1.0,1.0,46,0.9118942731277532,0.15625,0.7212543554006968,0.7617263074577288,0.8713007116698445,0.3355040035937128,0.904727857094258,0.8899035867717531,0.9847789168357848,0.060977857094258,0.2463064729236065,0.3511998057365417,0.2463064729236065,53.375,99.0,62.0,5795.67616,5795.67616,76.72916666666667,78.0,57.68210416666667,98.349,1100.3125,5000.0,4.0,2887.074230417362,47194.65416665089,0.0,0.0,0.0,473.104384,473.104384,40.0,40.0,9.8884375,10.526,300.0,405.0,1.0,513.5590878074172,8461.266597820066,67.48541666666667,74.1,4.099667712,4.27225088,15.2,2.887708672,2.887708672,26.469449728,0.0,3400.633318224779,0.9446203661735496,0.673514321081741,713.0,856,Tesla T4,16106.12736,70.0,GPU-f4a9a89f-cc24-d2f7-853e-1956f46933e2,Tesla T4,16106.12736,70.0,GPU-4d9a218d-2ddc-11de-006c-46c1d217053d,580.159.04,1.0,62,0.0,20,1.0,5,1.0,41
a-resnet50-base-f1-s1,a,resnet50,base,1,1,17,1683,53856,1787788263.4716053,1787788314.1303215,2026-08-26T23:51:03Z,2026-08-26T23:51:54Z,acct3,2,d8279d,Interactive,097fb921d60b,v2,7.167752824677859e-05,1.0,0.4096642879594583,0.0002661212415958,0.0008600768292907,0.0068965652026236,0.0004876356106251,0.0033712199423462,0.0064912217948585,0.0,1076.4507317627251,2.1262906598973827e-10,65536.0,0,0,50.63925123214722,48.12738943099976,2.511016845703125,20.00998067855835,26.916284561157227,25.11780166625977,0.899559497833252,0.3951476412403083,0.2823059486620354,0.2818820476531982,0.2859114646911621,0.2912194585800171,65.82530316841644,23512130,23512130,878.2327461242676,58023.68783052055,60,384,32,coral,coral_bce,0.0,session_balanced,adamw,0.0003,0.05,cosine,5,60,5.0,True,full,raw,full_frame,dataset_v1_1,fp16,2,resnet50,1,1,base,a,097fb921d60b,0.84375,0.6666666666666666,0.6203703703703703,0.84375,0.7764756944444444,0.5853658536585366,0.6666666666666666,0.8611111111111112,1.0,0.7560975609756098,62,0.0,0.0,0.0,20,1.0,1.0,1.0,46,0.9118942731277532,0.15625,0.7212543554006968,0.7617263074577288,0.8809133144990179,0.3291457148658712,0.9180800155736506,0.9052785016872263,0.9872081905603408,0.0743300155736506,0.2289859964512288,0.2858346104621887,0.2289859964512288,53.69565217391305,99.0,52.0,5795.67616,5795.67616,77.23913043478261,78.0,53.22915217391303,90.197,1214.6739130434785,5000.0,4.0,2855.999956844338,50089.54173055828,0.0,0.0,0.0,473.1043839999998,473.104384,40.0,40.0,9.878695652173912,10.526,300.0,405.0,1.0,503.0925678849308,8972.604729865821,69.4608695652174,74.3,4.133200139130435,4.264869888,15.4,2.889773056,2.938499072,26.526081024,0.0,3359.092524729269,0.9330812568692414,0.6652869361477691,713.0,840,Tesla T4,16106.12736,70.0,GPU-f4a9a89f-cc24-d2f7-853e-1956f46933e2,Tesla T4,16106.12736,70.0,GPU-4d9a218d-2ddc-11de-006c-46c1d217053d,580.159.04,1.0,62,0.0,20,1.0,5,1.0,41
a-resnet50-base-f1-s1,a,resnet50,base,1,1,18,1782,57024,1787788314.6903057,1787788365.0696125,2026-08-26T23:51:54Z,2026-08-26T23:52:45Z,acct3,2,d8279d,Interactive,097fb921d60b,v2,5.762740248529655e-05,1.0,0.3901274417876266,0.0002605111706814,0.0006897068639653,0.0067033628001809,0.0003496683202683,0.0027564576128497,0.0033467845339327,0.0,1075.2697077095795,1.6709886019330907e-10,65536.0,0,0,50.35951828956604,47.84461951255798,2.5134170055389404,19.801810026168823,26.865669012069706,25.003917932510376,0.8860456943511963,0.3932088848092009,0.281672275427616,0.2814981937408447,0.2846297264099121,0.2869949054718017,66.21434201537502,23512130,23512130,928.5922644138336,61391.0412877512,60,384,32,coral,coral_bce,0.0,session_balanced,adamw,0.0003,0.05,cosine,5,60,5.0,True,full,raw,full_frame,dataset_v1_1,fp16,2,resnet50,1,1,base,a,097fb921d60b,0.84375,0.6666666666666666,0.6203703703703703,0.84375,0.7764756944444444,0.5853658536585366,0.6666666666666666,0.8611111111111112,1.0,0.7560975609756098,62,0.0,0.0,0.0,20,1.0,1.0,1.0,46,0.9118942731277532,0.15625,0.7212543554006968,0.7617263074577288,0.8272844274486162,0.3336025797393283,0.9049416212365032,0.8908253278997209,0.981169605255127,0.0611916212365031,0.2431280640885234,0.3376401662826538,0.2431280640885234,56.630434782608695,99.0,69.0,5795.67616,5795.67616,77.02173913043478,78.0,57.88797826086956,86.234,1167.391304347826,5000.0,4.0,2867.240271274648,52987.27172554013,0.0,0.0,0.0,473.1043839999998,473.104384,40.0,40.0,9.884999999999998,10.522,300.0,405.0,1.0,500.1131859560028,9480.073389448678,69.10434782608694,74.9,4.154211283478262,4.323987456,15.4,2.8877086720000005,2.887708672,26.469449728,0.0,3367.3534572306507,0.9353759603418474,0.6669230597237372,713.0,838,Tesla T4,16106.12736,70.0,GPU-f4a9a89f-cc24-d2f7-853e-1956f46933e2,Tesla T4,16106.12736,70.0,GPU-4d9a218d-2ddc-11de-006c-46c1d217053d,580.159.04,1.0,62,0.0,20,1.0,5,1.0,41
a-resnet50-base-f1-s1,a,resnet50,base,1,1,19,1881,60192,1787788365.6391935,1787788417.1707013,2026-08-26T23:52:45Z,2026-08-26T23:53:37Z,acct3,2,d8279d,Interactive,097fb921d60b,v2,7.642811014000361e-05,1.0,0.3665979021825478,0.0002545406352982,0.0009967116116472,0.0133788520470261,0.0003905713383574,0.0032537819817662,0.0118931744247674,0.0,1074.1158624892996,2.361976167542098e-10,65536.0,0,0,51.512431383132935,48.81719374656677,2.694298505783081,20.812626600265503,26.826987981796265,25.093759298324585,0.8889002799987793,0.4040311443555802,0.281246866842713,0.281198501586914,0.284774923324585,0.2868442821502685,64.89516821566171,23512130,23512130,980.1046957969666,64784.49261411045,60,384,32,coral,coral_bce,0.0,session_balanced,adamw,0.0003,0.05,cosine,5,60,5.0,True,full,raw,full_frame,dataset_v1_1,fp16,2,resnet50,1,1,base,a,097fb921d60b,0.84375,0.6666666666666666,0.6203703703703703,0.84375,0.7764756944444444,0.5853658536585366,0.6666666666666666,0.8611111111111112,1.0,0.7560975609756098,62,0.0,0.0,0.0,20,1.0,1.0,1.0,46,0.9118942731277532,0.15625,0.7212543554006968,0.7617263074577288,0.7413675472174619,0.3641928905596014,0.8359909793362021,0.8163673082987467,0.9419588029384612,-0.0077590206637978,0.2887635771185159,0.9191274642944336,0.2887635771185159,54.395833333333336,99.0,64.0,5795.67616,5795.67616,76.83333333333333,78.0,56.209770833333344,88.661,1178.75,5000.0,4.0,2883.075257217395,55899.71712767311,0.0,0.0,0.0,473.104384,473.104384,40.0,40.0,9.903312499999998,10.621,300.0,405.0,1.0,510.3760691418538,9997.703303764609,67.84791666666666,76.0,4.108795392,4.240023552,15.1,2.8893143040000004,2.9400064,26.526081024,0.0,3393.451326359249,0.9426253684331248,0.6720918876928179,713.0,856,Tesla T4,16106.12736,70.0,GPU-f4a9a89f-cc24-d2f7-853e-1956f46933e2,Tesla T4,16106.12736,70.0,GPU-4d9a218d-2ddc-11de-006c-46c1d217053d,580.159.04,1.0,62,0.0,20,1.0,5,1.0,41
a-resnet50-base-f1-s1,a,resnet50,base,1,1,20,1980,63360,1787788417.7445917,1787788468.8712046,2026-08-26T23:53:37Z,2026-08-26T23:54:28Z,acct3,2,d8279d,Interactive,097fb921d60b,v2,4.686763412047929e-05,1.0,0.3741021068672125,0.0002482291100917,0.0005862314043557,0.005992176476866,0.0002542683505453,0.002293089358136,0.0031587560847401,0.0,1072.9918213227843,1.3562051165654275e-10,65536.0,0,0,51.1062445640564,48.406901359558105,2.697826385498047,20.37001657485962,26.85325741767884,25.01694750785828,0.8898952007293701,0.3985817535336197,0.2816084900287666,0.2814309597015381,0.2847595691680908,0.2905269050598144,65.44521361672467,23512130,23512130,1031.210940361023,68156.53939464591,60,384,32,coral,coral_bce,0.0,session_balanced,adamw,0.0003,0.05,cosine,5,60,5.0,True,full,raw,full_frame,dataset_v1_1,fp16,2,resnet50,1,1,base,a,097fb921d60b,0.84375,0.6666666666666666,0.6203703703703703,0.84375,0.7764756944444444,0.5853658536585366,0.6666666666666666,0.8611111111111112,1.0,0.7560975609756098,62,0.0,0.0,0.0,20,1.0,1.0,1.0,46,0.9118942731277532,0.15625,0.7212543554006968,0.7617263074577288,0.7869627914322348,0.3402928283037978,0.8862179080024362,0.8705077403121524,0.9710528135299684,0.0424679080024361,0.2462252965196966,0.3500322252511978,0.2462252965196966,55.14893617021277,99.0,57.0,5795.67616,5795.67616,77.14893617021276,78.0,56.39921276595744,85.791,1107.4468085106382,5000.0,4.0,2863.6619325447027,58794.64101471943,0.0,0.0,0.0,473.1043839999998,473.104384,40.0,40.0,9.909148936170212,10.719,300.0,405.0,1.0,508.3848479907501,10513.36027871611,68.54468085106384,74.4,4.172484869446808,4.33639424,15.4,2.8889175148936173,2.944335872,26.526081024,0.0,3372.046780535453,0.936679661259848,0.6678525984782716,713.0,850,Tesla T4,16106.12736,70.0,GPU-f4a9a89f-cc24-d2f7-853e-1956f46933e2,Tesla T4,16106.12736,70.0,GPU-4d9a218d-2ddc-11de-006c-46c1d217053d,580.159.04,1.0,62,0.0,20,1.0,5,1.0,41
a-resnet50-base-f1-s1,a,resnet50,base,1,1,21,2079,66528,1787788469.77255,1787788520.4109094,2026-08-26T23:54:29Z,2026-08-26T23:55:20Z,acct3,2,d8279d,Interactive,097fb921d60b,v2,6.012369572595667e-05,1.0,0.390988738519809,0.0002415971819453,0.0007609048748557,0.0078190984204411,0.0003806225140579,0.0025858316104859,0.0068877052608877,0.0,1071.8978722670477,1.7150185502729147e-10,131072.0,0,0,50.61904287338257,48.02337694168091,2.594815731048584,19.811412811279297,26.99358320236206,25.24056386947632,0.9101076126098632,0.3913826039902642,0.2833089178258722,0.2825801372528076,0.2870998382568359,0.3008049345016478,65.96787235198363,23512130,23512130,1081.8299832344055,71558.26282510588,60,384,32,coral,coral_bce,0.0,session_balanced,adamw,0.0003,0.05,cosine,5,60,5.0,True,full,raw,full_frame,dataset_v1_1,fp16,2,resnet50,1,1,base,a,097fb921d60b,0.84375,0.6666666666666666,0.6203703703703703,0.84375,0.7764756944444444,0.5853658536585366,0.6666666666666666,0.8611111111111112,1.0,0.7560975609756098,62,0.0,0.0,0.0,20,1.0,1.0,1.0,46,0.9118942731277532,0.15625,0.7212543554006968,0.7617263074577288,0.8311761740175501,0.3344745761755106,0.9023598064668475,0.8880099488629235,0.979849037528038,0.0586098064668476,0.2464398383162915,0.2924558652771843,0.2464398383162915,53.93617021276596,99.0,63.0,5795.67616,5795.67616,77.23404255319149,78.0,58.4205744680851,102.573,1134.5744680851064,5000.0,4.0,2890.77513034724,61731.85889605563,0.0,0.0,0.0,473.1043839999998,473.104384,40.0,40.0,10.031063829787234,10.625,300.0,405.0,1.0,510.9483001127264,11034.651781214025,68.60212765957448,74.4,4.176818350297872,4.32324608,15.4,2.889839114893617,2.939359232,26.526081024,0.0,3401.723430459966,0.9449231751277684,0.6737302238660988,713.0,842,Tesla T4,16106.12736,70.0,GPU-f4a9a89f-cc24-d2f7-853e-1956f46933e2,Tesla T4,16106.12736,70.0,GPU-4d9a218d-2ddc-11de-006c-46c1d217053d,580.159.04,1.0,62,0.0,20,1.0,5,1.0,41
a-resnet50-base-f1-s1,a,resnet50,base,1,1,22,2178,69696,1787788521.0171747,1787788571.907338,2026-08-26T23:55:21Z,2026-08-26T23:56:11Z,acct3,2,d8279d,Interactive,097fb921d60b,v2,5.0573789463449046e-05,1.0,0.4075078201422002,0.00023466648283,0.000648422838886,0.0075176213867962,0.0002372526359977,0.0032310329377651,0.0058686085790395,0.0,1070.8358586921831,1.4209750799144368e-10,131072.0,0,0,50.87062788009644,48.263224840164185,2.606384515762329,20.190964221954346,26.89430284500122,25.056190729141235,0.8864696025848389,0.3969080992973989,0.282003742275816,0.2817909717559814,0.2853270053863525,0.2903230619430542,65.6400398127483,23512130,23512130,1132.700611114502,74927.15203542206,60,384,32,coral,coral_bce,0.0,session_balanced,adamw,0.0003,0.05,cosine,5,60,5.0,True,full,raw,full_frame,dataset_v1_1,fp16,2,resnet50,1,1,base,a,097fb921d60b,0.84375,0.6666666666666666,0.6203703703703703,0.84375,0.7764756944444444,0.5853658536585366,0.6666666666666666,0.8611111111111112,1.0,0.7560975609756098,62,0.0,0.0,0.0,20,1.0,1.0,1.0,46,0.9118942731277532,0.15625,0.7212543554006968,0.7617263074577288,0.8624289261400098,0.3276225924635638,0.9217125712893904,0.9096099822609512,0.9870665520429612,0.0779625712893903,0.22518061241135,0.2715413570404053,0.22518061241135,50.46808510638298,99.0,48.0,5795.67616,5795.67616,77.04255319148936,78.0,53.52476595744681,81.333,1206.063829787234,5000.0,4.0,2849.045416310786,64615.32461187356,0.0,0.0,0.0,473.1043839999998,473.104384,40.0,40.0,10.16468085106383,11.115,300.0,405.0,1.0,519.84379400539,11562.259137296698,68.49361702127659,75.6,4.179842941276595,4.3075584,15.3,2.8887821725957443,2.937786368,26.526081024,0.0,3368.889210316176,0.93580255842116,0.6672272241542871,713.0,846,Tesla T4,16106.12736,70.0,GPU-f4a9a89f-cc24-d2f7-853e-1956f46933e2,Tesla T4,16106.12736,70.0,GPU-4d9a218d-2ddc-11de-006c-46c1d217053d,580.159.04,1.0,62,0.0,20,1.0,5,1.0,41
a-resnet50-base-f1-s1,a,resnet50,base,1,1,23,2277,72864,1787788572.5082011,1787788623.3623276,2026-08-26T23:56:12Z,2026-08-26T23:57:03Z,acct3,2,d8279d,Interactive,097fb921d60b,v2,3.824745623536398e-05,1.0,0.4268308815735508,0.0002274596192458,0.0004780286736154,0.0038958110380917,0.000220534086111,0.002070342679508,0.0036097748111933,0.0,1069.8067721415557,1.016372516239546e-10,131072.0,0,0,50.834148645401,48.30346632003784,2.529746055603028,20.26806879043579,26.85686731338501,25.11262989044189,0.8830089569091797,0.3987097124772927,0.2816468392959749,0.281719446182251,0.2853116512298584,0.2884032678604126,65.5853552829978,23512130,23512130,1183.534759759903,78304.6059451135,60,384,32,coral,coral_bce,0.0,session_balanced,adamw,0.0003,0.05,cosine,5,60,5.0,True,full,raw,full_frame,dataset_v1_1,fp16,2,resnet50,1,1,base,a,097fb921d60b,0.84375,0.6666666666666666,0.6203703703703703,0.84375,0.7764756944444444,0.5853658536585366,0.6666666666666666,0.8611111111111112,1.0,0.7560975609756098,62,0.0,0.0,0.0,20,1.0,1.0,1.0,46,0.9118942731277532,0.15625,0.7212543554006968,0.7617263074577288,0.9271794631238652,0.3256589834947861,0.928738390095532,0.9173676548180756,0.9901403605937956,0.0849883900955319,0.2169584827497601,0.2576613314946493,0.2169584827497601,59.723404255319146,99.0,82.0,5795.67616,5795.67616,76.8936170212766,78.0,57.13902127659575,87.773,1177.978723404255,5000.0,4.0,2865.8226057075226,67511.68364740901,0.0,0.0,0.0,473.1043839999998,473.104384,40.0,40.0,10.020765957446809,10.823,300.0,405.0,1.0,511.6313039839188,12082.041876363292,68.03617021276595,73.7,4.178874368000001,4.318420992,15.3,2.89073152,2.935885824,26.526081024,0.0,3377.4539096914414,0.938181641580956,0.6689235104472216,713.0,842,Tesla T4,16106.12736,70.0,GPU-f4a9a89f-cc24-d2f7-853e-1956f46933e2,Tesla T4,16106.12736,70.0,GPU-4d9a218d-2ddc-11de-006c-46c1d217053d,580.159.04,1.0,62,0.0,20,1.0,5,1.0,41
a-resnet50-base-f1-s1,a,resnet50,base,1,1,24,2376,76032,1787788623.9631238,1787788674.9213495,2026-08-26T23:57:03Z,2026-08-26T23:57:54Z,acct3,2,d8279d,Interactive,097fb921d60b,v2,3.795616307935702e-05,1.0,0.4061738222662825,0.0002200000984838,0.0005162441681169,0.0096129290759563,0.0002028713788604,0.0018959917477332,0.0043405409529804,0.0,1068.8117761273727,1.0626171077470736e-10,131072.0,0,0,50.9381594657898,48.21843695640564,2.7187716960906982,20.18175506591797,26.836037158966064,25.06587195396424,0.8902921676635742,0.3962011049785199,0.2814685407311025,0.2810912132263183,0.2852505207061767,0.2883367919921875,65.7010098204592,23512130,23512130,1234.4729192256927,81665.9615923499,60,384,32,coral,coral_bce,0.0,session_balanced,adamw,0.0003,0.05,cosine,5,60,5.0,True,full,raw,full_frame,dataset_v1_1,fp16,2,resnet50,1,1,base,a,097fb921d60b,0.84375,0.6666666666666666,0.6203703703703703,0.84375,0.7764756944444444,0.5853658536585366,0.6666666666666666,0.8611111111111112,1.0,0.7560975609756098,62,0.0,0.0,0.0,20,1.0,1.0,1.0,46,0.9118942731277532,0.15625,0.7212543554006968,0.7617263074577288,0.8719323111372415,0.3277747835963392,0.9204679164104164,0.9082797798845504,0.9862838536500932,0.0767179164104163,0.2251510438509285,0.2821961641311645,0.2251510438509285,52.06382978723404,99.0,58.0,5795.67616,5795.67616,76.82978723404256,78.0,55.703702127659554,89.81,1179.2553191489362,5000.0,4.0,2850.625547263684,70393.92003300224,0.0,0.0,0.0,473.1043839999998,473.104384,40.0,40.0,9.955255319148936,10.427,300.0,405.0,1.0,510.7300999727213,12600.215225865377,68.66382978723404,78.1,4.192370862297873,4.339081216,15.4,2.889327376340425,2.930642944,26.526081024,0.0,3361.3556472364053,0.9337099020101126,0.6657351601332102,713.0,846,Tesla T4,16106.12736,70.0,GPU-f4a9a89f-cc24-d2f7-853e-1956f46933e2,Tesla T4,16106.12736,70.0,GPU-4d9a218d-2ddc-11de-006c-46c1d217053d,580.159.04,1.0,62,0.0,20,1.0,5,1.0,41
a-resnet50-base-f1-s1,a,resnet50,base,1,1,25,2475,79200,1787788675.5308185,1787788726.23926,2026-08-26T23:57:55Z,2026-08-26T23:58:46Z,acct3,2,d8279d,Interactive,097fb921d60b,v2,4.182398396955655e-05,1.0,0.4110422073099471,0.0002123122519502,0.0004946158355089,0.0053299786522984,0.0001785888307495,0.0026888496242463,0.0036125604109838,0.0,1067.8515940910745,9.834044587119064e-11,131072.0,0,0,50.68734288215637,48.123560428619385,2.562828779220581,20.04267859458924,26.875704526901245,25.09651494026184,0.9079761505126952,0.3954178194186802,0.2820611072309089,0.2817590236663818,0.2855278491973877,0.2947531080245971,65.83054062882617,23512130,23512130,1285.1602621078491,85084.00219552897,60,384,32,coral,coral_bce,0.0,session_balanced,adamw,0.0003,0.05,cosine,5,60,5.0,True,full,raw,full_frame,dataset_v1_1,fp16,2,resnet50,1,1,base,a,097fb921d60b,0.84375,0.6666666666666666,0.6203703703703703,0.84375,0.7764756944444444,0.5853658536585366,0.6666666666666666,0.8611111111111112,1.0,0.7560975609756098,62,0.0,0.0,0.0,20,1.0,1.0,1.0,46,0.9118942731277532,0.15625,0.7212543554006968,0.7617263074577288,0.8981659755772545,0.3269667629804655,0.9226182163693012,0.9107269159069769,0.9868312388658524,0.078868216369301,0.2246147724799812,0.2794350385665893,0.2246147724799812,62.08695652173913,99.0,82.5,5795.67616,5795.67616,77.19565217391305,78.0,59.15571739130435,91.11,1110.9782608695652,5000.0,4.0,2910.5390704952297,73335.18380184623,0.0,0.0,0.0,473.1043839999998,473.104384,40.0,40.0,9.931978260869569,10.526,300.0,405.0,1.0,507.50153268384565,13115.14987345124,69.13260869565217,74.0,4.196032957217391,4.427194368,15.7,2.887716864,2.887716864,26.469449728,0.0,3418.040603179076,0.9494557231052988,0.6769619305740779,713.0,838,Tesla T4,16106.12736,70.0,GPU-f4a9a89f-cc24-d2f7-853e-1956f46933e2,Tesla T4,16106.12736,70.0,GPU-4d9a218d-2ddc-11de-006c-46c1d217053d,580.159.04,1.0,62,0.0,20,1.0,5,1.0,41
a-resnet50-base-f1-s1,a,resnet50,base,1,1,26,2574,82368,1787788726.8063416,1787788779.3941095,2026-08-26T23:58:46Z,2026-08-26T23:59:39Z,acct3,2,d8279d,Interactive,097fb921d60b,v2,2.64317997371476e-05,1.0,0.3628665092091978,0.0002044211558025,0.0003434801606871,0.0035763592459261,0.0001386142103001,0.0012857468565925,0.0030590259702876,0.0,1066.9272036587988,6.581012387924569e-11,131072.0,0,0,52.56585860252381,49.97558927536011,2.5892820358276367,21.89767575263977,26.85953712463379,25.140140533447266,0.904348373413086,0.416576012164451,0.282059806765932,0.2810838222503662,0.2861710548400878,0.2949249935150146,63.390948379711176,23512130,23512130,1337.726120710373,88531.80330934963,60,384,32,coral,coral_bce,0.0,session_balanced,adamw,0.0003,0.05,cosine,5,60,5.0,True,full,raw,full_frame,dataset_v1_1,fp16,2,resnet50,1,1,base,a,097fb921d60b,0.84375,0.6666666666666666,0.6203703703703703,0.84375,0.7764756944444444,0.5853658536585366,0.6666666666666666,0.8611111111111112,1.0,0.7560975609756098,62,0.0,0.0,0.0,20,1.0,1.0,1.0,46,0.9118942731277532,0.15625,0.7212543554006968,0.7617263074577288,0.7385708162382336,0.3511048719631195,0.8607544503174722,0.8430307673083411,0.95646233856678,0.0170044503174722,0.272207863163203,0.3605686724185943,0.272207863163203,41.958333333333336,99.0,38.5,5795.67616,5795.67616,77.02083333333333,78.0,51.30347916666667,82.887,1238.75,5000.0,4.0,2923.617850113267,76289.93346372423,0.0,0.0,0.0,473.104384,473.104384,40.0,40.0,9.892979166666668,10.427,300.0,405.0,1.0,524.183263707393,13646.507745595456,66.56041666666667,74.4,4.222411861333334,4.340580352,15.4,2.888192,2.910523392,26.526081024,0.0,3447.80111382066,0.95772253161685,0.6828561650428141,713.0,872,Tesla T4,16106.12736,70.0,GPU-f4a9a89f-cc24-d2f7-853e-1956f46933e2,Tesla T4,16106.12736,70.0,GPU-4d9a218d-2ddc-11de-006c-46c1d217053d,580.159.04,1.0,62,0.0,20,1.0,5,1.0,41
a-resnet50-base-f1-s1,a,resnet50,base,1,1,27,2673,85536,1787788779.988448,1787788831.6560905,2026-08-26T23:59:39Z,2026-08-27T00:00:31Z,acct3,2,d8279d,Interactive,097fb921d60b,v2,3.9877839057997775e-05,1.0,0.3419146218366222,0.0001963525491562,0.0004966199635281,0.0048190364614129,0.0001797339064069,0.0026979982387274,0.0046547210402786,0.0,1066.039054598705,9.147187936499316e-11,131072.0,0,0,51.6456093788147,49.04574012756348,2.598834276199341,20.998862981796265,26.82277035713196,25.037416696548465,0.9047207832336426,0.4065953182539097,0.2817379922577829,0.281240701675415,0.2850565910339355,0.2968533134460449,64.59276568689396,23512130,23512130,1389.3717300891876,91962.41582821222,60,384,32,coral,coral_bce,0.0,session_balanced,adamw,0.0003,0.05,cosine,5,60,5.0,True,full,raw,full_frame,dataset_v1_1,fp16,2,resnet50,1,1,base,a,097fb921d60b,0.84375,0.6666666666666666,0.6203703703703703,0.84375,0.7764756944444444,0.5853658536585366,0.6666666666666666,0.8611111111111112,1.0,0.7560975609756098,62,0.0,0.0,0.0,20,1.0,1.0,1.0,46,0.9118942731277532,0.15625,0.7212543554006968,0.7617263074577288,0.6727746570580658,0.3695745722607693,0.8214364177547395,0.802484032732469,0.923779296875,-0.0223135822452604,0.2978003877215087,0.8983593781789144,0.2978003877215087,58.583333333333336,99.0,75.5,5795.67616,5795.67616,77.10416666666667,78.0,55.02604166666666,92.175,1175.0,5000.0,4.0,2916.502720559481,79233.35349044368,0.0,0.0,0.0,473.104384,473.104384,40.0,40.0,9.950833333333334,10.818,300.0,405.0,1.0,514.1097983031123,14167.57467949818,68.01875,75.0,4.205208661333334,4.35226624,15.4,2.8893962240000004,2.944274432,26.526081024,0.0,3430.612518862594,0.952947921906276,0.6794518683191748,713.0,858,Tesla T4,16106.12736,70.0,GPU-f4a9a89f-cc24-d2f7-853e-1956f46933e2,Tesla T4,16106.12736,70.0,GPU-4d9a218d-2ddc-11de-006c-46c1d217053d,580.159.04,1.0,62,0.0,20,1.0,5,1.0,41
a-resnet50-base-f1-s1,a,resnet50,base,1,1,28,2772,88704,1787788832.2588794,1787788888.393705,2026-08-27T00:00:32Z,2026-08-27T00:01:28Z,acct3,2,d8279d,Interactive,097fb921d60b,v2,2.145513523525248e-05,1.0,0.4348961858268012,0.000188132750129,0.0002769829169839,0.0029855594038963,0.0001381947076879,0.0010502378339879,0.0019624071987345,0.0,1065.188421506729,4.892050726315973e-11,131072.0,0,0,56.11103320121765,53.31880164146423,2.7911977767944336,25.35603499412537,26.79669737815857,25.00409889221192,0.8827455043792725,0.4518903600152407,0.280970224226364,0.2809200286865234,0.2839126586914062,0.2855754566192627,59.41618908284602,23512130,23512130,1445.4827632904053,95608.38981211733,60,384,32,coral,coral_bce,0.0,session_balanced,adamw,0.0003,0.05,cosine,5,60,5.0,True,full,raw,full_frame,dataset_v1_1,fp16,2,resnet50,1,1,base,a,097fb921d60b,0.84375,0.6666666666666666,0.6203703703703703,0.84375,0.7764756944444444,0.5853658536585366,0.6666666666666666,0.8611111111111112,1.0,0.7560975609756098,62,0.0,0.0,0.0,20,1.0,1.0,1.0,46,0.9118942731277532,0.15625,0.7212543554006968,0.7617263074577288,0.9355152853043336,0.3203072489399958,0.9441686198115348,0.9352188104832614,0.9924975901842116,0.1004186198115348,0.1964767333120108,0.2262059833322253,0.1964767333120108,47.75,99.0,44.5,5795.676159999998,5795.67616,76.96153846153847,78.0,53.06961538461538,100.673,1221.923076923077,5000.0,4.0,3084.934663954264,82351.80123908757,0.0,0.0,0.0,473.1043839999999,473.104384,40.0,40.0,9.943653846153849,10.724,300.0,405.0,1.0,561.0393199508217,14736.38574254869,62.68653846153847,72.2,4.198233560615385,4.29451264,15.3,2.888382306461539,2.922319872,26.526081024,0.0,3645.973983905085,1.012770551084746,0.7221054029234237,713.0,936,Tesla T4,16106.12736,70.0,GPU-f4a9a89f-cc24-d2f7-853e-1956f46933e2,Tesla T4,16106.12736,70.0,GPU-4d9a218d-2ddc-11de-006c-46c1d217053d,580.159.04,1.0,62,0.0,20,1.0,5,1.0,41
a-resnet50-base-f1-s1,a,resnet50,base,1,1,29,2871,91872,1787788888.986313,1787788944.2010312,2026-08-27T00:01:28Z,2026-08-27T00:02:24Z,acct3,2,d8279d,Interactive,097fb921d60b,v2,3.058718527307689e-05,1.0,0.4456357225426473,0.0001797885699968,0.0006391619561033,0.0281585082411766,0.0001208798057632,0.0014021017123013,0.0057925260346381,0.0,1064.3750092780604,1.0796384082914535e-10,131072.0,0,0,55.19341206550598,52.08106780052185,3.111445188522339,24.060252904891968,26.81681609153748,25.10788106918335,0.90301513671875,0.4359261731515383,0.2815258310298727,0.2807936668395996,0.2850909233093261,0.2910236120223999,60.82824592103038,23512130,23512130,1500.6761753559113,99194.88675099098,60,384,32,coral,coral_bce,0.0,session_balanced,adamw,0.0003,0.05,cosine,5,60,5.0,True,full,raw,full_frame,dataset_v1_1,fp16,2,resnet50,1,1,base,a,097fb921d60b,0.84375,0.6666666666666666,0.6203703703703703,0.84375,0.7764756944444444,0.5853658536585366,0.6666666666666666,0.8611111111111112,1.0,0.7560975609756098,62,0.0,0.0,0.0,20,1.0,1.0,1.0,46,0.9118942731277532,0.15625,0.7212543554006968,0.7617263074577288,0.9723243490290386,0.3184871018664468,0.9507373641245068,0.9427817469393766,0.9936976969242096,0.1069873641245067,0.1900804792530834,0.2210737439089043,0.1900804792530834,69.66666666666667,99.0,93.0,5795.676159999999,5795.67616,77.03921568627452,78.0,53.94150980392156,91.497,1245.2941176470588,5000.0,4.0,3037.5287310897256,85421.33937393867,0.0,0.0,0.0,473.104384,473.104384,40.0,40.0,9.945745098039216,10.621,300.0,405.0,1.0,548.9682077839352,15292.779624422772,63.26274509803921,71.0,4.205243934117648,4.320407552,15.3,2.8886729185882354,2.936475648,26.526081024,0.0,3586.496938873661,0.996249149687128,0.7103256437269222,713.0,920,Tesla T4,16106.12736,70.0,GPU-f4a9a89f-cc24-d2f7-853e-1956f46933e2,Tesla T4,16106.12736,70.0,GPU-4d9a218d-2ddc-11de-006c-46c1d217053d,580.159.04,1.0,62,0.0,20,1.0,5,1.0,41
a-resnet50-base-f1-s1,a,resnet50,base,1,1,30,2970,95040,1787788944.7775989,1787789003.652877,2026-08-27T00:02:24Z,2026-08-27T00:03:23Z,acct3,2,d8279d,Interactive,097fb921d60b,v2,2.3521253937856685e-05,1.0,0.3796142119917931,0.0001713472257409,0.0003110982094831,0.0039528543129563,0.0001717880950309,0.0007130241428967,0.0022423533955588,0.0,1063.5995261917876,5.011831409778591e-11,131072.0,0,0,58.85179543495178,55.91363310813904,2.936979055404663,27.95929336547852,26.777761936187744,24.928032636642456,0.884896993637085,0.4750797007778905,0.2808941181259926,0.2806329727172851,0.2838345527648925,0.2866593551635742,56.65881152585758,23512130,23512130,1559.527970790863,102986.32421273451,60,384,32,coral,coral_bce,0.0,session_balanced,adamw,0.0003,0.05,cosine,5,60,5.0,True,full,raw,full_frame,dataset_v1_1,fp16,2,resnet50,1,1,base,a,097fb921d60b,0.84375,0.6666666666666666,0.6203703703703703,0.84375,0.7764756944444444,0.5853658536585366,0.6666666666666666,0.8611111111111112,1.0,0.7560975609756098,62,0.0,0.0,0.0,20,1.0,1.0,1.0,46,0.9118942731277532,0.15625,0.7212543554006968,0.7617263074577288,0.7821800126168068,0.3553588069948263,0.8588365581817925,0.839991996133769,0.9605971932411194,0.0150865581817924,0.2772536664269864,0.4175089597702026,0.2772536664269864,44.61111111111112,99.0,35.0,5795.676159999997,5795.67616,76.77777777777777,77.0,51.078203703703714,77.204,1371.388888888889,5000.0,4.0,3207.175097559404,88659.3390004769,0.0,0.0,0.0,473.1043839999999,473.104384,40.0,40.0,9.877555555555556,10.328,300.0,405.0,1.0,584.2623641841292,15884.20029136512,59.73888888888887,68.2,4.189820852148149,4.32519168,15.4,2.888224161185185,2.915110912,26.526081024,0.0,3791.437461743533,1.053177072706537,0.7509152528397608,713.0,978,Tesla T4,16106.12736,70.0,GPU-f4a9a89f-cc24-d2f7-853e-1956f46933e2,Tesla T4,16106.12736,70.0,GPU-4d9a218d-2ddc-11de-006c-46c1d217053d,580.159.04,1.0,62,0.0,20,1.0,5,1.0,41
a-resnet50-base-f1-s1,a,resnet50,base,1,1,31,3069,98208,1787819725.9118843,1787819788.8264334,2026-08-27T08:35:25Z,2026-08-27T08:36:28Z,acct3,2,90a8e9,Interactive,097fb921d60b,v2,2.563725572622618e-05,1.0,0.3423842116990272,0.0001628362512718,0.0003740145824886,0.0086459061130881,0.0001127256691688,0.0013297596713528,0.0025988003006204,0.0,1062.862328602222,5.73010547975114e-11,131072.0,0,0,62.8957724571228,59.58795475959778,3.30505895614624,23.936611890792847,33.78994798660278,30.14745259284973,1.5468719005584717,0.3805758472417342,0.3585405036656543,0.2754004001617431,0.2792078971862793,0.4570984983443887,53.16510715598496,23512130,23512130,1622.4237432479858,106816.73777323205,60,384,32,coral,coral_bce,0.0,session_balanced,adamw,0.0003,0.05,cosine,5,60,5.0,True,full,raw,full_frame,dataset_v1_1,fp16,2,resnet50,1,1,base,a,097fb921d60b,0.7265625,0.5860215053763441,0.5762273901808785,0.7265625,0.712330426356589,0.5671641791044776,0.5860215053763441,0.7286821705426356,0.7580645161290323,0.7014925373134329,62,0.0,0.0,0.0,20,1.0,1.0,1.0,46,0.8377752027809965,0.2734375,0.543509272467903,0.545054417586465,0.620080378386567,0.4035164420042739,0.6954732651356608,0.7347100383491927,0.5912155534539904,-0.0310892348643392,0.2265729557257145,0.87103670835495,0.2265729557257145,53.91379310344828,99.0,59.5,5448.127452689657,5783.093248,65.89655172413794,73.0,51.22406896551725,81.741,1275.2586206896551,5000.0,4.0,3211.253408999208,3217.602148321393,0.0,0.0,0.0,473.104384,473.104384,45.01724137931034,46.0,9.76103448275862,10.158,300.0,405.0,1.0,619.1601514983176,621.4689057741165,59.59137931034482,72.0,3.1720773561379314,3.593682944,13.1,2.492697776551724,2.580066304,25.185726464,0.0,3830.413560497526,1.0640037668048683,0.7586346857318711,713.0,1046,Tesla T4,16106.12736,70.0,GPU-fc22ec96-dd5c-27c3-ec5a-2191c63905d8,Tesla T4,16106.12736,70.0,GPU-d558708b-5ada-3f0e-fc90-d76759e2cb6f,580.159.04,0.7580645161290323,62,0.0,20,1.0,5,1.0,41
a-resnet50-base-f1-s1,a,resnet50,base,1,1,32,3168,101376,1787819789.4510105,1787819841.929136,2026-08-27T08:36:29Z,2026-08-27T08:37:21Z,acct3,2,90a8e9,Interactive,097fb921d60b,v2,2.322593398487082e-05,1.0,0.346875378740151,0.000154283407619,0.0002871087924517,0.006183463614434,9.320888784714044e-05,0.0009614378446713,0.0022870997479185,0.0,1062.163332138684,4.1703682961498577e-11,131072.0,0,0,52.46034288406372,49.87772226333618,2.5809757709503174,21.399559259414676,26.68527317047119,25.0021071434021,1.5000183582305908,0.4079187836554416,0.2861190636952718,0.285266637802124,0.2923877239227295,0.2977043867111206,63.51533021644644,23512130,23512130,1674.8840861320496,110298.86831006556,60,384,32,coral,coral_bce,0.0,session_balanced,adamw,0.0003,0.05,cosine,5,60,5.0,True,full,raw,full_frame,dataset_v1_1,fp16,2,resnet50,1,1,base,a,097fb921d60b,0.84375,0.6666666666666666,0.6203703703703703,0.84375,0.7764756944444444,0.5853658536585366,0.6666666666666666,0.8611111111111112,1.0,0.7560975609756098,62,0.0,0.0,0.0,20,1.0,1.0,1.0,46,0.9118942731277532,0.15625,0.7212543554006968,0.7617263074577288,0.6482329279855392,0.3841764858187241,0.7643248178064823,0.7487723330656687,0.8483082354068756,-0.0794251821935176,0.3335761092603206,0.9078667536377908,0.3335761092603206,62.85416666666666,99.0,73.0,5783.093248,5783.093248,77.8125,82.0,60.63466666666667,99.5,1140.0,5000.0,4.0,2962.122156571859,6214.582899295327,0.0,0.0,0.0,473.104384,473.104384,44.875,45.0,9.8634375,10.357,300.0,405.0,1.0,520.0083802616592,1150.123235259771,67.3125,75.4,3.5951823359999997,3.814223872,13.8,2.5740538026666666,2.58535424,25.23230208,0.0,3482.130536833518,0.967258482453755,0.6896552979895273,713.0,869,Tesla T4,16106.12736,70.0,GPU-fc22ec96-dd5c-27c3-ec5a-2191c63905d8,Tesla T4,16106.12736,70.0,GPU-d558708b-5ada-3f0e-fc90-d76759e2cb6f,580.159.04,1.0,62,0.0,20,1.0,5,1.0,41
a-resnet50-base-f1-s1,a,resnet50,base,1,1,33,3267,104544,1787819842.493133,1787819894.642263,2026-08-27T08:37:22Z,2026-08-27T08:38:14Z,acct3,2,90a8e9,Interactive,097fb921d60b,v2,1.929369891789093e-05,1.0,0.4058741668668517,0.0001457165923809,0.0002352024247455,0.0055939005687832,8.217536378651857e-05,0.0006880980276036,0.0016194301075301,0.0,1061.5027486352935,3.2287147534687067e-11,131072.0,0,0,52.13175559043884,49.51995325088501,2.6104273796081543,21.27517151832581,26.451740264892575,24.7159903049469,1.489708423614502,0.408103875984329,0.2837856104879668,0.2833795547485351,0.286017894744873,0.2928088855743408,63.97421225237894,23512130,23512130,1727.0158417224884,113753.91938023,60,384,32,coral,coral_bce,0.0,session_balanced,adamw,0.0003,0.05,cosine,5,60,5.0,True,full,raw,full_frame,dataset_v1_1,fp16,2,resnet50,1,1,base,a,097fb921d60b,0.84375,0.6666666666666666,0.6203703703703703,0.84375,0.7764756944444444,0.5853658536585366,0.6666666666666666,0.8611111111111112,1.0,0.7560975609756098,62,0.0,0.0,0.0,20,1.0,1.0,1.0,46,0.9118942731277532,0.15625,0.7212543554006968,0.7617263074577288,0.8886328826393012,0.3263502314488292,0.9228409426286815,0.911263277133306,0.9853603363037108,0.0790909426286816,0.222157571464777,0.2697101235389709,0.222157571464777,51.083333333333336,99.0,65.5,5783.748608000001,5785.1904,75.89583333333333,79.0,54.68922916666667,77.882,1228.125,5000.0,4.0,2938.8574262239863,9183.615537038791,0.0,0.0,0.0,473.104384,473.104384,41.60416666666666,44.0,9.911166666666666,10.556,300.0,405.0,1.0,516.1936439404524,1674.8306815714868,67.32916666666667,73.2,3.7156360533333337,3.862740992,13.9,2.5843124906666666,2.618658816,25.2420096,0.0,3455.051070164439,0.9597364083790108,0.6842920591742347,713.0,864,Tesla T4,16106.12736,70.0,GPU-fc22ec96-dd5c-27c3-ec5a-2191c63905d8,Tesla T4,16106.12736,70.0,GPU-d558708b-5ada-3f0e-fc90-d76759e2cb6f,580.159.04,1.0,62,0.0,20,1.0,5,1.0,41
a-resnet50-base-f1-s1,a,resnet50,base,1,1,34,3366,107712,1787819895.1721404,1787819945.8912506,2026-08-27T08:38:15Z,2026-08-27T08:39:05Z,acct3,2,90a8e9,Interactive,097fb921d60b,v2,2.1879760467270144e-05,1.0,0.3794043147718184,0.0001371637487281,0.0002917019145285,0.0068721016868948,0.0001129617885453,0.0008537109883036,0.0026610910799354,0.0,1060.8803011475072,3.7714837446455024e-11,131072.0,0,0,50.7028956413269,48.10733246803284,2.594578504562378,19.55391216278076,26.723438501358032,24.98107361793518,1.538287878036499,0.3856567147782929,0.2868667323179919,0.2865808010101318,0.2901861190795898,0.296894907951355,65.85274712758446,23512130,23512130,1777.7187373638153,117124.68090841488,60,384,32,coral,coral_bce,0.0,session_balanced,adamw,0.0003,0.05,cosine,5,60,5.0,True,full,raw,full_frame,dataset_v1_1,fp16,2,resnet50,1,1,base,a,097fb921d60b,0.84375,0.6666666666666666,0.6203703703703703,0.84375,0.7764756944444444,0.5853658536585366,0.6666666666666666,0.8611111111111112,1.0,0.7560975609756098,62,0.0,0.0,0.0,20,1.0,1.0,1.0,46,0.9118942731277532,0.15625,0.7212543554006968,0.7617263074577288,0.7776832783002463,0.3492652184146947,0.8713631597347558,0.853585903843244,0.9673603415489196,0.0276131597347557,0.2640552776865661,0.3601562559604645,0.2640552776865661,64.48936170212765,99.0,79.0,5785.1904,5785.1904,77.8936170212766,80.0,56.2293829787234,93.264,1205.106382978723,5000.0,4.0,2876.6587456700727,12090.281691415052,0.0,0.0,0.0,473.1043839999998,473.104384,40.340425531914896,41.0,9.737297872340426,10.162,300.0,405.0,1.0,494.1027825148137,2175.480719553954,67.64468085106382,75.4,3.7293328776170207,3.831107584,14.1,2.5839754566808506,2.597072896,25.2420096,0.0,3370.761528184886,0.936322646718024,0.6675980471099512,713.0,836,Tesla T4,16106.12736,70.0,GPU-fc22ec96-dd5c-27c3-ec5a-2191c63905d8,Tesla T4,16106.12736,70.0,GPU-d558708b-5ada-3f0e-fc90-d76759e2cb6f,580.159.04,1.0,62,0.0,20,1.0,5,1.0,41
a-resnet50-base-f1-s1,a,resnet50,base,1,1,35,3465,110880,1787819946.4662776,1787819997.6929271,2026-08-27T08:39:06Z,2026-08-27T08:39:57Z,acct3,2,90a8e9,Interactive,097fb921d60b,v2,2.6177012744189385e-05,1.0,0.4294698047815473,0.000128652774259,0.0009233464258035,0.071780189871788,8.345142850885168e-05,0.0006259839865379,0.0037497518910092,0.0,1060.2961010724114,1.1203575978597969e-10,131072.0,0,0,51.19975972175598,48.63745355606079,2.560556650161743,20.261314868927,26.571150064468384,24.803487539291385,1.5148725509643557,0.395730663171794,0.2851410249266962,0.2847366333007812,0.2880183696746826,0.2985671043395996,65.13498895143597,23512130,23512130,1828.9184970855715,120469.1390290864,60,384,32,coral,coral_bce,0.0,session_balanced,adamw,0.0003,0.05,cosine,5,60,5.0,True,full,raw,full_frame,dataset_v1_1,fp16,2,resnet50,1,1,base,a,097fb921d60b,0.84375,0.6666666666666666,0.6203703703703703,0.84375,0.7764756944444444,0.5853658536585366,0.6666666666666666,0.8611111111111112,1.0,0.7560975609756098,62,0.0,0.0,0.0,20,1.0,1.0,1.0,46,0.9118942731277532,0.15625,0.7212543554006968,0.7617263074577288,0.9080489566350172,0.3352127368263075,0.909753918647766,0.8953078405724632,0.987762740254402,0.0660039186477661,0.237252932973206,0.2947752699255943,0.237252932973206,46.29166666666666,99.0,37.0,5785.1904,5785.1904,76.83333333333333,79.0,56.93227083333334,93.07,1172.8125,5000.0,4.0,2850.7144311449447,14969.854355349276,0.0,0.0,0.0,473.104384,473.104384,39.0,39.0,9.572125,10.059,300.0,405.0,1.0,493.7436895265596,2675.9205558226186,67.28541666666666,73.4,3.784528298666667,3.938304,14.2,2.5866138453333334,2.623975424,25.2420096,0.0,3344.4581206715043,0.9290161446309734,0.662388511121884,713.0,850,Tesla T4,16106.12736,70.0,GPU-fc22ec96-dd5c-27c3-ec5a-2191c63905d8,Tesla T4,16106.12736,70.0,GPU-d558708b-5ada-3f0e-fc90-d76759e2cb6f,580.159.04,1.0,62,0.0,20,1.0,5,1.0,41
a-resnet50-base-f1-s1,a,resnet50,base,1,1,36,3564,114048,1787819998.2692263,1787820049.17778,2026-08-27T08:39:58Z,2026-08-27T08:40:49Z,acct3,2,90a8e9,Interactive,097fb921d60b,v2,2.3824983145459555e-05,1.0,0.5291063243348617,0.0001202114300031,0.0003466921436777,0.0057419701479375,9.236369805876166e-05,0.001237904606387,0.0034075321350246,0.0,1059.749482076456,3.932661356974783e-11,131072.0,0,0,50.8910129070282,48.38116121292114,2.5083396434783936,19.959972143173218,26.606305599212646,24.847251176834103,1.5241236686706543,0.3922101566270198,0.2855769215208111,0.2850871086120605,0.2878705978393555,0.3014256048202514,65.48003232204198,23512130,23512130,1879.8095099925995,123821.5426357227,60,384,32,coral,coral_bce,0.0,session_balanced,adamw,0.0003,0.05,cosine,5,60,5.0,True,full,raw,full_frame,dataset_v1_1,fp16,2,resnet50,1,1,base,a,097fb921d60b,0.84375,0.6666666666666666,0.6203703703703703,0.84375,0.7764756944444444,0.5853658536585366,0.6666666666666666,0.8611111111111112,1.0,0.7560975609756098,62,0.0,0.0,0.0,20,1.0,1.0,1.0,46,0.9118942731277532,0.15625,0.7212543554006968,0.7617263074577288,1.194620562045585,0.3139976797861423,0.9763362701050936,0.9722866774709136,0.9982040703296662,0.1325862701050937,0.1539600077085197,0.1637407301792076,0.1539600077085197,64.59574468085107,99.0,82.0,5785.1904,5785.1904,77.14893617021276,78.0,58.83336170212766,86.699,1116.3829787234042,5000.0,4.0,2865.402873207582,17873.16097186087,0.0,0.0,0.0,473.1043839999998,473.104384,38.12765957446808,39.0,9.473,9.86,300.0,405.0,1.0,487.0007334287184,3170.6607128481965,67.7936170212766,74.7,3.775537413446809,3.961393152,14.2,2.5855894549787237,2.633322496,25.2420096,0.0,3352.4036066363005,0.9312232240656392,0.6639621587588006,713.0,844,Tesla T4,16106.12736,70.0,GPU-fc22ec96-dd5c-27c3-ec5a-2191c63905d8,Tesla T4,16106.12736,70.0,GPU-d558708b-5ada-3f0e-fc90-d76759e2cb6f,580.159.04,1.0,62,0.0,20,1.0,5,1.0,41
a-resnet50-base-f1-s1,a,resnet50,base,1,1,37,3663,117216,1787820049.7347777,1787820100.1159503,2026-08-27T08:40:49Z,2026-08-27T08:41:40Z,acct3,2,90a8e9,Interactive,097fb921d60b,v2,2.20626288531856e-05,1.0,0.4629466055921512,0.0001118672498709,0.0002910119272733,0.004625579342246,8.992822404252365e-05,0.0009855053271166,0.001771431507077,0.0,1059.239765188147,3.073402741629829e-11,131072.0,0,0,50.363600730896,47.82655119895935,2.535534381866455,19.379549741744995,26.61612868309021,24.900230884552,1.5384058952331543,0.3847927761419258,0.285767001335067,0.2852427959442138,0.2873907089233398,0.2975672197341918,66.23935702202445,23512130,23512130,1930.1731107234957,127168.53831694246,60,384,32,coral,coral_bce,0.0,session_balanced,adamw,0.0003,0.05,cosine,5,60,5.0,True,full,raw,full_frame,dataset_v1_1,fp16,2,resnet50,1,1,base,a,097fb921d60b,0.84375,0.6666666666666666,0.6203703703703703,0.84375,0.7764756944444444,0.5853658536585366,0.6666666666666666,0.8611111111111112,1.0,0.7560975609756098,62,0.0,0.0,0.0,20,1.0,1.0,1.0,46,0.9118942731277532,0.15625,0.7212543554006968,0.7617263074577288,1.0204159025184296,0.3194807265064783,0.9504986968822776,0.9423129652385358,0.994701647758484,0.1067486968822777,0.1917931507341563,0.2221706772959509,0.1917931507341563,55.340425531914896,99.0,57.0,5785.1904,5785.1904,77.06382978723404,78.0,58.65025531914895,106.593,1172.5531914893618,5000.0,4.0,2867.6393150071635,20767.36778900903,0.0,0.0,0.0,473.1043839999998,473.104384,37.70212765957447,38.0,9.471425531914893,9.86,300.0,405.0,1.0,479.3563662126044,3655.981324353226,68.5595744680851,75.0,3.808378531404255,3.938656256,14.2,2.584409806978724,2.584625152,25.18657024,0.0,3346.995681219768,0.9297210225610466,0.6628910890860262,713.0,833,Tesla T4,16106.12736,70.0,GPU-fc22ec96-dd5c-27c3-ec5a-2191c63905d8,Tesla T4,16106.12736,70.0,GPU-d558708b-5ada-3f0e-fc90-d76759e2cb6f,580.159.04,1.0,62,0.0,20,1.0,5,1.0,41
a-resnet50-base-f1-s1,a,resnet50,base,1,1,38,3762,120384,1787820100.6460664,1787820151.3231175,2026-08-27T08:41:40Z,2026-08-27T08:42:31Z,acct3,2,90a8e9,Interactive,097fb921d60b,v2,1.280504923468268e-05,1.0,0.385039452361525,0.0001036474508437,0.0001807166881917,0.0046662921085953,8.012619946384802e-05,0.0004374212730908,0.0006672115379478,0.0,1058.7669623412623,1.7691167860566382e-11,131072.0,0,0,50.660446882247925,48.14075326919556,2.5181784629821777,19.748506784439087,26.575929164886475,24.836225509643555,1.528225660324097,0.3898210142192649,0.2852536524185026,0.2850291728973388,0.2866029262542724,0.2916117668151854,65.80703011199347,23512130,23512130,1980.8335576057436,130549.29801649095,60,384,32,coral,coral_bce,0.0,session_balanced,adamw,0.0003,0.05,cosine,5,60,5.0,True,full,raw,full_frame,dataset_v1_1,fp16,2,resnet50,1,1,base,a,097fb921d60b,0.84375,0.6666666666666666,0.6203703703703703,0.84375,0.7764756944444444,0.5853658536585366,0.6666666666666666,0.8611111111111112,1.0,0.7560975609756098,62,0.0,0.0,0.0,20,1.0,1.0,1.0,46,0.9118942731277532,0.15625,0.7212543554006968,0.7617263074577288,0.7979895229128068,0.3422924492784269,0.8873003679327667,0.8712310995216723,0.9740744173526764,0.0435503679327666,0.2463397993706166,0.3541184763113657,0.2463397993706166,56.4468085106383,99.0,64.0,5785.1904,5785.1904,76.87234042553192,78.0,55.08578723404256,87.881,1210.212765957447,5000.0,4.0,2897.1095578489367,23688.228542713103,0.0,0.0,0.0,473.1043839999998,473.104384,37.0,37.0,9.438170212765955,9.96,300.0,405.0,1.0,483.65014169955066,4146.902633889681,68.40212765957448,75.3,3.8017939935319154,3.946688512,14.2,2.5854394716595746,2.608951296,25.243201536,0.0,3380.759699548488,0.9390999165412464,0.6695782404939088,713.0,842,Tesla T4,16106.12736,70.0,GPU-fc22ec96-dd5c-27c3-ec5a-2191c63905d8,Tesla T4,16106.12736,70.0,GPU-d558708b-5ada-3f0e-fc90-d76759e2cb6f,580.159.04,1.0,62,0.0,20,1.0,5,1.0,41
a-resnet50-base-f1-s1,a,resnet50,base,1,1,39,3861,123552,1787820151.8658514,1787820202.7407937,2026-08-27T08:42:31Z,2026-08-27T08:43:22Z,acct3,2,90a8e9,Interactive,097fb921d60b,v2,1.7066243993562092e-05,1.0,0.3657926233263424,9.557884419740386e-05,0.000223101659483,0.0021991771645843,9.78300886345096e-05,0.0008345009817276,0.0021003073034808,0.0,1058.3300333681743,2.014853408634036e-11,131072.0,0,0,50.851053953170776,48.32576441764832,2.5235931873321533,19.905303478240967,26.574403524398804,24.86134505271912,1.531567096710205,0.3914432825044679,0.2853702294706094,0.2851524353027344,0.2876370429992675,0.299832797050476,65.55509339947581,23512130,23512130,2031.6846115589144,133902.51090599087,60,384,32,coral,coral_bce,0.0,session_balanced,adamw,0.0003,0.05,cosine,5,60,5.0,True,full,raw,full_frame,dataset_v1_1,fp16,2,resnet50,1,1,base,a,097fb921d60b,0.75,0.6021505376344086,0.5858585858585859,0.75,0.7263257575757576,0.5714285714285715,0.6021505376344086,0.7575757575757576,0.8064516129032258,0.7142857142857143,62,0.0,0.0,0.0,20,1.0,1.0,1.0,46,0.8532110091743119,0.25,0.5772089182493807,0.581549901629858,0.6593795581658047,0.4212934090870475,0.6962996546644717,0.7212384634961685,0.6214832281693816,-0.0537003453355282,0.2776090789120644,0.8814425865809122,0.2776090789120644,58.0,99.0,70.0,5785.1904,5785.1904,76.97872340425532,78.0,58.21399999999998,86.894,1185.0,5000.0,4.0,2868.578027718569,26584.793758008684,0.0,0.0,0.0,473.1043839999998,473.104384,37.0,37.0,9.478191489361702,10.456,300.0,405.0,1.0,484.6348617813546,4638.0215643034,68.10212765957448,74.5,3.817419013446808,3.9703552,14.3,2.5866436956595744,2.6409984,25.244250112,0.0,3353.212889499924,0.93144802486109,0.6641224417259572,713.0,840,Tesla T4,16106.12736,70.0,GPU-fc22ec96-dd5c-27c3-ec5a-2191c63905d8,Tesla T4,16106.12736,70.0,GPU-d558708b-5ada-3f0e-fc90-d76759e2cb6f,580.159.04,0.8064516129032258,62,0.0,20,1.0,5,1.0,41
a-resnet50-base-f1-s1,a,resnet50,base,1,1,40,3960,126720,1787820203.2900436,1787820253.05391,2026-08-27T08:43:23Z,2026-08-27T08:44:13Z,acct3,2,90a8e9,Interactive,097fb921d60b,v2,1.3523543435724723e-05,1.0,0.4765254478988936,8.768774804971705e-05,0.0001890301002662,0.0011030562454834,7.20916359568946e-05,0.0007491709431633,0.0010057110432535,0.0,1057.928407816826,1.5668001429479698e-11,131072.0,0,0,49.74576663970947,47.17886424064636,2.566025733947754,18.788089513778687,26.57525134086609,24.86154007911682,1.5049986839294434,0.3776821784626217,0.2851201717299644,0.2851779460906982,0.2876382350921631,0.2918970870971679,67.14871269136337,23512130,23512130,2081.430378198624,137196.10498477702,60,384,32,coral,coral_bce,0.0,session_balanced,adamw,0.0003,0.05,cosine,5,60,5.0,True,full,raw,full_frame,dataset_v1_1,fp16,2,resnet50,1,1,base,a,097fb921d60b,0.84375,0.6666666666666666,0.6203703703703703,0.84375,0.7764756944444444,0.5853658536585366,0.6666666666666666,0.8611111111111112,1.0,0.7560975609756098,62,0.0,0.0,0.0,20,1.0,1.0,1.0,46,0.9118942731277532,0.15625,0.7212543554006968,0.7617263074577288,1.0165333307325746,0.3169572824654673,0.9600945618003608,0.9534208366164456,0.9961326777935028,0.1163445618003606,0.1813812172040343,0.2117161095142364,0.1813812172040343,57.391304347826086,99.0,74.0,5785.1904,5785.1904,77.28260869565217,78.0,55.57856521739131,91.14,1155.0,5000.0,4.0,2822.8514945996067,29441.89246357726,0.0,0.0,0.0,473.1043839999998,473.104384,37.0,37.0,9.396391304347825,9.96,300.0,405.0,1.0,470.7425841865461,5115.882489711516,68.9695652173913,76.8,3.829110516869565,4.009435136,14.4,2.586774839652174,2.620043264,25.244250112,0.0,3293.5940787861527,0.9148872441072646,0.6523146050484797,713.0,824,Tesla T4,16106.12736,70.0,GPU-fc22ec96-dd5c-27c3-ec5a-2191c63905d8,Tesla T4,16106.12736,70.0,GPU-d558708b-5ada-3f0e-fc90-d76759e2cb6f,580.159.04,1.0,62,0.0,20,1.0,5,1.0,41
a-resnet50-base-f1-s1,a,resnet50,base,1,1,41,4059,129888,1787820253.7199464,1787820304.6324625,2026-08-27T08:44:13Z,2026-08-27T08:45:04Z,acct3,2,90a8e9,Interactive,097fb921d60b,v2,1.4496991890623716e-05,1.0,0.4177557597176928,7.999990151614894e-05,0.0002003734186078,0.0049127908423542,6.285923882387578e-05,0.0006997093616519,0.0020275427727028,0.0,1057.5611487211816,1.5157377683991232e-11,262144.0,0,0,50.89112329483032,48.30961489677429,2.5805680751800537,19.927486181259155,26.599637031555176,24.85143256187439,1.4783525466918943,0.3915709634824164,0.2850659110329367,0.2848725318908691,0.2874172210693359,0.2901551389694213,65.57700794695286,23512130,23512130,2132.321501493454,140565.10954341773,60,384,32,coral,coral_bce,0.0,session_balanced,adamw,0.0003,0.05,cosine,5,60,5.0,True,full,raw,full_frame,dataset_v1_1,fp16,2,resnet50,1,1,base,a,097fb921d60b,0.84375,0.6666666666666666,0.6203703703703703,0.84375,0.7764756944444444,0.5853658536585366,0.6666666666666666,0.8611111111111112,1.0,0.7560975609756098,62,0.0,0.0,0.0,20,1.0,1.0,1.0,46,0.9118942731277532,0.15625,0.7212543554006968,0.7617263074577288,0.8926416061423121,0.3265569574119163,0.9258014098741114,0.9142486657257434,0.9881862282752992,0.0820514098741114,0.219846757594496,0.2712516784667969,0.219846757594496,54.70212765957447,99.0,70.0,5785.1904,5785.1904,76.72340425531915,78.0,56.715404255319136,102.318,1224.5744680851064,5000.0,4.0,2887.2359985003386,32365.92862511085,0.0,0.0,0.0,473.1043839999998,473.104384,37.0,37.0,9.438425531914891,10.059,300.0,405.0,1.0,481.76856014037367,5605.388685670134,68.2595744680851,74.7,3.858094907914895,4.034125824,14.4,2.5882569096170216,2.621407232,25.245298688,0.0,3369.0045586407123,0.93583459962242,0.6672500695307855,713.0,842,Tesla T4,16106.12736,70.0,GPU-fc22ec96-dd5c-27c3-ec5a-2191c63905d8,Tesla T4,16106.12736,70.0,GPU-d558708b-5ada-3f0e-fc90-d76759e2cb6f,580.159.04,1.0,62,0.0,20,1.0,5,1.0,41
a-resnet50-base-f1-s1,a,resnet50,base,1,1,42,4158,133056,1787820305.2744265,1787820355.469982,2026-08-27T08:45:05Z,2026-08-27T08:45:55Z,acct3,2,90a8e9,Interactive,097fb921d60b,v2,1.604025559264861e-05,1.0,0.3622562364271289,7.254038075415572e-05,0.0002113100907981,0.0043911235406994,5.516775490832515e-05,0.0010548940626904,0.0026718342723324,0.0,1057.227174551606,1.4498789676112527e-11,262144.0,0,0,50.177424907684326,47.61391019821167,2.562519073486328,19.157151460647583,26.609856128692627,24.887367486953732,1.5381801128387451,0.3817882542974778,0.2857818531267571,0.2851498126983642,0.288213300704956,0.2999452018737792,66.53517820342735,23512130,23512130,2182.4989264011383,143895.57948849016,60,384,32,coral,coral_bce,0.0,session_balanced,adamw,0.0003,0.05,cosine,5,60,5.0,True,full,raw,full_frame,dataset_v1_1,fp16,2,resnet50,1,1,base,a,097fb921d60b,0.84375,0.6666666666666666,0.6203703703703703,0.84375,0.7764756944444444,0.5853658536585366,0.6666666666666666,0.8611111111111112,1.0,0.7560975609756098,62,0.0,0.0,0.0,20,1.0,1.0,1.0,46,0.9118942731277532,0.15625,0.7212543554006968,0.7617263074577288,0.6695649933157408,0.3997236780380634,0.7453833539038897,0.7295493157925429,0.830887159705162,-0.0983666460961103,0.3378702169284224,0.908223535333361,0.3378702169284224,51.91304347826087,99.0,50.0,5785.1904,5785.1904,77.0,79.0,55.60513043478262,92.349,1211.7391304347825,5000.0,4.0,2856.565790377874,35261.32017673683,0.0,0.0,0.0,473.1043839999998,473.104384,36.95652173913044,37.0,9.396434782608695,10.262,300.0,405.0,1.0,473.9041546945464,6087.644654754146,68.99782608695652,76.2,3.859534358260869,3.995549696,14.3,2.569208253217391,2.616856576,25.225539584,0.0,3330.46994507242,0.9251305402978944,0.6596180752323988,713.0,832,Tesla T4,16106.12736,70.0,GPU-fc22ec96-dd5c-27c3-ec5a-2191c63905d8,Tesla T4,16106.12736,70.0,GPU-d558708b-5ada-3f0e-fc90-d76759e2cb6f,580.159.04,1.0,62,0.0,20,1.0,5,1.0,41
a-resnet50-base-f1-s1,a,resnet50,base,1,1,43,4257,136224,1787820356.085056,1787820406.8827622,2026-08-27T08:45:56Z,2026-08-27T08:46:46Z,acct3,2,90a8e9,Interactive,097fb921d60b,v2,1.686827301749174e-05,1.0,0.402512135253346,6.533351716998465e-05,0.0002255943752676,0.0036283296067267,9.446599142393096e-05,0.0008368883107323,0.0010780268674716,0.0,1056.925384895134,1.3945046831726254e-11,262144.0,0,0,50.780779123306274,48.23368883132935,2.5454912185668945,19.754077434539795,26.649021863937374,24.96750235557556,1.5087296962738037,0.3890069781436948,0.2857887865316988,0.2853264808654785,0.2883901119232178,0.295064730644226,65.68023464011488,23512130,23512130,2233.2797055244446,147274.8195206492,60,384,32,coral,coral_bce,0.0,session_balanced,adamw,0.0003,0.05,cosine,5,60,5.0,True,full,raw,full_frame,dataset_v1_1,fp16,2,resnet50,1,1,base,a,097fb921d60b,0.84375,0.6666666666666666,0.6203703703703703,0.84375,0.7764756944444444,0.5853658536585366,0.6666666666666666,0.8611111111111112,1.0,0.7560975609756098,62,0.0,0.0,0.0,20,1.0,1.0,1.0,46,0.9118942731277532,0.15625,0.7212543554006968,0.7617263074577288,0.8621034810004498,0.330888833376043,0.9131527091376485,0.9001382324430678,0.9834308832883836,0.0694027091376483,0.2328988551162183,0.2921533329146248,0.2328988551162183,51.82978723404256,99.0,56.0,5785.1904,5785.1904,76.74468085106383,78.0,57.01778723404256,99.243,1206.063829787234,5000.0,4.0,2897.2039761535634,38190.12110020728,0.0,0.0,0.0,473.1043839999998,473.104384,36.361702127659576,37.0,9.426,9.964,300.0,405.0,1.0,482.03605600548326,6576.580622955788,69.0468085106383,74.7,3.9980204554893617,4.149243904,14.9,2.6872898233191487,2.739023872,25.35593984,0.0,3379.2400321590467,0.9386777867108465,0.6692772619248334,713.0,842,Tesla T4,16106.12736,70.0,GPU-fc22ec96-dd5c-27c3-ec5a-2191c63905d8,Tesla T4,16106.12736,70.0,GPU-d558708b-5ada-3f0e-fc90-d76759e2cb6f,580.159.04,1.0,62,0.0,20,1.0,5,1.0,41
a-resnet50-base-f1-s1,a,resnet50,base,1,1,44,4356,139392,1787820407.4317515,1787820457.752742,2026-08-27T08:46:47Z,2026-08-27T08:47:37Z,acct3,2,90a8e9,Interactive,097fb921d60b,v2,2.898434327406251e-05,1.0,0.4071461068760982,5.840281805468426e-05,0.0004951833309704,0.0248982869088649,9.06794230104424e-05,0.0011357451207004,0.0065431683510541,0.0,1056.654532528429,2.7369495981980143e-11,262144.0,0,0,50.29466772079468,47.66534543037415,2.627851963043213,19.22669243812561,26.619637489318848,24.91322660446167,1.4884757995605469,0.3822809317452991,0.2855621371606384,0.284996747970581,0.2885072708129882,0.2951097726821899,66.46338070973533,23512130,23512130,2283.5743732452397,150586.156839474,60,384,32,coral,coral_bce,0.0,session_balanced,adamw,0.0003,0.05,cosine,5,60,5.0,True,full,raw,full_frame,dataset_v1_1,fp16,2,resnet50,1,1,base,a,097fb921d60b,0.84375,0.6666666666666666,0.6203703703703703,0.84375,0.7764756944444444,0.5853658536585366,0.6666666666666666,0.8611111111111112,1.0,0.7560975609756098,62,0.0,0.0,0.0,20,1.0,1.0,1.0,46,0.9118942731277532,0.15625,0.7212543554006968,0.7617263074577288,0.8932277798766892,0.3295378577869678,0.9168043159879744,0.9043227539018348,0.984204751253128,0.0730543159879744,0.2290963665582239,0.287583315372467,0.2290963665582239,58.1063829787234,99.0,81.0,5785.1904,5785.1904,77.04255319148936,78.0,57.70748936170212,88.996,1128.1914893617022,5000.0,4.0,2833.0597052412195,41055.166788926814,0.0,0.0,0.0,473.1043839999998,473.104384,36.02127659574468,37.0,9.476808510638298,10.46,300.0,405.0,1.0,478.2776135835584,7061.282573366148,68.27446808510639,75.3,3.915348447319148,4.055732224,14.5,2.579935754893617,2.630930432,25.23703296,0.0,3311.337318824778,0.9198159218957715,0.6558287523116852,713.0,834,Tesla T4,16106.12736,70.0,GPU-fc22ec96-dd5c-27c3-ec5a-2191c63905d8,Tesla T4,16106.12736,70.0,GPU-d558708b-5ada-3f0e-fc90-d76759e2cb6f,580.159.04,1.0,62,0.0,20,1.0,5,1.0,41
a-resnet50-base-f1-s1,a,resnet50,base,1,1,45,4455,142560,1787820458.3809636,1787820508.3032658,2026-08-27T08:47:38Z,2026-08-27T08:48:28Z,acct3,2,90a8e9,Interactive,097fb921d60b,v2,1.0476960456762388e-05,1.0,0.4555007535200275,5.1770889908207245e-05,0.0001441770361241,0.0011939520481973,7.711177022429183e-05,0.0005590750311966,0.0008854854584205,0.0,1056.4134654857037,7.065579631780324e-12,262144.0,0,0,49.90405082702637,47.29488468170166,2.607659816741944,18.821765661239624,26.637381315231323,24.92174005508423,1.5253031253814695,0.3771590752517906,0.2859102523688114,0.2854011058807373,0.2882603645324707,0.2977236413955688,66.98398825413979,23512130,23512130,2333.4784240722656,153942.63994065445,60,384,32,coral,coral_bce,0.0,session_balanced,adamw,0.0003,0.05,cosine,5,60,5.0,True,full,raw,full_frame,dataset_v1_1,fp16,2,resnet50,1,1,base,a,097fb921d60b,0.84375,0.6666666666666666,0.6203703703703703,0.84375,0.7764756944444444,0.5853658536585366,0.6666666666666666,0.8611111111111112,1.0,0.7560975609756098,62,0.0,0.0,0.0,20,1.0,1.0,1.0,46,0.9118942731277532,0.15625,0.7212543554006968,0.7617263074577288,1.00872595298408,0.3187804968660994,0.9515055185183884,0.9435998951947248,0.9941958844661712,0.1077555185183882,0.1909325858578086,0.2222795195357744,0.1909325858578086,54.5,99.0,60.0,5785.1904,5785.1904,76.82608695652173,78.0,54.85167391304349,88.453,1219.5652173913045,5000.0,4.0,2873.6193473316744,43964.26538987077,0.0,0.0,0.0,473.1043839999998,473.104384,36.02173913043478,37.0,9.588978260869563,10.158,300.0,405.0,1.0,482.8637538487901,7551.960946789962,69.13913043478261,77.7,3.9072393126956526,4.088860672,14.6,2.572203319652174,2.617724928,25.228140544,0.0,3356.4831011804645,0.9323564169945736,0.6647701253171309,713.0,826,Tesla T4,16106.12736,70.0,GPU-fc22ec96-dd5c-27c3-ec5a-2191c63905d8,Tesla T4,16106.12736,70.0,GPU-d558708b-5ada-3f0e-fc90-d76759e2cb6f,580.159.04,1.0,62,0.0,20,1.0,5,1.0,41
a-resnet50-base-f1-s1,a,resnet50,base,1,1,46,4554,145728,1787820508.951683,1787820559.383838,2026-08-27T08:48:28Z,2026-08-27T08:49:19Z,acct3,2,90a8e9,Interactive,097fb921d60b,v2,1.3384563747863329e-05,1.0,0.3789328354559984,4.5459364701706e-05,0.0002377637939031,0.0088670058175921,7.441697380272672e-05,0.000603258528281,0.0014283704105764,0.0,1056.2010518265074,1.0233459814503362e-11,262144.0,0,0,50.41158413887024,47.82708668708801,2.583117723464966,19.367709159851078,26.62731122970581,24.90937685966492,1.5232815742492676,0.3841916394949679,0.2857591600129098,0.2854242324829101,0.2886655330657959,0.2946375751495361,66.23861538393206,23512130,23512130,2383.890008211136,157232.3111664261,60,384,32,coral,coral_bce,0.0,session_balanced,adamw,0.0003,0.05,cosine,5,60,5.0,True,full,raw,full_frame,dataset_v1_1,fp16,2,resnet50,1,1,base,a,097fb921d60b,0.84375,0.6666666666666666,0.6203703703703703,0.84375,0.7764756944444444,0.5853658536585366,0.6666666666666666,0.8611111111111112,1.0,0.7560975609756098,62,0.0,0.0,0.0,20,1.0,1.0,1.0,46,0.9118942731277532,0.15625,0.7212543554006968,0.7617263074577288,0.7859841823544282,0.345925993550151,0.8792638587765396,0.8626057555278143,0.9692176163196564,0.0355138587765395,0.2531140907667576,0.3638458980454339,0.2531140907667576,58.04255319148936,99.0,69.0,5785.1904,5785.1904,76.93617021276596,78.0,55.66508510638298,77.246,1170.957446808511,5000.0,4.0,2798.476470686175,46795.24456755792,0.0,0.0,0.0,473.1043839999998,473.104384,36.0,36.0,9.700148936170212,10.46,300.0,405.0,1.0,491.1947550854766,8050.484222697487,68.54893617021277,75.3,4.048783229276595,4.15635456,14.8,2.6849097858723407,2.707771392,25.356591104,0.0,3289.671225771652,0.9137975627143478,0.6515376622153299,713.0,834,Tesla T4,16106.12736,70.0,GPU-fc22ec96-dd5c-27c3-ec5a-2191c63905d8,Tesla T4,16106.12736,70.0,GPU-d558708b-5ada-3f0e-fc90-d76759e2cb6f,580.159.04,1.0,62,0.0,20,1.0,5,1.0,41
a-resnet50-base-f1-s1,a,resnet50,base,1,1,47,4653,148896,1787820559.9550488,1787820610.583182,2026-08-27T08:49:19Z,2026-08-27T08:50:10Z,acct3,2,90a8e9,Interactive,097fb921d60b,v2,1.7888960100107295e-05,1.0,0.4003319419498439,3.948882931853924e-05,0.0002424594781541,0.0054576895199716,6.33180679869838e-05,0.0007921726617496,0.00243823769968,0.0,1056.0152602542123,9.066574423541068e-12,262144.0,0,0,50.60882353782654,48.02315592765808,2.582635402679444,19.549904584884644,26.63437843322754,24.89535164833069,1.5256547927856443,0.386294389362212,0.2859135733710395,0.2854256629943847,0.2886560916900634,0.2977636909484863,65.96817595187339,23512130,23512130,2434.4988317489624,160568.6237664222,60,384,32,coral,coral_bce,0.0,session_balanced,adamw,0.0003,0.05,cosine,5,60,5.0,True,full,raw,full_frame,dataset_v1_1,fp16,2,resnet50,1,1,base,a,097fb921d60b,0.84375,0.6666666666666666,0.6203703703703703,0.84375,0.7764756944444444,0.5853658536585366,0.6666666666666666,0.8611111111111112,1.0,0.7560975609756098,62,0.0,0.0,0.0,20,1.0,1.0,1.0,46,0.9118942731277532,0.15625,0.7212543554006968,0.7617263074577288,0.8369288766979107,0.336650481130204,0.9025971149094404,0.8879561015853176,0.9816585868597032,0.0588471149094402,0.2449877788312732,0.2996441771586736,0.2449877788312732,51.95744680851064,99.0,65.0,5785.1904,5785.1904,76.97872340425532,78.0,53.29723404255321,94.53,1242.127659574468,5000.0,4.0,2851.251825810912,49681.80628332077,0.0,0.0,0.0,473.1043839999998,473.104384,36.0,36.0,9.538106382978723,10.158,300.0,405.0,1.0,485.06077418518817,8542.611162301777,68.15957446808511,75.2,3.930069209872341,4.034715648,14.4,2.581660955234043,2.612928512,25.2381184,0.0,3336.3125999961003,0.9267534999989168,0.6607752454992276,713.0,840,Tesla T4,16106.12736,70.0,GPU-fc22ec96-dd5c-27c3-ec5a-2191c63905d8,Tesla T4,16106.12736,70.0,GPU-d558708b-5ada-3f0e-fc90-d76759e2cb6f,580.159.04,1.0,62,0.0,20,1.0,5,1.0,41
a-resnet50-base-f1-s1,a,resnet50,base,1,1,48,4752,152064,1787820611.1140687,1787820661.7664073,2026-08-27T08:50:11Z,2026-08-27T08:51:01Z,acct3,2,90a8e9,Interactive,097fb921d60b,v2,1.158252904578966e-05,1.0,0.392794896124542,3.3878758404137624e-05,0.0001553061796438,0.0013929341221228,8.279171015601605e-05,0.0007449970114976,0.0013759354990907,0.0,1055.8547841060174,4.9832425992909596e-12,262144.0,0,0,50.631425857543945,48.12227988243103,2.5081379413604736,19.653663635253903,26.63202834129333,24.870694398880005,1.5186612606048584,0.38817124547413,0.2859078392837987,0.285477876663208,0.2885205745697021,0.2949663639068603,65.83229239636681,23512130,23512130,2485.1302576065063,163951.48310635966,60,384,32,coral,coral_bce,0.0,session_balanced,adamw,0.0003,0.05,cosine,5,60,5.0,True,full,raw,full_frame,dataset_v1_1,fp16,2,resnet50,1,1,base,a,097fb921d60b,0.84375,0.6666666666666666,0.6203703703703703,0.84375,0.7764756944444444,0.5853658536585366,0.6666666666666666,0.8611111111111112,1.0,0.7560975609756098,62,0.0,0.0,0.0,20,1.0,1.0,1.0,46,0.9118942731277532,0.15625,0.7212543554006968,0.7617263074577288,0.8257795236343237,0.3369084357932705,0.8987988643348217,0.8840538197093539,0.9784221053123474,0.0550488643348217,0.2332097329199314,0.3455468416213989,0.2332097329199314,58.191489361702125,99.0,78.0,5785.1904,5785.1904,77.17021276595744,79.0,57.51425531914893,95.48,1190.106382978723,5000.0,4.0,2900.9087234325343,52614.61004714427,0.0,0.0,0.0,473.1043839999998,473.104384,36.0,36.0,9.444787234042554,9.96,300.0,405.0,1.0,481.9506165049224,9031.063051875844,68.18297872340425,74.4,3.924181689191489,4.066025472,14.5,2.5815437399148937,2.604675072,25.239166976,0.0,3382.8593399374568,0.9396831499826268,0.669994085937613,713.0,842,Tesla T4,16106.12736,70.0,GPU-fc22ec96-dd5c-27c3-ec5a-2191c63905d8,Tesla T4,16106.12736,70.0,GPU-d558708b-5ada-3f0e-fc90-d76759e2cb6f,580.159.04,1.0,62,0.0,20,1.0,5,1.0,41
a-resnet50-base-f1-s1,a,resnet50,base,1,1,49,4851,155232,1787820662.2844262,1787820712.2037663,2026-08-27T08:51:02Z,2026-08-27T08:51:52Z,acct3,2,90a8e9,Interactive,097fb921d60b,v2,1.4937263146215756e-05,1.0,0.377817640768626,2.8647450843757897e-05,0.0002289591236948,0.0096942894160747,6.148737156763673e-05,0.00053347380599,0.0025183236179873,0.0,1055.7182237090606,6.212922249493501e-12,262144.0,0,0,49.90122056007385,47.43155312538147,2.468716144561768,19.09395813941956,26.57908034324646,24.91270995140076,1.4686434268951416,0.3826350923908402,0.2846362590789795,0.2843220233917236,0.287302303314209,0.2894082117080688,66.79098176746709,23512130,23512130,2535.03147816658,167275.1676337022,60,384,32,coral,coral_bce,0.0,session_balanced,adamw,0.0003,0.05,cosine,5,60,5.0,True,full,raw,full_frame,dataset_v1_1,fp16,2,resnet50,1,1,base,a,097fb921d60b,0.84375,0.6666666666666666,0.6203703703703703,0.84375,0.7764756944444444,0.5853658536585366,0.6666666666666666,0.8611111111111112,1.0,0.7560975609756098,62,0.0,0.0,0.0,20,1.0,1.0,1.0,46,0.9118942731277532,0.15625,0.7212543554006968,0.7617263074577288,0.7943554925679873,0.3396144428332628,0.8871838077902794,0.8719232396947013,0.9695908755064012,0.0434338077902793,0.2444002963602543,0.3530337452888489,0.2444002963602543,61.71739130434783,99.0,74.0,5785.1904,5785.1904,76.84782608695652,78.0,57.947065217391305,96.355,1205.8695652173913,5000.0,4.0,2851.020874988775,55491.41459089764,0.0,0.0,0.0,473.1043839999998,473.104384,36.0,36.0,9.44904347826087,10.158,300.0,405.0,1.0,472.6636523537527,9509.528580524448,69.77391304347825,75.2,3.937587556173913,4.062695424,14.5,2.5825415346086955,2.603249664,25.239166976,0.0,3323.684527342528,0.9232457020395912,0.6582741855542285,713.0,828,Tesla T4,16106.12736,70.0,GPU-fc22ec96-dd5c-27c3-ec5a-2191c63905d8,Tesla T4,16106.12736,70.0,GPU-d558708b-5ada-3f0e-fc90-d76759e2cb6f,580.159.04,1.0,62,0.0,20,1.0,5,1.0,41
a-resnet50-base-f1-s1,a,resnet50,base,1,1,50,4950,158400,1787820712.8449972,1787820761.4703808,2026-08-27T08:51:52Z,2026-08-27T08:52:41Z,acct3,2,90a8e9,Interactive,097fb921d60b,v2,1.0474790634945216e-05,1.0,0.3903348665699013,2.38119700753228e-05,0.0001383480500747,0.0026691989041864,6.015509279677645e-05,0.0004405611834954,0.0014597581187263,0.0,1055.603681373815,3.1208110453658787e-12,262144.0,0,0,48.60621237754822,46.01686644554138,2.588235378265381,17.64168071746826,26.57435417175293,24.817638635635376,1.5024287700653076,0.3629511507795896,0.2850099645479761,0.2849757671356201,0.2866029739379883,0.2903605794906616,68.8443226300332,23512130,23512130,2583.6376905441284,170468.7656402039,60,384,32,coral,coral_bce,0.0,session_balanced,adamw,0.0003,0.05,cosine,5,60,5.0,True,full,raw,full_frame,dataset_v1_1,fp16,2,resnet50,1,1,base,a,097fb921d60b,0.84375,0.6666666666666666,0.6203703703703703,0.84375,0.7764756944444444,0.5853658536585366,0.6666666666666666,0.8611111111111112,1.0,0.7560975609756098,62,0.0,0.0,0.0,20,1.0,1.0,1.0,46,0.9118942731277532,0.15625,0.7212543554006968,0.7617263074577288,0.8331664493748174,0.3342272011908697,0.9025805639103056,0.888607453416895,0.9780353605747224,0.0588305639103055,0.2284498894587159,0.3356773853302002,0.2284498894587159,66.27272727272727,99.0,72.0,5785.1904,5785.1904,77.0,78.0,56.99211363636364,87.198,1163.1818181818182,5000.0,4.0,2733.502884331967,58261.23044094072,0.0,0.0,0.0,473.1043839999999,473.104384,36.0,36.0,9.452795454545454,9.864,300.0,405.0,1.0,460.0951221697251,9977.838353137726,70.40909090909092,76.0,3.930229666909092,4.023005184,14.5,2.572377460363636,2.593579008,25.229934592,0.0,3193.598006501692,0.8871105573615811,0.6325098273988073,713.0,804,Tesla T4,16106.12736,70.0,GPU-fc22ec96-dd5c-27c3-ec5a-2191c63905d8,Tesla T4,16106.12736,70.0,GPU-d558708b-5ada-3f0e-fc90-d76759e2cb6f,580.159.04,1.0,62,0.0,20,1.0,5,1.0,41
a-resnet50-base-f1-s1,a,resnet50,base,1,1,51,5049,161568,1787828094.4831913,1787828153.478185,2026-08-27T10:54:54Z,2026-08-27T10:55:53Z,acct4,3,c970c0,Interactive,097fb921d60b,v2,1.1772646913492152e-05,1.0,0.3975827377435053,1.9388088432033443e-05,0.0001584929045702206,0.0014521045377478004,6.949176167836413e-05,0.0006699556484818457,0.001171844764612614,0.0,1055.5092223920738,2.9112720045148418e-12,262144.0,0,0,58.97117805480957,55.85551190376282,3.1138856410980225,25.5566463470459,28.317543745040894,26.379797220230103,1.6254589557647705,0.43337520446501493,0.3041387519451103,0.30487942695617676,0.318453311920166,0.3247263717651367,56.71776861446294,23512130,23512130,2642.608868598938,174252.5601110701,60,384,32,coral,coral_bce,0.0,session_balanced,adamw,0.0003,0.05,cosine,5,60,5.0,True,full,raw,full_frame,dataset_v1_1,fp16,2,resnet50,1,1,base,a,097fb921d60b,0.84375,0.6666666666666666,0.6203703703703703,0.84375,0.7764756944444444,0.5853658536585366,0.6666666666666666,0.8611111111111112,1.0,0.7560975609756098,62,0.0,0.0,0.0,20,1.0,1.0,1.0,46,0.9118942731277533,0.15625,0.7212543554006968,0.7617263074577288,0.8388987593791833,0.32528783340330714,0.9254875658079982,0.9144383519887924,0.9851533204317093,0.08173756580799818,0.2192351883277297,0.27252062161763513,0.2192351883277297,64.83333333333333,99.0,90.5,7009.266953481484,7009.927168,76.12962962962963,81.0,58.61955555555555,93.946,925.2777777777778,5000.0,4.0,3203.1192141258725,3211.0317102634917,0.0,0.0,0.0,473.10438399999987,473.104384,33.0,33.0,9.81125925925926,10.357,300.0,405.0,1.0,580.6752567403316,583.1518045566082,67.30925925925926,74.0,3.5521275828148156,3.85677312,14.5,3.109521483851853,3.109572608,26.839642112,0.0,3783.7944708662044,1.0510540196850569,0.7494015160354455,713.0,976,Tesla T4,16106.12736,70.0,GPU-1f96c9cc-a27b-72e1-c080-1f81c4b11b41,Tesla T4,16106.12736,70.0,GPU-9000a4aa-ab22-e15e-7a16-863384e060ff,580.159.04,1.0,62,0.0,20,1.0,5,1.0,41
a-resnet50-base-f1-s1,a,resnet50,base,1,1,52,5148,164736,1787828154.3244228,1787828212.6253886,2026-08-27T10:55:54Z,2026-08-27T10:56:52Z,acct4,3,c970c0,Interactive,097fb921d60b,v2,7.483410717319349e-06,1.0,0.3762957538692717,1.5390235696296265e-05,0.00010525622020404717,0.0007855689036659896,4.7821569751249626e-05,0.00040833843522705086,0.0007623167149722575,0.0,1055.4334157365035,1.5348367914911373e-12,262144.0,0,0,58.28109931945801,55.31556558609009,2.9645400047302246,24.843245267868042,28.49878168106079,26.452195644378662,1.6151177883148193,0.4262659002311193,0.30592800872494474,0.3051323890686035,0.3123754978179932,0.32213030815124505,57.27140211681466,23512130,23512130,2700.889967918396,178070.08052996965,60,384,32,coral,coral_bce,0.0,session_balanced,adamw,0.0003,0.05,cosine,5,60,5.0,True,full,raw,full_frame,dataset_v1_1,fp16,2,resnet50,1,1,base,a,097fb921d60b,0.84375,0.6666666666666666,0.6203703703703703,0.84375,0.7764756944444444,0.5853658536585366,0.6666666666666666,0.8611111111111112,1.0,0.7560975609756098,62,0.0,0.0,0.0,20,1.0,1.0,1.0,46,0.9118942731277533,0.15625,0.7212543554006968,0.7617263074577288,0.7941522097725535,0.3328239022184416,0.9022363969124854,0.8887647605604596,0.9749832332134247,0.05848639691248536,0.22804473945870996,0.3394991159439087,0.22804473945870996,57.5,99.0,80.5,7009.927168000003,7009.927168,76.68518518518519,79.0,55.44807407407407,71.805,1151.111111111111,5000.0,4.0,3246.4215024957625,6503.173120004891,0.0,0.0,0.0,473.10438399999987,473.104384,33.0,33.0,9.751185185185186,10.357,300.0,405.0,1.0,571.0989164037697,1163.9235478684895,67.04629629629629,75.1,3.9893084539259256,4.062343168,15.2,2.9978143099259262,3.021099008,26.784075776,0.0,3817.520418899532,1.0604223385832034,0.756081127409824,713.0,964,Tesla T4,16106.12736,70.0,GPU-1f96c9cc-a27b-72e1-c080-1f81c4b11b41,Tesla T4,16106.12736,70.0,GPU-9000a4aa-ab22-e15e-7a16-863384e060ff,580.159.04,1.0,62,0.0,20,1.0,5,1.0,41
a-resnet50-base-f1-s1,a,resnet50,base,1,1,53,5247,167904,1787828213.3535547,1787828270.7608745,2026-08-27T10:56:53Z,2026-08-27T10:57:50Z,acct4,3,c970c0,Interactive,097fb921d60b,v2,4.332237284356182e-05,1.0,0.6115074703266146,1.1831452032772498e-05,0.0018439940910563262,0.10493919998407364,6.114055577199906e-05,0.000801245064940303,0.061962551921605886,0.0,1055.374005117859,2.067241331627494e-11,262144.0,0,0,57.38587045669556,54.431232213974,2.9529526233673096,23.63364553451538,28.807588577270508,26.725923538208008,1.6256628036499023,0.41183736251504227,0.3091815264538081,0.30823445320129395,0.3189091682434082,0.3255696964263916,58.20187916279961,23512130,23512130,2758.2758383750916,181834.0175787894,60,384,32,coral,coral_bce,0.0,session_balanced,adamw,0.0003,0.05,cosine,5,60,5.0,True,full,raw,full_frame,dataset_v1_1,fp16,2,resnet50,1,1,base,a,097fb921d60b,0.84375,0.6666666666666666,0.6203703703703703,0.84375,0.7764756944444444,0.5853658536585366,0.6666666666666666,0.8611111111111112,1.0,0.7560975609756098,62,0.0,0.0,0.0,20,1.0,1.0,1.0,46,0.9118942731277533,0.15625,0.7212543554006968,0.7617263074577288,1.3936760947584146,0.3125944124490153,0.9912525275722146,0.9897389307066247,0.9994259506464005,0.1475025275722146,0.1475025275722146,0.1475025275722146,0.1475025275722146,45.16981132075472,99.0,37.0,7009.927168000003,7009.927168,77.54716981132076,80.0,59.91428301886792,88.898,913.3018867924528,5000.0,4.0,3203.6449203708116,9749.012067773812,0.0,0.0,0.0,473.1043839999999,473.104384,33.0,33.0,9.69020754716981,10.754,300.0,405.0,1.0,560.2921284489607,1733.1562966389627,67.19622641509434,73.4,4.029909107924529,4.118396928,15.3,2.9975258324528307,3.005370368,26.784075776,0.0,3763.9370488197724,1.0455380691166034,0.7454686432801383,713.0,948,Tesla T4,16106.12736,70.0,GPU-1f96c9cc-a27b-72e1-c080-1f81c4b11b41,Tesla T4,16106.12736,70.0,GPU-9000a4aa-ab22-e15e-7a16-863384e060ff,580.159.04,1.0,62,0.0,20,1.0,5,1.0,41
a-resnet50-base-f1-s1,a,resnet50,base,1,1,54,5346,171072,1787828271.4660544,1787828329.0472689,2026-08-27T10:57:51Z,2026-08-27T10:58:49Z,acct4,3,c970c0,Interactive,097fb921d60b,v2,1.0385978276929684e-05,1.0,0.45321827291263617,8.723345454071307e-06,0.00014719236081175334,0.001201199134811759,4.966057895217091e-05,0.000728364894166588,0.0011738735833205281,0.0,1055.3289435097622,1.2166915533378e-12,262144.0,0,0,57.56060600280762,54.59657335281372,2.9629828929901123,23.93936848640442,28.71101975440979,26.690060138702393,1.6061170101165771,0.41589847899163424,0.30786781359200527,0.3073256015777588,0.3170775413513184,0.3214720821380615,58.02561965799145,23512130,23512130,2815.836444377899,185635.9998915538,60,384,32,coral,coral_bce,0.0,session_balanced,adamw,0.0003,0.05,cosine,5,60,5.0,True,full,raw,full_frame,dataset_v1_1,fp16,2,resnet50,1,1,base,a,097fb921d60b,0.84375,0.6666666666666666,0.6203703703703703,0.84375,0.7764756944444444,0.5853658536585366,0.6666666666666666,0.8611111111111112,1.0,0.7560975609756098,62,0.0,0.0,0.0,20,1.0,1.0,1.0,46,0.9118942731277533,0.15625,0.7212543554006968,0.7617263074577288,0.9878516367206643,0.31696002071669505,0.9568124911747873,0.9498716206462295,0.9942931920289994,0.11306249117478728,0.1853977781720459,0.21706201407042414,0.1853977781720459,71.15094339622641,99.0,90.0,7009.927168000003,7009.927168,77.15094339622641,80.0,58.61777358490566,96.538,995.9433962264151,5000.0,4.0,3244.23067937206,13031.463550356368,0.0,0.0,0.0,473.1043839999999,473.104384,33.0,33.0,9.623,10.059,300.0,405.0,1.0,557.7516333923365,2299.8207922840115,67.84905660377359,73.9,4.063677459320755,4.138848256,15.5,2.9976470122264156,3.011792896,26.784075776,0.0,3801.9823127643967,1.0561061979901103,0.7530037191669486,713.0,952,Tesla T4,16106.12736,70.0,GPU-1f96c9cc-a27b-72e1-c080-1f81c4b11b41,Tesla T4,16106.12736,70.0,GPU-9000a4aa-ab22-e15e-7a16-863384e060ff,580.159.04,1.0,62,0.0,20,1.0,5,1.0,41
a-resnet50-base-f1-s1,a,resnet50,base,1,1,55,5445,174240,1787828329.777641,1787828387.3546314,2026-08-27T10:58:49Z,2026-08-27T10:59:47Z,acct4,3,c970c0,Interactive,097fb921d60b,v2,2.2730172107421455e-05,1.0,0.4112043937893759,6.076053957825411e-06,0.0002723547616305307,0.01556868851184845,5.575876639341004e-05,0.00041470368159934873,0.0022792401630430874,0.0,1055.2966827918806,1.5681298485272891e-12,262144.0,0,0,57.556713581085205,54.57675004005432,2.9788570404052734,23.972900390625,28.664040327072144,26.652361154556274,1.581749677658081,0.4165091941334049,0.30725859632395736,0.3068854808807373,0.31420531272888186,0.32202446937561036,58.0466956657364,23512130,23512130,2873.3931579589844,189413.3252869574,60,384,32,coral,coral_bce,0.0,session_balanced,adamw,0.0003,0.05,cosine,5,60,5.0,True,full,raw,full_frame,dataset_v1_1,fp16,2,resnet50,1,1,base,a,097fb921d60b,0.84375,0.6666666666666666,0.6203703703703703,0.84375,0.7764756944444444,0.5853658536585366,0.6666666666666666,0.8611111111111112,1.0,0.7560975609756098,62,0.0,0.0,0.0,20,1.0,1.0,1.0,46,0.9118942731277533,0.15625,0.7212543554006968,0.7617263074577288,0.893793631442318,0.3220672327967693,0.9344380032271147,0.9246191520381857,0.9874597996473312,0.09068800322711468,0.2064718371257186,0.23479296027878183,0.2064718371257186,38.867924528301884,99.0,17.0,7009.927168000003,7009.927168,76.86792452830188,79.0,55.193754716981125,94.53,1117.3584905660377,5000.0,4.0,3218.7748327073878,16287.900410974467,0.0,0.0,0.0,473.1043839999999,473.104384,33.0,33.0,9.619679245283018,10.357,300.0,405.0,1.0,558.5505626962135,2866.335134015078,67.53962264150944,72.4,4.054639596679245,4.100182016,15.3,2.998042701283019,3.014152192,26.784075776,0.0,3777.3253954036013,1.0492570542787782,0.7481202797007688,713.0,952,Tesla T4,16106.12736,70.0,GPU-1f96c9cc-a27b-72e1-c080-1f81c4b11b41,Tesla T4,16106.12736,70.0,GPU-9000a4aa-ab22-e15e-7a16-863384e060ff,580.159.04,1.0,62,0.0,20,1.0,5,1.0,41
a-resnet50-base-f1-s1,a,resnet50,base,1,1,56,5544,177408,1787828388.0760322,1787828445.76211,2026-08-27T10:59:48Z,2026-08-27T11:00:45Z,acct4,3,c970c0,Interactive,097fb921d60b,v2,9.871320769710138e-06,1.0,0.3724578480632772,3.8982124586499795e-06,0.0001286337390760162,0.00138205720577389,6.199150084285066e-05,0.00039613778062630407,0.0009938501240685565,0.0,1055.2747575533842,4.751763848037368e-13,262144.0,0,0,57.66352868080139,54.717201709747314,2.94519305229187,23.97573971748352,28.767373085021973,26.83345913887024,1.6025893688201904,0.4157868979923535,0.308445287473274,0.30794501304626465,0.3201609134674072,0.32531075477600097,57.89769763455672,23512130,23512130,2931.0566866397858,193191.612017711,60,384,32,coral,coral_bce,0.0,session_balanced,adamw,0.0003,0.05,cosine,5,60,5.0,True,full,raw,full_frame,dataset_v1_1,fp16,2,resnet50,1,1,base,a,097fb921d60b,0.84375,0.6666666666666666,0.6203703703703703,0.84375,0.7764756944444444,0.5853658536585366,0.6666666666666666,0.8611111111111112,1.0,0.7560975609756098,62,0.0,0.0,0.0,20,1.0,1.0,1.0,46,0.9118942731277533,0.15625,0.7212543554006968,0.7617263074577288,0.7737449818524998,0.3467668478571978,0.8676800848916173,0.8511768518774597,0.956797543168068,0.023930084891617298,0.26451398339122534,0.4069797992706299,0.26451398339122534,57.64150943396226,99.0,93.0,7009.927168000003,7009.927168,77.0377358490566,80.0,54.224830188679256,83.401,1131.2264150943397,5000.0,4.0,3217.9191087719937,19535.019897162358,0.0,0.0,0.0,473.1043839999999,473.104384,33.0,33.0,9.645867924528304,10.556,300.0,405.0,1.0,560.367621981617,3434.2692704546366,67.4245283018868,72.8,4.072386946415095,4.161630208,15.4,2.9981552253584907,3.038728192,26.784075776,0.0,3778.2867307536108,1.049524091876003,0.7483106775075901,713.0,952,Tesla T4,16106.12736,70.0,GPU-1f96c9cc-a27b-72e1-c080-1f81c4b11b41,Tesla T4,16106.12736,70.0,GPU-9000a4aa-ab22-e15e-7a16-863384e060ff,580.159.04,1.0,62,0.0,20,1.0,5,1.0,41
a-resnet50-base-f1-s1,a,resnet50,base,1,1,57,5643,180576,1787828446.5217974,1787828504.141104,2026-08-27T11:00:46Z,2026-08-27T11:01:44Z,acct4,3,c970c0,Interactive,097fb921d60b,v2,1.5524306373282168e-05,1.0,0.352947367689012,2.1969246228460523e-06,0.00020263149546202969,0.00457590539008379,7.077706686686724e-05,0.0005752313940320163,0.002300294064916661,0.0,1055.2614565567098,4.218538628305599e-13,262144.0,0,0,57.59923338890076,54.72270393371582,2.875398874282837,24.13632822036743,28.63952660560608,26.67464780807495,1.589801549911499,0.4190390531311906,0.3070177598433061,0.3059208393096924,0.31863741874694823,0.3214699697494507,57.89187617332132,23512130,23512130,2988.6559200286865,197000.63421018134,60,384,32,coral,coral_bce,0.0,session_balanced,adamw,0.0003,0.05,cosine,5,60,5.0,True,full,raw,full_frame,dataset_v1_1,fp16,2,resnet50,1,1,base,a,097fb921d60b,0.84375,0.6666666666666666,0.6203703703703703,0.84375,0.7764756944444444,0.5853658536585366,0.6666666666666666,0.8611111111111112,1.0,0.7560975609756098,62,0.0,0.0,0.0,20,1.0,1.0,1.0,46,0.9118942731277533,0.15625,0.7212543554006968,0.7617263074577288,0.6881230870866759,0.36398869112319193,0.8116342714056373,0.7953848607010312,0.8993810892105103,-0.032115728594362736,0.2927919588983059,0.8993740252086094,0.2927919588983059,49.24074074074074,99.0,53.5,7009.927168000003,7009.927168,77.05555555555556,80.0,58.27416666666668,91.57,1045.0,5000.0,4.0,3248.652549064871,22814.88924663082,0.0,0.0,0.0,473.10438399999987,473.104384,33.0,33.0,9.625314814814816,9.96,300.0,405.0,1.0,560.3696434054427,4002.654246856448,66.70555555555556,74.6,4.087667825777778,4.211429376,15.5,2.998384715851852,3.045740544,26.784075776,0.0,3809.0221924703137,1.0580617201306426,0.7543980064531483,713.0,956,Tesla T4,16106.12736,70.0,GPU-1f96c9cc-a27b-72e1-c080-1f81c4b11b41,Tesla T4,16106.12736,70.0,GPU-9000a4aa-ab22-e15e-7a16-863384e060ff,580.159.04,1.0,62,0.0,20,1.0,5,1.0,41
a-resnet50-base-f1-s1,a,resnet50,base,1,1,58,5742,183744,1787828504.901339,1787828562.2716396,2026-08-27T11:01:44Z,2026-08-27T11:02:42Z,acct4,3,c970c0,Interactive,097fb921d60b,v2,1.0974940448819564e-05,1.0,0.3814646467035345,9.777396977174666e-07,0.00015423548645938153,0.002890684176236391,6.217780901351944e-05,0.00042826211720239346,0.0012794332578778202,0.0,1055.253194865054,1.429061372587332e-13,262144.0,0,0,57.34859776496887,54.50293779373169,2.843801498413086,23.86717700958252,28.663498163223267,26.711376190185547,1.6178319454193115,0.41617716805207877,0.30752668717894893,0.30674171447753906,0.31887192726135255,0.325372347831726,58.125307152972354,23512130,23512130,3046.0045177936554,200748.64878741253,60,384,32,coral,coral_bce,0.0,session_balanced,adamw,0.0003,0.05,cosine,5,60,5.0,True,full,raw,full_frame,dataset_v1_1,fp16,2,resnet50,1,1,base,a,097fb921d60b,0.84375,0.6666666666666666,0.6203703703703703,0.84375,0.7764756944444444,0.5853658536585366,0.6666666666666666,0.8611111111111112,1.0,0.7560975609756098,62,0.0,0.0,0.0,20,1.0,1.0,1.0,46,0.9118942731277533,0.15625,0.7212543554006968,0.7617263074577288,0.8069276541678784,0.33271810476647734,0.9016864537261426,0.888117582709701,0.9749583572149276,0.057936453726142645,0.23140271333977575,0.33545970916748047,0.23140271333977575,28.830188679245282,99.0,6.0,7009.927168000003,7009.927168,76.81132075471699,80.0,53.99816981132074,88.856,1180.4716981132076,5000.0,4.0,3188.2696230171096,26039.019742865035,0.0,0.0,0.0,473.1043839999999,473.104384,33.0,33.0,9.733792452830189,10.655,300.0,405.0,1.0,559.7449542140926,4571.765061595195,68.10566037735849,74.9,4.072137322264151,4.159688704,15.5,2.998116892981133,3.020181504,26.784075776,0.0,3748.014577231202,1.0411151603420006,0.7423151093238464,713.0,940,Tesla T4,16106.12736,70.0,GPU-1f96c9cc-a27b-72e1-c080-1f81c4b11b41,Tesla T4,16106.12736,70.0,GPU-9000a4aa-ab22-e15e-7a16-863384e060ff,580.159.04,1.0,62,0.0,20,1.0,5,1.0,41
a-resnet50-base-f1-s1,a,resnet50,base,1,1,59,5841,186912,1787828563.0066113,1787828620.6539767,2026-08-27T11:02:43Z,2026-08-27T11:03:40Z,acct4,3,c970c0,Interactive,097fb921d60b,v2,1.8483792820291574e-05,1.0,0.34514741886141564,2.4463441107965276e-07,0.00022453430055332255,0.005288045387715101,5.597459676209837e-05,0.000830208556726573,0.0019045789795927566,0.0,1055.2498557861868,5.2052901103805895e-14,262144.0,0,0,57.62616014480591,54.67007040977478,2.9549272060394287,24.147501707077026,28.584866523742676,26.599266290664673,1.565613031387329,0.41903714643484785,0.30619923032895485,0.30554723739624023,0.3122824192047119,0.3183682489395141,57.947611485672695,23512130,23512130,3103.6306779384613,204536.37723478043,60,384,32,coral,coral_bce,0.0,session_balanced,adamw,0.0003,0.05,cosine,5,60,5.0,True,full,raw,full_frame,dataset_v1_1,fp16,2,resnet50,1,1,base,a,097fb921d60b,0.84375,0.6666666666666666,0.6203703703703703,0.84375,0.7764756944444444,0.5853658536585366,0.6666666666666666,0.8611111111111112,1.0,0.7560975609756098,62,0.0,0.0,0.0,20,1.0,1.0,1.0,46,0.9118942731277533,0.15625,0.7212543554006968,0.7617263074577288,0.6758859406005517,0.35636967714313394,0.8242262084968388,0.8084450772515049,0.9094443172216415,-0.019523791503161192,0.2758731790818274,0.9011639016015189,0.2758731790818274,25.79245283018868,99.0,5.0,7009.927168000003,7009.927168,76.60377358490567,79.0,55.15650943396228,88.996,1106.8867924528302,5000.0,4.0,3228.452542984247,29306.313793462225,0.0,0.0,0.0,473.1043839999999,473.104384,33.0,33.0,9.626849056603772,10.254,300.0,405.0,1.0,559.2759043836586,5139.433800505154,67.38867924528302,74.0,4.06990507954717,4.151738368,15.5,2.9983456507169812,3.034730496,26.784075776,0.0,3787.7284473679056,1.0521467909355293,0.7501806619370325,713.0,952,Tesla T4,16106.12736,70.0,GPU-1f96c9cc-a27b-72e1-c080-1f81c4b11b41,Tesla T4,16106.12736,70.0,GPU-9000a4aa-ab22-e15e-7a16-863384e060ff,580.159.04,1.0,62,0.0,20,1.0,5,1.0,41
a-resnet50-base-f1-s1,a,resnet50,base,1,1,60,5940,190080,1787828621.3842132,1787828678.8616652,2026-08-27T11:03:41Z,2026-08-27T11:04:38Z,acct4,3,c970c0,Interactive,097fb921d60b,v2,2.49913386775888e-05,1.0,0.40631689895599266,0.0,0.0004165518605371501,0.024830389767885208,6.141127232694998e-05,0.0004766222205944356,0.005467076497152369,0.0,1055.2498579585758,0.0,262144.0,0,0,57.45432949066162,54.52098083496094,2.932096242904663,23.972050189971924,28.53236174583435,26.570707082748413,1.6706624031066895,0.4172366191109799,0.30666815632521505,0.3059213161468506,0.31336464881896975,0.33333602905273435,58.106071304728935,23512130,23512130,3161.085007429123,208318.62900630964,60,384,32,coral,coral_bce,0.0,session_balanced,adamw,0.0003,0.05,cosine,5,60,5.0,True,full,raw,full_frame,dataset_v1_1,fp16,2,resnet50,1,1,base,a,097fb921d60b,0.84375,0.6666666666666666,0.6203703703703703,0.84375,0.7764756944444444,0.5853658536585366,0.6666666666666666,0.8611111111111112,1.0,0.7560975609756098,62,0.0,0.0,0.0,20,1.0,1.0,1.0,46,0.9118942731277533,0.15625,0.7212543554006968,0.7617263074577288,0.876864852531751,0.3251593095201673,0.9258873071521521,0.9148592170741823,0.9854389935731888,0.08213730715215206,0.21909619122743612,0.2767903606096903,0.21909619122743612,64.41509433962264,99.0,82.0,7009.927168000003,7009.927168,76.9622641509434,79.0,62.7343396226415,88.369,863.2075471698113,5000.0,4.0,3226.27522288396,32567.778984015913,0.0,0.0,0.0,473.1043839999999,473.104384,33.0,33.0,9.616867924528304,10.158,300.0,405.0,1.0,555.9765486452579,5703.7211396317425,67.77169811320753,73.2,4.071096165433962,4.179890176,15.4,2.9973749760000006,2.997374976,26.72744448,0.0,3782.251771529218,1.0506254920914495,0.7490959758612034,713.0,953,Tesla T4,16106.12736,70.0,GPU-1f96c9cc-a27b-72e1-c080-1f81c4b11b41,Tesla T4,16106.12736,70.0,GPU-9000a4aa-ab22-e15e-7a16-863384e060ff,580.159.04,1.0,62,0.0,20,1.0,5,1.0,41
