run_id,stage,arch,technique,fold,seed,epoch,global_step,samples_seen,ts_start,ts_end,iso_start,iso_end,account,worker_id,session_id,host,config_hash,lib_version,train_loss,train_acc,val_loss,lr_group0,grad_norm_mean,grad_norm_max,grad_norm_p50,grad_norm_p95,grad_norm_p99,grad_clip_hit_rate,weight_norm_total,update_to_weight_ratio,amp_scale,amp_scale_decreases,nan_or_inf_batches,epoch_seconds,train_seconds,val_seconds,dataload_seconds,compute_seconds,backward_seconds,optimizer_seconds,dataload_frac,step_time_mean,step_time_p50,step_time_p90,step_time_p99,images_per_second,n_params_total,n_params_trainable,wall_seconds_cumulative,energy_joules_cumulative,epochs_planned,cfg_input_resolution,cfg_batch_size,cfg_head_type,cfg_loss_name,cfg_label_smoothing,cfg_sampler_name,cfg_optimizer_name,cfg_lr_initial,cfg_weight_decay,cfg_scheduler_name,cfg_warmup_epochs,cfg_max_epochs,cfg_grad_clip,cfg_pretrained,cfg_finetune_depth,cfg_preprocessing,cfg_roi_mode,cfg_augment_policy,cfg_precision,cfg_num_workers,cfg_arch,cfg_fold,cfg_seed,cfg_technique,cfg_stage,cfg_config_hash,val_acc,val_balanced_acc,val_f1_macro,val_f1_micro,val_f1_weighted,val_precision_macro,val_recall_macro,val_f1_low,val_recall_low,val_precision_low,val_support_low,val_f1_mid,val_recall_mid,val_precision_mid,val_support_mid,val_f1_high,val_recall_high,val_precision_high,val_support_high,val_qwk,val_mae_class,val_cohen_kappa,val_mcc,val_nll,val_brier,val_mean_confidence,val_mean_confidence_correct,val_mean_confidence_incorrect,val_overconfidence_gap,val_ece,val_mce,val_ace,gpu0_util_mean,gpu0_util_max,gpu0_util_p50,gpu0_mem_used_mb_mean,gpu0_mem_used_mb_peak,gpu0_temp_c_mean,gpu0_temp_c_max,gpu0_power_w_mean,gpu0_power_w_max,gpu0_sm_clock_mhz_mean,gpu0_mem_clock_mhz_mean,gpu0_throttle_reasons,gpu0_energy_joules_epoch,gpu0_energy_joules_cumulative,gpu1_util_mean,gpu1_util_max,gpu1_util_p50,gpu1_mem_used_mb_mean,gpu1_mem_used_mb_peak,gpu1_temp_c_mean,gpu1_temp_c_max,gpu1_power_w_mean,gpu1_power_w_max,gpu1_sm_clock_mhz_mean,gpu1_mem_clock_mhz_mean,gpu1_throttle_reasons,gpu1_energy_joules_epoch,gpu1_energy_joules_cumulative,cpu_percent_mean,cpu_percent_max,ram_used_gb_mean,ram_used_gb_peak,ram_percent_peak,proc_rss_gb_mean,proc_rss_gb_peak,proc_vms_gb_peak,swap_used_gb_peak,energy_joules_epoch,energy_wh_epoch,co2_g_epoch,carbon_intensity_g_per_kwh,power_sample_count,gpu0_name,gpu0_mem_total_mb,gpu0_power_limit_w,gpu0_uuid,gpu1_name,gpu1_mem_total_mb,gpu1_power_limit_w,gpu1_uuid,gpu_driver,val_acc_session_mileage_000100_005000__session_002,val_n_session_mileage_000100_005000__session_002,val_acc_session_mileage_040000__session_001,val_n_session_mileage_040000__session_001,val_acc_session_mileage_100000_plus__session_003,val_n_session_mileage_100000_plus__session_003,val_acc_session_mileage_100000_plus__session_006,val_n_session_mileage_100000_plus__session_006
a-resnet50-base-f1-s2,a,resnet50,base,1,2,1,99,3168,1787783484.981908,1787783534.512709,2026-08-26T22:31:24Z,2026-08-26T22:32:14Z,acct1,0,1eca9c,Interactive,86e0908dcc3c,v1,0.6392171997012515,0.6054292929292929,0.6362137347459793,6e-05,,,,,,0.0,1095.4538723768778,,32768.0,1,0,49.512147426605225,46.81119704246521,2.69941520690918,19.146502256393436,26.45816445350647,24.668920755386356,0.8864128589630127,0.3867031274451471,0.2776583469275272,0.2773840427398681,0.2801909923553466,0.2886141824722288,67.67611597554576,23512130,23512130,49.512147426605225,3278.670012335063,60,384,32,coral,coral_bce,0.0,session_balanced,adamw,0.0003,0.05,cosine,5,60,5.0,True,full,raw,full_frame,dataset_v1_1,fp16,2,resnet50,1,2,base,a,86e0908dcc3c,0.84375,0.6666666666666666,0.6069429429429429,0.84375,0.7783603603603603,0.563939763939764,0.6666666666666666,0.992,1.0,0.984126984126984,62,0.0,0.0,0.0,20,0.8288288288288288,1.0,0.7076923076923077,46,0.9154334038054968,0.15625,0.730185497470489,0.7646195520281819,0.9980620247902884,0.5866570742353507,0.4406255164649337,0.4412494555667595,0.4372562453150749,-0.4031244835350662,0.4031244835350662,0.602178543806076,0.4031244835350662,52.266666666666666,100.0,48.0,5774.704640000001,5774.70464,78.4888888888889,81.0,58.62391111111111,94.47,1120.0,5000.0,4.0,2802.164287574292,2808.3625825448044,0.0,0.0,0.0,473.1043839999999,473.104384,39.24444444444445,40.0,9.594088888888887,9.857,300.0,405.0,1.0,476.5057247607712,478.5016563088898,69.22,74.7,3.313496428088889,3.713667072,13.5,2.674107278222222,2.674180096,26.239455232,0.0,3278.670012335063,0.910741670093073,0.649358810776361,713.0,818,Tesla T4,16106.12736,70.0,GPU-9f4ff8b5-8ab3-4db4-8aad-33910b4643c3,Tesla T4,16106.12736,70.0,GPU-9f111faa-2f37-e4bf-0799-ffd89e5ef19c,580.159.04,1.0,62,0.0,20,1.0,5,1.0,41
a-resnet50-base-f1-s2,a,resnet50,base,1,2,2,198,6336,1787783535.444794,1787783584.8007555,2026-08-26T22:32:15Z,2026-08-26T22:33:04Z,acct1,0,1eca9c,Interactive,86e0908dcc3c,v1,0.2208497294911531,0.9867424242424242,0.3862599432468414,0.0001199999999999,0.7236889257575526,4.434262752532959,0.6541370153427124,1.5406119585037223,3.3625209331512407,0.0,1095.0577273235722,7.930419458630576e-08,32768.0,0,0,49.33838486671448,46.95382642745972,2.3834879398345947,19.571462869644165,26.18122434616089,24.461077451705933,0.9059433937072754,0.3966782237099092,0.2749508992590085,0.2747049331665039,0.2764012813568115,0.2830128622055053,67.47053948615523,23512130,23512130,98.8505322933197,6500.038066447012,60,384,32,coral,coral_bce,0.0,session_balanced,adamw,0.0003,0.05,cosine,5,60,5.0,True,full,raw,full_frame,dataset_v1_1,fp16,2,resnet50,1,2,base,a,86e0908dcc3c,0.4453125,0.4150537634408602,0.4185268414481897,0.4453125,0.4656718164794007,0.4565656565656565,0.4150537634408602,0.2022471910112359,0.1451612903225806,0.3333333333333333,62,0.0533333333333333,0.1,0.0363636363636363,20,1.0,1.0,1.0,46,0.6177658142664872,0.5546875,0.209326605185314,0.2343641111469597,0.7295368967431464,0.454226490739942,0.6300525281112641,0.8136380748790607,0.4826669483117654,0.1847400281112641,0.2526349320542067,0.6106874942779541,0.2526349320542067,57.422222222222224,99.0,57.0,5774.704640000001,5774.70464,75.91111111111111,77.0,53.72315555555557,94.762,1213.6666666666667,5000.0,4.0,2746.828045216076,5600.190731529705,0.0,0.0,0.0,473.1043839999999,473.104384,38.84444444444444,39.0,9.576355555555557,10.448,300.0,405.0,1.0,474.5400088958742,963.7211402525908,68.85333333333332,78.3,3.752829201066667,3.88532224,14.2,2.7978014720000006,2.797801472,26.363191296,0.0,3221.3680541119497,0.8948244594755416,0.6380098396060612,713.0,819,Tesla T4,16106.12736,70.0,GPU-9f4ff8b5-8ab3-4db4-8aad-33910b4643c3,Tesla T4,16106.12736,70.0,GPU-9f111faa-2f37-e4bf-0799-ffd89e5ef19c,580.159.04,0.1451612903225806,62,0.1,20,1.0,5,1.0,41
a-resnet50-base-f1-s2,a,resnet50,base,1,2,3,297,9504,1787783585.4821076,1787783633.4557955,2026-08-26T22:33:05Z,2026-08-26T22:33:53Z,acct1,0,1eca9c,Interactive,86e0908dcc3c,v1,0.0172710843958111,0.9996843434343434,0.4675666159018874,0.0001799999999999,0.1239465675269714,0.7334844470024109,0.0936740562319755,0.3243022739887236,0.6549456167221066,0.0,1094.3524460751253,2.0386834456185144e-08,32768.0,0,0,47.95783543586731,45.56621050834656,2.39020037651062,18.066208839416504,26.28595209121704,24.571912050247192,0.8983681201934814,0.3767102638228105,0.2759884054010564,0.275651216506958,0.2773308753967285,0.2873915767669677,69.52520222017813,23512130,23512130,146.808367729187,9702.06874794149,60,384,32,coral,coral_bce,0.0,session_balanced,adamw,0.0003,0.05,cosine,5,60,5.0,True,full,raw,full_frame,dataset_v1_1,fp16,2,resnet50,1,2,base,a,86e0908dcc3c,0.4921875,0.6166666666666667,0.4372851320219741,0.4921875,0.4016879319510898,0.3846551278739343,0.6166666666666667,0.0,0.0,0.0,62,0.3434343434343435,0.85,0.2151898734177215,20,0.968421052631579,1.0,0.9387755102040816,46,0.6159527326440177,0.5078125,0.3370517928286852,0.480168045375632,0.9002249161462078,0.6047031097859854,0.736679774010554,0.8306880668988303,0.6455640439803784,0.2444922740105539,0.3944695142563432,0.7424082607030869,0.3944695142563432,63.644444444444446,99.0,72.0,5774.704640000001,5774.70464,77.91111111111111,80.0,57.30184444444443,99.5,1165.3333333333333,5000.0,4.0,2738.6915824830567,8369.003735680099,0.0,0.0,0.0,473.1043839999999,473.104384,39.0,39.0,9.620444444444445,10.452,300.0,405.0,1.0,463.3390990114217,1435.143917600633,69.2288888888889,75.9,3.841348949333333,3.943149568,14.2,2.797948836977777,2.82748928,26.419298304,0.0,3202.0306814944784,0.8894529670817996,0.6341799655293231,713.0,798,Tesla T4,16106.12736,70.0,GPU-9f4ff8b5-8ab3-4db4-8aad-33910b4643c3,Tesla T4,16106.12736,70.0,GPU-9f111faa-2f37-e4bf-0799-ffd89e5ef19c,580.159.04,0.0,62,0.85,20,1.0,5,1.0,41
a-resnet50-base-f1-s2,a,resnet50,base,1,2,4,396,12672,1787783634.15001,1787783684.2766366,2026-08-26T22:33:54Z,2026-08-26T22:34:44Z,acct1,0,1eca9c,Interactive,86e0908dcc3c,v1,0.0056917006996544,0.9993686868686869,0.2196422941051423,0.0002399999999999,0.0609940956111508,1.2723263502120972,0.025218678638339,0.1461919829249381,0.6328651022911046,0.0,1093.38203489511,1.3388351444863914e-08,32768.0,0,0,50.10463619232178,47.70542311668396,2.3975110054016118,20.334588766098022,26.153738260269165,24.328473329544067,0.8920261859893799,0.4058424591298434,0.2747427670642583,0.2739138603210449,0.2782416343688965,0.2831869506835937,66.40754432156078,23512130,23512130,196.9130039215088,12968.554216002927,60,384,32,coral,coral_bce,0.0,session_balanced,adamw,0.0003,0.05,cosine,5,60,5.0,True,full,raw,full_frame,dataset_v1_1,fp16,2,resnet50,1,2,base,a,86e0908dcc3c,0.84375,0.6666666666666666,0.6203703703703703,0.84375,0.7764756944444444,0.5853658536585366,0.6666666666666666,0.8611111111111112,1.0,0.7560975609756098,62,0.0,0.0,0.0,20,1.0,1.0,1.0,46,0.9118942731277532,0.15625,0.7212543554006968,0.7617263074577288,0.4489048014144868,0.2529200967706794,0.7739180512726307,0.8008281235341672,0.6286036610603333,-0.0698319487273693,0.1260030893608927,0.7478001713752747,0.1260030893608927,61.08510638297872,99.0,81.0,5774.704640000001,5774.70464,76.61702127659575,78.0,56.31597872340425,95.614,1229.6808510638298,5000.0,4.0,2784.63426675319,11192.870061527005,0.0,0.0,0.0,473.1043839999998,473.104384,39.0,39.0,9.61344680851064,10.051,300.0,405.0,1.0,481.85120130824953,1925.2204114530084,70.96595744680852,95.4,4.042285491744681,5.044535296,17.5,2.8528701004255312,3.705565184,27.288682496,0.0,3266.4854680614394,0.9073570744615108,0.6469455940910573,713.0,826,Tesla T4,16106.12736,70.0,GPU-9f4ff8b5-8ab3-4db4-8aad-33910b4643c3,Tesla T4,16106.12736,70.0,GPU-9f111faa-2f37-e4bf-0799-ffd89e5ef19c,580.159.04,1.0,62,0.0,20,1.0,5,1.0,41
a-resnet50-base-f1-s2,a,resnet50,base,1,2,5,495,15840,1787783684.9183276,1787783733.3347464,2026-08-26T22:34:44Z,2026-08-26T22:35:33Z,acct1,0,1eca9c,Interactive,86e0908dcc3c,v1,0.0017531607652816,1.0,0.2165296631865203,0.0003,0.018146150978282,0.1212999522686004,0.0102761769667267,0.0771089166402815,0.117367480546236,0.0,1092.147755432931,4.984531869798761e-09,32768.0,0,0,48.39990401268005,46.01420021057129,2.384622812271118,18.71789574623108,26.10661125183105,24.404157400131226,0.8835916519165039,0.3867341501612745,0.2740821693882798,0.274057388305664,0.2753963947296142,0.2786860942840576,68.84831172773887,23512130,23512130,245.31290793418884,16185.690040317751,60,384,32,coral,coral_bce,0.0,session_balanced,adamw,0.0003,0.05,cosine,5,60,5.0,True,full,raw,full_frame,dataset_v1_1,fp16,2,resnet50,1,2,base,a,86e0908dcc3c,0.84375,0.6666666666666666,0.6203703703703703,0.84375,0.7764756944444444,0.5853658536585366,0.6666666666666666,0.8611111111111112,1.0,0.7560975609756098,62,0.0,0.0,0.0,20,1.0,1.0,1.0,46,0.9118942731277532,0.15625,0.7212543554006968,0.7617263074577288,0.4902378781069817,0.2677265349939972,0.8783330610021949,0.8866158574819565,0.8336059600114822,0.0345830610021948,0.0764174982905387,0.879205067952474,0.0764174982905387,55.4,99.0,63.0,5774.704640000001,5774.70464,77.04444444444445,78.0,57.73637777777778,87.868,1206.0,5000.0,4.0,2749.7527440268914,13981.967562048892,0.0,0.0,0.0,473.1043839999999,473.104384,39.0,39.0,9.556422222222222,10.154,300.0,405.0,1.0,467.3830802879329,2401.1224361441127,68.35555555555555,75.1,4.256124199822223,4.433395712,15.7,2.833307875555556,2.867642368,26.43275776,0.0,3217.1358243148243,0.8936488400874512,0.6371716229823526,713.0,804,Tesla T4,16106.12736,70.0,GPU-9f4ff8b5-8ab3-4db4-8aad-33910b4643c3,Tesla T4,16106.12736,70.0,GPU-9f111faa-2f37-e4bf-0799-ffd89e5ef19c,580.159.04,1.0,62,0.0,20,1.0,5,1.0,41
a-resnet50-base-f1-s2,a,resnet50,base,1,2,6,594,19008,1787783744.0524876,1787783791.6024609,2026-08-26T22:35:44Z,2026-08-26T22:36:31Z,acct1,0,1eca9c,Interactive,86e0908dcc3c,v1,0.0010064035767837,1.0,0.2341904191998765,0.0002997553655889,0.0108385817759265,0.1296843141317367,0.0052569773979485,0.0344841234385967,0.0848945769667623,0.0,1090.7693221191016,2.978561073203276e-09,32768.0,0,0,47.53353428840637,45.12197518348694,2.410591125488281,17.722421884536743,26.211625814437863,24.525464057922363,0.8962368965148926,0.3728403988857044,0.2751987004520917,0.2749137878417969,0.2772603511810302,0.2884552288055419,70.20969244181883,23512130,23512130,292.8464422225952,19381.418660780902,60,384,32,coral,coral_bce,0.0,session_balanced,adamw,0.0003,0.05,cosine,5,60,5.0,True,full,raw,full_frame,dataset_v1_1,fp16,2,resnet50,1,2,base,a,86e0908dcc3c,0.84375,0.6666666666666666,0.6203703703703703,0.84375,0.7764756944444444,0.5853658536585366,0.6666666666666666,0.8611111111111112,1.0,0.7560975609756098,62,0.0,0.0,0.0,20,1.0,1.0,1.0,46,0.9118942731277532,0.15625,0.7212543554006968,0.7617263074577288,0.5596918002278627,0.2824357549640235,0.953092488925904,0.9584381381670634,0.9242259830236434,0.109342488925904,0.109342488925904,0.8411744236946106,0.109342488925904,49.31818181818182,99.0,56.5,5774.704640000001,5774.70464,78.27272727272727,81.0,55.18186363636364,88.884,1212.9545454545455,5000.0,4.0,2731.061731430307,17067.42435581898,0.0,0.0,0.0,473.1043839999999,473.104384,39.06818181818182,40.0,9.770477272727272,10.651,300.0,405.0,1.0,464.6668890328433,2971.811293133737,68.78863636363637,75.4,4.098654673454546,4.289273856,15.3,2.7373977599999995,2.73739776,26.320093184,0.0,3195.7286204631505,0.8877023945730974,0.6329318073306184,713.0,786,Tesla T4,16106.12736,70.0,GPU-9f4ff8b5-8ab3-4db4-8aad-33910b4643c3,Tesla T4,16106.12736,70.0,GPU-9f111faa-2f37-e4bf-0799-ffd89e5ef19c,580.159.04,1.0,62,0.0,20,1.0,5,1.0,41
a-resnet50-base-f1-s2,a,resnet50,base,1,2,7,693,22176,1787783792.2644124,1787783840.6107445,2026-08-26T22:36:32Z,2026-08-26T22:37:20Z,acct1,0,1eca9c,Interactive,86e0908dcc3c,v1,0.0007435508646956,1.0,0.2469471991062164,0.0002990222603022,0.0113069408883651,0.295125275850296,0.0036844874266535,0.0298352759331464,0.1803978982567782,0.0,1089.4005783028294,3.103566391354881e-09,32768.0,0,0,48.33037495613098,45.9740629196167,2.355272054672241,18.799249172210693,25.975553035736084,24.295986890792847,0.9081470966339112,0.3889737911049644,0.2729214562310113,0.272552490234375,0.2743692398071289,0.2833006000518799,68.90841920017132,23512130,23512130,341.1768171787262,22579.84709109113,60,384,32,coral,coral_bce,0.0,session_balanced,adamw,0.0003,0.05,cosine,5,60,5.0,True,full,raw,full_frame,dataset_v1_1,fp16,2,resnet50,1,2,base,a,86e0908dcc3c,0.84375,0.6666666666666666,0.6203703703703703,0.84375,0.7764756944444444,0.5853658536585366,0.6666666666666666,0.8611111111111112,1.0,0.7560975609756098,62,0.0,0.0,0.0,20,1.0,1.0,1.0,46,0.9118942731277532,0.15625,0.7212543554006968,0.7617263074577288,0.5733496739058731,0.285684180236929,0.9536618194542824,0.9570828455465812,0.93518827855587,0.1099118194542825,0.1099118194542825,0.8664718270301819,0.1099118194542825,56.02272727272727,99.0,62.5,5774.704640000001,5774.70464,76.22727272727273,77.0,55.85277272727274,91.902,1235.7954545454545,5000.0,4.0,2721.615460199577,19819.15081839035,0.0,0.0,0.0,473.1043839999999,473.104384,39.0,39.0,9.734613636363637,10.551,300.0,405.0,1.0,476.812970110655,3455.8645523247733,69.44545454545454,74.3,4.034872413090909,4.1761792,15.0,2.7304081221818177,2.768195584,26.312101888,0.0,3198.428430310232,0.8884523417528422,0.6334665196697764,713.0,806,Tesla T4,16106.12736,70.0,GPU-9f4ff8b5-8ab3-4db4-8aad-33910b4643c3,Tesla T4,16106.12736,70.0,GPU-9f111faa-2f37-e4bf-0799-ffd89e5ef19c,580.159.04,1.0,62,0.0,20,1.0,5,1.0,41
a-resnet50-base-f1-s2,a,resnet50,base,1,2,8,792,25344,1787783841.2690396,1787783889.7010183,2026-08-26T22:37:21Z,2026-08-26T22:38:09Z,acct1,0,1eca9c,Interactive,86e0908dcc3c,v1,0.0003557215765032,1.0,0.2497640957590192,0.0002978030753771,0.0045987690088687,0.0396026857197284,0.0025553298182785,0.0154263095930218,0.0316564429551362,0.0,1088.0381687923195,1.2587127851501515e-09,32768.0,0,0,48.41510272026062,46.02723932266235,2.386904716491699,18.805394172668457,26.05375862121582,24.274047136306763,0.8853070735931396,0.3884199994643165,0.2734711772263652,0.273439884185791,0.2750457286834716,0.2805502128601074,68.82880760654653,23512130,23512130,389.5919198989868,25885.00894612264,60,384,32,coral,coral_bce,0.0,session_balanced,adamw,0.0003,0.05,cosine,5,60,5.0,True,full,raw,full_frame,dataset_v1_1,fp16,2,resnet50,1,2,base,a,86e0908dcc3c,0.84375,0.6666666666666666,0.6203703703703703,0.84375,0.7764756944444444,0.5853658536585366,0.6666666666666666,0.8611111111111112,1.0,0.7560975609756098,62,0.0,0.0,0.0,20,1.0,1.0,1.0,46,0.9118942731277532,0.15625,0.7212543554006968,0.7617263074577288,0.6026045999636791,0.2884579360066927,0.968191749881953,0.9729143381118774,0.942689773440361,0.124441749881953,0.124441749881953,0.5819870233535767,0.124441749881953,51.422222222222224,99.0,54.0,5774.704640000001,5774.70464,77.33333333333333,78.0,58.41335555555556,97.557,1202.0,5000.0,4.0,2826.687932838213,22679.948481511343,0.0,0.0,0.0,473.1043839999999,473.104384,39.0,39.0,9.83617777777778,10.646,300.0,405.0,1.0,478.47392219329095,3941.625007947687,68.72444444444446,76.1,4.101593042488888,4.3062272,15.3,2.7306157852444444,2.7784192,26.312101888,0.0,3305.161855031504,0.9181005152865288,0.654605667399295,713.0,808,Tesla T4,16106.12736,70.0,GPU-9f4ff8b5-8ab3-4db4-8aad-33910b4643c3,Tesla T4,16106.12736,70.0,GPU-9f111faa-2f37-e4bf-0799-ffd89e5ef19c,580.159.04,1.0,62,0.0,20,1.0,5,1.0,41
a-resnet50-base-f1-s2,a,resnet50,base,1,2,9,891,28512,1787783890.3637085,1787783938.6125538,2026-08-26T22:38:10Z,2026-08-26T22:38:58Z,acct1,0,1eca9c,Interactive,86e0908dcc3c,v1,0.00035495730896,1.0,0.2447880479739979,0.0002961017875413,0.0060903194931928,0.282850831747055,0.0017078766832128,0.0095169737935065,0.0347292887046923,0.0,1086.6880761565735,1.6594959751564402e-09,32768.0,0,0,48.23107099533081,45.78618264198303,2.444011926651001,18.631270170211792,25.97313666343689,24.20335173606873,0.8844659328460693,0.3862918609461411,0.2727547679284606,0.2724983692169189,0.2747799873352051,0.2784583377838134,69.19117989747292,23512130,23512130,437.8229908943176,29066.63435532878,60,384,32,coral,coral_bce,0.0,session_balanced,adamw,0.0003,0.05,cosine,5,60,5.0,True,full,raw,full_frame,dataset_v1_1,fp16,2,resnet50,1,2,base,a,86e0908dcc3c,0.84375,0.6666666666666666,0.6203703703703703,0.84375,0.7764756944444444,0.5853658536585366,0.6666666666666666,0.8611111111111112,1.0,0.7560975609756098,62,0.0,0.0,0.0,20,1.0,1.0,1.0,46,0.9118942731277532,0.15625,0.7212543554006968,0.7617263074577288,0.5894165057944694,0.2867001976328776,0.9627966121770442,0.9675689897051564,0.937025773525238,0.1190466121770441,0.1190466121770441,0.2658962666988372,0.1190466121770441,50.355555555555554,99.0,51.0,5774.704640000001,5774.70464,76.77777777777777,78.0,54.861444444444444,93.536,1251.0,5000.0,4.0,2711.563894010538,25420.591405229072,0.0,0.0,0.0,473.1043839999999,473.104384,39.0,39.0,9.726533333333332,10.353,300.0,405.0,1.0,470.06151519560535,4419.418155866147,68.41333333333333,76.0,4.107698813155556,4.222672896,15.1,2.7295297080888883,2.72953344,26.255470592,0.0,3181.625409206144,0.8837848358905954,0.6301385879899946,713.0,800,Tesla T4,16106.12736,70.0,GPU-9f4ff8b5-8ab3-4db4-8aad-33910b4643c3,Tesla T4,16106.12736,70.0,GPU-9f111faa-2f37-e4bf-0799-ffd89e5ef19c,580.159.04,1.0,62,0.0,20,1.0,5,1.0,41
a-resnet50-base-f1-s2,a,resnet50,base,1,2,10,990,31680,1787783939.2904992,1787783987.8852046,2026-08-26T22:38:59Z,2026-08-26T22:39:47Z,acct1,0,1eca9c,Interactive,86e0908dcc3c,v1,0.000188915895779,1.0,0.3160446292022243,0.0002939239460421,0.0023673578898064,0.0154390083625912,0.0013572332682088,0.007149569178,0.0134355837851762,0.0,1085.346890163797,6.411067088062405e-10,32768.0,0,0,48.57636046409607,46.15075755119324,2.423487901687622,18.99854421615601,25.94908571243286,24.179969310760494,0.910006046295166,0.3911067859890054,0.2726471568598891,0.272346019744873,0.274057388305664,0.2829981279373169,68.64459367727304,23512130,23512130,486.3993513584137,32297.402875723827,60,384,32,coral,coral_bce,0.0,session_balanced,adamw,0.0003,0.05,cosine,5,60,5.0,True,full,raw,full_frame,dataset_v1_1,fp16,2,resnet50,1,2,base,a,86e0908dcc3c,0.84375,0.6666666666666666,0.6203703703703703,0.84375,0.7764756944444444,0.5853658536585366,0.6666666666666666,0.8611111111111112,1.0,0.7560975609756098,62,0.0,0.0,0.0,20,1.0,1.0,1.0,46,0.9118942731277532,0.15625,0.7212543554006968,0.7617263074577288,0.7955871480659067,0.3033649769050653,0.9883785736747086,0.9903673651041808,0.9776390999555588,0.1446285736747086,0.1446285736747086,0.1446285736747086,0.1446285736747086,59.44444444444444,99.0,76.0,5774.704640000001,5774.70464,77.08888888888889,78.0,61.58891111111114,102.285,1196.3333333333333,5000.0,4.0,2759.7365237212216,28218.26549917291,0.0,0.0,0.0,473.1043839999999,473.104384,39.0,39.0,9.68431111111111,10.055,300.0,405.0,1.0,471.0319966738252,4898.7614445371655,69.06,73.8,4.296569105066666,4.431507456,15.7,2.8562188060444447,2.89069056,26.438131712,0.0,3230.768520395047,0.8974357001097353,0.6398716541782412,713.0,809,Tesla T4,16106.12736,70.0,GPU-9f4ff8b5-8ab3-4db4-8aad-33910b4643c3,Tesla T4,16106.12736,70.0,GPU-9f111faa-2f37-e4bf-0799-ffd89e5ef19c,580.159.04,1.0,62,0.0,20,1.0,5,1.0,41
a-resnet50-base-f1-s2,a,resnet50,base,1,2,11,1089,34848,1787783988.698104,1787784037.338606,2026-08-26T22:39:48Z,2026-08-26T22:40:37Z,acct1,0,1eca9c,Interactive,86e0908dcc3c,v1,0.0001487869540325,1.0,0.314813798177056,0.0002912766545459,0.0017557261274149,0.012427445501089,0.0010767956264317,0.0052080688532441,0.0094956857524812,0.0,1084.0191248612032,4.717647696093696e-10,32768.0,0,0,48.62283515930176,46.08909249305725,2.53272032737732,18.95126175880432,25.960224866867065,24.206677198410038,0.8891940116882324,0.3897605250025998,0.2725552982754177,0.272388219833374,0.2736259460449218,0.2763681077957152,68.73643694497174,23512130,23512130,535.0221865177155,35517.31224299766,60,384,32,coral,coral_bce,0.0,session_balanced,adamw,0.0003,0.05,cosine,5,60,5.0,True,full,raw,full_frame,dataset_v1_1,fp16,2,resnet50,1,2,base,a,86e0908dcc3c,0.84375,0.6666666666666666,0.6203703703703703,0.84375,0.7764756944444444,0.5853658536585366,0.6666666666666666,0.8611111111111112,1.0,0.7560975609756098,62,0.0,0.0,0.0,20,1.0,1.0,1.0,46,0.9118942731277532,0.15625,0.7212543554006968,0.7617263074577288,0.7688222207116628,0.302772381172055,0.986871972680092,0.9887126595885666,0.9769322633743286,0.1431219726800918,0.1431219726800918,0.1431219726800918,0.1431219726800918,60.888888888888886,99.0,83.0,5774.704640000001,5774.70464,76.97777777777777,78.0,54.30877777777778,79.006,1273.6666666666667,5000.0,4.0,2750.4130742509587,31007.227861838583,0.0,0.0,0.0,473.1043839999999,473.104384,39.0,39.0,9.609777777777778,10.254,300.0,405.0,1.0,469.4962930228721,5378.907529529336,68.60444444444444,75.3,4.155680813511111,4.342165504,15.4,2.7341070336,2.789470208,26.258886656,0.0,3219.909367273831,0.8944192686871753,0.637720938573956,713.0,808,Tesla T4,16106.12736,70.0,GPU-9f4ff8b5-8ab3-4db4-8aad-33910b4643c3,Tesla T4,16106.12736,70.0,GPU-9f111faa-2f37-e4bf-0799-ffd89e5ef19c,580.159.04,1.0,62,0.0,20,1.0,5,1.0,41
a-resnet50-base-f1-s2,a,resnet50,base,1,2,12,1188,38016,1787784038.0124476,1787784086.5315475,2026-08-26T22:40:38Z,2026-08-26T22:41:26Z,acct1,0,1eca9c,Interactive,86e0908dcc3c,v1,0.0001267688969734,1.0,0.2224165147636085,0.0002881685479672,0.0015919745271799,0.0096821915358304,0.0008278845343738,0.0048603883944451,0.0063842731621116,0.0,1082.706851995793,4.237130180275684e-10,32768.0,0,0,48.5000786781311,46.119295835495,2.379530906677246,19.002472639083862,25.96282935142517,24.244513511657715,0.8828835487365723,0.3918029239744751,0.272442249336628,0.2721672058105469,0.2740760326385498,0.2774587154388427,68.69142172725452,23512130,23512130,583.5222651958466,38717.68679266888,60,384,32,coral,coral_bce,0.0,session_balanced,adamw,0.0003,0.05,cosine,5,60,5.0,True,full,raw,full_frame,dataset_v1_1,fp16,2,resnet50,1,2,base,a,86e0908dcc3c,0.84375,0.6666666666666666,0.6203703703703703,0.84375,0.7764756944444444,0.5853658536585366,0.6666666666666666,0.8611111111111112,1.0,0.7560975609756098,62,0.0,0.0,0.0,20,1.0,1.0,1.0,46,0.9118942731277532,0.15625,0.7212543554006968,0.7617263074577288,0.5239013280188856,0.2763443994644708,0.957374488003552,0.965164244726852,0.915309801697731,0.1136244880035519,0.1136244880035519,0.8496832450230917,0.1136244880035519,47.77777777777778,99.0,49.0,5774.704640000001,5774.70464,77.0,78.0,53.730688888888885,80.764,1227.3333333333333,5000.0,4.0,2731.648931642343,33771.828282667455,0.0,0.0,0.0,473.1043839999999,473.104384,39.0,39.0,9.605111111111112,10.452,300.0,405.0,1.0,468.7256180288786,5855.885519949916,68.55333333333333,74.6,4.167060775822223,4.320137216,15.5,2.7314452707555548,2.765180928,26.312101888,0.0,3200.3745496712218,0.8889929304642282,0.6338519594209947,713.0,806,Tesla T4,16106.12736,70.0,GPU-9f4ff8b5-8ab3-4db4-8aad-33910b4643c3,Tesla T4,16106.12736,70.0,GPU-9f111faa-2f37-e4bf-0799-ffd89e5ef19c,580.159.04,1.0,62,0.0,20,1.0,5,1.0,41
a-resnet50-base-f1-s2,a,resnet50,base,1,2,13,1287,41184,1787784087.201752,1787784136.2721393,2026-08-26T22:41:27Z,2026-08-26T22:42:16Z,acct1,0,1eca9c,Interactive,86e0908dcc3c,v1,0.0001610695480022,1.0,0.3296183367783669,0.0002846097643037,0.0022411417515038,0.0414595864713192,0.001054500346072,0.0072184694465249,0.0177354179695247,0.0,1081.411220651382,5.898318914080509e-10,32768.0,0,0,49.04940629005432,46.48778963088989,2.5601277351379395,19.34634470939636,25.943255186080933,24.15844702720642,0.9077389240264891,0.3944256653177715,0.2726475879399463,0.2721126079559326,0.2738711833953857,0.2847772073745727,68.14692686302617,23512130,23512130,632.5716714859009,41956.547163504685,60,384,32,coral,coral_bce,0.0,session_balanced,adamw,0.0003,0.05,cosine,5,60,5.0,True,full,raw,full_frame,dataset_v1_1,fp16,2,resnet50,1,2,base,a,86e0908dcc3c,0.84375,0.6666666666666666,0.6203703703703703,0.84375,0.7764756944444444,0.5853658536585366,0.6666666666666666,0.8611111111111112,1.0,0.7560975609756098,62,0.0,0.0,0.0,20,1.0,1.0,1.0,46,0.9118942731277532,0.15625,0.7212543554006968,0.7617263074577288,0.7951518255531536,0.3043487450519491,0.991248714737594,0.9931132324315884,0.9811803191900254,0.1474987147375941,0.1474987147375941,0.1474987147375941,0.1474987147375941,55.6,99.0,63.0,5776.522171733334,5776.801792,76.91111111111111,78.0,57.99493333333334,87.868,1226.3333333333333,5000.0,4.0,2762.730677896521,36573.47273038061,0.0,0.0,0.0,473.1043839999999,473.104384,39.0,39.0,9.664488888888888,10.75,300.0,405.0,1.0,476.1296929392838,6340.329499498848,68.88666666666666,74.6,4.319129691022223,4.456747008,15.8,2.850316288,2.850316288,26.376323072,0.0,3238.860370835805,0.8996834363432792,0.641474290112758,713.0,814,Tesla T4,16106.12736,70.0,GPU-9f4ff8b5-8ab3-4db4-8aad-33910b4643c3,Tesla T4,16106.12736,70.0,GPU-9f111faa-2f37-e4bf-0799-ffd89e5ef19c,580.159.04,1.0,62,0.0,20,1.0,5,1.0,41
a-resnet50-base-f1-s2,a,resnet50,base,1,2,14,1386,44352,1787784136.942799,1787784185.4385018,2026-08-26T22:42:16Z,2026-08-26T22:43:05Z,acct1,0,1eca9c,Interactive,86e0908dcc3c,v1,0.0001064237784694,1.0,0.1620589599551749,0.0002806119115679,0.0014269145699794,0.015401441603899,0.0007870909757912,0.0047938757110387,0.0090220480039715,0.0,1080.1349302862873,3.707029685818771e-10,32768.0,0,0,48.4783775806427,45.98944020271301,2.48755955696106,18.83153462409973,25.97943663597107,24.23602294921875,0.8975017070770264,0.3884522453907186,0.272801601525509,0.2723383903503418,0.2751291751861572,0.2827490139007568,68.88537860074047,23512130,23512130,681.0500490665436,45162.583470116224,60,384,32,coral,coral_bce,0.0,session_balanced,adamw,0.0003,0.05,cosine,5,60,5.0,True,full,raw,full_frame,dataset_v1_1,fp16,2,resnet50,1,2,base,a,86e0908dcc3c,0.84375,0.6666666666666666,0.6203703703703703,0.84375,0.7764756944444444,0.5853658536585366,0.6666666666666666,0.8611111111111112,1.0,0.7560975609756098,62,0.0,0.0,0.0,20,1.0,1.0,1.0,46,0.9118942731277532,0.15625,0.7212543554006968,0.7617263074577288,0.4099166355593414,0.2289591579192775,0.9080154923722148,0.9351005769438214,0.7617560356855393,0.0642654923722148,0.1257058549672365,0.7730700969696045,0.1257058549672365,50.91111111111111,99.0,57.0,5776.801792000001,5776.801792,77.02222222222223,78.0,58.33226666666667,94.238,1224.0,5000.0,4.0,2736.911684487816,39349.98468741995,0.0,0.0,0.0,473.1043839999999,473.104384,39.0,39.0,9.61191111111111,10.551,300.0,405.0,1.0,469.1246221237207,6818.009067299373,69.0,75.7,4.273361533155556,4.392153088,15.6,2.7306361742222216,2.771668992,26.312101888,0.0,3206.036306611536,0.8905656407254267,0.6349733018372292,713.0,806,Tesla T4,16106.12736,70.0,GPU-9f4ff8b5-8ab3-4db4-8aad-33910b4643c3,Tesla T4,16106.12736,70.0,GPU-9f111faa-2f37-e4bf-0799-ffd89e5ef19c,580.159.04,1.0,62,0.0,20,1.0,5,1.0,41
a-resnet50-base-f1-s2,a,resnet50,base,1,2,15,1485,47520,1787784186.101563,1787784233.711599,2026-08-26T22:43:06Z,2026-08-26T22:43:53Z,acct1,0,1eca9c,Interactive,86e0908dcc3c,v1,0.0032859464201207,0.9984217171717172,0.581368680090236,0.0002761880299246,0.0565323229684233,2.293581962585449,0.0036712512373924,0.1776091948151583,0.961977478265757,0.0,1079.1014400269032,1.4469029813661593e-08,32768.0,0,0,47.5906834602356,45.24137353897095,2.3474643230438232,18.023475170135494,26.041325569152832,24.255061864852905,0.8853964805603027,0.3787185612746035,0.2733193912891426,0.2733070850372314,0.2753965854644775,0.2764284896850585,70.02439917680843,23512130,23512130,728.6407325267792,48343.39389373071,60,384,32,coral,coral_bce,0.0,session_balanced,adamw,0.0003,0.05,cosine,5,60,5.0,True,full,raw,full_frame,dataset_v1_1,fp16,2,resnet50,1,2,base,a,86e0908dcc3c,0.359375,0.3333333333333333,0.2738095238095238,0.359375,0.2952008928571429,0.2323232323232323,0.3333333333333333,0.0,0.0,0.0,62,0.0,0.0,0.0,20,0.8214285714285715,1.0,0.696969696969697,46,0.5695538057742782,0.640625,0.1331351172778328,0.1779761050422128,1.2318919356688698,0.8337839769360651,0.8419012117665261,0.9996458602988202,0.7534103113703612,0.4825262117665261,0.4827807496767491,0.9024217881654438,0.4827807496767491,51.52272727272727,99.0,42.5,5776.801792000001,5776.801792,77.11363636363636,78.0,58.846363636363634,95.017,1217.0454545454545,5000.0,4.0,2722.955583872783,42108.9100615869,0.0,0.0,0.0,473.1043839999999,473.104384,39.0,39.0,9.592249999999998,10.452,300.0,405.0,1.0,457.8548397417044,7283.463480430607,69.23409090909091,74.5,4.427743790545454,4.572053504,16.1,2.855953873454546,2.88681984,26.437410816,0.0,3180.8104236144877,0.8835584510040242,0.6299771755658693,713.0,793,Tesla T4,16106.12736,70.0,GPU-9f4ff8b5-8ab3-4db4-8aad-33910b4643c3,Tesla T4,16106.12736,70.0,GPU-9f111faa-2f37-e4bf-0799-ffd89e5ef19c,580.159.04,0.0,62,0.0,20,1.0,5,1.0,41
a-resnet50-base-f1-s2,a,resnet50,base,1,2,16,1584,50688,1787784234.3744926,1787784283.0190127,2026-08-26T22:43:54Z,2026-08-26T22:44:43Z,acct1,0,1eca9c,Interactive,86e0908dcc3c,v1,0.0002205645617166,1.0,0.6822869955940405,0.0002713525491562,0.0027899580864786,0.0445997342467308,0.0013216191437095,0.0067797476891428,0.0374197728931903,0.0,1077.8817337511268,7.023611358273935e-10,32768.0,0,0,48.626590728759766,46.239845752716064,2.3855199813842773,19.079445600509644,25.96948838233948,24.258687019348145,0.901639461517334,0.3923665080066013,0.2727843824059072,0.2725334167480469,0.2743343830108642,0.2814037895202637,68.51233926994482,23512130,23512130,777.2673232555389,51512.174866496185,60,384,32,coral,coral_bce,0.0,session_balanced,adamw,0.0003,0.05,cosine,5,60,5.0,True,full,raw,full_frame,dataset_v1_1,fp16,2,resnet50,1,2,base,a,86e0908dcc3c,0.359375,0.3333333333333333,0.2738095238095238,0.359375,0.2952008928571429,0.2323232323232323,0.3333333333333333,0.0,0.0,0.0,62,0.0,0.0,0.0,20,0.8214285714285715,1.0,0.696969696969697,46,0.5695538057742782,0.640625,0.1331351172778328,0.1779761050422128,1.4297399939756847,0.8920237963636937,0.8445580760017037,0.9997481587140457,0.7575002247240485,0.4851830760017037,0.4851830760017037,0.9004127762534402,0.4851830760017037,52.6,99.0,59.0,5776.801792000001,5776.801792,76.82222222222222,78.0,54.02102222222222,77.736,1290.0,5000.0,4.0,2699.0421925587943,44836.71449301728,0.0,0.0,0.0,473.1043839999999,473.104384,39.0,39.0,9.607511111111112,10.353,300.0,405.0,1.0,469.7387802066824,7761.56658026362,69.05333333333334,74.7,4.213845378844444,4.324532224,15.4,2.7313512447999995,2.77710848,26.312101888,0.0,3168.7809727654767,0.880216936879299,0.6275946759949402,713.0,808,Tesla T4,16106.12736,70.0,GPU-9f4ff8b5-8ab3-4db4-8aad-33910b4643c3,Tesla T4,16106.12736,70.0,GPU-9f111faa-2f37-e4bf-0799-ffd89e5ef19c,580.159.04,0.0,62,0.0,20,1.0,5,1.0,41
a-resnet50-base-f1-s2,a,resnet50,base,1,2,17,1683,53856,1787784283.7069175,1787784331.8799746,2026-08-26T22:44:43Z,2026-08-26T22:45:31Z,acct1,0,1eca9c,Interactive,86e0908dcc3c,v1,0.0002091396692059,1.0,0.9357689342577942,0.0002661212415958,0.0032606749334419,0.116208329796791,0.0011202519526705,0.0064558279234915,0.0253426256775852,0.0,1076.675485129873,8.059390909447622e-10,32768.0,0,0,48.15312004089356,45.66678857803345,2.48469877243042,18.520970344543457,25.978464365005493,24.22907376289368,0.8859095573425293,0.3846265896958433,0.2726759958748865,0.2724945545196533,0.2745914459228515,0.279508056640625,69.37207757858116,23512130,23512130,825.4204432964325,54692.29195781216,60,384,32,coral,coral_bce,0.0,session_balanced,adamw,0.0003,0.05,cosine,5,60,5.0,True,full,raw,full_frame,dataset_v1_1,fp16,2,resnet50,1,2,base,a,86e0908dcc3c,0.484375,0.6,0.4282879818594104,0.484375,0.395421449829932,0.375042735042735,0.6,0.0,0.0,0.0,62,0.326530612244898,0.8,0.2051282051282051,20,0.9583333333333334,1.0,0.92,46,0.6129032258064516,0.515625,0.325455126157777,0.4609632946596419,1.884454085772702,0.9646489526838272,0.8969114813953638,0.8715049076464868,0.920778262795824,0.4125364813953638,0.516329059842974,0.9190127524462612,0.516329059842974,54.79545454545455,99.0,65.0,5776.801792000001,5776.801792,76.79545454545455,78.0,54.90265909090909,92.972,1303.2954545454545,5000.0,4.0,2715.858940506914,47591.95559414298,0.0,0.0,0.0,473.1043839999999,473.104384,39.0,39.0,9.612750000000002,10.154,300.0,405.0,1.0,464.2581508090561,8234.153256977332,69.47272727272727,76.3,4.272258327272727,4.412665856,15.6,2.72976169890909,2.736934912,26.312101888,0.0,3180.1170913159704,0.8833658586988806,0.629839857252302,713.0,800,Tesla T4,16106.12736,70.0,GPU-9f4ff8b5-8ab3-4db4-8aad-33910b4643c3,Tesla T4,16106.12736,70.0,GPU-9f111faa-2f37-e4bf-0799-ffd89e5ef19c,580.159.04,0.0,62,0.8,20,1.0,5,1.0,41
a-resnet50-base-f1-s2,a,resnet50,base,1,2,18,1782,57024,1787784332.5404236,1787784380.39019,2026-08-26T22:45:32Z,2026-08-26T22:46:20Z,acct1,0,1eca9c,Interactive,86e0908dcc3c,v1,0.0001794097030197,1.0,0.6235237696309923,0.0002605111706814,0.002833991720708,0.0713571235537529,0.0006203467492014,0.0096630783751606,0.0294609306380151,0.0,1075.4940681382964,6.864626432958447e-10,32768.0,0,0,47.832600593566895,45.40349292755127,2.4280006885528564,18.25794887542725,25.966362953186035,24.24889063835144,0.8874218463897705,0.3817051268143425,0.2727475069990062,0.2723197937011719,0.2745411396026611,0.2860284471511841,69.77436747113408,23512130,23512130,873.2530438899994,57883.15074170769,60,384,32,coral,coral_bce,0.0,session_balanced,adamw,0.0003,0.05,cosine,5,60,5.0,True,full,raw,full_frame,dataset_v1_1,fp16,2,resnet50,1,2,base,a,86e0908dcc3c,0.359375,0.3333333333333333,0.2738095238095238,0.359375,0.2952008928571429,0.2323232323232323,0.3333333333333333,0.0,0.0,0.0,62,0.0,0.0,0.0,20,0.8214285714285715,1.0,0.696969696969697,46,0.5695538057742782,0.640625,0.1331351172778328,0.1779761050422128,1.292352502367153,0.8491177376104345,0.8384895820636302,0.999762069919835,0.748019649851613,0.4791145820636302,0.4791145820636302,0.9026952323160672,0.4791145820636302,54.34090909090909,99.0,64.0,5776.801792000001,5776.801792,77.1590909090909,78.0,57.9525909090909,95.772,1216.3636363636365,5000.0,4.0,2727.799698471812,50357.22189547524,0.0,0.0,0.0,473.1043839999999,473.104384,39.0,39.0,9.592204545454548,9.857,300.0,405.0,1.0,463.0590854237144,8705.248818940656,69.05681818181817,74.6,4.300336872727272,4.40563712,15.6,2.72959488,2.72959488,26.255470592,0.0,3190.8587838955264,0.8863496621932018,0.6319673091437529,713.0,796,Tesla T4,16106.12736,70.0,GPU-9f4ff8b5-8ab3-4db4-8aad-33910b4643c3,Tesla T4,16106.12736,70.0,GPU-9f111faa-2f37-e4bf-0799-ffd89e5ef19c,580.159.04,0.0,62,0.0,20,1.0,5,1.0,41
a-resnet50-base-f1-s2,a,resnet50,base,1,2,19,1881,60192,1787784381.0457096,1787784428.6328082,2026-08-26T22:46:21Z,2026-08-26T22:47:08Z,acct1,0,1eca9c,Interactive,86e0908dcc3c,v1,5.862588488636186e-05,1.0,0.679710710686777,0.0002545406352982,0.0007105179168072,0.0070558250881731,0.0003774435026571,0.0024036902468651,0.0044305012375116,0.0,1074.3410014672666,1.6834104040330854e-10,32768.0,0,0,47.56738257408142,45.18092203140259,2.384655237197876,18.12323904037476,25.900148153305054,24.217516899108887,0.8824100494384766,0.3810013933844191,0.2718233917698716,0.2717328071594238,0.2734404563903808,0.2745519256591796,70.11809094551259,23512130,23512130,920.8204264640808,61029.894718478135,60,384,32,coral,coral_bce,0.0,session_balanced,adamw,0.0003,0.05,cosine,5,60,5.0,True,full,raw,full_frame,dataset_v1_1,fp16,2,resnet50,1,2,base,a,86e0908dcc3c,0.359375,0.3333333333333333,0.2738095238095238,0.359375,0.2952008928571429,0.2323232323232323,0.3333333333333333,0.0,0.0,0.0,62,0.0,0.0,0.0,20,0.8214285714285715,1.0,0.696969696969697,46,0.5695538057742782,0.640625,0.1331351172778328,0.1779761050422128,1.391335361488629,0.8813592982054416,0.8491678778082132,0.999796290760455,0.7646690120057362,0.4897928778082132,0.4897928778082132,0.9027161571112546,0.4897928778082132,59.81818181818182,99.0,62.0,5776.801792000001,5776.801792,76.81818181818181,78.0,53.15897727272728,97.327,1247.7272727272727,5000.0,4.0,2686.229618634745,53078.50018589533,0.0,0.0,0.0,473.1043839999999,473.104384,39.0,39.0,9.615022727272729,10.154,300.0,405.0,1.0,460.51435813570606,9174.196908741018,69.53636363636365,73.7,4.303264302545454,4.504203264,15.9,2.7304319534545454,2.766426112,26.312101888,0.0,3146.743976770451,0.874095549102903,0.6232301265103698,713.0,790,Tesla T4,16106.12736,70.0,GPU-9f4ff8b5-8ab3-4db4-8aad-33910b4643c3,Tesla T4,16106.12736,70.0,GPU-9f111faa-2f37-e4bf-0799-ffd89e5ef19c,580.159.04,0.0,62,0.0,20,1.0,5,1.0,41
a-resnet50-base-f1-s2,a,resnet50,base,1,2,20,1980,63360,1787784429.292724,1787784477.615373,2026-08-26T22:47:09Z,2026-08-26T22:47:57Z,acct1,0,1eca9c,Interactive,86e0908dcc3c,v1,7.470165286521836e-05,1.0,0.3344389399171632,0.0002482291100917,0.0009425076420273,0.0121035473421216,0.0004221018753014,0.0022371776634827,0.0120670595765113,0.0,1073.2167512405254,2.17996814683262e-10,32768.0,0,0,48.29900765419006,45.88344860076904,2.41433334350586,18.796131134033203,25.903757333755493,24.14445638656616,0.8928182125091553,0.3891618492166389,0.2721406040769635,0.2716531753540039,0.2735325336456299,0.279818696975708,69.04450507991899,23512130,23512130,969.1194341182708,64222.17686269042,60,384,32,coral,coral_bce,0.0,session_balanced,adamw,0.0003,0.05,cosine,5,60,5.0,True,full,raw,full_frame,dataset_v1_1,fp16,2,resnet50,1,2,base,a,86e0908dcc3c,0.53125,0.4516129032258065,0.4493305144467935,0.53125,0.5483879492600423,0.5451388888888888,0.4516129032258065,0.5116279069767442,0.3548387096774194,0.9166666666666666,62,0.0,0.0,0.0,20,0.8363636363636363,1.0,0.71875,46,0.7087378640776699,0.46875,0.3113342898134864,0.3448582793974397,0.7480128883085437,0.5038710490636887,0.7280156842898577,0.8515307403662625,0.5880319540699323,0.1967656842898577,0.2099531681742519,0.7518978516260783,0.2099531681742519,62.71111111111111,99.0,80.0,5776.801792000001,5776.801792,77.11111111111111,78.0,56.40875555555555,84.857,1219.3333333333333,5000.0,4.0,2720.0899677532216,55831.59637424223,0.0,0.0,0.0,473.1043839999999,473.104384,39.0,39.0,9.701844444444443,10.254,300.0,405.0,1.0,472.19217645906974,9654.258694243925,68.78666666666668,76.2,4.296826333866667,4.473372672,15.8,2.731099295288888,2.768457728,26.312101888,0.0,3192.2821442122918,0.8867450400589698,0.6322492135620454,713.0,802,Tesla T4,16106.12736,70.0,GPU-9f4ff8b5-8ab3-4db4-8aad-33910b4643c3,Tesla T4,16106.12736,70.0,GPU-9f111faa-2f37-e4bf-0799-ffd89e5ef19c,580.159.04,0.3548387096774194,62,0.0,20,1.0,5,1.0,41
a-resnet50-base-f1-s2,a,resnet50,base,1,2,21,2079,66528,1787784478.530196,1787784526.413936,2026-08-26T22:47:58Z,2026-08-26T22:48:46Z,acct1,0,1eca9c,Interactive,86e0908dcc3c,v1,0.0001026049727406,1.0,0.3955883573762548,0.0002415971819453,0.0017505140899124,0.0591112002730369,0.000315026147291,0.0048048738390207,0.0341184809058903,0.0,1072.122623213914,3.944691231406193e-10,65536.0,0,0,47.86474990844727,45.31515097618103,2.5481116771698,18.207019090652462,25.910516023635864,24.13730835914612,0.9061777591705322,0.3803847116192548,0.272204415966766,0.2715504169464111,0.2738961696624756,0.2843374347686767,69.9103926998984,23512130,23512130,1016.984184026718,67374.95821551794,60,384,32,coral,coral_bce,0.0,session_balanced,adamw,0.0003,0.05,cosine,5,60,5.0,True,full,raw,full_frame,dataset_v1_1,fp16,2,resnet50,1,2,base,a,86e0908dcc3c,0.4296875,0.3817204301075269,0.3583165660630449,0.4296875,0.4180001886317908,0.5656565656565656,0.3817204301075269,0.2535211267605634,0.1451612903225806,1.0,62,0.0,0.0,0.0,20,0.8214285714285715,1.0,0.696969696969697,46,0.6299112801013942,0.5703125,0.2034100596760443,0.2493011796307896,0.8557474529234828,0.5880411504397992,0.7447821686509997,0.915384876728058,0.616245881743627,0.3150946686509996,0.3151930982712656,0.8091199596722921,0.3151930982712656,56.36363636363637,99.0,65.5,5776.801792000001,5776.801792,77.0909090909091,78.0,58.03909090909092,90.734,1202.0454545454545,5000.0,4.0,2681.9902443225,58561.95285621989,0.0,0.0,0.0,473.1043839999999,473.104384,39.0,39.0,9.772431818181817,10.944,300.0,405.0,1.0,470.79110850502,10135.880035167003,68.75227272727273,74.1,4.3781127447272725,4.496359424,15.9,2.73752064,2.73752064,26.320154624,0.0,3152.78135282752,0.8757725980076445,0.6244258623794505,713.0,798,Tesla T4,16106.12736,70.0,GPU-9f4ff8b5-8ab3-4db4-8aad-33910b4643c3,Tesla T4,16106.12736,70.0,GPU-9f111faa-2f37-e4bf-0799-ffd89e5ef19c,580.159.04,0.1451612903225806,62,0.0,20,1.0,5,1.0,41
a-resnet50-base-f1-s2,a,resnet50,base,1,2,22,2178,69696,1787784527.100338,1787784575.6333144,2026-08-26T22:48:47Z,2026-08-26T22:49:35Z,acct1,0,1eca9c,Interactive,86e0908dcc3c,v1,6.572142806224733e-05,1.0,0.436466662089515,0.00023466648283,0.0008046287654327,0.0091585982590913,0.0003144902002532,0.00338699251879,0.0052535831741988,0.0,1071.0611138502456,1.7629190335292386e-10,65536.0,0,0,48.51268267631531,45.9930145740509,2.517794609069824,18.897017002105716,25.921742916107178,24.08759450912476,0.8951313495635986,0.3895273557265376,0.272151236582284,0.2719068527221679,0.2734823226928711,0.2768522119522094,68.88002513728192,23512130,23512130,1065.4968667030334,70554.13097204137,60,384,32,coral,coral_bce,0.0,session_balanced,adamw,0.0003,0.05,cosine,5,60,5.0,True,full,raw,full_frame,dataset_v1_1,fp16,2,resnet50,1,2,base,a,86e0908dcc3c,0.3671875,0.3387096774193548,0.2843915343915344,0.3671875,0.310577876984127,0.5656565656565656,0.3387096774193548,0.0317460317460317,0.0161290322580645,1.0,62,0.0,0.0,0.0,20,0.8214285714285715,1.0,0.696969696969697,46,0.5764705882352941,0.6328125,0.1407260069617106,0.1860892105738385,0.9344571506152348,0.6521656763696244,0.7672220973763615,0.9879233989309756,0.6391608483261533,0.4000345973763615,0.4001588032115251,0.8691253662109375,0.4001588032115251,60.66666666666666,99.0,80.0,5776.801792000001,5776.801792,76.95555555555555,78.0,54.176177777777774,74.215,1243.0,5000.0,4.0,2701.422321623148,61300.38950871128,0.0,0.0,0.0,473.1043839999999,473.104384,39.0,39.0,9.821422222222225,10.452,300.0,405.0,1.0,477.7504349002848,10622.346080468438,68.77333333333333,75.7,4.475337841777777,4.533010432,16.1,2.855056725333334,2.893242368,26.435969024,0.0,3179.1727565234323,0.8831035434787312,0.6296528265003354,713.0,804,Tesla T4,16106.12736,70.0,GPU-9f4ff8b5-8ab3-4db4-8aad-33910b4643c3,Tesla T4,16106.12736,70.0,GPU-9f111faa-2f37-e4bf-0799-ffd89e5ef19c,580.159.04,0.0161290322580645,62,0.0,20,1.0,5,1.0,41
a-resnet50-base-f1-s2,a,resnet50,base,1,2,23,2277,72864,1787784576.3166385,1787784624.1144176,2026-08-26T22:49:36Z,2026-08-26T22:50:24Z,acct1,0,1eca9c,Interactive,86e0908dcc3c,v1,0.0003167714643946,0.9996843434343434,0.3157178250621655,0.0002274596192458,0.0111558674394436,0.5890645384788513,0.000678202137351,0.0204105345532297,0.2688419932126986,0.0,1070.069401187102,2.3713502669246763e-09,65536.0,0,0,47.77712821960449,45.30723762512207,2.468336582183838,18.153456449508667,25.958744525909424,24.14830327033997,0.9026200771331788,0.3799612309485717,0.272695237940008,0.2726294994354248,0.2743167877197265,0.27855881690979,69.9226032320143,23512130,23512130,1113.273994922638,73744.86889760327,60,384,32,coral,coral_bce,0.0,session_balanced,adamw,0.0003,0.05,cosine,5,60,5.0,True,full,raw,full_frame,dataset_v1_1,fp16,2,resnet50,1,2,base,a,86e0908dcc3c,0.84375,0.6666666666666666,0.6071428571428572,0.84375,0.7795758928571429,0.5656565656565656,0.6666666666666666,1.0,1.0,1.0,62,0.0,0.0,0.0,20,0.8214285714285715,1.0,0.696969696969697,46,0.9156118143459916,0.15625,0.7306397306397306,0.7666662986433782,0.6643651447048736,0.3387414319896153,0.7408794229850173,0.7650169051355786,0.6105370193719863,-0.1028705770149827,0.1028705770149827,0.4733414947986603,0.1028705770149827,52.977777777777774,99.0,53.0,5776.801792000001,5776.801792,77.02222222222223,78.0,58.72748888888889,89.093,1206.0,5000.0,4.0,2725.1690117580947,64059.12974049444,0.0,0.0,0.0,473.1043839999999,473.104384,39.0,39.0,9.6732,10.254,300.0,405.0,1.0,465.5689138038142,11095.922600223086,68.58,74.8,4.509103627377778,4.614508544,16.2,2.8515614720000007,2.851561472,26.377568256,0.0,3190.737925561909,0.8863160904338636,0.6319433724793447,713.0,795,Tesla T4,16106.12736,70.0,GPU-9f4ff8b5-8ab3-4db4-8aad-33910b4643c3,Tesla T4,16106.12736,70.0,GPU-9f111faa-2f37-e4bf-0799-ffd89e5ef19c,580.159.04,1.0,62,0.0,20,1.0,5,1.0,41
a-resnet50-base-f1-s2,a,resnet50,base,1,2,24,2376,76032,1787784625.4913197,1787784673.7650397,2026-08-26T22:50:25Z,2026-08-26T22:51:13Z,acct1,0,1eca9c,Interactive,86e0908dcc3c,v1,5.699612923152274e-05,1.0,0.2187208806444687,0.0002200000984838,0.0011395495924748,0.0330185107886791,0.000300023733871,0.0026385244447737,0.0219559072703122,0.0,1069.0748260462574,2.345027835880021e-10,65536.0,0,0,48.25431942939758,45.81389403343201,2.4389777183532715,18.669972896575928,25.94859790802002,24.233639240264893,0.8929252624511719,0.386907806748628,0.2727408649945499,0.2720484733581543,0.2739974021911621,0.2839966630935667,69.14932831704284,23512130,23512130,1161.5283143520355,76941.05146754856,60,384,32,coral,coral_bce,0.0,session_balanced,adamw,0.0003,0.05,cosine,5,60,5.0,True,full,raw,full_frame,dataset_v1_1,fp16,2,resnet50,1,2,base,a,86e0908dcc3c,0.84375,0.6666666666666666,0.6071428571428572,0.84375,0.7795758928571429,0.5656565656565656,0.6666666666666666,1.0,1.0,1.0,62,0.0,0.0,0.0,20,0.8214285714285715,1.0,0.696969696969697,46,0.9156118143459916,0.15625,0.7306397306397306,0.7666662986433782,0.5768744258039599,0.2600951046191679,0.8147886695805937,0.8582012901703516,0.5803605183959007,-0.0289613304194062,0.172847916604951,0.5673399766286215,0.172847916604951,50.8,99.0,51.0,5776.801792000001,5776.801792,77.06666666666666,78.0,54.04246666666667,88.787,1236.6666666666667,5000.0,4.0,2729.567600528193,66846.26899010601,0.0,0.0,0.0,473.1043839999999,473.104384,39.0,39.0,9.67117777777778,10.154,300.0,405.0,1.0,466.6149694170908,11577.948406211392,68.75777777777779,75.1,4.442515501511111,4.537315328,16.1,2.730216561777778,2.7573248,26.312101888,0.0,3196.182569945284,0.8878284916514677,0.6330217145474965,713.0,804,Tesla T4,16106.12736,70.0,GPU-9f4ff8b5-8ab3-4db4-8aad-33910b4643c3,Tesla T4,16106.12736,70.0,GPU-9f111faa-2f37-e4bf-0799-ffd89e5ef19c,580.159.04,1.0,62,0.0,20,1.0,5,1.0,41
a-resnet50-base-f1-s2,a,resnet50,base,1,2,25,2475,79200,1787784674.4319117,1787784722.5868444,2026-08-26T22:51:14Z,2026-08-26T22:52:02Z,acct1,0,1eca9c,Interactive,86e0908dcc3c,v1,5.798749174977679e-05,1.0,0.2431936288412544,0.0002123122519502,0.0007711908768426,0.0150545071810483,0.0003410264325793,0.0021478380076587,0.0099278036132454,0.0,1068.1145918969094,1.53291859308082e-10,65536.0,0,0,48.1359076499939,45.676498889923096,2.458263874053955,18.602553606033325,25.901293516159058,24.188799619674683,0.8848495483398438,0.3864589765564685,0.2719337458562369,0.271834135055542,0.2734232902526855,0.2757473039627075,69.35732985215526,23512130,23512130,1209.6642220020294,80091.95340108313,60,384,32,coral,coral_bce,0.0,session_balanced,adamw,0.0003,0.05,cosine,5,60,5.0,True,full,raw,full_frame,dataset_v1_1,fp16,2,resnet50,1,2,base,a,86e0908dcc3c,0.84375,0.6666666666666666,0.6071428571428572,0.84375,0.7795758928571429,0.5656565656565656,0.6666666666666666,1.0,1.0,1.0,62,0.0,0.0,0.0,20,0.8214285714285715,1.0,0.696969696969697,46,0.9156118143459916,0.15625,0.7306397306397306,0.7666662986433782,0.5894992658112459,0.2767933576342262,0.791076508583501,0.8298617303371429,0.5816363111138344,-0.052673491416499,0.1424869282636791,0.5086920633912086,0.1424869282636791,58.13333333333333,99.0,75.0,5776.801792000001,5776.801792,76.91111111111111,78.0,54.54451111111113,76.807,1237.0,5000.0,4.0,2685.315015624481,69570.78064084826,0.0,0.0,0.0,473.1043839999999,473.104384,39.0,39.0,9.61388888888889,10.452,300.0,405.0,1.0,465.5869179100919,12051.680099408395,68.75999999999999,76.5,4.454018798933332,4.553867264,16.0,2.7312749681777784,2.78091776,26.312101888,0.0,3150.901933534573,0.8752505370929369,0.624053632947264,713.0,800,Tesla T4,16106.12736,70.0,GPU-9f4ff8b5-8ab3-4db4-8aad-33910b4643c3,Tesla T4,16106.12736,70.0,GPU-9f111faa-2f37-e4bf-0799-ffd89e5ef19c,580.159.04,1.0,62,0.0,20,1.0,5,1.0,41
a-resnet50-base-f1-s2,a,resnet50,base,1,2,26,2574,82368,1787784723.2555263,1787784772.086179,2026-08-26T22:52:03Z,2026-08-26T22:52:52Z,acct1,0,1eca9c,Interactive,86e0908dcc3c,v1,3.165285302156458e-05,1.0,0.1762681759355473,0.0002044211558025,0.0004286749430725,0.003056053770706,0.0002496943052392,0.001475338533055,0.0023815177148207,0.0,1067.1902634349904,8.211303113320957e-11,65536.0,0,0,48.81073498725891,46.38046407699585,2.429246664047241,19.26333332061768,25.92322826385498,24.15238094329834,0.907383680343628,0.3946536212914227,0.2723908159467909,0.2718207836151123,0.2740015506744385,0.2856194162368774,68.3046205562072,23512130,23512130,1258.4749569892883,83273.56234047693,60,384,32,coral,coral_bce,0.0,session_balanced,adamw,0.0003,0.05,cosine,5,60,5.0,True,full,raw,full_frame,dataset_v1_1,fp16,2,resnet50,1,2,base,a,86e0908dcc3c,0.84375,0.6666666666666666,0.607017798063223,0.84375,0.7745961022966021,0.5598238316613653,0.6666666666666666,0.9612403100775194,1.0,0.9253731343283582,62,0.0,0.0,0.0,20,0.8598130841121495,1.0,0.7540983606557377,46,0.9147121535181236,0.15625,0.7283531409168081,0.7582971594840284,0.5102470907078278,0.2289083444773537,0.8411498677451164,0.8994708022585621,0.526216821372509,-0.0026001322548836,0.1670428889337927,0.5604512956407335,0.1670428889337927,58.93478260869565,99.0,75.0,5776.801792000001,5776.801792,76.95652173913044,78.0,59.27567391304349,101.249,1181.4130434782608,5000.0,4.0,2710.3670052447706,72310.52847076167,0.0,0.0,0.0,473.1043839999998,473.104384,38.97826086956522,39.0,9.63213043478261,10.055,300.0,405.0,1.0,471.2419341490368,12530.612585170524,68.28260869565216,77.1,4.476925150608696,4.566626304,16.2,2.7296030720000006,2.729603072,26.255470592,0.0,3181.6089393938078,0.8837802609427242,0.6301353260521624,713.0,812,Tesla T4,16106.12736,70.0,GPU-9f4ff8b5-8ab3-4db4-8aad-33910b4643c3,Tesla T4,16106.12736,70.0,GPU-9f111faa-2f37-e4bf-0799-ffd89e5ef19c,580.159.04,1.0,62,0.0,20,1.0,5,1.0,41
a-resnet50-base-f1-s2,a,resnet50,base,1,2,27,2673,85536,1787784772.754157,1787784820.7256038,2026-08-26T22:52:52Z,2026-08-26T22:53:40Z,acct1,0,1eca9c,Interactive,86e0908dcc3c,v1,3.8319493027338834e-05,1.0,0.2555428361574741,0.0001963525491562,0.0005731953781584,0.0074526313692331,0.00018741824897,0.0021036789519712,0.0064355369564145,0.0,1066.3023298842422,1.0555015262717751e-10,65536.0,0,0,47.94686698913574,45.51807427406311,2.4272620677948,18.395297527313232,25.93962812423706,24.1453857421875,0.8884391784667969,0.3836600529390463,0.2723731127652255,0.2721142768859863,0.2747617721557617,0.2808588743209839,69.59872645150928,23512130,23512130,1306.421823978424,86476.4527896644,60,384,32,coral,coral_bce,0.0,session_balanced,adamw,0.0003,0.05,cosine,5,60,5.0,True,full,raw,full_frame,dataset_v1_1,fp16,2,resnet50,1,2,base,a,86e0908dcc3c,0.84375,0.6666666666666666,0.6071428571428572,0.84375,0.7795758928571429,0.5656565656565656,0.6666666666666666,1.0,1.0,1.0,62,0.0,0.0,0.0,20,0.8214285714285715,1.0,0.696969696969697,46,0.9156118143459916,0.15625,0.7306397306397306,0.7666662986433782,0.6013274604476119,0.2865367430957567,0.775379431899637,0.813999006041774,0.5668337315320968,-0.068370568100363,0.1554990555159747,0.5048889418443044,0.1554990555159747,49.15555555555556,99.0,49.0,5776.801792000001,5776.801792,77.0,78.0,54.467688888888894,84.227,1293.0,5000.0,4.0,2738.191968275263,75087.88530406076,0.0,0.0,0.0,473.1043839999999,473.104384,39.0,39.0,9.65128888888889,10.448,300.0,405.0,1.0,464.6984809122114,13003.521400093336,68.70444444444445,76.6,4.494840081066667,4.584579072,16.2,2.731987126044445,2.786226176,26.312101888,0.0,3202.8904491874746,0.8896917914409652,0.6343502472974082,713.0,794,Tesla T4,16106.12736,70.0,GPU-9f4ff8b5-8ab3-4db4-8aad-33910b4643c3,Tesla T4,16106.12736,70.0,GPU-9f111faa-2f37-e4bf-0799-ffd89e5ef19c,580.159.04,1.0,62,0.0,20,1.0,5,1.0,41
a-resnet50-base-f1-s2,a,resnet50,base,1,2,28,2772,88704,1787784821.382254,1787784869.385439,2026-08-26T22:53:41Z,2026-08-26T22:54:29Z,acct1,0,1eca9c,Interactive,86e0908dcc3c,v1,3.3054215156531574e-05,1.0,0.1381175599090056,0.000188132750129,0.0005904620384631,0.0172212347388267,0.0002147025807062,0.0018785666208714,0.0039028968196361,0.0,1065.4515327332529,1.0426119230208526e-10,65536.0,0,0,47.98354887962341,45.57013249397278,2.412346839904785,18.519190311431885,25.86812973022461,24.14109826087952,0.9042394161224364,0.3859487416800095,0.2717590307948565,0.2714333534240722,0.273056173324585,0.2819388580322265,69.5192185455903,23512130,23512130,1354.4053728580477,89660.31473823177,60,384,32,coral,coral_bce,0.0,session_balanced,adamw,0.0003,0.05,cosine,5,60,5.0,True,full,raw,full_frame,dataset_v1_1,fp16,2,resnet50,1,2,base,a,86e0908dcc3c,0.84375,0.6666666666666666,0.6203703703703703,0.84375,0.7764756944444444,0.5853658536585366,0.6666666666666666,0.8611111111111112,1.0,0.7560975609756098,62,0.0,0.0,0.0,20,1.0,1.0,1.0,46,0.9118942731277532,0.15625,0.7212543554006968,0.7617263074577288,0.4756865250738817,0.2167726157728893,0.8949006237089634,0.9532157635247266,0.5799988687038422,0.0511506237089633,0.1300990227609872,0.7010878125826517,0.1300990227609872,56.977777777777774,99.0,68.0,5776.801792000001,5776.801792,76.86666666666666,78.0,54.137688888888896,81.69,1266.3333333333333,5000.0,4.0,2721.4986475997,77845.87862654025,0.0,0.0,0.0,473.1043839999999,473.104384,39.0,39.0,9.58068888888889,10.452,300.0,405.0,1.0,462.363300967676,13473.776766800407,68.25999999999999,75.7,4.487968085333335,4.621877248,16.2,2.7315371121777785,2.763157504,26.312101888,0.0,3183.8619485673757,0.884406096824271,0.6305815470357052,713.0,798,Tesla T4,16106.12736,70.0,GPU-9f4ff8b5-8ab3-4db4-8aad-33910b4643c3,Tesla T4,16106.12736,70.0,GPU-9f111faa-2f37-e4bf-0799-ffd89e5ef19c,580.159.04,1.0,62,0.0,20,1.0,5,1.0,41
a-resnet50-base-f1-s2,a,resnet50,base,1,2,29,2871,91872,1787784869.9979458,1787784918.0334623,2026-08-26T22:54:29Z,2026-08-26T22:55:18Z,acct1,0,1eca9c,Interactive,86e0908dcc3c,v1,3.183158986702796e-05,1.0,0.1709682669916219,0.0001797885699968,0.0004107632204352,0.006548848003149,0.0001533347531221,0.0011460097623057,0.0045580213703215,0.0,1064.6380560634382,6.936679709011385e-11,65536.0,0,0,48.01637601852417,45.61693859100342,2.3984978199005127,18.55250740051269,25.869046926498413,24.108546018600464,0.9110794067382812,0.3863787511443043,0.2718718268654563,0.2715539932250976,0.2736522674560547,0.2800949621200561,69.44788707554333,23512130,23512130,1402.4217488765717,92850.16630638084,60,384,32,coral,coral_bce,0.0,session_balanced,adamw,0.0003,0.05,cosine,5,60,5.0,True,full,raw,full_frame,dataset_v1_1,fp16,2,resnet50,1,2,base,a,86e0908dcc3c,0.84375,0.6666666666666666,0.607017798063223,0.84375,0.7745961022966021,0.5598238316613653,0.6666666666666666,0.9612403100775194,1.0,0.9253731343283582,62,0.0,0.0,0.0,20,0.8598130841121495,1.0,0.7540983606557377,46,0.9147121535181236,0.15625,0.7283531409168081,0.7582971594840284,0.5080094329456611,0.2269065063039114,0.8470256940927356,0.9060018239197908,0.528554593026638,0.0032756940927356,0.1618976162280887,0.559217778119174,0.1618976162280887,52.08888888888889,99.0,70.0,5776.801792000001,5776.801792,77.04444444444445,78.0,55.77557777777778,90.287,1231.3333333333333,5000.0,4.0,2726.412076244349,80608.29608656386,0.0,0.0,0.0,473.1043839999999,473.104384,39.0,39.0,9.560688888888889,10.051,300.0,405.0,1.0,463.4394919047336,13944.861853565695,68.49555555555555,75.2,4.474561331199999,4.583989248,16.3,2.7304069802666677,2.765778944,26.312101888,0.0,3189.8515681490826,0.8860698800414119,0.6317678244695267,713.0,800,Tesla T4,16106.12736,70.0,GPU-9f4ff8b5-8ab3-4db4-8aad-33910b4643c3,Tesla T4,16106.12736,70.0,GPU-9f111faa-2f37-e4bf-0799-ffd89e5ef19c,580.159.04,1.0,62,0.0,20,1.0,5,1.0,41
a-resnet50-base-f1-s2,a,resnet50,base,1,2,30,2970,95040,1787784918.6513078,1787784967.5053816,2026-08-26T22:55:18Z,2026-08-26T22:56:07Z,acct1,0,1eca9c,Interactive,86e0908dcc3c,v1,2.18647947193206e-05,1.0,0.1486082188366708,0.0001713472257409,0.000281261301768,0.0022836802527308,0.0001250208588317,0.0011146546923555,0.0020571278547868,0.0,1063.862649438091,4.530034379128584e-11,65536.0,0,0,48.832767724990845,46.367592096328735,2.4637367725372314,19.289643049240112,25.889238834381104,24.11651396751404,0.8945739269256592,0.3950143304977647,0.2719510155494767,0.2717289924621582,0.2730916023254394,0.2806704521179199,68.32358241546112,23512130,23512130,1451.2545166015625,96056.39079520822,60,384,32,coral,coral_bce,0.0,session_balanced,adamw,0.0003,0.05,cosine,5,60,5.0,True,full,raw,full_frame,dataset_v1_1,fp16,2,resnet50,1,2,base,a,86e0908dcc3c,0.84375,0.6666666666666666,0.6091113062140279,0.84375,0.7723697688030436,0.5608465608465608,0.6666666666666666,0.9253731343283582,1.0,0.8611111111111112,62,0.0,0.0,0.0,20,0.9019607843137256,1.0,0.8214285714285714,46,0.9137931034482758,0.15625,0.726027397260274,0.7545535222067162,0.5009716713122496,0.219442351435716,0.8724047183059156,0.935977691301593,0.5291106641292572,0.0286547183059155,0.1366923642344772,0.6200464069843292,0.1366923642344772,58.23913043478261,99.0,78.5,5776.801792000001,5776.801792,77.02173913043478,78.0,57.39536956521738,101.119,1244.6739130434785,5000.0,4.0,2734.5096374391437,83371.62043732849,0.0,0.0,0.0,473.1043839999998,473.104384,39.0,39.0,9.63608695652174,10.452,300.0,405.0,1.0,471.7148513882239,14423.314226134788,67.8695652173913,73.8,4.612447988869564,4.718542848,16.5,2.85687808,2.85687808,26.382876672,0.0,3206.224488827367,0.8906179135631576,0.6350105723705314,713.0,811,Tesla T4,16106.12736,70.0,GPU-9f4ff8b5-8ab3-4db4-8aad-33910b4643c3,Tesla T4,16106.12736,70.0,GPU-9f111faa-2f37-e4bf-0799-ffd89e5ef19c,580.159.04,1.0,62,0.0,20,1.0,5,1.0,41
a-resnet50-base-f1-s2,a,resnet50,base,1,2,31,3069,98208,1787784968.5243297,1787785016.7973096,2026-08-26T22:56:08Z,2026-08-26T22:56:56Z,acct1,0,1eca9c,Interactive,86e0908dcc3c,v1,2.74024533825808e-05,1.0,0.1363024981637863,0.0001628362512718,0.0003460874249132,0.0043525001965463,0.0001541224046377,0.0010417099110782,0.0022836960013955,0.0,1063.1252913021196,5.3009348330121706e-11,65536.0,0,0,48.250009059906006,45.7832977771759,2.465627908706665,18.64735460281372,25.93059468269348,24.201986074447632,0.9055638313293456,0.3864735979564611,0.272386078882699,0.2717454433441162,0.2731053829193115,0.2879653692245482,69.19553972320722,23512130,23512130,1499.5045256614685,99223.19165029172,60,384,32,coral,coral_bce,0.0,session_balanced,adamw,0.0003,0.05,cosine,5,60,5.0,True,full,raw,full_frame,dataset_v1_1,fp16,2,resnet50,1,2,base,a,86e0908dcc3c,0.84375,0.6666666666666666,0.6091113062140279,0.84375,0.7723697688030436,0.5608465608465608,0.6666666666666666,0.9253731343283582,1.0,0.8611111111111112,62,0.0,0.0,0.0,20,0.9019607843137256,1.0,0.8214285714285714,46,0.9137931034482758,0.15625,0.726027397260274,0.7545535222067162,0.4632607581115576,0.2115940981993396,0.8837334287818521,0.9495357837941912,0.5284007117152214,0.0399834287818521,0.1251417936291545,0.6256935000419617,0.1251417936291545,47.77272727272727,99.0,38.0,5776.801792000001,5776.801792,76.95454545454545,78.0,54.30820454545455,99.209,1259.659090909091,5000.0,4.0,2702.276193468613,86119.38150710602,0.0,0.0,0.0,473.1043839999999,473.104384,39.0,39.0,9.601545454545455,10.353,300.0,405.0,1.0,464.5246616148997,14900.437642348306,69.1659090909091,76.4,4.489063517090909,4.55643136,16.1,2.7420709236363634,2.78503424,26.322313216,0.0,3166.800855083513,0.8796669041898647,0.6272025026873735,713.0,800,Tesla T4,16106.12736,70.0,GPU-9f4ff8b5-8ab3-4db4-8aad-33910b4643c3,Tesla T4,16106.12736,70.0,GPU-9f111faa-2f37-e4bf-0799-ffd89e5ef19c,580.159.04,1.0,62,0.0,20,1.0,5,1.0,41
a-resnet50-base-f1-s2,a,resnet50,base,1,2,32,3168,101376,1787785017.390396,1787785065.9071016,2026-08-26T22:56:57Z,2026-08-26T22:57:45Z,acct1,0,1eca9c,Interactive,86e0908dcc3c,v1,2.096816505436804e-05,1.0,0.1613338626884797,0.000154283407619,0.0002885927297396,0.0028803430031985,0.0001317017449764,0.0011101002455689,0.0026528900023549,0.0,1062.426341399993,4.190885337015633e-11,65536.0,0,0,48.49611520767212,45.976043462753296,2.519037961959839,18.950941562652588,25.848426342010494,24.023624420166016,0.8934366703033447,0.3907723635491227,0.2714294688870208,0.2714302539825439,0.2733287811279297,0.2749800157546997,68.90545078256899,23512130,23512130,1548.0006408691406,102381.89179243224,60,384,32,coral,coral_bce,0.0,session_balanced,adamw,0.0003,0.05,cosine,5,60,5.0,True,full,raw,full_frame,dataset_v1_1,fp16,2,resnet50,1,2,base,a,86e0908dcc3c,0.84375,0.6666666666666666,0.6098032025424764,0.84375,0.7722588925559222,0.561892901618929,0.6666666666666666,0.9185185185185184,1.0,0.8493150684931506,62,0.0,0.0,0.0,20,0.9108910891089108,1.0,0.8363636363636363,46,0.9136069114470844,0.15625,0.725557461406518,0.754365899771302,0.4564065456177411,0.2141531954287664,0.8444259495008737,0.9083266605933508,0.4993621096014976,0.0006759495008736,0.1553747097495943,0.6031724214553833,0.1553747097495943,58.48888888888889,99.0,67.0,5776.801792000001,5776.801792,77.02222222222223,78.0,57.443,92.972,1220.6666666666667,5000.0,4.0,2691.562264335502,88842.42394816621,0.0,0.0,0.0,473.1043839999999,473.104384,39.0,39.0,9.56542222222222,9.853,300.0,405.0,1.0,467.1378778049948,15374.979287915485,68.76444444444444,74.4,4.597800231822222,4.655845376,16.3,2.856043588266666,2.875293696,26.438197248,0.0,3158.7001421404966,0.8774167061501379,0.6255981114850483,713.0,806,Tesla T4,16106.12736,70.0,GPU-9f4ff8b5-8ab3-4db4-8aad-33910b4643c3,Tesla T4,16106.12736,70.0,GPU-9f111faa-2f37-e4bf-0799-ffd89e5ef19c,580.159.04,1.0,62,0.0,20,1.0,5,1.0,41
a-resnet50-base-f1-s2,a,resnet50,base,1,2,33,3267,104544,1787785066.5066466,1787785115.447069,2026-08-26T22:57:46Z,2026-08-26T22:58:35Z,acct1,0,1eca9c,Interactive,86e0908dcc3c,v1,2.8726711564265103e-05,1.0,0.2510274885644321,0.0001457165923809,0.0003529341486342,0.0080900145694613,0.0001156372891273,0.0008256330445874,0.0048338515870272,0.0,1061.7656231826038,4.8436642090280175e-11,65536.0,0,0,48.92003607749939,46.41945028305054,2.4994986057281494,19.386411428451535,25.82822132110596,24.128021717071533,0.9132277965545654,0.396287758204828,0.2715505373598349,0.2710580825805664,0.273302412033081,0.2828150653839111,68.24725369823594,23512130,23512130,1596.92067694664,105580.2700106197,60,384,32,coral,coral_bce,0.0,session_balanced,adamw,0.0003,0.05,cosine,5,60,5.0,True,full,raw,full_frame,dataset_v1_1,fp16,2,resnet50,1,2,base,a,86e0908dcc3c,0.84375,0.6666666666666666,0.6071428571428572,0.84375,0.7795758928571429,0.5656565656565656,0.6666666666666666,1.0,1.0,1.0,62,0.0,0.0,0.0,20,0.8214285714285715,1.0,0.696969696969697,46,0.9156118143459916,0.15625,0.7306397306397306,0.7666662986433782,0.5939506181647078,0.2843240772604085,0.7854641841258854,0.8197050745840426,0.6005633756518364,-0.0582858158741146,0.0956954143475741,0.5002155154943466,0.0956954143475741,52.26086956521739,99.0,61.0,5776.801792000001,5776.801792,76.73913043478261,78.0,55.44334782608696,90.401,1278.2608695652175,5000.0,4.0,2725.1446350478363,91604.392953588,0.0,0.0,0.0,473.1043839999998,473.104384,38.97826086956522,39.0,9.623260869565218,10.452,300.0,405.0,1.0,473.2335831396376,15855.94046260595,67.77173913043477,75.3,4.490677292521738,4.57009152,16.1,2.7361112598260875,2.851897344,26.377895936,0.0,3198.378218187474,0.888438393940965,0.633456574879908,713.0,812,Tesla T4,16106.12736,70.0,GPU-9f4ff8b5-8ab3-4db4-8aad-33910b4643c3,Tesla T4,16106.12736,70.0,GPU-9f111faa-2f37-e4bf-0799-ffd89e5ef19c,580.159.04,1.0,62,0.0,20,1.0,5,1.0,41
a-resnet50-base-f1-s2,a,resnet50,base,1,2,34,3366,107712,1787785116.0533154,1787785165.0663514,2026-08-26T22:58:36Z,2026-08-26T22:59:25Z,acct1,0,1eca9c,Interactive,86e0908dcc3c,v1,0.0011834030330343,0.9990530303030304,0.3442513142217649,0.0001371637487281,0.0328890815129889,1.4286149740219116,0.0012764018028974,0.0307995775714516,1.385931403636932,0.0,1061.2264249114728,4.2509210161482505e-09,65536.0,0,0,48.99137568473816,46.57808470726013,2.4121572971343994,19.32428526878357,26.020589351654053,24.31200671195984,0.919487237930298,0.3944425931848958,0.2735718235825047,0.2731244564056396,0.2752518177032471,0.285582365989685,68.01481898430666,23512130,23512130,1645.9120526313782,108833.94089218102,60,384,32,coral,coral_bce,0.0,session_balanced,adamw,0.0003,0.05,cosine,5,60,5.0,True,full,raw,full_frame,dataset_v1_1,fp16,2,resnet50,1,2,base,a,86e0908dcc3c,0.84375,0.6666666666666666,0.6069429429429429,0.84375,0.7783603603603603,0.563939763939764,0.6666666666666666,0.992,1.0,0.984126984126984,62,0.0,0.0,0.0,20,0.8288288288288288,1.0,0.7076923076923077,46,0.9154334038054968,0.15625,0.730185497470489,0.7646195520281819,0.6764642236358291,0.3598307977415849,0.6997887038160115,0.7376791233265841,0.4951804384589195,-0.1439612961839884,0.1583240304607898,0.4596074968576431,0.1583240304607898,57.08695652173913,99.0,82.0,5776.801792000001,5776.801792,77.15217391304348,78.0,59.88063043478262,99.695,1203.9130434782608,5000.0,4.0,2771.426028752161,94403.91277923256,0.0,0.0,0.0,473.1043839999998,473.104384,39.0,39.0,9.75476086956522,10.948,300.0,405.0,1.0,482.24485280916815,16345.05974344084,68.26739130434783,74.7,4.5850494886956525,4.632211456,16.4,2.855698432,2.855698432,26.381697024,0.0,3253.670881561329,0.9037974671003692,0.6444075940425633,713.0,814,Tesla T4,16106.12736,70.0,GPU-9f4ff8b5-8ab3-4db4-8aad-33910b4643c3,Tesla T4,16106.12736,70.0,GPU-9f111faa-2f37-e4bf-0799-ffd89e5ef19c,580.159.04,1.0,62,0.0,20,1.0,5,1.0,41
a-resnet50-base-f1-s2,a,resnet50,base,1,2,35,3465,110880,1787785165.7120688,1787785214.3353963,2026-08-26T22:59:25Z,2026-08-26T23:00:14Z,acct1,0,1eca9c,Interactive,86e0908dcc3c,v1,7.827485856666103e-05,1.0,0.3848383242657291,0.000128652774259,0.0012787761760307,0.0141857368871569,0.0004867268144153,0.0055668086744844,0.0131151534616947,0.0,1060.6419760513486,1.55111815690302e-10,65536.0,0,0,48.6018488407135,46.15932559967041,2.4407613277435303,19.03571653366089,25.94503116607666,24.153493404388428,0.8872323036193848,0.3916665103841641,0.2724007211550318,0.2723369598388672,0.2741776466369628,0.2751398706436157,68.6318519355192,23512130,23512130,1694.5139014720917,112024.78321681391,60,384,32,coral,coral_bce,0.0,session_balanced,adamw,0.0003,0.05,cosine,5,60,5.0,True,full,raw,full_frame,dataset_v1_1,fp16,2,resnet50,1,2,base,a,86e0908dcc3c,0.84375,0.6666666666666666,0.6071428571428572,0.84375,0.7795758928571429,0.5656565656565656,0.6666666666666666,1.0,1.0,1.0,62,0.0,0.0,0.0,20,0.8214285714285715,1.0,0.696969696969697,46,0.9156118143459916,0.15625,0.7306397306397306,0.7666662986433782,0.7188891407796945,0.3996788828542068,0.6833635461516678,0.7084276847265385,0.5480171978473664,-0.1603864538483321,0.2755308472551405,0.5396482110023498,0.2755308472551405,68.79545454545455,99.0,78.5,5776.801792000001,5776.801792,77.0909090909091,78.0,56.77581818181819,88.118,1182.2727272727273,5000.0,4.0,2711.7319406006573,97152.6455387264,0.0,0.0,0.0,473.1043839999999,473.104384,39.0,39.0,9.808750000000002,10.452,300.0,405.0,1.0,479.11038403222665,16832.9022695014,69.11363636363637,74.3,4.609736331636364,4.708282368,16.5,2.848720337454546,2.861924352,26.430857216,0.0,3190.842324632884,0.8863450901758011,0.6319640492953461,713.0,807,Tesla T4,16106.12736,70.0,GPU-9f4ff8b5-8ab3-4db4-8aad-33910b4643c3,Tesla T4,16106.12736,70.0,GPU-9f111faa-2f37-e4bf-0799-ffd89e5ef19c,580.159.04,1.0,62,0.0,20,1.0,5,1.0,41
a-resnet50-base-f1-s2,a,resnet50,base,1,2,36,3564,114048,1787785214.9717555,1787785264.074397,2026-08-26T23:00:14Z,2026-08-26T23:01:04Z,acct1,0,1eca9c,Interactive,86e0908dcc3c,v1,6.247219267386367e-05,1.0,0.3735451915454177,0.0001202114300031,0.0008923776491943,0.0097852051258087,0.0003256263735238,0.0047752175480127,0.0055277930479496,0.0,1060.095174484395,1.0119279466078446e-10,65536.0,0,0,49.08104729652405,46.64333128929138,2.4363210201263428,19.49440741539001,25.957628965377808,24.262680530548096,0.9118168354034424,0.3971880896838691,0.2727289946392329,0.2722735404968261,0.2742385387420654,0.2871647691726685,67.91967709920681,23512130,23512130,1743.5949487686155,115281.27481160194,60,384,32,coral,coral_bce,0.0,session_balanced,adamw,0.0003,0.05,cosine,5,60,5.0,True,full,raw,full_frame,dataset_v1_1,fp16,2,resnet50,1,2,base,a,86e0908dcc3c,0.84375,0.6666666666666666,0.6071428571428572,0.84375,0.7795758928571429,0.5656565656565656,0.6666666666666666,1.0,1.0,1.0,62,0.0,0.0,0.0,20,0.8214285714285715,1.0,0.696969696969697,46,0.9156118143459916,0.15625,0.7306397306397306,0.7666662986433782,0.7311282106408867,0.3923209643425436,0.6996345156803727,0.7222169963298021,0.5776891201734543,-0.1441154843196272,0.234618398360908,0.494482374921137,0.234618398360908,51.0,99.0,45.0,5776.801792000001,5776.801792,77.06666666666666,78.0,58.02946666666666,101.088,1225.3333333333333,5000.0,4.0,2776.9165971428447,99960.02965729786,0.0,0.0,0.0,473.1043839999999,473.104384,39.0,39.0,9.71711111111111,10.551,300.0,405.0,1.0,479.5749976451734,17321.029521144854,68.61999999999999,76.8,4.584149993244444,4.646862848,16.4,2.841684650666666,2.897186816,26.4337408,0.0,3256.491594788018,0.9045809985522272,0.644966251967738,713.0,817,Tesla T4,16106.12736,70.0,GPU-9f4ff8b5-8ab3-4db4-8aad-33910b4643c3,Tesla T4,16106.12736,70.0,GPU-9f111faa-2f37-e4bf-0799-ffd89e5ef19c,580.159.04,1.0,62,0.0,20,1.0,5,1.0,41
a-resnet50-base-f1-s2,a,resnet50,base,1,2,37,3663,117216,1787785264.685731,1787785313.2109,2026-08-26T23:01:04Z,2026-08-26T23:01:53Z,acct1,0,1eca9c,Interactive,86e0908dcc3c,v1,5.008510336463385e-05,1.0,0.333282998733921,0.0001118672498709,0.0011171182303209,0.0555517002940177,0.0002447083825245,0.0022491878829896,0.006129176020622,0.0,1059.5857862299977,1.179413180421865e-10,65536.0,0,0,48.50378966331482,46.04657983779907,2.4561338424682617,18.9369695186615,25.905219793319706,24.211461544036865,0.9191515445709229,0.3904224731739718,0.2722716789052944,0.2717008590698242,0.2734162330627441,0.2854506921768188,68.79989808492634,23512130,23512130,1792.0987384319303,118485.81747752737,60,384,32,coral,coral_bce,0.0,session_balanced,adamw,0.0003,0.05,cosine,5,60,5.0,True,full,raw,full_frame,dataset_v1_1,fp16,2,resnet50,1,2,base,a,86e0908dcc3c,0.84375,0.6666666666666666,0.6071428571428572,0.84375,0.7795758928571429,0.5656565656565656,0.6666666666666666,1.0,1.0,1.0,62,0.0,0.0,0.0,20,0.8214285714285715,1.0,0.696969696969697,46,0.9156118143459916,0.15625,0.7306397306397306,0.7666662986433782,0.665254770812351,0.3499941668986076,0.7093853196129203,0.7461186614301469,0.5110252737998963,-0.1343646803870797,0.1415960378944873,0.4628068804740906,0.1415960378944873,57.13333333333333,99.0,62.0,5776.801792000001,5776.801792,77.02222222222223,78.0,55.74011111111111,93.459,1271.0,5000.0,4.0,2733.929331451553,102724.63662973752,0.0,0.0,0.0,473.1043839999999,473.104384,39.0,39.0,9.636244444444444,10.547,300.0,405.0,1.0,470.6133344738664,17800.084983858822,69.14444444444445,74.7,4.487474562844445,4.595904512,16.2,2.735782934755556,2.855059456,26.381041664,0.0,3204.542665925419,0.8901507405348386,0.6346774780013399,713.0,806,Tesla T4,16106.12736,70.0,GPU-9f4ff8b5-8ab3-4db4-8aad-33910b4643c3,Tesla T4,16106.12736,70.0,GPU-9f111faa-2f37-e4bf-0799-ffd89e5ef19c,580.159.04,1.0,62,0.0,20,1.0,5,1.0,41
a-resnet50-base-f1-s2,a,resnet50,base,1,2,38,3762,120384,1787785313.827956,1787785361.4765625,2026-08-26T23:01:53Z,2026-08-26T23:02:41Z,acct1,0,1eca9c,Interactive,86e0908dcc3c,v1,2.890103686089181e-05,1.0,0.2876577441420522,0.0001036474508437,0.0004462620388655,0.0054463474079966,0.0002095917443512,0.0014756405143998,0.0041067769192159,0.0,1059.112900274558,4.367232494737788e-11,65536.0,0,0,47.62766003608704,45.19769811630249,2.4289379119873047,18.143287658691406,25.887797355651852,24.15942001342773,0.8860433101654053,0.3809401437094412,0.2718027505007657,0.2716326713562011,0.2732067584991455,0.2748147773742675,70.0920651279213,23512130,23512130,1839.7263984680176,121618.7845112643,60,384,32,coral,coral_bce,0.0,session_balanced,adamw,0.0003,0.05,cosine,5,60,5.0,True,full,raw,full_frame,dataset_v1_1,fp16,2,resnet50,1,2,base,a,86e0908dcc3c,0.84375,0.6666666666666666,0.6068672839506173,0.84375,0.7753725405092593,0.5604431410883024,0.6666666666666666,0.96875,1.0,0.9393939393939394,62,0.0,0.0,0.0,20,0.8518518518518519,1.0,0.7419354838709677,46,0.9148936170212766,0.15625,0.7288135593220338,0.7596002498079554,0.631962045812267,0.3110069167032147,0.741748841945082,0.7860934485991796,0.5022879660129547,-0.102001158054918,0.226041039917618,0.4410306910673777,0.226041039917618,56.38636363636363,99.0,65.0,5776.801792000001,5776.801792,76.93181818181819,78.0,55.46456818181819,93.206,1204.7727272727273,5000.0,4.0,2671.921961259359,105428.76567778934,0.0,0.0,0.0,473.1043839999999,473.104384,39.0,39.0,9.630795454545456,10.051,300.0,405.0,1.0,461.0450724775874,18268.33451167965,69.13636363636364,74.4,4.494857867636363,4.563542016,16.1,2.732037585454545,2.772025344,26.312351744,0.0,3132.967033736946,0.8702686204824851,0.6205015264040118,713.0,792,Tesla T4,16106.12736,70.0,GPU-9f4ff8b5-8ab3-4db4-8aad-33910b4643c3,Tesla T4,16106.12736,70.0,GPU-9f111faa-2f37-e4bf-0799-ffd89e5ef19c,580.159.04,1.0,62,0.0,20,1.0,5,1.0,41
a-resnet50-base-f1-s2,a,resnet50,base,1,2,39,3861,123552,1787785362.0895677,1787785410.221066,2026-08-26T23:02:42Z,2026-08-26T23:03:30Z,acct1,0,1eca9c,Interactive,86e0908dcc3c,v1,3.620970918323431e-05,1.0,0.370530757929373,9.557884419740386e-05,0.0005590101555028,0.0044207051396369,0.000248786935117,0.0021572351222857,0.0043493505567312,0.0,1058.6758303655956,5.0468276525324986e-11,65536.0,0,0,48.10868287086487,45.68051314353943,2.426708698272705,18.58142471313477,25.907289028167725,24.108570098876957,0.8999495506286621,0.3862384834565461,0.2721708374794083,0.2720487117767334,0.2735015869140625,0.2806071376800537,69.35123495757071,23512130,23512130,1887.8350813388824,124827.89048627652,60,384,32,coral,coral_bce,0.0,session_balanced,adamw,0.0003,0.05,cosine,5,60,5.0,True,full,raw,full_frame,dataset_v1_1,fp16,2,resnet50,1,2,base,a,86e0908dcc3c,0.84375,0.6666666666666666,0.6071428571428572,0.84375,0.7795758928571429,0.5656565656565656,0.6666666666666666,1.0,1.0,1.0,62,0.0,0.0,0.0,20,0.8214285714285715,1.0,0.696969696969697,46,0.9156118143459916,0.15625,0.7306397306397306,0.7666662986433782,0.7050342588418422,0.386412746192685,0.6900626318529248,0.7171452707714505,0.5438163816928864,-0.1536873681470751,0.2237408626824618,0.5393168926239014,0.2237408626824618,54.44444444444444,99.0,58.0,5776.801792000001,5776.801792,77.06666666666666,78.0,55.12424444444445,86.125,1230.3333333333333,5000.0,4.0,2743.1451679109887,108208.79256722218,0.0,0.0,0.0,473.1043839999999,473.104384,39.0,39.0,9.609466666666668,10.254,300.0,405.0,1.0,465.9608071012408,18742.240307561395,68.1711111111111,74.7,4.486364091733333,4.535631872,16.1,2.731028024888889,2.7590656,26.312101888,0.0,3209.105975012229,0.8914183263922859,0.6355812667176999,713.0,800,Tesla T4,16106.12736,70.0,GPU-9f4ff8b5-8ab3-4db4-8aad-33910b4643c3,Tesla T4,16106.12736,70.0,GPU-9f111faa-2f37-e4bf-0799-ffd89e5ef19c,580.159.04,1.0,62,0.0,20,1.0,5,1.0,41
a-resnet50-base-f1-s2,a,resnet50,base,1,2,40,3960,126720,1787785410.8344126,1787785458.6516104,2026-08-26T23:03:30Z,2026-08-26T23:04:18Z,acct1,0,1eca9c,Interactive,86e0908dcc3c,v1,4.844962375665835e-05,1.0,0.2297616839641705,8.768774804971705e-05,0.0006795908910024,0.0110155157744884,0.0002260725595988,0.0027151707792654,0.0078630839008837,0.0,1058.2739133365976,5.631036924951039e-11,65536.0,0,0,47.79645085334778,45.3293924331665,2.465886116027832,18.222217559814453,25.89767837524414,24.10566115379333,0.8942766189575195,0.3812462480891115,0.2720993889702691,0.2718286514282226,0.2742693424224853,0.2810602521896362,69.88842845557411,23512130,23512130,1935.6315321922305,127978.18317405225,60,384,32,coral,coral_bce,0.0,session_balanced,adamw,0.0003,0.05,cosine,5,60,5.0,True,full,raw,full_frame,dataset_v1_1,fp16,2,resnet50,1,2,base,a,86e0908dcc3c,0.84375,0.6666666666666666,0.6187933929869414,0.84375,0.7755282352056546,0.5813851676735837,0.6666666666666666,0.8671328671328672,1.0,0.7654320987654321,62,0.0,0.0,0.0,20,0.989247311827957,1.0,0.9787234042553192,46,0.912087912087912,0.15625,0.7217391304347827,0.7600481638000184,0.555320614622766,0.2623632018282195,0.7892522239126265,0.8386868525434423,0.522305229306221,-0.0544977760873734,0.2014282629825174,0.4977705717086792,0.2014282629825174,50.93181818181818,99.0,48.0,5776.801792000001,5776.801792,77.02272727272727,78.0,57.51320454545455,93.595,1235.1136363636365,5000.0,4.0,2685.643373182902,110924.31624242706,0.0,0.0,0.0,473.1043839999999,473.104384,39.0,39.0,9.641954545454546,10.254,300.0,405.0,1.0,464.649314592818,19213.777913717004,69.05000000000001,74.7,4.501112832,4.56941568,16.2,2.7301043665454543,2.738556928,26.312101888,0.0,3150.29268777572,0.8750813021599222,0.6239329684400245,713.0,794,Tesla T4,16106.12736,70.0,GPU-9f4ff8b5-8ab3-4db4-8aad-33910b4643c3,Tesla T4,16106.12736,70.0,GPU-9f111faa-2f37-e4bf-0799-ffd89e5ef19c,580.159.04,1.0,62,0.0,20,1.0,5,1.0,41
a-resnet50-base-f1-s2,a,resnet50,base,1,2,41,4059,129888,1787822539.7069416,1787822589.7759194,2026-08-27T09:22:19Z,2026-08-27T09:23:09Z,acct1,0,f9a278,Interactive,86e0908dcc3c,v2,2.855209997317551e-05,1.0,0.3102395560708828,7.999990151614894e-05,0.0003796841682182129,0.003855980932712555,0.00014666545030195266,0.0017989642918109893,0.0035419792402535664,0.0,1057.9065184648246,2.8712079502805256e-11,131072.0,0,0,50.04875826835632,47.364089250564575,2.683035135269165,18.049914836883545,27.525035858154297,25.789186477661133,1.491636037826538,0.3606466066570872,0.2944283027841587,0.294205904006958,0.3025559425354004,0.3086186313629149,66.88611667883464,23512130,23512130,1985.6802904605865,131296.9925985248,60,384,32,coral,coral_bce,0.0,session_balanced,adamw,0.0003,0.05,cosine,5,60,5.0,True,full,raw,full_frame,dataset_v1_1,fp16,2,resnet50,1,2,base,a,86e0908dcc3c,0.84375,0.6666666666666666,0.607017798063223,0.84375,0.7745961022966021,0.5598238316613653,0.6666666666666666,0.9612403100775194,1.0,0.9253731343283582,62,0.0,0.0,0.0,20,0.8598130841121495,1.0,0.7540983606557377,46,0.9147121535181236,0.15625,0.7283531409168081,0.7582971594840284,0.6333917599394732,0.3281472621000284,0.7164256924297661,0.75999447758551,0.48115425258874894,-0.12732430757023394,0.24021781957708296,0.4591946651538213,0.24021781957708296,53.78260869565217,99.0,62.0,5787.287552,5787.287552,78.8695652173913,82.0,58.60315217391305,97.363,1096.9565217391305,5000.0,4.0,2828.099964762449,2834.8752084877488,0.0,0.0,0.0,473.1043839999998,473.104384,37.891304347826086,38.0,9.837717391304347,10.456,300.0,405.0,1.0,490.70945971012077,492.9240394117828,69.35869565217389,76.3,3.147288397913043,3.623292928,13.3,2.749197623652173,2.74929664,25.302392832,0.0,3318.80942447257,0.9218915067979361,0.6573086443469284,713.0,826,Tesla T4,16106.12736,70.0,GPU-68af6dd9-efa6-2c59-74be-fc9e28c1dbdf,Tesla T4,16106.12736,70.0,GPU-015b8c66-85ec-6208-2309-fc83f3d55e16,580.159.04,1.0,62,0.0,20,1.0,5,1.0,41
a-resnet50-base-f1-s2,a,resnet50,base,1,2,42,4158,133056,1787822590.405071,1787822639.5336652,2026-08-27T09:23:10Z,2026-08-27T09:23:59Z,acct1,0,f9a278,Interactive,86e0908dcc3c,v2,3.460297381424783e-05,1.0,0.2597341417313146,7.254038075415572e-05,0.0007321583190897593,0.028567107394337654,0.00014405052934307605,0.0016161710489541283,0.010637174714356589,0.0,1057.5725338181762,5.021976416818038e-11,131072.0,0,0,49.11216998100281,46.650404930114746,2.4607112407684326,18.205317735671997,26.635606288909912,24.89436364173889,1.504288673400879,0.37068852267603,0.28559211047008787,0.2850615978240967,0.2903334140777588,0.2959642457962036,67.90937838044202,23512130,23512130,2034.7924604415894,134546.73663064526,60,384,32,coral,coral_bce,0.0,session_balanced,adamw,0.0003,0.05,cosine,5,60,5.0,True,full,raw,full_frame,dataset_v1_1,fp16,2,resnet50,1,2,base,a,86e0908dcc3c,0.84375,0.6666666666666666,0.6072568940493469,0.84375,0.7739296081277214,0.5594771241830065,0.6666666666666666,0.9538461538461539,1.0,0.9117647058823529,62,0.0,0.0,0.0,20,0.8679245283018869,1.0,0.7666666666666667,46,0.9145299145299145,0.15625,0.7278911564625851,0.7571782726103231,0.591020045986976,0.2861567083464189,0.75802455493249,0.807592883154198,0.4903555825352669,-0.08572544506751001,0.23060682066716257,0.496989552463804,0.23060682066716257,54.73913043478261,99.0,68.5,5787.287552,5787.287552,75.67391304347827,78.0,55.40382608695652,81.057,1220.2173913043478,5000.0,4.0,2770.587462134119,5645.043551069017,0.0,0.0,0.0,473.1043839999998,473.104384,37.0,37.0,9.655369565217388,10.46,300.0,405.0,1.0,479.15656998634284,980.4359587228289,68.1695652173913,75.7,3.564817808695652,3.67427584,13.4,2.749783618782609,2.770628608,25.359024128,0.0,3249.7440321204617,0.9027066755890172,0.6436298596949692,713.0,816,Tesla T4,16106.12736,70.0,GPU-68af6dd9-efa6-2c59-74be-fc9e28c1dbdf,Tesla T4,16106.12736,70.0,GPU-015b8c66-85ec-6208-2309-fc83f3d55e16,580.159.04,1.0,62,0.0,20,1.0,5,1.0,41
a-resnet50-base-f1-s2,a,resnet50,base,1,2,43,4257,136224,1787822640.0668192,1787822689.7889419,2026-08-27T09:24:00Z,2026-08-27T09:24:49Z,acct1,0,f9a278,Interactive,86e0908dcc3c,v2,5.666316452687978e-05,1.0,0.2845102108185529,6.533351716998465e-05,0.0006970870642610614,0.02798711322247982,0.00013275857781991363,0.0015348141780123113,0.014597533438354677,0.0,1057.2707298324917,4.307614728830132e-11,131072.0,0,0,49.70557975769043,47.25193953514099,2.452613592147827,18.342190265655518,27.15633225440979,25.475643396377563,1.4676568508148193,0.3690167251860214,0.29041509917288116,0.2903411388397217,0.29475741386413573,0.30578593254089353,67.04486696559782,23512130,23512130,2084.49804019928,137836.33679640648,60,384,32,coral,coral_bce,0.0,session_balanced,adamw,0.0003,0.05,cosine,5,60,5.0,True,full,raw,full_frame,dataset_v1_1,fp16,2,resnet50,1,2,base,a,86e0908dcc3c,0.84375,0.6666666666666666,0.6105882352941178,0.84375,0.7722610294117648,0.56322989656323,0.6666666666666666,0.911764705882353,1.0,0.8378378378378378,62,0.0,0.0,0.0,20,0.92,1.0,0.8518518518518519,46,0.9134199134199135,0.15625,0.7250859106529209,0.7543695798003864,0.6053797448096536,0.3055356714840994,0.7342781811021268,0.7812069257100424,0.48086296021938324,-0.10947181889787316,0.2436369643546641,0.45869459424700054,0.2436369643546641,60.73913043478261,99.0,77.0,5787.287552,5787.287552,77.6086956521739,79.0,58.16982608695654,93.459,1135.108695652174,5000.0,4.0,2808.8992675504714,8482.609839473007,0.0,0.0,0.0,473.1043839999998,473.104384,37.0,37.0,9.57954347826087,10.258,300.0,405.0,1.0,480.70089821076294,1467.7059070708733,68.62173913043479,74.9,3.486271042782609,3.638673408,13.3,2.7497897627826093,2.768633856,25.359024128,0.0,3289.600165761234,0.913777823822565,0.6515235883854888,713.0,826,Tesla T4,16106.12736,70.0,GPU-68af6dd9-efa6-2c59-74be-fc9e28c1dbdf,Tesla T4,16106.12736,70.0,GPU-015b8c66-85ec-6208-2309-fc83f3d55e16,580.159.04,1.0,62,0.0,20,1.0,5,1.0,41
a-resnet50-base-f1-s2,a,resnet50,base,1,2,44,4356,139392,1787822690.3211474,1787822739.6588898,2026-08-27T09:24:50Z,2026-08-27T09:25:39Z,acct1,0,f9a278,Interactive,86e0908dcc3c,v2,5.787317533616655e-05,1.0,0.25658353836479364,5.840281805468426e-05,0.0013675094977761454,0.10042471438646317,0.00014830131840426475,0.0013854919350706027,0.0068300214782353414,0.0,1057.0003091719434,7.55594938749265e-11,131072.0,0,0,49.32277703285217,46.836414098739624,2.484992504119873,18.18301296234131,26.881893157958984,25.170575380325317,1.481562614440918,0.3686534711991225,0.287895376032049,0.2875783443450928,0.2924072265625,0.3019849920272827,67.63967867653753,23512130,23512130,2133.820817232132,141092.7669088883,60,384,32,coral,coral_bce,0.0,session_balanced,adamw,0.0003,0.05,cosine,5,60,5.0,True,full,raw,full_frame,dataset_v1_1,fp16,2,resnet50,1,2,base,a,86e0908dcc3c,0.84375,0.6666666666666666,0.6098032025424764,0.84375,0.7722588925559222,0.561892901618929,0.6666666666666666,0.9185185185185185,1.0,0.8493150684931506,62,0.0,0.0,0.0,20,0.9108910891089108,1.0,0.8363636363636363,46,0.9136069114470843,0.15625,0.725557461406518,0.754365899771302,0.5907402978130345,0.2838325712653989,0.7615822991356254,0.8119988998881092,0.48933265507221224,-0.08216770086437464,0.2265338096767664,0.4946186478648867,0.2265338096767664,56.55555555555556,99.0,70.0,5787.287552,5787.287552,76.62222222222222,78.0,56.79415555555555,97.425,1164.3333333333333,5000.0,4.0,2780.507616954319,11285.150028187027,0.0,0.0,0.0,473.10438399999987,473.104384,37.0,37.0,9.573177777777776,10.063,300.0,405.0,1.0,475.92249552750513,1949.4698813719724,69.09777777777778,75.5,3.577442759111111,3.714289664,13.5,2.7500391992888886,2.767654912,25.359024128,0.0,3256.430112481824,0.90456392013384,0.6449540750554279,713.0,820,Tesla T4,16106.12736,70.0,GPU-68af6dd9-efa6-2c59-74be-fc9e28c1dbdf,Tesla T4,16106.12736,70.0,GPU-015b8c66-85ec-6208-2309-fc83f3d55e16,580.159.04,1.0,62,0.0,20,1.0,5,1.0,41
a-resnet50-base-f1-s2,a,resnet50,base,1,2,45,4455,142560,1787822740.215528,1787822789.9784381,2026-08-27T09:25:40Z,2026-08-27T09:26:29Z,acct1,0,f9a278,Interactive,86e0908dcc3c,v2,1.6540190279446314e-05,1.0,0.29471066335463547,5.1770889908207245e-05,0.00023416785523001424,0.0019440558971837163,8.897906809579581e-05,0.001209441036917269,0.0019059946434572337,0.0,1056.7592895544847,1.1471939137875952e-11,131072.0,0,0,49.746427059173584,47.26521301269531,2.4798285961151123,18.509573459625244,26.991965532302856,25.21646237373352,1.482196569442749,0.3720784497268121,0.28892760324959804,0.2885890007019043,0.29250245094299315,0.30164528369903565,67.0260387729361,23512130,23512130,2183.5672442913055,144400.34635693283,60,384,32,coral,coral_bce,0.0,session_balanced,adamw,0.0003,0.05,cosine,5,60,5.0,True,full,raw,full_frame,dataset_v1_1,fp16,2,resnet50,1,2,base,a,86e0908dcc3c,0.84375,0.6666666666666666,0.6068048833345373,0.84375,0.7762587589395362,0.5613349613349613,0.6666666666666666,0.9763779527559054,1.0,0.9538461538461539,62,0.0,0.0,0.0,20,0.8440366972477064,1.0,0.7301587301587301,46,0.9150743099787686,0.15625,0.7292724196277496,0.7610878219957191,0.6337427589523704,0.3166512709443953,0.7354720018338412,0.778568736381001,0.5027496352791786,-0.1082779981661588,0.23196064843796194,0.4647497236728668,0.23196064843796194,55.0,99.0,51.5,5787.287552,5787.287552,77.15217391304348,78.0,58.33115217391304,106.234,1153.3695652173913,5000.0,4.0,2829.724232218021,14144.774688298925,0.0,0.0,0.0,473.1043839999998,473.104384,37.0,37.0,9.534065217391303,9.864,300.0,405.0,1.0,477.8552158265127,2434.1935901226984,68.65217391304348,76.4,3.637583782956522,3.74433792,13.8,2.7497524535652182,2.76281344,25.359024128,0.0,3307.579448044534,0.9187720689012594,0.6550844851265979,713.0,830,Tesla T4,16106.12736,70.0,GPU-68af6dd9-efa6-2c59-74be-fc9e28c1dbdf,Tesla T4,16106.12736,70.0,GPU-015b8c66-85ec-6208-2309-fc83f3d55e16,580.159.04,1.0,62,0.0,20,1.0,5,1.0,41
a-resnet50-base-f1-s2,a,resnet50,base,1,2,46,4554,145728,1787822790.5114727,1787822839.631846,2026-08-27T09:26:30Z,2026-08-27T09:27:19Z,acct1,0,f9a278,Interactive,86e0908dcc3c,v2,1.617515317316201e-05,1.0,0.27288349787704647,4.5459364701705995e-05,0.00021773795125420403,0.0014611986698582768,0.0001106140116462484,0.0007472981349565082,0.0013487962633371348,0.0,1056.5468460921245,9.36847142374989e-12,131072.0,0,0,49.10382795333862,46.62197470664978,2.4809725284576416,18.016234874725342,26.850810766220093,25.15751051902771,1.4671754837036133,0.36690082271886093,0.2873441522771662,0.2871208190917969,0.29054436683654783,0.29878362655639645,67.95078972809236,23512130,23512130,2232.671072244644,147682.98663607976,60,384,32,coral,coral_bce,0.0,session_balanced,adamw,0.0003,0.05,cosine,5,60,5.0,True,full,raw,full_frame,dataset_v1_1,fp16,2,resnet50,1,2,base,a,86e0908dcc3c,0.84375,0.6666666666666666,0.6114674727813414,0.84375,0.7723770552237705,0.5648637316561845,0.6666666666666666,0.9051094890510949,1.0,0.8266666666666667,62,0.0,0.0,0.0,20,0.9292929292929293,1.0,0.8679245283018868,46,0.913232104121475,0.15625,0.7246127366609294,0.7545673078608608,0.6019580046921136,0.2964976247754702,0.7486262549646199,0.7960261708056485,0.4926667094230652,-0.09512374503538013,0.23269516741856933,0.4629849553108215,0.23269516741856933,62.6,99.0,79.0,5787.287552,5787.287552,76.57777777777778,78.0,56.950377777777796,86.906,1184.0,5000.0,4.0,2813.1697380232927,16985.23091946244,0.0,0.0,0.0,473.10438399999987,473.104384,36.91111111111111,37.0,9.511422222222224,9.964,300.0,405.0,1.0,469.4705411236296,2909.431152526855,69.50222222222222,74.6,3.5437846528,3.653812224,13.5,2.7505874261333334,2.797969408,25.359024128,0.0,3282.6402791469222,0.9118445219852562,0.6501451441754876,713.0,812,Tesla T4,16106.12736,70.0,GPU-68af6dd9-efa6-2c59-74be-fc9e28c1dbdf,Tesla T4,16106.12736,70.0,GPU-015b8c66-85ec-6208-2309-fc83f3d55e16,580.159.04,1.0,62,0.0,20,1.0,5,1.0,41
a-resnet50-base-f1-s2,a,resnet50,base,1,2,47,4653,148896,1787822840.1656556,1787822889.7772138,2026-08-27T09:27:20Z,2026-08-27T09:28:09Z,acct1,0,f9a278,Interactive,86e0908dcc3c,v2,2.2039200888629598e-05,1.0,0.270766649471625,3.948882931853924e-05,0.0002848152883903234,0.004162436351180077,0.00011355050082784146,0.0011587711400352417,0.002087062341161064,0.0,1056.3610863045958,1.0646948715141327e-11,131072.0,0,0,49.59523034095764,47.171528339385986,2.4227657318115234,18.538345098495483,26.884850025177002,25.141243934631348,1.4545483589172363,0.3737929024837255,0.2875961920227667,0.28761768341064453,0.2914290428161621,0.295809383392334,67.15915535335476,23512130,23512130,2282.266302585602,150950.00440030766,60,384,32,coral,coral_bce,0.0,session_balanced,adamw,0.0003,0.05,cosine,5,60,5.0,True,full,raw,full_frame,dataset_v1_1,fp16,2,resnet50,1,2,base,a,86e0908dcc3c,0.84375,0.6666666666666666,0.6068672839506173,0.84375,0.7753725405092593,0.5604431410883024,0.6666666666666666,0.96875,1.0,0.9393939393939394,62,0.0,0.0,0.0,20,0.8518518518518519,1.0,0.7419354838709677,46,0.9148936170212766,0.15625,0.7288135593220338,0.7596002498079554,0.6079890832321568,0.2959169463501342,0.7522782750893384,0.7996140194159967,0.4966652557253838,-0.09147172491066158,0.229556254344061,0.4926540536039016,0.229556254344061,59.08695652173913,99.0,68.5,5787.287552,5787.287552,76.80434782608695,78.0,54.66956521739131,91.707,1233.5869565217392,5000.0,4.0,2790.9520611019543,19809.176825495757,0.0,0.0,0.0,473.1043839999998,473.104384,36.84782608695652,37.0,9.525260869565217,9.964,300.0,405.0,1.0,476.0657031259543,3392.2169148106573,68.88478260869566,76.1,3.577968461913043,3.698737152,13.5,2.7495473864347826,2.749575168,25.359024128,0.0,3267.0177642279086,0.9075049345077524,0.6470510183040274,713.0,822,Tesla T4,16106.12736,70.0,GPU-68af6dd9-efa6-2c59-74be-fc9e28c1dbdf,Tesla T4,16106.12736,70.0,GPU-015b8c66-85ec-6208-2309-fc83f3d55e16,580.159.04,1.0,62,0.0,20,1.0,5,1.0,41
a-resnet50-base-f1-s2,a,resnet50,base,1,2,48,4752,152064,1787822890.3064992,1787822938.8240218,2026-08-27T09:28:10Z,2026-08-27T09:28:58Z,acct1,0,f9a278,Interactive,86e0908dcc3c,v2,1.7310529046605524e-05,1.0,0.26602321875543566,3.3878758404137624e-05,0.00023644702220065143,0.0028709047473967075,0.00011515457299537957,0.0006946863897610441,0.0020989160193130344,0.0,1056.2006700070224,7.584289394988147e-12,131072.0,0,0,48.49902558326721,46.08399152755737,2.4133057594299316,17.299241304397583,26.995954036712646,25.180002689361572,1.504281997680664,0.35669255405341677,0.2891675510791817,0.28858375549316406,0.2930471897125244,0.30044400215148925,68.74404527449829,23512130,23512130,2330.765328168869,154172.8316210911,60,384,32,coral,coral_bce,0.0,session_balanced,adamw,0.0003,0.05,cosine,5,60,5.0,True,full,raw,full_frame,dataset_v1_1,fp16,2,resnet50,1,2,base,a,86e0908dcc3c,0.84375,0.6666666666666666,0.6114674727813414,0.84375,0.7723770552237705,0.5648637316561845,0.6666666666666666,0.9051094890510949,1.0,0.8266666666666667,62,0.0,0.0,0.0,20,0.9292929292929293,1.0,0.8679245283018868,46,0.913232104121475,0.15625,0.7246127366609294,0.7545673078608608,0.6018439416099156,0.2917422291864347,0.7560737689491361,0.8040786413130937,0.4968474581837654,-0.08767623105086386,0.22543518780730665,0.4970800578594208,0.22543518780730665,57.11363636363637,99.0,61.0,5787.287552,5787.287552,77.11363636363636,78.0,57.31447727272726,89.678,1138.6363636363637,5000.0,4.0,2757.5460402757926,22601.902804694433,0.0,0.0,0.0,473.10438399999987,473.104384,36.56818181818182,37.0,9.579568181818182,10.456,300.0,405.0,1.0,465.281180507659,3864.6409497494687,69.21363636363635,76.2,3.5723730385454546,3.793743872,13.8,2.749987933090909,2.766393344,25.359024128,0.0,3222.8272207834516,0.8952297835509587,0.6382988356718337,713.0,800,Tesla T4,16106.12736,70.0,GPU-68af6dd9-efa6-2c59-74be-fc9e28c1dbdf,Tesla T4,16106.12736,70.0,GPU-015b8c66-85ec-6208-2309-fc83f3d55e16,580.159.04,1.0,62,0.0,20,1.0,5,1.0,41
a-resnet50-base-f1-s2,a,resnet50,base,1,2,49,4851,155232,1787822939.3593564,1787822988.1487641,2026-08-27T09:28:59Z,2026-08-27T09:29:48Z,acct1,0,f9a278,Interactive,86e0908dcc3c,v2,2.557333324616731e-05,1.0,0.20547415439068573,2.8647450843757897e-05,0.00034025333257482596,0.005410072859376669,0.00011264921340625733,0.0013245628448203205,0.0032741834456100974,0.0,1056.0640076059838,9.229924085244343e-12,131072.0,0,0,48.76954364776611,46.292994260787964,2.475306272506714,17.523974657058716,27.012327194213867,25.264667987823486,1.4751214981079102,0.35932209625794603,0.28905590134437636,0.2884252071380615,0.29409050941467285,0.3007781744003296,68.43368096160123,23512130,23512130,2379.534871816635,157393.7112945845,60,384,32,coral,coral_bce,0.0,session_balanced,adamw,0.0003,0.05,cosine,5,60,5.0,True,full,raw,full_frame,dataset_v1_1,fp16,2,resnet50,1,2,base,a,86e0908dcc3c,0.84375,0.6666666666666666,0.6203703703703703,0.84375,0.7764756944444444,0.5853658536585366,0.6666666666666666,0.8611111111111112,1.0,0.7560975609756098,62,0.0,0.0,0.0,20,1.0,1.0,1.0,46,0.9118942731277533,0.15625,0.7212543554006968,0.7617263074577288,0.5311656150341141,0.2468363421023786,0.8171177515760064,0.8653399497270584,0.5567178815603256,-0.026632248423993587,0.1841276567429304,0.5661467398915973,0.1841276567429304,49.46666666666667,99.0,52.0,5787.287552,5787.287552,77.2,79.0,55.2192,82.907,1138.0,5000.0,4.0,2753.8881400334903,25386.656210204867,0.0,0.0,0.0,473.10438399999987,473.104384,36.62222222222222,37.0,9.52468888888889,10.059,300.0,405.0,1.0,466.99153345990317,4338.840040093183,69.32444444444444,77.4,3.542749184,3.68130048,13.4,2.7507253248000003,2.798686208,25.359024128,0.0,3220.8796734933935,0.8946887981926093,0.6379131131113304,713.0,808,Tesla T4,16106.12736,70.0,GPU-68af6dd9-efa6-2c59-74be-fc9e28c1dbdf,Tesla T4,16106.12736,70.0,GPU-015b8c66-85ec-6208-2309-fc83f3d55e16,580.159.04,1.0,62,0.0,20,1.0,5,1.0,41
a-resnet50-base-f1-s2,a,resnet50,base,1,2,50,4950,158400,1787822988.6708593,1787823038.184991,2026-08-27T09:29:48Z,2026-08-27T09:30:38Z,acct1,0,f9a278,Interactive,86e0908dcc3c,v2,1.71215520590476e-05,1.0,0.2475431854472845,2.38119700753228e-05,0.00023524685587685183,0.0027650254778563976,9.019943536259234e-05,0.0009949136641807853,0.0018232677411287985,0.0,1055.949472486624,5.304885544629438e-12,131072.0,0,0,49.49639534950256,47.03577709197998,2.4596285820007324,18.317681550979614,26.930829286575317,25.214669466018677,1.513603687286377,0.37008112250670605,0.2885938654042254,0.2881946563720703,0.29238324165344237,0.3046215057373047,67.3529852351514,23512130,23512130,2429.0312671661377,160649.71856685996,60,384,32,coral,coral_bce,0.0,session_balanced,adamw,0.0003,0.05,cosine,5,60,5.0,True,full,raw,full_frame,dataset_v1_1,fp16,2,resnet50,1,2,base,a,86e0908dcc3c,0.84375,0.6666666666666666,0.6173209469583458,0.84375,0.7747040755169314,0.5777777777777778,0.6666666666666666,0.8732394366197184,1.0,0.775,62,0.0,0.0,0.0,20,0.9787234042553191,1.0,0.9583333333333334,46,0.9122807017543859,0.15625,0.7222222222222222,0.7585988400025443,0.5725776875552333,0.2762683058304698,0.7739851467777044,0.8199598783696139,0.5257215961813927,-0.06976485322229564,0.2107720023486763,0.4995262548327446,0.2107720023486763,60.23913043478261,99.0,80.0,5787.287552,5787.287552,77.23913043478261,78.0,57.07804347826086,83.544,1107.391304347826,5000.0,4.0,2782.2031034605534,28201.24370159581,0.0,0.0,0.0,473.1043839999998,473.104384,36.30434782608695,37.0,9.500195652173913,9.964,300.0,405.0,1.0,473.8041688148951,4819.096934293507,68.58695652173913,75.9,3.5744611283478265,3.798761472,13.8,2.750813139478262,2.781564928,25.359024128,0.0,3256.0072722754485,0.9044464645209579,0.644870329203443,713.0,820,Tesla T4,16106.12736,70.0,GPU-68af6dd9-efa6-2c59-74be-fc9e28c1dbdf,Tesla T4,16106.12736,70.0,GPU-015b8c66-85ec-6208-2309-fc83f3d55e16,580.159.04,1.0,62,0.0,20,1.0,5,1.0,41
a-resnet50-base-f1-s2,a,resnet50,base,1,2,51,5049,161568,1787823038.8349602,1787823090.1187599,2026-08-27T09:30:38Z,2026-08-27T09:31:30Z,acct1,0,f9a278,Interactive,86e0908dcc3c,v2,1.7060546466299538e-05,1.0,0.3082563592324732,1.9388088432033443e-05,0.0002689708319601116,0.011014805175364017,9.27834480535239e-05,0.0005942823132500049,0.0016840263502671936,0.0,1055.8550613622263,4.938964131073315e-12,131072.0,0,0,51.26654362678528,48.8017795085907,2.4633941650390625,20.042392015457153,26.863198041915894,25.09901714324951,1.5664846897125244,0.39094486574643167,0.28885782607878097,0.2881295680999756,0.29419422149658203,0.3036476182937622,64.915665615069,23512130,23512130,2480.297810792923,164006.7123679664,60,384,32,coral,coral_bce,0.0,session_balanced,adamw,0.0003,0.05,cosine,5,60,5.0,True,full,raw,full_frame,dataset_v1_1,fp16,2,resnet50,1,2,base,a,86e0908dcc3c,0.84375,0.6666666666666666,0.6085115701876049,0.84375,0.7725928899919702,0.5600856601597891,0.6666666666666666,0.9323308270676691,1.0,0.8732394366197183,62,0.0,0.0,0.0,20,0.8932038834951457,1.0,0.8070175438596491,46,0.9139784946236559,0.15625,0.7264957264957265,0.754930173197241,0.6272982011954833,0.32612122110063385,0.7147899619303644,0.7592959746166512,0.47445749342441557,-0.12896003806963563,0.23210048908367753,0.4606332097734724,0.23210048908367753,53.08510638297872,99.0,57.0,5787.287552,5787.287552,76.80851063829788,78.0,51.7926170212766,92.291,1247.5531914893618,5000.0,4.0,2866.780245140053,31104.996843585974,0.0,0.0,0.0,473.1043839999998,473.104384,36.212765957446805,37.0,9.492914893617021,10.158,300.0,405.0,1.0,490.21355596638296,5317.720787575726,70.59574468085106,91.3,3.847064118468085,4.3736064,15.5,2.8501259547234046,3.29863168,25.83830528,0.0,3356.993801106436,0.9324982780851211,0.6648712722746913,713.0,846,Tesla T4,16106.12736,70.0,GPU-68af6dd9-efa6-2c59-74be-fc9e28c1dbdf,Tesla T4,16106.12736,70.0,GPU-015b8c66-85ec-6208-2309-fc83f3d55e16,580.159.04,1.0,62,0.0,20,1.0,5,1.0,41
a-resnet50-base-f1-s2,a,resnet50,base,1,2,52,5148,164736,1787823090.6080456,1787823139.3757615,2026-08-27T09:31:30Z,2026-08-27T09:32:19Z,acct1,0,f9a278,Interactive,86e0908dcc3c,v2,2.0706194271667182e-05,1.0,0.283901376886206,1.5390235696296265e-05,0.00030809423200976613,0.0032277379650622606,0.00011649613588815555,0.0014972427161410414,0.0029735311027616253,0.0,1055.7791664943425,4.491131287468055e-12,131072.0,0,0,48.74880075454712,46.299851417541504,2.4479527473449707,17.635655403137207,26.897012948989868,25.16359543800354,1.4725806713104248,0.36176593331872303,0.2879197019519228,0.28788208961486816,0.2917609214782715,0.2981737995147705,68.42354571357757,23512130,23512130,2529.04661154747,167227.65292566753,60,384,32,coral,coral_bce,0.0,session_balanced,adamw,0.0003,0.05,cosine,5,60,5.0,True,full,raw,full_frame,dataset_v1_1,fp16,2,resnet50,1,2,base,a,86e0908dcc3c,0.84375,0.6666666666666666,0.6085115701876049,0.84375,0.7725928899919702,0.5600856601597891,0.6666666666666666,0.9323308270676691,1.0,0.8732394366197183,62,0.0,0.0,0.0,20,0.8932038834951457,1.0,0.8070175438596491,46,0.9139784946236559,0.15625,0.7264957264957265,0.754930173197241,0.6123546892312677,0.3060814823062429,0.7377013033255935,0.7841806384148421,0.4867128938436508,-0.10604869667440653,0.25065470673143864,0.46380138397216797,0.25065470673143864,60.79545454545455,99.0,74.5,5787.287552,5787.287552,76.86363636363636,78.0,54.730590909090914,98.883,1200.340909090909,5000.0,4.0,2754.202392918851,33889.75351957658,0.0,0.0,0.0,473.10438399999987,473.104384,36.0,36.0,9.569204545454546,10.361,300.0,405.0,1.0,466.7381647822922,5791.414555327425,69.9909090909091,75.4,3.785669725090909,3.910213632,14.2,2.789982580363636,2.835161088,25.375039488,0.0,3220.940557701143,0.8947057104725398,0.6379251715669209,713.0,805,Tesla T4,16106.12736,70.0,GPU-68af6dd9-efa6-2c59-74be-fc9e28c1dbdf,Tesla T4,16106.12736,70.0,GPU-015b8c66-85ec-6208-2309-fc83f3d55e16,580.159.04,1.0,62,0.0,20,1.0,5,1.0,41
a-resnet50-base-f1-s2,a,resnet50,base,1,2,53,5247,167904,1787823158.4723325,1787823207.682827,2026-08-27T09:32:38Z,2026-08-27T09:33:27Z,acct1,0,f9a278,Interactive,86e0908dcc3c,v2,1.750706289128331e-05,1.0,0.26838030601720675,1.1831452032772498e-05,0.0002418955701990982,0.0020837606862187386,9.248982678400353e-05,0.0010546136880293486,0.0017700144345872092,0.0,1055.7198080503513,2.7109236882048577e-12,131072.0,0,0,49.19211745262146,46.66041326522827,2.530470609664917,17.31609010696411,27.53500199317932,25.821118593215942,1.520510196685791,0.35200944792916883,0.2948214164888016,0.2952089309692383,0.3054007053375244,0.31504279136657704,67.8948122896464,23512130,23512130,2578.2387290000916,170487.0339074594,60,384,32,coral,coral_bce,0.0,session_balanced,adamw,0.0003,0.05,cosine,5,60,5.0,True,full,raw,full_frame,dataset_v1_1,fp16,2,resnet50,1,2,base,a,86e0908dcc3c,0.84375,0.6666666666666666,0.6085115701876049,0.84375,0.7725928899919702,0.5600856601597891,0.6666666666666666,0.9323308270676691,1.0,0.8732394366197183,62,0.0,0.0,0.0,20,0.8932038834951457,1.0,0.8070175438596491,46,0.9139784946236559,0.15625,0.7264957264957265,0.754930173197241,0.5951935634117169,0.29261590758269534,0.7490418076049536,0.7979069214176249,0.4851701930165291,-0.09470819239504635,0.24632387771271166,0.4862465529065383,0.24632387771271166,52.4,99.0,61.0,5787.287552,5787.287552,78.82222222222222,82.0,56.72466666666668,75.239,1051.3333333333333,5000.0,4.0,2778.421206721934,37300.361791723895,0.0,0.0,0.0,473.10438399999987,473.104384,37.0,37.0,9.743177777777777,10.456,300.0,405.0,1.0,480.95977506995314,6461.805614020837,70.2,76.9,3.7744343267555562,3.88028416,14.0,2.792688662755556,2.835300352,25.375039488,0.0,3259.3809817918873,0.905383606053302,0.6455385111160044,713.0,812,Tesla T4,16106.12736,70.0,GPU-68af6dd9-efa6-2c59-74be-fc9e28c1dbdf,Tesla T4,16106.12736,70.0,GPU-015b8c66-85ec-6208-2309-fc83f3d55e16,580.159.04,1.0,62,0.0,20,1.0,5,1.0,41
a-resnet50-base-f1-s2,a,resnet50,base,1,2,54,5346,171072,1787823208.21312,1787823257.960545,2026-08-27T09:33:28Z,2026-08-27T09:34:17Z,acct1,0,f9a278,Interactive,86e0908dcc3c,v2,1.7427230492939264e-05,1.0,0.31672818125116464,8.723345454071307e-06,0.00023193535016065599,0.0021972882095724344,7.969757280079648e-05,0.0013650373090058562,0.0017470635403878968,0.0,1055.674816453778,1.9165486861369885e-12,131072.0,0,0,49.729337215423584,47.2086124420166,2.519815683364868,18.819488286972046,26.600451469421387,24.891852617263794,1.490941047668457,0.37843834928761466,0.2851091731678356,0.28476476669311523,0.28916568756103517,0.2968651580810547,67.10639936496878,23512130,23512130,2627.968066215515,173789.52611348545,60,384,32,coral,coral_bce,0.0,session_balanced,adamw,0.0003,0.05,cosine,5,60,5.0,True,full,raw,full_frame,dataset_v1_1,fp16,2,resnet50,1,2,base,a,86e0908dcc3c,0.84375,0.6666666666666666,0.6068048833345373,0.84375,0.7762587589395362,0.5613349613349613,0.6666666666666666,0.9763779527559054,1.0,0.9538461538461539,62,0.0,0.0,0.0,20,0.8440366972477064,1.0,0.7301587301587301,46,0.9150743099787686,0.15625,0.7292724196277496,0.7610878219957191,0.6494441341016808,0.3355857588145904,0.7153765738476068,0.7570165577861998,0.49052066057920457,-0.12837342615239322,0.22079370194114747,0.4599416106939316,0.22079370194114747,62.84782608695652,99.0,69.5,5787.287552,5787.287552,75.6304347826087,78.0,58.81747826086955,94.627,1159.2391304347825,5000.0,4.0,2813.807088650421,40140.28026667154,0.0,0.0,0.0,473.1043839999998,473.104384,36.32608695652174,37.0,9.795717391304349,10.948,300.0,405.0,1.0,488.6851173756122,6956.51171762873,68.8521739130435,74.6,3.8421151387826087,3.98743552,14.4,2.792991432347826,2.848403456,25.375039488,0.0,3302.4922060260333,0.9173589461183426,0.6540769285823783,713.0,828,Tesla T4,16106.12736,70.0,GPU-68af6dd9-efa6-2c59-74be-fc9e28c1dbdf,Tesla T4,16106.12736,70.0,GPU-015b8c66-85ec-6208-2309-fc83f3d55e16,580.159.04,1.0,62,0.0,20,1.0,5,1.0,41
a-resnet50-base-f1-s2,a,resnet50,base,1,2,55,5445,174240,1787823258.5091422,1787823321.3041663,2026-08-27T09:34:18Z,2026-08-27T09:35:21Z,acct1,0,f9a278,Interactive,86e0908dcc3c,v2,2.528473158010934e-05,1.0,0.3116077898594085,6.076053957825411e-06,0.00037191120295712165,0.006636320147663355,8.993835945148021e-05,0.0018888762802816892,0.0038447961583733445,0.0,1055.6425632555824,2.1406417430898134e-12,131072.0,0,0,62.77485775947571,60.321935176849365,2.4520161151885986,31.447840690612793,27.072481870651245,25.382574796676636,1.4813289642333984,0.5009623567942824,0.2900574664876919,0.2910478115081787,0.2965384483337402,0.3034840488433837,52.51820901819857,23512130,23512130,2690.742923974991,177660.02711366737,60,384,32,coral,coral_bce,0.0,session_balanced,adamw,0.0003,0.05,cosine,5,60,5.0,True,full,raw,full_frame,dataset_v1_1,fp16,2,resnet50,1,2,base,a,86e0908dcc3c,0.84375,0.6666666666666666,0.6069429429429429,0.84375,0.7783603603603603,0.563939763939764,0.6666666666666666,0.9919999999999999,1.0,0.9841269841269841,62,0.0,0.0,0.0,20,0.8288288288288288,1.0,0.7076923076923077,46,0.9154334038054969,0.15625,0.730185497470489,0.7646195520281819,0.6496770037293931,0.3317650346692329,0.7231415659189224,0.7630819954254009,0.5074632465839386,-0.12060843408107758,0.22319366317242387,0.46195852756500244,0.22319366317242387,49.0,99.0,48.0,5787.287552000002,5787.287552,76.53448275862068,80.0,52.619982758620694,80.811,1049.2241379310344,5000.0,4.0,3257.4878779006176,43428.64946324386,0.0,0.0,0.0,473.10438400000004,473.104384,36.96551724137931,37.0,9.692827586206896,10.849,300.0,405.0,1.0,613.0131222813097,7576.6639996566855,55.344827586206904,76.4,3.810223068689655,4.10195968,14.7,2.7921750510344827,2.810540032,25.375039488,0.0,3870.5010001819273,1.075139166717202,0.7665742258693651,713.0,1050,Tesla T4,16106.12736,70.0,GPU-68af6dd9-efa6-2c59-74be-fc9e28c1dbdf,Tesla T4,16106.12736,70.0,GPU-015b8c66-85ec-6208-2309-fc83f3d55e16,580.159.04,1.0,62,0.0,20,1.0,5,1.0,41
a-resnet50-base-f1-s2,a,resnet50,base,1,2,56,5544,177408,1787823321.8261604,1787823371.409016,2026-08-27T09:35:21Z,2026-08-27T09:36:11Z,acct1,0,f9a278,Interactive,86e0908dcc3c,v2,1.671159018751312e-05,1.0,0.2060005071980413,3.8982124586499795e-06,0.0002513792823256062,0.003559666918590665,7.713618833804503e-05,0.0007681569259148074,0.0035320163331925866,0.0,1055.6206498889644,9.282973483999603e-13,131072.0,0,0,49.562920331954956,47.089492321014404,2.472461223602295,17.973769903182983,27.31562829017639,25.46980929374695,1.4929428100585938,0.36264549753729225,0.2923730888752022,0.2923614978790283,0.29775004386901854,0.3091908597946167,67.27615533425981,23512130,23512130,2740.305844306946,180948.05787443055,60,384,32,coral,coral_bce,0.0,session_balanced,adamw,0.0003,0.05,cosine,5,60,5.0,True,full,raw,full_frame,dataset_v1_1,fp16,2,resnet50,1,2,base,a,86e0908dcc3c,0.84375,0.6666666666666666,0.6203703703703703,0.84375,0.7764756944444444,0.5853658536585366,0.6666666666666666,0.8611111111111112,1.0,0.7560975609756098,62,0.0,0.0,0.0,20,1.0,1.0,1.0,46,0.9118942731277533,0.15625,0.7212543554006968,0.7617263074577288,0.5313459873376859,0.24717130294380357,0.8171896692365408,0.8650995912375273,0.5584760904312134,-0.026560330763459206,0.1845894921571016,0.5628398756186167,0.1845894921571016,57.52173913043478,99.0,78.5,5787.287552,5787.287552,78.26086956521739,80.0,54.54384782608695,76.905,1191.195652173913,5000.0,4.0,2811.407823602436,46265.90165265002,0.0,0.0,0.0,473.1043839999998,473.104384,36.869565217391305,37.0,9.570195652173913,10.059,300.0,405.0,1.0,476.6229371607333,8059.046217516671,69.10217391304347,75.7,3.8428089655652173,3.987034112,14.5,2.792495994434782,2.820718592,25.375039488,0.0,3288.0307607631694,0.9133418779897693,0.6512127590067055,713.0,822,Tesla T4,16106.12736,70.0,GPU-68af6dd9-efa6-2c59-74be-fc9e28c1dbdf,Tesla T4,16106.12736,70.0,GPU-015b8c66-85ec-6208-2309-fc83f3d55e16,580.159.04,1.0,62,0.0,20,1.0,5,1.0,41
a-resnet50-base-f1-s2,a,resnet50,base,1,2,57,5643,180576,1787823371.9488623,1787823420.7692513,2026-08-27T09:36:11Z,2026-08-27T09:37:00Z,acct1,0,f9a278,Interactive,86e0908dcc3c,v2,1.8725091603176804e-05,1.0,0.19907095016242238,2.1969246228460523e-06,0.00027260229334654404,0.0028114516753703356,8.942961721913889e-05,0.0011588001856580373,0.002673163837753236,0.0,1055.6073547612948,5.673384974025232e-13,131072.0,0,0,48.80435633659363,46.37280011177063,2.429297924041748,17.837580680847168,26.75007438659668,24.961480855941772,1.4767484664916992,0.3654915671425935,0.2864857659195409,0.28617286682128906,0.29116067886352537,0.2951426839828491,68.31590916149743,23512130,23512130,2789.1102006435394,184141.94223059187,60,384,32,coral,coral_bce,0.0,session_balanced,adamw,0.0003,0.05,cosine,5,60,5.0,True,full,raw,full_frame,dataset_v1_1,fp16,2,resnet50,1,2,base,a,86e0908dcc3c,0.84375,0.6666666666666666,0.6203703703703703,0.84375,0.7764756944444444,0.5853658536585366,0.6666666666666666,0.8611111111111112,1.0,0.7560975609756098,62,0.0,0.0,0.0,20,1.0,1.0,1.0,46,0.9118942731277533,0.15625,0.7212543554006968,0.7617263074577288,0.523431472527185,0.24294460569863416,0.8256453881040215,0.8733666638533274,0.5679504990577697,-0.01810461189597845,0.1791325556114316,0.5622954368591309,0.1791325556114316,62.08888888888889,99.0,87.0,5787.287552,5787.287552,76.33333333333333,78.0,57.42733333333334,98.723,1156.0,5000.0,4.0,2727.4127868015203,49021.458397339185,0.0,0.0,0.0,473.10438399999987,473.104384,36.422222222222224,37.0,9.525977777777777,10.059,300.0,405.0,1.0,466.4715693597873,8532.078940323134,69.28,77.2,3.7854729557333333,3.924365312,14.2,2.793098626844444,2.845954048,25.375039488,0.0,3193.8843561613076,0.8871900989336965,0.6325665405397256,713.0,806,Tesla T4,16106.12736,70.0,GPU-68af6dd9-efa6-2c59-74be-fc9e28c1dbdf,Tesla T4,16106.12736,70.0,GPU-015b8c66-85ec-6208-2309-fc83f3d55e16,580.159.04,1.0,62,0.0,20,1.0,5,1.0,41
a-resnet50-base-f1-s2,a,resnet50,base,1,2,58,5742,183744,1787823421.278688,1787823470.7934134,2026-08-27T09:37:01Z,2026-08-27T09:37:50Z,acct1,0,f9a278,Interactive,86e0908dcc3c,v2,1.99538385952955e-05,1.0,0.2589749495818978,9.777396977174666e-07,0.00028108991030265573,0.005691375583410263,8.266727672889829e-05,0.0011736729415133594,0.004128196826204651,0.0,1055.5990700725852,2.6035714858279514e-13,131072.0,0,0,49.49494552612305,46.94247126579285,2.5514791011810303,18.251293182373047,26.952722787857056,25.273471355438232,1.4537510871887207,0.3687506469269707,0.28822270547500767,0.28795766830444336,0.2926473140716553,0.2945033884048462,67.48686029038555,23512130,23512130,2838.6051461696625,187484.5181184305,60,384,32,coral,coral_bce,0.0,session_balanced,adamw,0.0003,0.05,cosine,5,60,5.0,True,full,raw,full_frame,dataset_v1_1,fp16,2,resnet50,1,2,base,a,86e0908dcc3c,0.84375,0.6666666666666666,0.6146825396825397,0.84375,0.7734188988095239,0.5716239316239317,0.6666666666666666,0.8857142857142858,1.0,0.7948717948717948,62,0.0,0.0,0.0,20,0.9583333333333334,1.0,0.92,46,0.9126637554585153,0.15625,0.7231833910034602,0.7563597926113065,0.5819488176848499,0.28462505371421165,0.7582557848654687,0.8064733484277019,0.49788094162940977,-0.08549421513453126,0.20673504611477256,0.48998517944262576,0.20673504611477256,57.8,99.0,70.0,5787.287552,5787.287552,77.0,78.0,57.08397777777779,93.633,1167.6666666666667,5000.0,4.0,2869.309817442452,51920.60581301557,0.0,0.0,0.0,473.10438399999987,473.104384,36.355555555555554,37.0,9.543822222222222,9.96,300.0,405.0,1.0,473.26607039618466,9011.387568320533,69.28222222222222,75.7,3.857983806577778,4.000894976,14.4,2.793141134222223,2.844258304,25.375039488,0.0,3342.575887838637,0.9284933021773991,0.6620157244524856,713.0,822,Tesla T4,16106.12736,70.0,GPU-68af6dd9-efa6-2c59-74be-fc9e28c1dbdf,Tesla T4,16106.12736,70.0,GPU-015b8c66-85ec-6208-2309-fc83f3d55e16,580.159.04,1.0,62,0.0,20,1.0,5,1.0,41
a-resnet50-base-f1-s2,a,resnet50,base,1,2,59,5841,186912,1787823471.33289,1787823519.630194,2026-08-27T09:37:51Z,2026-08-27T09:38:39Z,acct1,0,f9a278,Interactive,86e0908dcc3c,v2,1.8286084316124023e-05,1.0,0.2917899395488348,2.4463441107965276e-07,0.00028501329012729597,0.0038379926700145006,9.853390656644478e-05,0.0012543770484626264,0.003132874448783693,0.0,1055.5957491651811,6.605185596409099e-14,131072.0,0,0,48.27868318557739,45.804410457611084,2.4733364582061768,16.895262956619263,27.09042453765869,25.317062616348267,1.5276577472686768,0.3499528537610673,0.29039886262681747,0.28943324089050293,0.29537372589111327,0.3061943912506104,69.16364534222686,23512130,23512130,2886.88382935524,190653.82212643826,60,384,32,coral,coral_bce,0.0,session_balanced,adamw,0.0003,0.05,cosine,5,60,5.0,True,full,raw,full_frame,dataset_v1_1,fp16,2,resnet50,1,2,base,a,86e0908dcc3c,0.84375,0.6666666666666666,0.608003108003108,0.84375,0.7729275932400932,0.5596059113300492,0.6666666666666666,0.9393939393939393,1.0,0.8857142857142857,62,0.0,0.0,0.0,20,0.8846153846153846,1.0,0.7931034482758621,46,0.9141630901287554,0.15625,0.726962457337884,0.7554940322631,0.631115852525727,0.3142329378877705,0.7351383622735739,0.7802788372393008,0.4913797974586487,-0.10861163772642612,0.23787535168230534,0.46364952623844147,0.23787535168230534,62.09090909090909,99.0,69.5,5787.287552,5787.287552,77.56818181818181,79.0,55.97545454545455,82.809,1119.8863636363637,5000.0,4.0,2707.3571098692264,54661.208366023166,0.0,0.0,0.0,473.10438399999987,473.104384,36.25,37.0,9.5235,9.96,300.0,405.0,1.0,461.946898138518,9480.204474840653,70.13409090909092,76.3,3.7865146181818177,3.90084608,14.1,2.793601489454545,2.848673792,25.375039488,0.0,3169.3040080077444,0.8803622244465956,0.6276982660304227,713.0,802,Tesla T4,16106.12736,70.0,GPU-68af6dd9-efa6-2c59-74be-fc9e28c1dbdf,Tesla T4,16106.12736,70.0,GPU-015b8c66-85ec-6208-2309-fc83f3d55e16,580.159.04,1.0,62,0.0,20,1.0,5,1.0,41
a-resnet50-base-f1-s2,a,resnet50,base,1,2,60,5940,190080,1787823520.1824784,1787823569.2833214,2026-08-27T09:38:40Z,2026-08-27T09:39:29Z,acct1,0,f9a278,Interactive,86e0908dcc3c,v2,2.819897778720983e-05,1.0,0.3498562896566,0.0,0.00036651524300800194,0.010162021964788437,0.00011394764442229643,0.0009540652099531136,0.0036263453541323276,0.0,1055.595742691718,0.0,131072.0,0,0,49.0819730758667,46.467039585113525,2.6140189170837402,17.7688627243042,26.85970950126648,25.146416425704956,1.538158655166626,0.3620242139988671,0.28815662981283785,0.28716301918029785,0.2922086238861084,0.3048082208633422,68.17735815076372,23512130,23512130,2935.9658024311066,193877.6967064627,60,384,32,coral,coral_bce,0.0,session_balanced,adamw,0.0003,0.05,cosine,5,60,5.0,True,full,raw,full_frame,dataset_v1_1,fp16,2,resnet50,1,2,base,a,86e0908dcc3c,0.84375,0.6666666666666666,0.6069429429429429,0.84375,0.7783603603603603,0.563939763939764,0.6666666666666666,0.9919999999999999,1.0,0.9841269841269841,62,0.0,0.0,0.0,20,0.8288288288288288,1.0,0.7076923076923077,46,0.9154334038054969,0.15625,0.730185497470489,0.7646195520281819,0.679410526718047,0.36586012794889333,0.6954088706988841,0.7301540286452682,0.5077850177884102,-0.14834112930111587,0.16274136188440028,0.4608074426651001,0.16274136188440028,46.53333333333333,99.0,56.0,5787.287552,5787.287552,76.26666666666667,77.0,54.66911111111112,81.444,1187.0,5000.0,4.0,2753.193409719679,57444.38189589556,0.0,0.0,0.0,473.10438399999987,473.104384,36.0,36.0,9.486555555555555,10.059,300.0,405.0,1.0,470.6811703047697,9957.797944756514,69.5488888888889,74.4,3.829462539377778,3.968454656,14.3,2.792446907733333,2.809561088,25.375039488,0.0,3223.8745800244487,0.895520716673458,0.6385062709881756,713.0,812,Tesla T4,16106.12736,70.0,GPU-68af6dd9-efa6-2c59-74be-fc9e28c1dbdf,Tesla T4,16106.12736,70.0,GPU-015b8c66-85ec-6208-2309-fc83f3d55e16,580.159.04,1.0,62,0.0,20,1.0,5,1.0,41
