run_id,stage,arch,technique,fold,seed,epoch,global_step,samples_seen,ts_start,ts_end,iso_start,iso_end,account,worker_id,session_id,host,config_hash,lib_version,train_loss,train_acc,val_loss,lr_group0,grad_norm_mean,grad_norm_max,grad_norm_p50,grad_norm_p95,grad_norm_p99,grad_clip_hit_rate,weight_norm_total,update_to_weight_ratio,amp_scale,amp_scale_decreases,nan_or_inf_batches,epoch_seconds,train_seconds,val_seconds,dataload_seconds,compute_seconds,backward_seconds,optimizer_seconds,dataload_frac,step_time_mean,step_time_p50,step_time_p90,step_time_p99,images_per_second,n_params_total,n_params_trainable,wall_seconds_cumulative,energy_joules_cumulative,epochs_planned,cfg_input_resolution,cfg_batch_size,cfg_head_type,cfg_loss_name,cfg_label_smoothing,cfg_sampler_name,cfg_optimizer_name,cfg_lr_initial,cfg_weight_decay,cfg_scheduler_name,cfg_warmup_epochs,cfg_max_epochs,cfg_grad_clip,cfg_pretrained,cfg_finetune_depth,cfg_preprocessing,cfg_roi_mode,cfg_augment_policy,cfg_precision,cfg_num_workers,cfg_arch,cfg_fold,cfg_seed,cfg_technique,cfg_stage,cfg_config_hash,val_acc,val_balanced_acc,val_f1_macro,val_f1_micro,val_f1_weighted,val_precision_macro,val_recall_macro,val_f1_low,val_recall_low,val_precision_low,val_support_low,val_f1_mid,val_recall_mid,val_precision_mid,val_support_mid,val_f1_high,val_recall_high,val_precision_high,val_support_high,val_qwk,val_mae_class,val_cohen_kappa,val_mcc,val_nll,val_brier,val_mean_confidence,val_mean_confidence_correct,val_mean_confidence_incorrect,val_overconfidence_gap,val_ece,val_mce,val_ace,gpu0_util_mean,gpu0_util_max,gpu0_util_p50,gpu0_mem_used_mb_mean,gpu0_mem_used_mb_peak,gpu0_temp_c_mean,gpu0_temp_c_max,gpu0_power_w_mean,gpu0_power_w_max,gpu0_sm_clock_mhz_mean,gpu0_mem_clock_mhz_mean,gpu0_throttle_reasons,gpu0_energy_joules_epoch,gpu0_energy_joules_cumulative,gpu1_util_mean,gpu1_util_max,gpu1_util_p50,gpu1_mem_used_mb_mean,gpu1_mem_used_mb_peak,gpu1_temp_c_mean,gpu1_temp_c_max,gpu1_power_w_mean,gpu1_power_w_max,gpu1_sm_clock_mhz_mean,gpu1_mem_clock_mhz_mean,gpu1_throttle_reasons,gpu1_energy_joules_epoch,gpu1_energy_joules_cumulative,cpu_percent_mean,cpu_percent_max,ram_used_gb_mean,ram_used_gb_peak,ram_percent_peak,proc_rss_gb_mean,proc_rss_gb_peak,proc_vms_gb_peak,swap_used_gb_peak,energy_joules_epoch,energy_wh_epoch,co2_g_epoch,carbon_intensity_g_per_kwh,power_sample_count,gpu0_name,gpu0_mem_total_mb,gpu0_power_limit_w,gpu0_uuid,gpu1_name,gpu1_mem_total_mb,gpu1_power_limit_w,gpu1_uuid,gpu_driver,val_acc_session_mileage_000100_005000__session_002,val_n_session_mileage_000100_005000__session_002,val_acc_session_mileage_040000__session_001,val_n_session_mileage_040000__session_001,val_acc_session_mileage_100000_plus__session_003,val_n_session_mileage_100000_plus__session_003,val_acc_session_mileage_100000_plus__session_006,val_n_session_mileage_100000_plus__session_006
a-resnet50-base-f1-s3,a,resnet50,base,1,3,1,99,3168,1787785974.6623156,1787786024.152485,2026-08-26T23:12:54Z,2026-08-26T23:13:44Z,acct4,3,379872,Interactive,e16dc9368630,v2,0.6354648067493631,0.5858585858585859,0.6357721537351608,6e-05,0.8846416533595384,1.4348212480545044,0.8631453514099121,1.1786648154258728,1.4343284797668456,0.0,1095.4472562257697,4.845372417513539e-08,65536.0,0,0,49.472047567367554,46.86677265167236,2.6037702560424805,15.495083570480348,30.1264386177063,28.406668663024902,0.9397284984588624,0.3132088589901243,0.3151858238258747,0.3160767555236816,0.3274917125701904,0.334106912612915,67.59586420736728,23512130,23512130,49.472047567367554,3301.459356220721,60,384,32,coral,coral_bce,0.0,session_balanced,adamw,0.0003,0.05,cosine,5,60,5.0,True,full,raw,full_frame,dataset_v1_1,fp16,2,resnet50,1,3,base,a,e16dc9368630,0.359375,0.3333333333333333,0.1762452107279693,0.359375,0.1900143678160919,0.1197916666666666,0.3333333333333333,0.0,0.0,0.0,62,0.0,0.0,0.0,20,0.5287356321839081,1.0,0.359375,46,0.0,1.125,0.0,0.0,0.9839371453763988,0.5864557369934599,0.4510829106438905,0.4910288783519164,0.4286741970515833,0.0917079106438905,0.4491714148316532,0.5116417518881864,0.4491714148316532,65.06666666666666,99.0,85.0,5797.773312000001,5797.773312,78.08888888888889,81.0,55.864333333333335,75.256,926.6666666666666,5000.0,4.0,2812.9761023268693,2819.9503126540176,0.0,0.0,0.0,473.1043839999999,473.104384,37.44444444444444,38.0,9.80831111111111,10.621,300.0,405.0,1.0,488.4832538938522,490.5533828198909,71.25111111111111,78.5,3.4142278087111118,3.644665856,13.3,2.744659694933333,2.800021504,26.299424768,0.0,3301.459356220721,0.9170720433946448,0.6538723669403818,713.0,806,Tesla T4,16106.12736,70.0,GPU-2c731706-d8f6-6c3d-2652-b986ab138f34,Tesla T4,16106.12736,70.0,GPU-5f1ba15b-ef52-a833-3083-dd2bcf518ac7,580.159.04,0.0,62,0.0,20,1.0,5,1.0,41
a-resnet50-base-f1-s3,a,resnet50,base,1,3,2,198,6336,1787786025.0421896,1787786073.2448957,2026-08-26T23:13:45Z,2026-08-26T23:14:33Z,acct4,3,379872,Interactive,e16dc9368630,v2,0.2444448499667524,0.981060606060606,0.2639132961630821,0.0001199999999999,0.6672643736155346,2.759476661682129,0.6585591435432434,1.0391119241714477,1.5987225246429395,0.0,1095.014770900797,7.312387646423652e-08,65536.0,0,0,48.1859245300293,45.63731479644776,2.5476560592651367,15.301509380340576,29.117218255996704,27.40764331817627,0.9144270420074464,0.3175514329045348,0.3047833611266781,0.3040533065795898,0.3095923900604248,0.3238654947280884,69.41687989597902,23512130,23512130,97.65797209739684,6509.496828725096,60,384,32,coral,coral_bce,0.0,session_balanced,adamw,0.0003,0.05,cosine,5,60,5.0,True,full,raw,full_frame,dataset_v1_1,fp16,2,resnet50,1,3,base,a,e16dc9368630,0.8828125,0.75,0.7640287769784173,0.8828125,0.8539793165467626,0.935064935064935,0.75,0.8920863309352518,1.0,0.8051948051948052,62,0.4,0.25,1.0,20,1.0,1.0,1.0,46,0.9328107502799552,0.1171875,0.79561422184373,0.8187052105925496,0.4733882501609308,0.2488045599299088,0.6739755501039326,0.6990078017774937,0.4853992541631063,-0.2088369498960673,0.2093937708996236,0.386624271219427,0.2093937708996236,57.66666666666666,99.0,55.0,5797.773312000001,5797.773312,76.46666666666667,78.0,55.499222222222215,83.037,959.6666666666666,5000.0,4.0,2736.067422171112,5595.434781478639,0.0,0.0,0.0,473.1043839999999,473.104384,37.0,37.0,9.745,10.127,300.0,405.0,1.0,471.9700503332618,972.3024153113367,70.48222222222222,83.5,3.9265608590222234,4.092960768,14.6,2.872584146488889,2.919170048,26.452897792,0.0,3208.037472504374,0.8911215201401038,0.635369643859894,713.0,796,Tesla T4,16106.12736,70.0,GPU-2c731706-d8f6-6c3d-2652-b986ab138f34,Tesla T4,16106.12736,70.0,GPU-5f1ba15b-ef52-a833-3083-dd2bcf518ac7,580.159.04,1.0,62,0.25,20,1.0,5,1.0,41
a-resnet50-base-f1-s3,a,resnet50,base,1,3,3,297,9504,1787786074.5642202,1787786124.0070028,2026-08-26T23:14:34Z,2026-08-26T23:15:24Z,acct4,3,379872,Interactive,e16dc9368630,v2,0.0191195243028829,0.9996843434343434,0.3071019041817635,0.0001799999999999,0.145884857560047,1.339229702949524,0.1165334805846214,0.2812272518873214,0.4386146390438043,0.0,1094.296587966874,2.399648746926676e-08,65536.0,0,0,49.42601871490479,46.89173674583435,2.533328056335449,16.130441427230835,29.56651735305786,27.89472794532776,0.895479679107666,0.3263552648307192,0.3090557377747815,0.3077671527862549,0.3169533729553223,0.3194472455978393,67.55987770662878,23512130,23512130,147.08399081230164,9779.081519169322,60,384,32,coral,coral_bce,0.0,session_balanced,adamw,0.0003,0.05,cosine,5,60,5.0,True,full,raw,full_frame,dataset_v1_1,fp16,2,resnet50,1,3,base,a,e16dc9368630,0.8984375,0.8397849462365592,0.8426471926471925,0.8984375,0.8954722478159978,0.8521885006442395,0.8397849462365592,0.95,0.9193548387096774,0.9827586206896552,62,0.6486486486486486,0.6,0.7058823529411765,20,0.9292929292929292,1.0,0.8679245283018868,46,0.9402985074626866,0.1015625,0.8337662337662337,0.8368704632876053,0.5281993074175211,0.3093448626629843,0.6463099103420973,0.670564991235733,0.4317457332060887,-0.2521275896579027,0.2521275896579027,0.4440119091202231,0.2521275896579027,59.68888888888889,99.0,61.0,5797.773312000001,5797.773312,77.46666666666667,79.0,54.85975555555555,79.781,922.0,5000.0,4.0,2787.753037271731,8455.143305106629,0.0,0.0,0.0,473.1043839999999,473.104384,37.0,37.0,9.701866666666668,10.127,300.0,405.0,1.0,481.8316531724943,1469.3883338961618,70.32888888888888,78.6,3.7738519665777774,3.970740224,14.3,2.871267328,2.871267328,26.396004352,0.0,3269.584690444225,0.9082179695678404,0.6475594123018701,713.0,816,Tesla T4,16106.12736,70.0,GPU-2c731706-d8f6-6c3d-2652-b986ab138f34,Tesla T4,16106.12736,70.0,GPU-5f1ba15b-ef52-a833-3083-dd2bcf518ac7,580.159.04,0.9193548387096774,62,0.6,20,1.0,5,1.0,41
a-resnet50-base-f1-s3,a,resnet50,base,1,3,4,396,12672,1787786125.3374703,1787786174.9017055,2026-08-26T23:15:25Z,2026-08-26T23:16:14Z,acct4,3,379872,Interactive,e16dc9368630,v2,0.0043620175489158,1.0,0.1893261513905599,0.0002399999999999,0.0459140220544103,0.5169941186904907,0.0247179437428712,0.1381342664360999,0.2999539583921424,0.0,1093.3174338255135,1.0078834336796189e-08,65536.0,0,0,49.54783296585083,47.08747100830078,2.4592976570129395,16.98288917541504,28.90855097770691,27.21343445777893,0.906198501586914,0.3427574559541266,0.302541424529721,0.3018577098846435,0.3081170082092285,0.318426547050476,67.27904328184309,23512130,23512130,196.63182377815247,13083.339697018851,60,384,32,coral,coral_bce,0.0,session_balanced,adamw,0.0003,0.05,cosine,5,60,5.0,True,full,raw,full_frame,dataset_v1_1,fp16,2,resnet50,1,3,base,a,e16dc9368630,0.8515625,0.6833333333333332,0.6541236541236541,0.8515625,0.7942734348984349,0.9218106995884772,0.6833333333333332,0.8671328671328672,1.0,0.7654320987654321,62,0.0952380952380952,0.05,1.0,20,1.0,1.0,1.0,46,0.9160220994475138,0.1484375,0.7363971385215695,0.7730196098938013,0.3584344675808312,0.1877741987589327,0.7989185587503016,0.8417075856016316,0.5534446678663555,-0.0526439412496984,0.1838455838151276,0.5728158056735992,0.1838455838151276,58.8,99.0,77.0,5797.773312000001,5797.773312,76.66666666666667,78.0,56.54506666666665,82.499,973.3333333333334,5000.0,4.0,2821.2517113664144,11342.171395386686,0.0,0.0,0.0,473.1043839999999,473.104384,37.0,37.0,9.680044444444444,10.225,300.0,405.0,1.0,483.0064664831168,1966.999850936892,69.91555555555556,76.7,3.923351324444445,4.035526656,14.5,2.865258496,2.865258496,26.38999552,0.0,3304.2581778495314,0.917849493847092,0.6544266891129766,713.0,818,Tesla T4,16106.12736,70.0,GPU-2c731706-d8f6-6c3d-2652-b986ab138f34,Tesla T4,16106.12736,70.0,GPU-5f1ba15b-ef52-a833-3083-dd2bcf518ac7,580.159.04,1.0,62,0.05,20,1.0,5,1.0,41
a-resnet50-base-f1-s3,a,resnet50,base,1,3,5,495,15840,1787786175.5761433,1787786224.5037508,2026-08-26T23:16:15Z,2026-08-26T23:17:04Z,acct4,3,379872,Interactive,e16dc9368630,v2,0.0016326307633073,1.0,0.1982742575928568,0.0003,0.0207050851395711,0.3569824695587158,0.0111943632364273,0.0579947542399168,0.0852775432169426,0.0,1092.071987046441,5.687835248545007e-09,65536.0,0,0,48.91018342971802,46.37556791305542,2.5336313247680664,16.286000967025757,28.90028667449951,27.163512229919437,0.8885891437530518,0.3329777118997742,0.3022751928579927,0.302222728729248,0.3059714317321777,0.3128106927871704,68.31183190983975,23512130,23512130,245.54200720787048,16365.901461157318,60,384,32,coral,coral_bce,0.0,session_balanced,adamw,0.0003,0.05,cosine,5,60,5.0,True,full,raw,full_frame,dataset_v1_1,fp16,2,resnet50,1,3,base,a,e16dc9368630,0.8828125,0.75,0.7640287769784173,0.8828125,0.8539793165467626,0.935064935064935,0.75,0.8920863309352518,1.0,0.8051948051948052,62,0.4,0.25,1.0,20,1.0,1.0,1.0,46,0.9328107502799552,0.1171875,0.79561422184373,0.8187052105925496,0.3647135096776567,0.1901920136359177,0.7672427487559617,0.7991443371350786,0.5269174496332805,-0.1155697512440383,0.1852902001701295,0.6130084693431854,0.1852902001701295,56.75555555555555,100.0,59.0,5797.773312000001,5797.773312,76.97777777777777,78.0,55.94726666666666,87.107,1050.0,5000.0,4.0,2807.472949110517,14188.770241363529,0.0,0.0,0.0,473.1043839999999,473.104384,37.0,37.0,9.706155555555556,10.032,300.0,405.0,1.0,475.0888150279484,2450.9159992036803,69.64666666666668,77.3,3.9202802346666656,4.035567616,14.6,2.874589184,2.874589184,26.399326208,0.0,3282.5617641384656,0.9118227122606848,0.6501295938418683,713.0,804,Tesla T4,16106.12736,70.0,GPU-2c731706-d8f6-6c3d-2652-b986ab138f34,Tesla T4,16106.12736,70.0,GPU-5f1ba15b-ef52-a833-3083-dd2bcf518ac7,580.159.04,1.0,62,0.25,20,1.0,5,1.0,41
a-resnet50-base-f1-s3,a,resnet50,base,1,3,6,594,19008,1787786225.1854937,1787786273.6421895,2026-08-26T23:17:05Z,2026-08-26T23:17:53Z,acct4,3,379872,Interactive,e16dc9368630,v2,0.0009508272293411,1.0,0.1792011002544313,0.0002997553655889,0.012680606900084,0.2862646579742431,0.0070223896764218,0.0246504018083214,0.0536962253600349,0.0,1090.692603478873,3.485014884212248e-09,65536.0,0,0,48.43988037109375,45.97289824485779,2.4661121368408203,16.06858253479004,28.70642852783203,26.90338778495789,0.9005625247955322,0.3317221762665393,0.3004400417058154,0.3003406524658203,0.3038652896881103,0.3062500858306884,68.91016492209843,23512130,23512130,293.98188757896423,19631.84516818215,60,384,32,coral,coral_bce,0.0,session_balanced,adamw,0.0003,0.05,cosine,5,60,5.0,True,full,raw,full_frame,dataset_v1_1,fp16,2,resnet50,1,3,base,a,e16dc9368630,0.921875,0.8333333333333334,0.8640132669983416,0.921875,0.9117692786069652,0.9537037037037036,0.8333333333333334,0.9253731343283582,1.0,0.8611111111111112,62,0.6666666666666666,0.5,1.0,20,1.0,1.0,1.0,46,0.9544419134396356,0.078125,0.8667221990837152,0.8771556616911669,0.3284217987101019,0.1640523150439923,0.7630576891824603,0.7880932193691448,0.4676384329795837,-0.1588173108175397,0.1800929037854075,0.3687465786933899,0.1800929037854075,70.11363636363636,99.0,82.5,5797.773312000001,5797.773312,77.04545454545455,78.0,60.67320454545455,92.331,928.2954545454544,5000.0,4.0,2794.527070942182,17024.7268624294,0.0,0.0,0.0,473.1043839999999,473.104384,37.0,37.0,9.646886363636362,10.028,300.0,405.0,1.0,471.4166360826507,2931.1876548030377,70.4659090909091,75.8,3.990192128,4.101070848,14.7,2.8730163200000005,2.87301632,26.397753344,0.0,3265.9437070248327,0.9072065852846758,0.6468382953079739,713.0,798,Tesla T4,16106.12736,70.0,GPU-2c731706-d8f6-6c3d-2652-b986ab138f34,Tesla T4,16106.12736,70.0,GPU-5f1ba15b-ef52-a833-3083-dd2bcf518ac7,580.159.04,1.0,62,0.5,20,1.0,5,1.0,41
a-resnet50-base-f1-s3,a,resnet50,base,1,3,7,693,22176,1787786274.9834118,1787786324.4081247,2026-08-26T23:17:54Z,2026-08-26T23:18:44Z,acct4,3,379872,Interactive,e16dc9368630,v2,0.0007042150839815,1.0,0.1609285571612417,0.0002990222603022,0.0128747703180638,0.3725854754447937,0.0053869616240262,0.0402255024760961,0.0873903235793102,0.0,1089.3223531608742,3.534163152173604e-09,65536.0,0,0,49.40259313583374,46.88307571411133,2.518583297729492,16.955434799194336,28.724668502807617,26.97631025314331,0.9084835052490234,0.3432094091209933,0.3007610976093947,0.3009884357452392,0.3051964282989502,0.3168679237365722,67.57235850561878,23512130,23512130,343.384480714798,22919.94449139193,60,384,32,coral,coral_bce,0.0,session_balanced,adamw,0.0003,0.05,cosine,5,60,5.0,True,full,raw,full_frame,dataset_v1_1,fp16,2,resnet50,1,3,base,a,e16dc9368630,0.84375,0.6666666666666666,0.6203703703703703,0.84375,0.7764756944444444,0.5853658536585366,0.6666666666666666,0.8611111111111112,1.0,0.7560975609756098,62,0.0,0.0,0.0,20,1.0,1.0,1.0,46,0.9118942731277532,0.15625,0.7212543554006968,0.7617263074577288,0.3506493035944474,0.1996143916873866,0.8779383646324277,0.9123332180358744,0.6922061562538147,0.0341883646324276,0.1590127050876617,0.7032269494874137,0.1590127050876617,57.41304347826087,99.0,68.0,5797.773312000001,5797.773312,76.93478260869566,78.0,54.196000000000005,78.663,1039.5652173913045,5000.0,4.0,2804.792227975857,19896.90204709152,0.0,0.0,0.0,473.1043839999998,473.104384,36.97826086956522,37.0,9.7125,10.225,300.0,405.0,1.0,483.3070952339235,3429.671026795155,69.59347826086957,76.4,3.9827083798260863,4.09198592,14.7,2.873194406956522,2.89267712,26.454122496,0.0,3288.0993232097803,0.913360923113828,0.6512263381801593,713.0,814,Tesla T4,16106.12736,70.0,GPU-2c731706-d8f6-6c3d-2652-b986ab138f34,Tesla T4,16106.12736,70.0,GPU-5f1ba15b-ef52-a833-3083-dd2bcf518ac7,580.159.04,1.0,62,0.0,20,1.0,5,1.0,41
a-resnet50-base-f1-s3,a,resnet50,base,1,3,8,792,25344,1787786325.0783994,1787786373.4847949,2026-08-26T23:18:45Z,2026-08-26T23:19:33Z,acct4,3,379872,Interactive,e16dc9368630,v2,0.0004290078547336,1.0,0.2183571881614625,0.0002978030753771,0.0063209013232603,0.0771121755242347,0.0032371880952268,0.0185210699215531,0.0632655166089534,0.0,1087.959131161637,1.73019720990126e-09,65536.0,0,0,48.39055991172791,45.88588571548462,2.50315523147583,16.051159858703613,28.61487555503845,26.921131134033203,0.9273025989532472,0.3317002301271877,0.2998466058210893,0.299283504486084,0.3053462982177734,0.3117390775680542,69.04083795272429,23512130,23512130,391.7750406265259,26188.15674762276,60,384,32,coral,coral_bce,0.0,session_balanced,adamw,0.0003,0.05,cosine,5,60,5.0,True,full,raw,full_frame,dataset_v1_1,fp16,2,resnet50,1,3,base,a,e16dc9368630,0.84375,0.6666666666666666,0.6203703703703703,0.84375,0.7764756944444444,0.5853658536585366,0.6666666666666666,0.8611111111111112,1.0,0.7560975609756098,62,0.0,0.0,0.0,20,1.0,1.0,1.0,46,0.9118942731277532,0.15625,0.7212543554006968,0.7617263074577288,0.5188894354260316,0.2735923574749962,0.9696802333928644,0.9801158193084928,0.9133280694484712,0.1259302333928644,0.1259302333928644,0.9190321962038676,0.1259302333928644,63.27272727272727,99.0,80.5,5797.773312000001,5797.773312,77.0,78.0,57.55788636363638,92.989,1045.909090909091,5000.0,4.0,2792.8292615587707,22728.388336523803,0.0,0.0,0.0,473.1043839999999,473.104384,36.95454545454545,37.0,9.808,10.621,300.0,405.0,1.0,475.38299467206025,3913.202277363068,70.22045454545456,78.2,4.026376471272728,4.14777344,14.8,2.8749153745454548,2.906112,26.455171072,0.0,3268.212256230831,0.9078367378418974,0.6472875940812729,713.0,804,Tesla T4,16106.12736,70.0,GPU-2c731706-d8f6-6c3d-2652-b986ab138f34,Tesla T4,16106.12736,70.0,GPU-5f1ba15b-ef52-a833-3083-dd2bcf518ac7,580.159.04,1.0,62,0.0,20,1.0,5,1.0,41
a-resnet50-base-f1-s3,a,resnet50,base,1,3,9,891,28512,1787786374.14411,1787786423.509985,2026-08-26T23:19:34Z,2026-08-26T23:20:23Z,acct4,3,379872,Interactive,e16dc9368630,v2,0.000323567840634,1.0,0.1912619385984726,0.0002961017875413,0.0047063836810235,0.0335135757923126,0.0023095263168215,0.0191751603037118,0.026272768639028,0.0,1086.6045826266936,1.2824983835773834e-09,65536.0,0,0,49.34788489341736,46.92216181755066,2.4244039058685303,17.187830209732056,28.53826713562012,26.76090812683105,0.8960516452789307,0.3482992279578893,0.2987111698497425,0.2987937927246094,0.30251145362854,0.3054179430007934,67.51607081357979,23512130,23512130,441.1229255199432,29478.17192975333,60,384,32,coral,coral_bce,0.0,session_balanced,adamw,0.0003,0.05,cosine,5,60,5.0,True,full,raw,full_frame,dataset_v1_1,fp16,2,resnet50,1,3,base,a,e16dc9368630,0.84375,0.6666666666666666,0.6203703703703703,0.84375,0.7764756944444444,0.5853658536585366,0.6666666666666666,0.8611111111111112,1.0,0.7560975609756098,62,0.0,0.0,0.0,20,1.0,1.0,1.0,46,0.9118942731277532,0.15625,0.7212543554006968,0.7617263074577288,0.4429387777665646,0.2554238165522712,0.9589606886729598,0.9744801079785382,0.8751558244228363,0.1152106886729598,0.1422604992985725,0.8548846244812012,0.1422604992985725,57.37777777777778,99.0,76.0,5797.773312000001,5797.773312,76.75555555555556,78.0,55.64971111111111,93.106,1077.0,5000.0,4.0,2805.401386128182,25567.49192865517,0.0,0.0,0.0,473.1043839999999,473.104384,36.977777777777774,37.0,9.76022222222222,10.423,300.0,405.0,1.0,484.6137960023889,4405.966696523197,69.16222222222223,76.3,4.025930638222222,4.159135744,14.8,2.873365845333333,2.920988672,26.452287488,0.0,3290.015182130571,0.9138931061473808,0.6516057846830825,713.0,814,Tesla T4,16106.12736,70.0,GPU-2c731706-d8f6-6c3d-2652-b986ab138f34,Tesla T4,16106.12736,70.0,GPU-5f1ba15b-ef52-a833-3083-dd2bcf518ac7,580.159.04,1.0,62,0.0,20,1.0,5,1.0,41
a-resnet50-base-f1-s3,a,resnet50,base,1,3,10,990,31680,1787786424.1993332,1787786473.711374,2026-08-26T23:20:24Z,2026-08-26T23:21:13Z,acct4,3,379872,Interactive,e16dc9368630,v2,0.0002972973350625,1.0,0.1468591225566342,0.0002939239460421,0.0065268546694447,0.149568423628807,0.0019895618315786,0.0165679221972823,0.1194940422475336,0.0,1085.2622806997408,1.767682258753225e-09,65536.0,0,0,49.49056434631348,46.98111057281494,2.5075862407684326,17.227539539337158,28.57974338531494,26.881141662597656,0.8865265846252441,0.3480974558864659,0.2990619726855345,0.2989296913146972,0.3023850440979004,0.3074091529846191,67.43135616366474,23512130,23512130,490.6134898662567,32771.54067534022,60,384,32,coral,coral_bce,0.0,session_balanced,adamw,0.0003,0.05,cosine,5,60,5.0,True,full,raw,full_frame,dataset_v1_1,fp16,2,resnet50,1,3,base,a,e16dc9368630,0.84375,0.6666666666666666,0.6203703703703703,0.84375,0.7764756944444444,0.5853658536585366,0.6666666666666666,0.8611111111111112,1.0,0.7560975609756098,62,0.0,0.0,0.0,20,1.0,1.0,1.0,46,0.9118942731277532,0.15625,0.7212543554006968,0.7617263074577288,0.3343054008163029,0.2009481100236416,0.9165336941368878,0.9510621963827698,0.7300797820091247,0.0727836941368877,0.1373162497766316,0.7598962585131327,0.1373162497766316,57.71739130434783,100.0,59.5,5797.773312000001,5797.773312,77.17391304347827,78.0,55.152,70.822,1003.0434782608696,5000.0,4.0,2800.074737210525,28405.85408424501,0.0,0.0,0.0,473.1043839999998,473.104384,36.97826086956522,37.0,9.909652173913043,10.818,300.0,405.0,1.0,493.2940083763651,4908.269504586948,68.89347826086956,74.3,4.040679602086955,4.128477184,14.7,2.876191966608696,2.907619328,26.4566784,0.0,3293.3687455868903,0.914824651551914,0.6522699765565146,713.0,820,Tesla T4,16106.12736,70.0,GPU-2c731706-d8f6-6c3d-2652-b986ab138f34,Tesla T4,16106.12736,70.0,GPU-5f1ba15b-ef52-a833-3083-dd2bcf518ac7,580.159.04,1.0,62,0.0,20,1.0,5,1.0,41
a-resnet50-base-f1-s3,a,resnet50,base,1,3,11,1089,34848,1787786474.5125234,1787786523.398234,2026-08-26T23:21:14Z,2026-08-26T23:22:03Z,acct4,3,379872,Interactive,e16dc9368630,v2,0.0002094222226599,1.0,0.160256351577118,0.0002912766545459,0.0044166017303153,0.1125573515892028,0.001276004477404,0.0124794818460941,0.0507153878360984,0.0,1083.934306229363,1.1868366644314055e-09,65536.0,0,0,48.866777420043945,46.3150634765625,2.5501372814178467,16.5813467502594,28.539239168167114,26.858232021331787,0.9001586437225342,0.3393173772792748,0.298699241695982,0.2985603809356689,0.3041510105133057,0.3069835186004638,68.40107218255568,23512130,23512130,539.4802672863007,36039.77329943874,60,384,32,coral,coral_bce,0.0,session_balanced,adamw,0.0003,0.05,cosine,5,60,5.0,True,full,raw,full_frame,dataset_v1_1,fp16,2,resnet50,1,3,base,a,e16dc9368630,0.953125,0.9,0.9257918552036198,0.953125,0.950070701357466,0.9705882352941176,0.9,0.953846153846154,1.0,0.9117647058823528,62,0.8235294117647058,0.7,1.0,20,1.0,1.0,1.0,46,0.9722863741339492,0.046875,0.9214081047891935,0.9252200062090408,0.3041291505591759,0.1565128267180874,0.773400443373248,0.7861054551894547,0.515065203110377,-0.179724556626752,0.1933567395899444,0.4362298548221588,0.1933567395899444,70.3409090909091,99.0,80.0,5797.773312000001,5797.773312,77.22727272727273,78.0,55.772090909090906,72.38,1003.9772727272727,5000.0,4.0,2781.928313535911,31226.89877786424,0.0,0.0,0.0,473.1043839999999,473.104384,37.0,37.0,9.904522727272727,10.522,300.0,405.0,1.0,486.3043105626112,5404.227825587286,70.1068181818182,76.6,3.976052363636364,4.069031936,14.7,2.752225652363636,2.791706624,26.332114944,0.0,3268.232624098522,0.9078423955829228,0.647291628050624,713.0,808,Tesla T4,16106.12736,70.0,GPU-2c731706-d8f6-6c3d-2652-b986ab138f34,Tesla T4,16106.12736,70.0,GPU-5f1ba15b-ef52-a833-3083-dd2bcf518ac7,580.159.04,1.0,62,0.7,20,1.0,5,1.0,41
a-resnet50-base-f1-s3,a,resnet50,base,1,3,12,1188,38016,1787786524.581022,1787786573.9716933,2026-08-26T23:22:04Z,2026-08-26T23:22:53Z,acct4,3,379872,Interactive,e16dc9368630,v2,0.0001213214445394,1.0,0.1326710560824722,0.0002881685479672,0.0016166580725705,0.0077542508952319,0.0010922801448032,0.004209346557036,0.0061261812690645,0.0,1082.6216686222672,4.3031653885611107e-10,65536.0,0,0,49.37367510795593,46.8359158039093,2.5367226600646973,17.146284818649292,28.47882652282715,26.761706590652462,0.8940789699554443,0.3472758465145404,0.298366626103719,0.2981195449829101,0.3022602081298828,0.3142140388488769,67.64039830594224,23512130,23512130,588.8539423942566,39336.69302991227,60,384,32,coral,coral_bce,0.0,session_balanced,adamw,0.0003,0.05,cosine,5,60,5.0,True,full,raw,full_frame,dataset_v1_1,fp16,2,resnet50,1,3,base,a,e16dc9368630,0.859375,0.7000000000000001,0.6850192061459667,0.859375,0.810759443021767,0.925,0.7000000000000001,0.8732394366197184,1.0,0.775,62,0.1818181818181818,0.1,1.0,20,1.0,1.0,1.0,46,0.9201773835920176,0.140625,0.7514026758739749,0.784361884064355,0.2835284017631325,0.1577113544076043,0.870594107080251,0.9133835722099652,0.6091029312875536,0.0112191070802509,0.1399367055855691,0.7070106565952301,0.1399367055855691,54.75555555555555,99.0,58.0,5797.773312000001,5797.773312,77.08888888888889,78.0,54.47397777777778,93.882,1058.0,5000.0,4.0,2809.727694875015,34088.35718238905,0.0,0.0,0.0,473.1043839999999,473.104384,37.0,37.0,9.876066666666665,10.423,300.0,405.0,1.0,487.1920355985121,5905.234899690399,69.07333333333334,74.9,4.0675074048,4.154970112,14.9,2.875253282133334,2.922299392,26.455171072,0.0,3296.919730473527,0.9158110362426464,0.6529732688410069,713.0,816,Tesla T4,16106.12736,70.0,GPU-2c731706-d8f6-6c3d-2652-b986ab138f34,Tesla T4,16106.12736,70.0,GPU-5f1ba15b-ef52-a833-3083-dd2bcf518ac7,580.159.04,1.0,62,0.1,20,1.0,5,1.0,41
a-resnet50-base-f1-s3,a,resnet50,base,1,3,13,1287,41184,1787786574.57261,1787786622.6680756,2026-08-26T23:22:54Z,2026-08-26T23:23:42Z,acct4,3,379872,Interactive,e16dc9368630,v2,0.0001665474044215,1.0,0.146394052382675,0.0002846097643037,0.0029406787150285,0.0576395504176616,0.0009829540504142,0.0108469891361892,0.0264985485374926,0.0,1081.3259039221646,7.739996544440844e-10,65536.0,0,0,48.07726573944092,45.54150485992432,2.534862995147705,16.031588792800903,28.315463304519653,26.62181258201599,0.9047970771789552,0.3334546702319875,0.2965013812286685,0.2960913181304931,0.3013652324676513,0.3042842102050781,69.56291869897741,23512130,23512130,636.9312081336975,42568.43837336182,60,384,32,coral,coral_bce,0.0,session_balanced,adamw,0.0003,0.05,cosine,5,60,5.0,True,full,raw,full_frame,dataset_v1_1,fp16,2,resnet50,1,3,base,a,e16dc9368630,0.8671875,0.7166666666666667,0.7134340631102889,0.8671875,0.8261110468701819,0.9282700421940928,0.7166666666666667,0.8794326241134751,1.0,0.7848101265822784,62,0.2608695652173913,0.15,1.0,20,1.0,1.0,1.0,46,0.9243604004449388,0.1328125,0.7662728249194415,0.7957553186910886,0.293250107016814,0.1509523418670877,0.8250473963562399,0.8702856004238129,0.5296685345032636,-0.04214010364376,0.1459357321728021,0.6515083909034729,0.1459357321728021,54.63636363636363,99.0,55.0,5799.584488727272,5799.870464,76.88636363636364,78.0,57.53477272727273,102.863,1032.6136363636365,5000.0,4.0,2758.7490188815136,36878.59928855656,0.0,0.0,0.0,473.1043839999999,473.104384,36.93181818181818,37.0,9.82797727272727,10.423,300.0,405.0,1.0,472.9963245680429,6385.537730916281,70.32954545454545,76.6,4.107842373818183,4.195250176,14.9,2.877006568727273,2.916859904,26.455957504,0.0,3231.7453434495565,0.897707039847099,0.6400651194109815,713.0,794,Tesla T4,16106.12736,70.0,GPU-2c731706-d8f6-6c3d-2652-b986ab138f34,Tesla T4,16106.12736,70.0,GPU-5f1ba15b-ef52-a833-3083-dd2bcf518ac7,580.159.04,1.0,62,0.15,20,1.0,5,1.0,41
a-resnet50-base-f1-s3,a,resnet50,base,1,3,14,1386,44352,1787786623.2749107,1787786671.0970914,2026-08-26T23:23:43Z,2026-08-26T23:24:31Z,acct4,3,379872,Interactive,e16dc9368630,v2,9.050598837899145e-05,1.0,0.1354394292575307,0.0002806119115679,0.0014075554127986,0.0089690294116735,0.0007676605018787,0.0049446886405348,0.0062580216489732,0.0,1080.0493555085432,3.6570256072906827e-10,65536.0,0,0,47.802807331085205,45.354626417160034,2.446331262588501,15.794848680496216,28.38457989692688,26.68223071098328,0.8964650630950928,0.330416759231317,0.2970629773958765,0.2972006797790527,0.3005748748779296,0.3020241880416869,69.84954458364537,23512130,23512130,684.7340154647827,45793.82129088824,60,384,32,coral,coral_bce,0.0,session_balanced,adamw,0.0003,0.05,cosine,5,60,5.0,True,full,raw,full_frame,dataset_v1_1,fp16,2,resnet50,1,3,base,a,e16dc9368630,0.859375,0.7000000000000001,0.6850192061459667,0.859375,0.810759443021767,0.925,0.7000000000000001,0.8732394366197184,1.0,0.775,62,0.1818181818181818,0.1,1.0,20,1.0,1.0,1.0,46,0.9201773835920176,0.140625,0.7514026758739749,0.784361884064355,0.2904841327918976,0.1630711027321166,0.8744977388996631,0.9150692834095522,0.6265605224503411,0.015122738899663,0.1380770241376012,0.6784065167109171,0.1380770241376012,65.68888888888888,100.0,89.0,5799.8704640000005,5799.870464,77.11111111111111,78.0,56.59913333333334,80.995,1059.6666666666667,5000.0,4.0,2754.784055517608,39663.89258079854,0.0,0.0,0.0,473.1043839999999,473.104384,36.91111111111111,37.0,9.775222222222222,10.324,300.0,405.0,1.0,470.5988620088028,6862.8276239614615,69.78,77.0,4.124491320888888,4.218605568,15.3,2.8721745464888886,2.914697216,26.451238912,0.0,3225.382917526411,0.895939699312892,0.6388050056100919,713.0,792,Tesla T4,16106.12736,70.0,GPU-2c731706-d8f6-6c3d-2652-b986ab138f34,Tesla T4,16106.12736,70.0,GPU-5f1ba15b-ef52-a833-3083-dd2bcf518ac7,580.159.04,1.0,62,0.1,20,1.0,5,1.0,41
a-resnet50-base-f1-s3,a,resnet50,base,1,3,15,1485,47520,1787786671.7101688,1787786720.2846303,2026-08-26T23:24:31Z,2026-08-26T23:25:20Z,acct4,3,379872,Interactive,e16dc9368630,v2,0.0001024318875113,1.0,0.1423914982151473,0.0002761880299246,0.0016222564903948,0.012903993949294,0.0006937271682545,0.0065664779394865,0.0125145081803202,0.0,1078.7944625363402,4.153226955404276e-10,65536.0,0,0,48.55207848548889,46.08565783500672,2.465296983718872,16.588549852371216,28.315448760986328,26.61773657798767,0.8879735469818115,0.3416650814924258,0.2964368588996656,0.2960429191589355,0.3017994880676269,0.3081264162063599,68.74155971347737,23512130,23512130,733.2860939502716,49067.580291855535,60,384,32,coral,coral_bce,0.0,session_balanced,adamw,0.0003,0.05,cosine,5,60,5.0,True,full,raw,full_frame,dataset_v1_1,fp16,2,resnet50,1,3,base,a,e16dc9368630,0.9453125,0.8833333333333333,0.9114812244583236,0.9453125,0.9409734270182744,0.966183574879227,0.8833333333333333,0.9465648854961832,1.0,0.8985507246376812,62,0.787878787878788,0.65,1.0,20,1.0,1.0,1.0,46,0.9677790563866512,0.0546875,0.9079136690647482,0.9130823147600624,0.2694416412866449,0.1276176405479817,0.8065763590857387,0.8247600862802553,0.4922576461519514,-0.1387361409142613,0.1456733327358961,0.3830642104148865,0.1456733327358961,59.73333333333333,99.0,64.0,5799.8704640000005,5799.870464,76.82222222222222,78.0,54.39444444444443,80.944,1126.6666666666667,5000.0,4.0,2798.964952304872,42494.61199862546,0.0,0.0,0.0,473.1043839999999,473.104384,36.95555555555556,37.0,9.718266666666665,10.522,300.0,405.0,1.0,474.7940486624275,7345.531007418171,69.61555555555556,76.1,4.122103261866667,4.339351552,15.5,2.8749620110222223,2.911813632,26.455171072,0.0,3273.7590009672995,0.9093775002686943,0.648386157691579,713.0,802,Tesla T4,16106.12736,70.0,GPU-2c731706-d8f6-6c3d-2652-b986ab138f34,Tesla T4,16106.12736,70.0,GPU-5f1ba15b-ef52-a833-3083-dd2bcf518ac7,580.159.04,1.0,62,0.65,20,1.0,5,1.0,41
a-resnet50-base-f1-s3,a,resnet50,base,1,3,16,1584,50688,1787786720.890371,1787786769.9360542,2026-08-26T23:25:20Z,2026-08-26T23:26:09Z,acct4,3,379872,Interactive,e16dc9368630,v2,9.198838004044544e-05,1.0,0.1267117450188379,0.0002713525491562,0.0012989248574777,0.02181351557374,0.0006313502672128,0.0038324882509186,0.0090101203508674,0.0,1077.5621999722375,3.2709626529964545e-10,65536.0,0,0,49.02614498138428,46.56349968910217,2.461699247360229,16.993460178375244,28.37908911705017,26.63616824150085,0.9081995487213136,0.3466203631720959,0.2971931226325757,0.2968220710754394,0.3016797542572021,0.3101088523864746,68.03612316841051,23512130,23512130,782.3122389316559,52349.98464080571,60,384,32,coral,coral_bce,0.0,session_balanced,adamw,0.0003,0.05,cosine,5,60,5.0,True,full,raw,full_frame,dataset_v1_1,fp16,2,resnet50,1,3,base,a,e16dc9368630,0.8515625,0.6833333333333332,0.6541236541236541,0.8515625,0.7942734348984349,0.9218106995884772,0.6833333333333332,0.8671328671328672,1.0,0.7654320987654321,62,0.0952380952380952,0.05,1.0,20,1.0,1.0,1.0,46,0.9160220994475138,0.1484375,0.7363971385215695,0.7730196098938013,0.2809963024647455,0.1666367462274113,0.8994690170511603,0.9422810558879048,0.6538631100403635,0.0479065170511603,0.1280402978882193,0.7848644256591797,0.1280402978882193,58.17777777777778,99.0,66.0,5799.8704640000005,5799.870464,77.11111111111111,78.0,57.69519999999999,99.22,1021.6666666666666,5000.0,4.0,2803.9652615542727,45330.3937257478,0.0,0.0,0.0,473.1043839999999,473.104384,37.0,37.0,9.696155555555556,10.225,300.0,405.0,1.0,478.4390873959064,7831.18389814736,69.26888888888888,74.7,4.046773179733334,4.094386176,14.9,2.8766950741333326,2.931736576,26.456481792,0.0,3282.404348950179,0.9117789858194942,0.6500984168892994,713.0,812,Tesla T4,16106.12736,70.0,GPU-2c731706-d8f6-6c3d-2652-b986ab138f34,Tesla T4,16106.12736,70.0,GPU-5f1ba15b-ef52-a833-3083-dd2bcf518ac7,580.159.04,1.0,62,0.05,20,1.0,5,1.0,41
a-resnet50-base-f1-s3,a,resnet50,base,1,3,17,1683,53856,1787786770.5562067,1787786820.04915,2026-08-26T23:26:10Z,2026-08-26T23:27:00Z,acct4,3,379872,Interactive,e16dc9368630,v2,9.25037618872746e-05,1.0,0.1280422737036133,0.0002661212415958,0.0035425760458997,0.223873570561409,0.0006932883406989,0.0027963264845311,0.0273844756931058,0.0,1076.3541168558047,8.75877855641531e-10,65536.0,0,0,49.474236488342285,46.87999963760376,2.593332052230835,17.49356484413147,28.213109016418457,26.47837734222412,0.8908596038818359,0.3535893848155396,0.2953467778485231,0.2953236103057861,0.2989443778991699,0.3037649011611938,67.57679233126227,23512130,23512130,831.7864754199982,55653.9616397412,60,384,32,coral,coral_bce,0.0,session_balanced,adamw,0.0003,0.05,cosine,5,60,5.0,True,full,raw,full_frame,dataset_v1_1,fp16,2,resnet50,1,3,base,a,e16dc9368630,0.8515625,0.6833333333333332,0.6541236541236541,0.8515625,0.7942734348984349,0.9218106995884772,0.6833333333333332,0.8671328671328672,1.0,0.7654320987654321,62,0.0952380952380952,0.05,1.0,20,1.0,1.0,1.0,46,0.9160220994475138,0.1484375,0.7363971385215695,0.7730196098938013,0.288914396188591,0.1817379615552599,0.9253119309432803,0.9619225722934128,0.7152824621451529,0.0737494309432804,0.124616093467921,0.8305636445681254,0.124616093467921,62.891304347826086,99.0,77.0,5799.8704640000005,5799.870464,76.69565217391305,78.0,56.18726086956523,92.175,1074.4565217391305,5000.0,4.0,2822.212710111424,48188.47725548746,0.0,0.0,0.0,473.1043839999998,473.104384,37.0,37.0,9.679934782608695,10.423,300.0,405.0,1.0,481.764288824068,8320.876950623753,69.40869565217392,75.7,4.15210754226087,4.248375296,15.1,2.8747644215652173,2.929901568,26.454646784,0.0,3303.976998935492,0.9177713885931922,0.654371000066946,713.0,818,Tesla T4,16106.12736,70.0,GPU-2c731706-d8f6-6c3d-2652-b986ab138f34,Tesla T4,16106.12736,70.0,GPU-5f1ba15b-ef52-a833-3083-dd2bcf518ac7,580.159.04,1.0,62,0.05,20,1.0,5,1.0,41
a-resnet50-base-f1-s3,a,resnet50,base,1,3,18,1782,57024,1787786820.676202,1787786869.2198534,2026-08-26T23:27:00Z,2026-08-26T23:27:49Z,acct4,3,379872,Interactive,e16dc9368630,v2,6.938827117655728e-05,1.0,0.1481111324974335,0.0002605111706814,0.0014463014767806,0.0487417392432689,0.0005993109080009,0.0027927498333156,0.0097702956572173,0.0,1075.1749101107996,3.5043385716247636e-10,65536.0,0,0,48.52574348449707,46.04313826560974,2.4816150665283203,16.504016399383545,28.36048984527588,26.586277723312374,0.8872997760772705,0.3401084705617385,0.2969676533130684,0.2969098091125488,0.3001722812652588,0.3088996076583862,68.80504064959062,23512130,23512130,880.3122189044952,58908.867862428735,60,384,32,coral,coral_bce,0.0,session_balanced,adamw,0.0003,0.05,cosine,5,60,5.0,True,full,raw,full_frame,dataset_v1_1,fp16,2,resnet50,1,3,base,a,e16dc9368630,0.8828125,0.75,0.7640287769784173,0.8828125,0.8539793165467626,0.935064935064935,0.75,0.8920863309352518,1.0,0.8051948051948052,62,0.4,0.25,1.0,20,1.0,1.0,1.0,46,0.9328107502799552,0.1171875,0.79561422184373,0.8187052105925496,0.2893620246896652,0.1487637743410317,0.8137622657231987,0.8510817437045342,0.5326221982638041,-0.0690502342768013,0.1235582674853503,0.3862078984578451,0.1235582674853503,69.84444444444445,99.0,88.0,5799.8704640000005,5799.870464,77.06666666666666,78.0,58.00526666666667,90.488,1054.0,5000.0,4.0,2782.561784376434,51001.06472117693,0.0,0.0,0.0,473.1043839999999,473.104384,37.0,37.0,9.696244444444442,10.324,300.0,405.0,1.0,472.3444383110982,8800.38753146362,69.60444444444445,75.9,4.176822272,4.302913536,15.3,2.873240598755556,2.900475904,26.453794816,0.0,3254.906222687532,0.9041406174132034,0.644652260215614,713.0,802,Tesla T4,16106.12736,70.0,GPU-2c731706-d8f6-6c3d-2652-b986ab138f34,Tesla T4,16106.12736,70.0,GPU-5f1ba15b-ef52-a833-3083-dd2bcf518ac7,580.159.04,1.0,62,0.25,20,1.0,5,1.0,41
a-resnet50-base-f1-s3,a,resnet50,base,1,3,19,1881,60192,1787786869.8288436,1787786919.6660814,2026-08-26T23:27:49Z,2026-08-26T23:28:39Z,acct4,3,379872,Interactive,e16dc9368630,v2,0.0001447366529912,1.0,0.1981402105884626,0.0002545406352982,0.0063333094385046,0.3159399926662445,0.000550810189452,0.0037263498874381,0.2145247772336002,0.0,1074.032657778008,1.5009642363694931e-09,65536.0,0,0,49.81851387023926,47.325499057769775,2.492103099822998,17.939326763153076,28.20445728302002,26.48106837272644,0.8945989608764648,0.3600935750488078,0.2953622726478962,0.2946138381958008,0.3015029907226562,0.3071511840820312,66.94065700464887,23512130,23512130,930.1307327747344,62195.93515161832,60,384,32,coral,coral_bce,0.0,session_balanced,adamw,0.0003,0.05,cosine,5,60,5.0,True,full,raw,full_frame,dataset_v1_1,fp16,2,resnet50,1,3,base,a,e16dc9368630,0.9375,0.9231182795698926,0.9146500130106688,0.9375,0.938475800156128,0.9075757575757576,0.9231182795698926,0.9344262295081968,0.9193548387096774,0.95,62,0.8095238095238095,0.85,0.7727272727272727,20,1.0,1.0,1.0,46,0.9619952494061758,0.0625,0.8986941036802533,0.8990780629561519,0.3693598124025846,0.2069680286863482,0.7243197308853269,0.7407342396676541,0.4781020991504192,-0.2131802691146731,0.2181672942824661,0.4326455652713775,0.2181672942824661,54.58695652173913,99.0,62.5,5799.8704640000005,5799.870464,76.76086956521739,78.0,53.03043478260868,80.898,1092.0652173913045,5000.0,4.0,2801.045948707353,53841.270915926536,0.0,0.0,0.0,473.1043839999998,473.104384,36.91304347826087,37.0,9.673369565217389,9.929,300.0,405.0,1.0,486.0213404822334,9294.645946863884,67.93478260869566,75.7,4.008311229217392,4.119883776,14.7,2.7609559930434786,2.872492032,26.397229056,0.0,3287.0672891895865,0.9130742469971074,0.6510219381089376,713.0,824,Tesla T4,16106.12736,70.0,GPU-2c731706-d8f6-6c3d-2652-b986ab138f34,Tesla T4,16106.12736,70.0,GPU-5f1ba15b-ef52-a833-3083-dd2bcf518ac7,580.159.04,0.9193548387096774,62,0.85,20,1.0,5,1.0,41
a-resnet50-base-f1-s3,a,resnet50,base,1,3,20,1980,63360,1787786920.2631474,1787786969.4689426,2026-08-26T23:28:40Z,2026-08-26T23:29:29Z,acct4,3,379872,Interactive,e16dc9368630,v2,9.346678865712778e-05,1.0,0.1369365754653699,0.0002482291100917,0.0020820909890292,0.0369861982762813,0.0007428165990859,0.0080094320699572,0.0099736531823872,0.0,1072.9113809204082,4.817132174453118e-10,65536.0,0,0,49.18622446060181,46.652204751968384,2.533106803894043,17.09011197090149,28.379432678222656,26.64669418334961,0.9069952964782716,0.3474572841953071,0.2971444081778478,0.2970788478851318,0.3012666702270508,0.3047887516021728,67.90675846603656,23512130,23512130,979.3169572353364,65505.062149748665,60,384,32,coral,coral_bce,0.0,session_balanced,adamw,0.0003,0.05,cosine,5,60,5.0,True,full,raw,full_frame,dataset_v1_1,fp16,2,resnet50,1,3,base,a,e16dc9368630,0.84375,0.6666666666666666,0.6203703703703703,0.84375,0.7764756944444444,0.5853658536585366,0.6666666666666666,0.8611111111111112,1.0,0.7560975609756098,62,0.0,0.0,0.0,20,1.0,1.0,1.0,46,0.9118942731277532,0.15625,0.7212543554006968,0.7617263074577288,0.3065577189766637,0.1711808425873017,0.8788280626758933,0.9285968878754864,0.6100764065980911,0.0350780626758933,0.1555708143860101,0.7520745595296224,0.1555708143860101,65.73333333333333,99.0,92.0,5799.8704640000005,5799.870464,77.04444444444445,78.0,58.9676,97.795,1041.6666666666667,5000.0,4.0,2829.3924628935056,56704.46364149152,0.0,0.0,0.0,473.1043839999999,473.104384,37.0,37.0,9.720422222222222,10.127,300.0,405.0,1.0,479.73453523683565,9781.60056489014,70.10888888888888,76.4,4.134259006577777,4.273389568,15.2,2.8726624256,2.880159744,26.453860352,0.0,3309.126998130341,0.9192019439250948,0.6553909860185926,713.0,812,Tesla T4,16106.12736,70.0,GPU-2c731706-d8f6-6c3d-2652-b986ab138f34,Tesla T4,16106.12736,70.0,GPU-5f1ba15b-ef52-a833-3083-dd2bcf518ac7,580.159.04,1.0,62,0.0,20,1.0,5,1.0,41
a-resnet50-base-f1-s3,a,resnet50,base,1,3,21,2079,66528,1787786970.338783,1787787019.047806,2026-08-26T23:29:30Z,2026-08-26T23:30:19Z,acct4,3,379872,Interactive,e16dc9368630,v2,5.352899633998268e-05,1.0,0.158896335560712,0.0002415971819453,0.0010188296401251,0.0092564970254898,0.000388951273635,0.0037862484809011,0.0082915234938263,0.0,1071.8175649699165,2.2965323389106548e-10,131072.0,0,0,48.68982815742493,46.11487126350403,2.574092388153076,16.47032332420349,28.438190698623657,26.73023128509521,0.9166467189788818,0.3382703112229378,0.2978932038702146,0.2972652912139892,0.3017542839050293,0.3151028108596801,68.69801244587234,23512130,23512130,1028.0067853927612,68753.27633505715,60,384,32,coral,coral_bce,0.0,session_balanced,adamw,0.0003,0.05,cosine,5,60,5.0,True,full,raw,full_frame,dataset_v1_1,fp16,2,resnet50,1,3,base,a,e16dc9368630,0.890625,0.7666666666666666,0.7866963953920475,0.890625,0.8667258918617614,0.9385964912280702,0.7666666666666666,0.898550724637681,1.0,0.8157894736842105,62,0.4615384615384615,0.3,1.0,20,1.0,1.0,1.0,46,0.9370786516853932,0.109375,0.8100890207715133,0.8302667812012344,0.3081368061753254,0.1559658111262187,0.8018978862091899,0.836528736248351,0.5199038216045925,-0.0887271137908101,0.1617821753025054,0.6361797153949738,0.1617821753025054,56.86666666666667,99.0,74.0,5799.8704640000005,5799.870464,77.08888888888889,78.0,57.02086666666666,91.458,1048.0,5000.0,4.0,2768.8612874443934,59512.98180609932,0.0,0.0,0.0,473.1043839999999,473.104384,37.0,37.0,9.73822222222222,10.719,300.0,405.0,1.0,479.3528978640861,10270.676461579298,69.94444444444446,75.6,4.061434402133333,4.216459264,15.0,2.7564302336000006,2.780901376,26.337103872,0.0,3248.2141853084795,0.9022817181412444,0.6433268650347072,713.0,804,Tesla T4,16106.12736,70.0,GPU-2c731706-d8f6-6c3d-2652-b986ab138f34,Tesla T4,16106.12736,70.0,GPU-5f1ba15b-ef52-a833-3083-dd2bcf518ac7,580.159.04,1.0,62,0.3,20,1.0,5,1.0,41
a-resnet50-base-f1-s3,a,resnet50,base,1,3,22,2178,69696,1787787019.6372194,1787787067.9127777,2026-08-26T23:30:19Z,2026-08-26T23:31:07Z,acct4,3,379872,Interactive,e16dc9368630,v2,6.968623459426747e-05,1.0,0.1575110426419996,0.00023466648283,0.0016631177159712,0.0325992368161678,0.0004043542430736,0.0086042433977127,0.0235864264890551,0.0,1070.7550078048866,3.6448859178288335e-10,131072.0,0,0,48.25640034675598,45.8142831325531,2.440582036972046,16.162591695785522,28.471131086349487,26.839542388916016,0.8989477157592773,0.3349315651322104,0.2979800532562564,0.2980315685272217,0.3026403427124023,0.308032259941101,69.14874103419058,23512130,23512130,1076.2631857395172,71990.30909935945,60,384,32,coral,coral_bce,0.0,session_balanced,adamw,0.0003,0.05,cosine,5,60,5.0,True,full,raw,full_frame,dataset_v1_1,fp16,2,resnet50,1,3,base,a,e16dc9368630,0.859375,0.7000000000000001,0.6820852905959289,0.859375,0.8091556714562034,0.9177350427350428,0.7000000000000001,0.8857142857142858,1.0,0.7948717948717948,62,0.1818181818181818,0.1,1.0,20,0.9787234042553192,1.0,0.9583333333333334,46,0.9205298013245032,0.140625,0.752258064516129,0.7816305658002819,0.3136668644290687,0.15687265104673,0.8114056093618274,0.8675259554928,0.4684479385614395,-0.0479693906381726,0.1618939107283949,0.6491339206695557,0.1618939107283949,62.82222222222222,99.0,76.0,5799.8704640000005,5799.870464,77.15555555555555,78.0,56.0231111111111,71.353,1025.0,5000.0,4.0,2764.1480721254848,62306.63980522605,0.0,0.0,0.0,473.1043839999999,473.104384,37.0,37.0,9.762133333333336,10.423,300.0,405.0,1.0,472.8846921768181,10750.365850850318,69.44444444444444,76.5,4.146470456888888,4.240785408,15.1,2.8700337038222226,2.900279296,26.450714624,0.0,3237.032764302303,0.8991757678617508,0.6411123224854284,713.0,796,Tesla T4,16106.12736,70.0,GPU-2c731706-d8f6-6c3d-2652-b986ab138f34,Tesla T4,16106.12736,70.0,GPU-5f1ba15b-ef52-a833-3083-dd2bcf518ac7,580.159.04,1.0,62,0.1,20,1.0,5,1.0,41
a-resnet50-base-f1-s3,a,resnet50,base,1,3,23,2277,72864,1787787068.5500474,1787787116.424079,2026-08-26T23:31:08Z,2026-08-26T23:31:56Z,acct4,3,379872,Interactive,e16dc9368630,v2,5.0165878765439646e-05,1.0,0.1312422733462881,0.0002274596192458,0.0010126054806122,0.0315626822412014,0.0003545384097378,0.0020540112862363,0.011819463316351,0.0,1069.7262200853304,2.153138370749997e-10,131072.0,0,0,47.85478091239929,45.37149262428284,2.482314348220825,15.799152135849,28.39542865753174,26.71347689628601,0.8868088722229004,0.3301478313059291,0.297170928030303,0.2969460487365722,0.300515604019165,0.3078491926193237,69.82357900882647,23512130,23512130,1124.1179666519165,75202.08203286327,60,384,32,coral,coral_bce,0.0,session_balanced,adamw,0.0003,0.05,cosine,5,60,5.0,True,full,raw,full_frame,dataset_v1_1,fp16,2,resnet50,1,3,base,a,e16dc9368630,0.84375,0.6666666666666666,0.6203703703703703,0.84375,0.7764756944444444,0.5853658536585366,0.6666666666666666,0.8611111111111112,1.0,0.7560975609756098,62,0.0,0.0,0.0,20,1.0,1.0,1.0,46,0.9118942731277532,0.15625,0.7212543554006968,0.7617263074577288,0.2935456022459612,0.1749524889095648,0.9046359206549824,0.949393622301243,0.6629443317651749,0.0608859206549823,0.1375294434837996,0.7734612481934684,0.1375294434837996,63.20454545454545,99.0,78.0,5799.8704640000005,5799.870464,77.04545454545455,78.0,58.37211363636364,90.722,1033.9772727272727,5000.0,4.0,2737.1312133476167,65085.300513379,0.0,0.0,0.0,473.1043839999999,473.104384,37.0,37.0,9.85693181818182,10.423,300.0,405.0,1.0,474.6417201561999,11233.919269519074,70.26363636363637,78.0,4.167569501090909,4.270923776,15.2,2.8719111447272727,2.899755008,26.451959808,0.0,3211.7729335038166,0.8921591481955046,0.6361094726633948,713.0,790,Tesla T4,16106.12736,70.0,GPU-2c731706-d8f6-6c3d-2652-b986ab138f34,Tesla T4,16106.12736,70.0,GPU-5f1ba15b-ef52-a833-3083-dd2bcf518ac7,580.159.04,1.0,62,0.0,20,1.0,5,1.0,41
a-resnet50-base-f1-s3,a,resnet50,base,1,3,24,2376,76032,1787787117.022176,1787787164.494948,2026-08-26T23:31:57Z,2026-08-26T23:32:44Z,acct4,3,379872,Interactive,e16dc9368630,v2,4.342474447625908e-05,1.0,0.1492905106315447,0.0002200000984838,0.0007016267196064,0.0091146519407629,0.0002932707138825,0.0023365674307569,0.0071951570734381,0.0,1068.7309340354095,1.4443106538470684e-10,131072.0,0,0,47.454073667526245,45.01648449897766,2.436165809631348,15.51743984222412,28.328874111175537,26.614769220352173,0.8923311233520508,0.3269991097274966,0.2964711839502508,0.2963404655456543,0.3001720428466797,0.3035613298416137,70.37422036080908,23512130,23512130,1171.5720403194427,78384.39734300577,60,384,32,coral,coral_bce,0.0,session_balanced,adamw,0.0003,0.05,cosine,5,60,5.0,True,full,raw,full_frame,dataset_v1_1,fp16,2,resnet50,1,3,base,a,e16dc9368630,0.84375,0.6666666666666666,0.6203703703703703,0.84375,0.7764756944444444,0.5853658536585366,0.6666666666666666,0.8611111111111112,1.0,0.7560975609756098,62,0.0,0.0,0.0,20,1.0,1.0,1.0,46,0.9118942731277532,0.15625,0.7212543554006968,0.7617263074577288,0.3703949553806145,0.2214106087120456,0.9455176279880106,0.9762198477983476,0.7797256410121918,0.1017676279880106,0.1385221178643405,0.8233167678117752,0.1385221178643405,61.5,99.0,68.5,5799.8704640000005,5799.870464,77.0,78.0,57.20931818181817,82.259,1044.8863636363635,5000.0,4.0,2706.1414094824577,67822.25661102355,0.0,0.0,0.0,473.1043839999999,473.104384,36.97727272727273,37.0,10.01425,10.719,300.0,405.0,1.0,476.17390066003645,11717.1163541107,69.93863636363636,76.9,4.196184622545455,4.363956224,15.6,2.8751358138181824,2.923937792,26.455171072,0.0,3182.315310142494,0.8839764750395817,0.6302752267032218,713.0,784,Tesla T4,16106.12736,70.0,GPU-2c731706-d8f6-6c3d-2652-b986ab138f34,Tesla T4,16106.12736,70.0,GPU-5f1ba15b-ef52-a833-3083-dd2bcf518ac7,580.159.04,1.0,62,0.0,20,1.0,5,1.0,41
a-resnet50-base-f1-s3,a,resnet50,base,1,3,25,2475,79200,1787787165.1003325,1787787213.4812267,2026-08-26T23:32:45Z,2026-08-26T23:33:33Z,acct4,3,379872,Interactive,e16dc9368630,v2,3.632070420832007e-05,1.0,0.1278680399700533,0.0002123122519502,0.0006288871213701,0.0063575985841453,0.000278930994682,0.003009025612846,0.005525479838252,0.0,1067.7707848504162,1.2504597695968164e-10,131072.0,0,0,48.360636472702026,45.83083939552307,2.528820514678955,16.301677703857422,28.33553123474121,26.63686490058899,0.9015514850616456,0.3370856732429313,0.2967282810596504,0.2962896823883056,0.3010226726531982,0.3056290531158447,69.12376124425646,23512130,23512130,1219.9326767921448,81659.75919379134,60,384,32,coral,coral_bce,0.0,session_balanced,adamw,0.0003,0.05,cosine,5,60,5.0,True,full,raw,full_frame,dataset_v1_1,fp16,2,resnet50,1,3,base,a,e16dc9368630,0.84375,0.6666666666666666,0.6203703703703703,0.84375,0.7764756944444444,0.5853658536585366,0.6666666666666666,0.8611111111111112,1.0,0.7560975609756098,62,0.0,0.0,0.0,20,1.0,1.0,1.0,46,0.9118942731277532,0.15625,0.7212543554006968,0.7617263074577288,0.2869305652553784,0.1670042330362329,0.8961206967942417,0.9454320525681532,0.6298393756151199,0.0523706967942416,0.1317623513750732,0.7560470700263977,0.1317623513750732,65.1590909090909,99.0,83.0,5799.8704640000005,5799.870464,76.88636363636364,78.0,58.44813636363636,79.634,999.8863636363636,5000.0,4.0,2794.899308541615,70652.76717013141,0.0,0.0,0.0,473.1043839999999,473.104384,37.0,37.0,9.892931818181816,10.621,300.0,405.0,1.0,480.46254224395307,12204.93925402806,69.41818181818182,77.0,4.149982301090909,4.231610368,15.1,2.874936226909091,2.891169792,26.455171072,0.0,3275.361850785568,0.9098227363293244,0.6487036110028084,713.0,804,Tesla T4,16106.12736,70.0,GPU-2c731706-d8f6-6c3d-2652-b986ab138f34,Tesla T4,16106.12736,70.0,GPU-5f1ba15b-ef52-a833-3083-dd2bcf518ac7,580.159.04,1.0,62,0.0,20,1.0,5,1.0,41
a-resnet50-base-f1-s3,a,resnet50,base,1,3,26,2574,82368,1787787214.094126,1787787262.1287043,2026-08-26T23:33:34Z,2026-08-26T23:34:22Z,acct4,3,379872,Interactive,e16dc9368630,v2,2.3207174758635568e-05,1.0,0.1304645500786136,0.0002044211558025,0.0004016265295216,0.0031218032818287,0.0002518849796615,0.0014492794056423,0.0018099092761985,0.0,1066.8464869219194,7.695667593438902e-11,131072.0,0,0,48.014814376831055,45.49064826965332,2.523178577423096,16.055205821990967,28.229171991348267,26.52562403678894,0.9097528457641602,0.3343802538938525,0.2959182069759176,0.2956774234771728,0.2994322776794433,0.3084696578979491,69.64068705332923,23512130,23512130,1267.9474911689758,84901.09916536625,60,384,32,coral,coral_bce,0.0,session_balanced,adamw,0.0003,0.05,cosine,5,60,5.0,True,full,raw,full_frame,dataset_v1_1,fp16,2,resnet50,1,3,base,a,e16dc9368630,0.84375,0.6666666666666666,0.6203703703703703,0.84375,0.7764756944444444,0.5853658536585366,0.6666666666666666,0.8611111111111112,1.0,0.7560975609756098,62,0.0,0.0,0.0,20,1.0,1.0,1.0,46,0.9118942731277532,0.15625,0.7212543554006968,0.7617263074577288,0.3007733393822399,0.185486443956602,0.9229275886900724,0.964305058673576,0.6994892507791519,0.0791775886900723,0.1394128021784126,0.8248814543088278,0.1394128021784126,59.63636363636363,99.0,67.0,5799.8704640000005,5799.870464,77.20454545454545,78.0,56.83684090909092,78.808,1024.7727272727273,5000.0,4.0,2767.889594736,73452.40623731885,0.0,0.0,0.0,473.1043839999999,473.104384,37.0,37.0,9.812022727272726,10.419,300.0,405.0,1.0,473.45037683891314,12685.537127597538,70.27045454545454,75.6,4.216265262545455,4.346372096,15.4,2.8762141789090907,2.907619328,26.456154112,0.0,3241.339971574913,0.9003722143263647,0.641965388814698,713.0,794,Tesla T4,16106.12736,70.0,GPU-2c731706-d8f6-6c3d-2652-b986ab138f34,Tesla T4,16106.12736,70.0,GPU-5f1ba15b-ef52-a833-3083-dd2bcf518ac7,580.159.04,1.0,62,0.0,20,1.0,5,1.0,41
a-resnet50-base-f1-s3,a,resnet50,base,1,3,27,2673,85536,1787787262.7297351,1787787311.8424215,2026-08-26T23:34:22Z,2026-08-26T23:35:11Z,acct4,3,379872,Interactive,e16dc9368630,v2,3.2974943168841435e-05,1.0,0.1300080017244909,0.0001963525491562,0.0007059859467471,0.0190576687455177,0.00022914094734,0.0021088473731651,0.006702210176736,0.0,1065.9585037036709,1.300445935096397e-10,131072.0,0,0,49.0934329032898,46.54093289375305,2.551072359085083,17.11447286605835,28.249232292175293,26.54773640632629,0.8988759517669678,0.3486102285772623,0.2958441840277778,0.2957987785339355,0.3001310348510742,0.3023390054702758,68.0691125644631,23512130,23512130,1317.0409240722656,88204.04998436272,60,384,32,coral,coral_bce,0.0,session_balanced,adamw,0.0003,0.05,cosine,5,60,5.0,True,full,raw,full_frame,dataset_v1_1,fp16,2,resnet50,1,3,base,a,e16dc9368630,0.84375,0.6666666666666666,0.6203703703703703,0.84375,0.7764756944444444,0.5853658536585366,0.6666666666666666,0.8611111111111112,1.0,0.7560975609756098,62,0.0,0.0,0.0,20,1.0,1.0,1.0,46,0.9118942731277532,0.15625,0.7212543554006968,0.7617263074577288,0.3045326955249156,0.1780424163292183,0.9038743614219128,0.9512050146306004,0.6482888340950013,0.0601243614219129,0.1379334204830229,0.7605987548828125,0.1379334204830229,60.73333333333333,99.0,71.0,5799.8704640000005,5799.870464,76.97777777777777,78.0,59.23108888888888,88.646,1010.3333333333334,5000.0,4.0,2820.254385772758,76305.25268150296,0.0,0.0,0.0,473.1043839999999,473.104384,37.0,37.0,9.759911111111109,10.423,300.0,405.0,1.0,482.6964332237094,13175.7047877347,69.29777777777777,77.3,4.176750910577779,4.222533632,15.2,2.8788533930666658,2.93101568,26.456481792,0.0,3302.950818996467,0.9174863386101296,0.6541677594290225,713.0,814,Tesla T4,16106.12736,70.0,GPU-2c731706-d8f6-6c3d-2652-b986ab138f34,Tesla T4,16106.12736,70.0,GPU-5f1ba15b-ef52-a833-3083-dd2bcf518ac7,580.159.04,1.0,62,0.0,20,1.0,5,1.0,41
a-resnet50-base-f1-s3,a,resnet50,base,1,3,28,2772,88704,1787787312.458024,1787787361.7652686,2026-08-26T23:35:12Z,2026-08-26T23:36:01Z,acct4,3,379872,Interactive,e16dc9368630,v2,3.520368009829859e-05,1.0,0.1495403232693206,0.000188132750129,0.0006616158440157,0.0112929595634341,0.0002511106140445,0.0017511559766717,0.0097087052837014,0.0,1065.1075428504796,1.168629488159519e-10,131072.0,0,0,49.28535056114197,46.824527978897095,2.4598748683929443,17.371230602264404,28.266019582748413,26.60612773895264,0.8861899375915527,0.3524623524938544,0.2959872207256279,0.2955598831176758,0.2995664119720459,0.3052763795852661,67.65684859498757,23512130,23512130,1366.3262746334076,91513.42822582426,60,384,32,coral,coral_bce,0.0,session_balanced,adamw,0.0003,0.05,cosine,5,60,5.0,True,full,raw,full_frame,dataset_v1_1,fp16,2,resnet50,1,3,base,a,e16dc9368630,0.84375,0.6666666666666666,0.6203703703703703,0.84375,0.7764756944444444,0.5853658536585366,0.6666666666666666,0.8611111111111112,1.0,0.7560975609756098,62,0.0,0.0,0.0,20,1.0,1.0,1.0,46,0.9118942731277532,0.15625,0.7212543554006968,0.7617263074577288,0.3646972031455364,0.223081659019813,0.954039512667805,0.983737846215566,0.7936685115098954,0.1102895126678049,0.1377318971790373,0.8958652516206106,0.1377318971790373,61.84444444444444,99.0,83.0,5799.8704640000005,5799.870464,77.15555555555555,78.0,55.42957777777778,87.01,1078.0,5000.0,4.0,2824.012609571262,79156.38155990881,0.0,0.0,0.0,473.1043839999999,473.104384,37.0,37.0,9.78402222222222,10.616,300.0,405.0,1.0,485.36563189027765,13668.29100836771,69.33333333333334,75.0,4.195936847644445,4.270166016,15.2,2.8752299804444443,2.91495936,26.45569536,0.0,3309.37824146154,0.9192717337393166,0.6554407461561328,713.0,817,Tesla T4,16106.12736,70.0,GPU-2c731706-d8f6-6c3d-2652-b986ab138f34,Tesla T4,16106.12736,70.0,GPU-5f1ba15b-ef52-a833-3083-dd2bcf518ac7,580.159.04,1.0,62,0.0,20,1.0,5,1.0,41
a-resnet50-base-f1-s3,a,resnet50,base,1,3,29,2871,91872,1787787362.3625937,1787787411.3480427,2026-08-26T23:36:02Z,2026-08-26T23:36:51Z,acct4,3,379872,Interactive,e16dc9368630,v2,2.525971691936476e-05,1.0,0.1156273252563551,0.0001797885699968,0.0003851150325528,0.0057354695163667,0.0001944778923643,0.0011578998412005,0.0030742942774668,0.0,1064.2942081484748,6.505652333430649e-11,131072.0,0,0,48.96659469604492,46.41115736961365,2.554480791091919,17.127846002578735,28.09120488166809,26.38767671585083,0.887706995010376,0.3497863412577098,0.2943748488570704,0.2941699028015136,0.2978426933288574,0.3061940479278564,68.25944836433136,23512130,23512130,1415.2928693294523,94813.87067859492,60,384,32,coral,coral_bce,0.0,session_balanced,adamw,0.0003,0.05,cosine,5,60,5.0,True,full,raw,full_frame,dataset_v1_1,fp16,2,resnet50,1,3,base,a,e16dc9368630,0.8671875,0.7166666666666667,0.7134340631102889,0.8671875,0.8261110468701819,0.9282700421940928,0.7166666666666667,0.8794326241134751,1.0,0.7848101265822784,62,0.2608695652173913,0.15,1.0,20,1.0,1.0,1.0,46,0.9243604004449388,0.1328125,0.7662728249194415,0.7957553186910886,0.2465182249444061,0.1366079017767472,0.8799337828531861,0.9257203421077213,0.5809744841912213,0.0127462828531861,0.1256453301757574,0.7657685279846191,0.1256453301757574,55.37777777777778,99.0,65.0,5799.8704640000005,5799.870464,76.66666666666667,78.0,58.051,97.152,1067.6666666666667,5000.0,4.0,2821.838411871635,82006.91205221071,0.0,0.0,0.0,473.1043839999999,473.104384,37.0,37.0,9.72702222222222,10.324,300.0,405.0,1.0,478.60404089904296,14154.462781489312,68.90666666666665,75.7,4.226080767999999,4.305874944,15.3,2.872668251022222,2.886189056,26.45372928,0.0,3300.442452770678,0.9167895702140773,0.6536709635626371,713.0,810,Tesla T4,16106.12736,70.0,GPU-2c731706-d8f6-6c3d-2652-b986ab138f34,Tesla T4,16106.12736,70.0,GPU-5f1ba15b-ef52-a833-3083-dd2bcf518ac7,580.159.04,1.0,62,0.15,20,1.0,5,1.0,41
a-resnet50-base-f1-s3,a,resnet50,base,1,3,30,2970,95040,1787787411.9470954,1787787460.5283153,2026-08-26T23:36:51Z,2026-08-26T23:37:40Z,acct4,3,379872,Interactive,e16dc9368630,v2,5.4421065855918144e-05,1.0,0.0971242165833246,0.0001713472257409,0.0032093991340301,0.2313136309385299,0.0002523610892239,0.005615168204531,0.0140551938861599,0.0,1063.523199705595,5.170753567612299e-10,131072.0,0,0,48.56100749969482,46.092440366745,2.467461109161377,16.613980054855347,28.287035703659058,26.50661826133728,0.8891770839691162,0.3421259341655907,0.2962052509038135,0.2953042984008789,0.3012969970703125,0.3065632152557373,68.73144434950909,23512130,23512130,1463.853876829147,98072.08177297452,60,384,32,coral,coral_bce,0.0,session_balanced,adamw,0.0003,0.05,cosine,5,60,5.0,True,full,raw,full_frame,dataset_v1_1,fp16,2,resnet50,1,3,base,a,e16dc9368630,0.875,0.7333333333333334,0.7396825396825397,0.875,0.8404761904761905,0.9316239316239316,0.7333333333333334,0.8857142857142858,1.0,0.7948717948717948,62,0.3333333333333333,0.2,1.0,20,1.0,1.0,1.0,46,0.9285714285714286,0.125,0.7810094097519247,0.8072022633978976,0.2054739459256805,0.1293935640829826,0.9155256156809628,0.9562566903020654,0.6304080933332443,0.0405256156809628,0.0882432027719914,0.8217604160308838,0.0882432027719914,58.28888888888889,99.0,62.0,5799.8704640000005,5799.870464,76.97777777777777,78.0,54.12024444444444,99.8,1163.3333333333333,5000.0,4.0,2784.154570435232,84821.57994929823,0.0,0.0,0.0,473.1043839999999,473.104384,37.0,37.0,9.672288888888888,10.127,300.0,405.0,1.0,474.0565239443713,14635.318896860772,69.72222222222223,77.2,4.235155410488889,4.321357824,15.3,2.875760093866666,2.9274112,26.453860352,0.0,3258.2110943796038,0.9050586373276676,0.645306808414627,713.0,802,Tesla T4,16106.12736,70.0,GPU-2c731706-d8f6-6c3d-2652-b986ab138f34,Tesla T4,16106.12736,70.0,GPU-5f1ba15b-ef52-a833-3083-dd2bcf518ac7,580.159.04,1.0,62,0.2,20,1.0,5,1.0,41
a-resnet50-base-f1-s3,a,resnet50,base,1,3,31,3069,98208,1787787461.511464,1787787510.2594638,2026-08-26T23:37:41Z,2026-08-26T23:38:30Z,acct4,3,379872,Interactive,e16dc9368630,v2,3.7291368165953296e-05,1.0,0.1411171867584926,0.0001628362512718,0.0009505269864725,0.0145438751205801,0.0002763948577921,0.0046191567555069,0.0077827888075262,0.0,1062.785994162865,1.4563632947742003e-10,131072.0,0,0,48.72825193405152,46.22718119621277,2.5001895427703857,16.653093099594116,28.39405107498169,26.67968201637268,0.9030656814575196,0.341754371204046,0.2972572451890117,0.2969286441802978,0.3027526378631592,0.315983510017395,68.5311091444949,23512130,23512130,1512.5821287631989,101299.31029412748,60,384,32,coral,coral_bce,0.0,session_balanced,adamw,0.0003,0.05,cosine,5,60,5.0,True,full,raw,full_frame,dataset_v1_1,fp16,2,resnet50,1,3,base,a,e16dc9368630,0.84375,0.6666666666666666,0.6203703703703703,0.84375,0.7764756944444444,0.5853658536585366,0.6666666666666666,0.8611111111111112,1.0,0.7560975609756098,62,0.0,0.0,0.0,20,1.0,1.0,1.0,46,0.9118942731277532,0.15625,0.7212543554006968,0.7617263074577288,0.3371981393777897,0.2161827509537414,0.9599512959830464,0.9917367376663068,0.7883099108934403,0.1162012959830463,0.1301455511711537,0.8874586522579193,0.1301455511711537,60.0,99.0,72.0,5799.8704640000005,5799.870464,77.22222222222223,78.0,57.66180000000002,98.48,1056.3333333333333,5000.0,4.0,2751.588401436064,87618.70926420459,0.0,0.0,0.0,473.1043839999999,473.104384,37.0,37.0,9.716177777777776,10.324,300.0,405.0,1.0,475.64011971689433,15122.536830977624,69.60444444444444,76.1,4.1862053888,4.283654144,15.2,2.758644804266666,2.782482432,26.33947136,0.0,3227.228521152958,0.8964523669869328,0.6391705376616831,713.0,806,Tesla T4,16106.12736,70.0,GPU-2c731706-d8f6-6c3d-2652-b986ab138f34,Tesla T4,16106.12736,70.0,GPU-5f1ba15b-ef52-a833-3083-dd2bcf518ac7,580.159.04,1.0,62,0.0,20,1.0,5,1.0,41
a-resnet50-base-f1-s3,a,resnet50,base,1,3,32,3168,101376,1787787510.8427312,1787787559.9047706,2026-08-26T23:38:30Z,2026-08-26T23:39:19Z,acct4,3,379872,Interactive,e16dc9368630,v2,2.7468581515906885e-05,1.0,0.2268199048121459,0.000154283407619,0.0006752796457154,0.0157805848866701,0.0001718780695227,0.0021238529589027,0.0090611444413661,0.0,1062.086738880024,9.809410194372416e-11,131072.0,0,0,49.04226469993591,46.48902249336243,2.552276372909546,17.182945251464844,28.140681505203247,26.40344858169556,0.888251543045044,0.35037014209271,0.2945329324163572,0.2941386699676513,0.2983880519866943,0.3034847259521484,68.14511964523062,23512130,23512130,1561.6243934631348,104588.68588412087,60,384,32,coral,coral_bce,0.0,session_balanced,adamw,0.0003,0.05,cosine,5,60,5.0,True,full,raw,full_frame,dataset_v1_1,fp16,2,resnet50,1,3,base,a,e16dc9368630,0.84375,0.6666666666666666,0.6203703703703703,0.84375,0.7764756944444444,0.5853658536585366,0.6666666666666666,0.8611111111111112,1.0,0.7560975609756098,62,0.0,0.0,0.0,20,1.0,1.0,1.0,46,0.9118942731277532,0.15625,0.7212543554006968,0.7617263074577288,0.5204066551378319,0.2773292617803256,0.9868951644748448,0.9976483853878798,0.9288277715444564,0.1431451644748449,0.1431451644748449,0.9206234216690063,0.1431451644748449,58.84444444444444,100.0,68.0,5799.8704640000005,5799.870464,76.86666666666666,78.0,57.40364444444444,87.204,1086.0,5000.0,4.0,2811.0229224764626,90462.48740627553,0.0,0.0,0.0,473.1043839999999,473.104384,37.0,37.0,9.711711111111107,10.522,300.0,405.0,1.0,478.3526675169469,15608.17563848037,69.6222222222222,75.1,4.275500100266667,4.342153216,15.5,2.872726505244444,2.903687168,26.452811776,0.0,3289.375589993409,0.913715441664836,0.6514791099070281,713.0,814,Tesla T4,16106.12736,70.0,GPU-2c731706-d8f6-6c3d-2652-b986ab138f34,Tesla T4,16106.12736,70.0,GPU-5f1ba15b-ef52-a833-3083-dd2bcf518ac7,580.159.04,1.0,62,0.0,20,1.0,5,1.0,41
a-resnet50-base-f1-s3,a,resnet50,base,1,3,33,3267,104544,1787787560.5247164,1787787609.9120998,2026-08-26T23:39:20Z,2026-08-26T23:40:09Z,acct4,3,379872,Interactive,e16dc9368630,v2,0.0004418980833491,0.9996843434343434,0.3611674754647538,0.0001457165923809,0.0299492843793511,1.494670867919922,0.0009281202219426,0.0250642880797386,0.5897254478931391,0.0,1061.508374848829,4.111232438112818e-09,131072.0,0,0,49.36670088768005,46.842567920684814,2.523268938064575,16.996468544006348,28.667304515838623,26.97058367729187,0.9019427299499512,0.3442901437281984,0.3000289141529738,0.3000838756561279,0.30716552734375,0.3106466388702392,67.63079268762867,23512130,23512130,1610.9910943508148,107874.01843712712,60,384,32,coral,coral_bce,0.0,session_balanced,adamw,0.0003,0.05,cosine,5,60,5.0,True,full,raw,full_frame,dataset_v1_1,fp16,2,resnet50,1,3,base,a,e16dc9368630,0.84375,0.6666666666666666,0.6203703703703703,0.84375,0.7764756944444444,0.5853658536585366,0.6666666666666666,0.8611111111111112,1.0,0.7560975609756098,62,0.0,0.0,0.0,20,1.0,1.0,1.0,46,0.9118942731277532,0.15625,0.7212543554006968,0.7617263074577288,0.6856215404957319,0.3743225720830332,0.6912700426764786,0.7241770448508086,0.5135722309350967,-0.1524799573235213,0.1524799573235214,0.3911096056302389,0.1524799573235214,60.6,99.0,80.0,5799.8704640000005,5799.870464,77.06666666666666,78.0,56.651577777777774,81.967,1041.0,5000.0,4.0,2802.004658870748,93291.711975946,0.0,0.0,0.0,473.1043839999999,473.104384,37.0,37.0,9.685377777777775,10.127,300.0,405.0,1.0,483.3278941354911,16098.608018199404,69.55555555555554,75.9,4.319981294933333,4.386615296,15.6,2.873689156266667,2.914828288,26.454122496,0.0,3285.33255300624,0.9125923758350664,0.6506783639704024,713.0,814,Tesla T4,16106.12736,70.0,GPU-2c731706-d8f6-6c3d-2652-b986ab138f34,Tesla T4,16106.12736,70.0,GPU-5f1ba15b-ef52-a833-3083-dd2bcf518ac7,580.159.04,1.0,62,0.0,20,1.0,5,1.0,41
a-resnet50-base-f1-s3,a,resnet50,base,1,3,34,3366,107712,1787787610.528576,1787787661.4842544,2026-08-26T23:40:10Z,2026-08-26T23:41:01Z,acct4,3,379872,Interactive,e16dc9368630,v2,0.0001037396735714,1.0,0.3900706066342536,0.0001371637487281,0.0030005095897576,0.1003775894641876,0.0008342590299434,0.0103632351383566,0.0295455342158672,0.0,1060.887671338378,3.879403583857116e-10,131072.0,0,0,50.93425393104553,48.48533821105957,2.448009490966797,18.68229031562805,28.586318492889404,26.78032851219177,0.9162766933441162,0.3667922640217724,0.2994935777452256,0.2989442348480224,0.3053646087646484,0.3134459400177002,65.33934003325928,23512130,23512130,1661.9253482818604,111244.75251229454,60,384,32,coral,coral_bce,0.0,session_balanced,adamw,0.0003,0.05,cosine,5,60,5.0,True,full,raw,full_frame,dataset_v1_1,fp16,2,resnet50,1,3,base,a,e16dc9368630,0.84375,0.6666666666666666,0.6075851205622198,0.84375,0.7733733187931662,0.559403913862278,0.6666666666666666,0.9465648854961832,1.0,0.8985507246376812,62,0.0,0.0,0.0,20,0.8761904761904762,1.0,0.7796610169491526,46,0.9143468950749464,0.15625,0.727427597955707,0.7562437173174434,0.656517834421747,0.3873521066834215,0.651819916209206,0.6924307131104999,0.4325216129422188,-0.191930083790794,0.2042280423920601,0.4693406869967779,0.2042280423920601,54.680851063829785,99.0,55.0,5799.8704640000005,5799.870464,77.12765957446808,78.0,56.35068085106383,75.548,1008.8297872340426,5000.0,4.0,2871.3612553544226,96195.15775759204,0.0,0.0,0.0,473.1043839999998,473.104384,37.0,37.0,9.781744680851062,10.423,300.0,405.0,1.0,499.3728198129884,16605.738296119387,72.23191489361703,93.9,4.460135968680851,5.414293504,18.5,2.913695613276596,3.682566144,27.283492864,0.0,3370.734075167411,0.9363150208798364,0.6675926098873233,713.0,836,Tesla T4,16106.12736,70.0,GPU-2c731706-d8f6-6c3d-2652-b986ab138f34,Tesla T4,16106.12736,70.0,GPU-5f1ba15b-ef52-a833-3083-dd2bcf518ac7,580.159.04,1.0,62,0.0,20,1.0,5,1.0,41
a-resnet50-base-f1-s3,a,resnet50,base,1,3,35,3465,110880,1787787662.0659585,1787787711.440345,2026-08-26T23:41:02Z,2026-08-26T23:41:51Z,acct4,3,379872,Interactive,e16dc9368630,v2,5.761464491813674e-05,1.0,0.3634707808596431,0.000128652774259,0.0011630507315846,0.0305315181612968,0.0003849415516015,0.002823925204575,0.0206276955455541,0.0,1060.3038891178542,1.4111964009376723e-10,131072.0,0,0,49.35255694389343,46.90105414390564,2.4505794048309326,17.343342542648315,28.38126516342163,26.593339443206787,0.8911762237548828,0.3514173047278003,0.2970795799987484,0.2970180511474609,0.30127854347229,0.3066325092315674,67.54645621140378,23512130,23512130,1711.2779052257538,114543.26940625029,60,384,32,coral,coral_bce,0.0,session_balanced,adamw,0.0003,0.05,cosine,5,60,5.0,True,full,raw,full_frame,dataset_v1_1,fp16,2,resnet50,1,3,base,a,e16dc9368630,0.84375,0.6666666666666666,0.6135133130608915,0.84375,0.77295483201068,0.5690518631695102,0.6666666666666666,0.8920863309352518,1.0,0.8051948051948052,62,0.0,0.0,0.0,20,0.9484536082474228,1.0,0.9019607843137256,46,0.9128540305010892,0.15625,0.7236614853195165,0.7555583824410887,0.6187737681251242,0.3586764084043731,0.6760942360851914,0.7189354570927443,0.4447516426444053,-0.1676557639148086,0.2685832718852907,0.4426128745079041,0.2685832718852907,61.54347826086956,99.0,84.0,5799.8704640000005,5799.870464,77.04347826086956,78.0,57.92623913043478,87.053,1004.3478260869564,5000.0,4.0,2812.5538728077227,99038.09303522784,0.0,0.0,0.0,473.1043839999998,473.104384,37.0,37.0,9.808847826086955,10.719,300.0,405.0,1.0,485.9630211480144,17098.697307634335,68.97826086956523,77.5,4.625360895999999,4.685729792,16.6,2.8880158719999995,2.888556544,26.472083456,0.0,3298.516893955737,0.9162546927654824,0.653289595941789,713.0,816,Tesla T4,16106.12736,70.0,GPU-2c731706-d8f6-6c3d-2652-b986ab138f34,Tesla T4,16106.12736,70.0,GPU-5f1ba15b-ef52-a833-3083-dd2bcf518ac7,580.159.04,1.0,62,0.0,20,1.0,5,1.0,41
a-resnet50-base-f1-s3,a,resnet50,base,1,3,36,3564,114048,1787787721.309192,1787787770.1999996,2026-08-26T23:42:01Z,2026-08-26T23:42:50Z,acct4,3,379872,Interactive,e16dc9368630,v2,4.151376461235523e-05,1.0,0.3234538286633324,0.0001202114300031,0.0010243157970523,0.0348542407155036,0.0003775058430619,0.0021021758671849,0.010404439549893,0.0,1059.7572022932625,1.1619120537422572e-10,131072.0,0,0,48.86903095245361,46.32413411140442,2.5439488887786865,16.223879098892212,28.939695358276367,27.270158529281616,0.8901021480560303,0.3319869206057511,0.3026113558297205,0.3032674789428711,0.31102876663208,0.3229541158676147,68.38767870720066,23512130,23512130,1760.1469361782074,117842.16860268006,60,384,32,coral,coral_bce,0.0,session_balanced,adamw,0.0003,0.05,cosine,5,60,5.0,True,full,raw,full_frame,dataset_v1_1,fp16,2,resnet50,1,3,base,a,e16dc9368630,0.84375,0.6666666666666666,0.6203703703703703,0.84375,0.7764756944444444,0.5853658536585366,0.6666666666666666,0.8611111111111112,1.0,0.7560975609756098,62,0.0,0.0,0.0,20,1.0,1.0,1.0,46,0.9118942731277532,0.15625,0.7212543554006968,0.7617263074577288,0.6006700726898995,0.3285331444408399,0.7268693898804486,0.7637211857018648,0.5278696924448013,-0.1168806101195514,0.1803672895766794,0.4662076234817505,0.1803672895766794,63.11111111111112,99.0,66.0,5799.8704640000005,5799.870464,78.22222222222223,81.0,56.420644444444434,92.466,1019.3333333333334,5000.0,4.0,2814.6640699435084,102202.90351376668,0.0,0.0,0.0,473.1043839999999,473.104384,37.02222222222223,38.0,9.810555555555554,10.324,300.0,405.0,1.0,484.2351264862882,17681.1331841485,69.47777777777779,74.7,4.518848284444444,4.68436992,16.4,2.7665904071111105,2.81505792,26.338656256,0.0,3298.8991964297966,0.9163608878971656,0.6533653130706791,713.0,808,Tesla T4,16106.12736,70.0,GPU-2c731706-d8f6-6c3d-2652-b986ab138f34,Tesla T4,16106.12736,70.0,GPU-5f1ba15b-ef52-a833-3083-dd2bcf518ac7,580.159.04,1.0,62,0.0,20,1.0,5,1.0,41
a-resnet50-base-f1-s3,a,resnet50,base,1,3,37,3663,117216,1787787770.7876446,1787787820.5535774,2026-08-26T23:42:50Z,2026-08-26T23:43:40Z,acct4,3,379872,Interactive,e16dc9368630,v2,3.358252293039205e-05,1.0,0.29788596148137,0.0001118672498709,0.0006214330212859,0.0049492754042148,0.0002657318545971,0.003177445824258,0.0047504294943064,0.0,1059.2476138437355,6.562960554426863e-11,131072.0,0,0,49.74399447441101,47.28115224838257,2.4618053436279297,17.999091148376465,28.080442428588867,26.37563395500183,0.8991403579711914,0.3618344553659727,0.2941229800985317,0.2937946319580078,0.2985933780670166,0.303719596862793,67.00344321892818,23512130,23512130,1809.8909306526184,121180.70873106548,60,384,32,coral,coral_bce,0.0,session_balanced,adamw,0.0003,0.05,cosine,5,60,5.0,True,full,raw,full_frame,dataset_v1_1,fp16,2,resnet50,1,3,base,a,e16dc9368630,0.84375,0.6666666666666666,0.6203703703703703,0.84375,0.7764756944444444,0.5853658536585366,0.6666666666666666,0.8611111111111112,1.0,0.7560975609756098,62,0.0,0.0,0.0,20,1.0,1.0,1.0,46,0.9118942731277532,0.15625,0.7212543554006968,0.7617263074577288,0.5530033420739342,0.3007710070173854,0.7382042142562568,0.7756550251333801,0.5359698355197906,-0.1055457857437431,0.1522010737098753,0.3234110385179519,0.1522010737098753,54.08695652173913,99.0,64.5,5799.8704640000005,5799.870464,76.34782608695652,77.0,60.31817391304349,90.585,1064.0217391304348,5000.0,4.0,2843.4079977477813,105077.64498474958,0.0,0.0,0.0,473.1043839999998,473.104384,37.0,37.0,9.873152173913043,10.522,300.0,405.0,1.0,495.1321306376485,18183.718858123968,69.04347826086956,76.3,4.667573025391305,4.763803648,16.6,2.889230246956521,2.9326336,26.461802496,0.0,3338.54012838543,0.9273722578848416,0.6612164198718921,713.0,824,Tesla T4,16106.12736,70.0,GPU-2c731706-d8f6-6c3d-2652-b986ab138f34,Tesla T4,16106.12736,70.0,GPU-5f1ba15b-ef52-a833-3083-dd2bcf518ac7,580.159.04,1.0,62,0.0,20,1.0,5,1.0,41
a-resnet50-base-f1-s3,a,resnet50,base,1,3,38,3762,120384,1787787821.1809735,1787787870.092661,2026-08-26T23:43:41Z,2026-08-26T23:44:30Z,acct4,3,379872,Interactive,e16dc9368630,v2,5.714023757149096e-05,1.0,0.3347754197384347,0.0001036474508437,0.0015178823502142,0.0320256873965263,0.0001672093349043,0.0059142123442143,0.031370565071702,0.0,1058.7742220279092,1.4859129832148048e-10,131072.0,0,0,48.88837504386902,46.41602373123169,2.4715092182159424,16.76185894012451,28.488580226898197,26.803062438964844,0.8920102119445801,0.3428598092099316,0.2980735590963652,0.2979023456573486,0.3033259868621826,0.3068553924560547,68.25229188833696,23512130,23512130,1858.7793056964877,124475.30781686444,60,384,32,coral,coral_bce,0.0,session_balanced,adamw,0.0003,0.05,cosine,5,60,5.0,True,full,raw,full_frame,dataset_v1_1,fp16,2,resnet50,1,3,base,a,e16dc9368630,0.84375,0.6666666666666666,0.6173209469583458,0.84375,0.7747040755169314,0.5777777777777778,0.6666666666666666,0.8732394366197184,1.0,0.775,62,0.0,0.0,0.0,20,0.9787234042553192,1.0,0.9583333333333334,46,0.912280701754386,0.15625,0.7222222222222222,0.7585988400025443,0.5984999766637433,0.3350732976845568,0.7144614597782493,0.7559896641307406,0.4902091562747955,-0.1292885402217507,0.2360031101852655,0.4505157726151602,0.2360031101852655,62.15217391304348,99.0,81.5,5799.8704640000005,5799.870464,77.47826086956522,78.0,57.97421739130436,96.704,1001.7391304347826,5000.0,4.0,2807.844780022846,107918.02225171568,0.0,0.0,0.0,473.1043839999998,473.104384,37.0,37.0,9.974217391304348,10.423,300.0,405.0,1.0,486.7543057761032,18679.0765013253,69.29130434782608,75.4,4.467669170086957,4.589674496,16.1,2.7633984556521733,2.7744256,26.336559104,0.0,3294.599085798949,0.9151664127219304,0.6525136522707363,713.0,806,Tesla T4,16106.12736,70.0,GPU-2c731706-d8f6-6c3d-2652-b986ab138f34,Tesla T4,16106.12736,70.0,GPU-5f1ba15b-ef52-a833-3083-dd2bcf518ac7,580.159.04,1.0,62,0.0,20,1.0,5,1.0,41
a-resnet50-base-f1-s3,a,resnet50,base,1,3,39,3861,123552,1787787870.684591,1787787919.9247017,2026-08-26T23:44:30Z,2026-08-26T23:45:19Z,acct4,3,379872,Interactive,e16dc9368630,v2,3.388886839711448e-05,1.0,0.2911414937116205,9.557884419740386e-05,0.0005856273481626,0.0061761569231748,0.0002363438543397,0.0026673332089558,0.0030847111763432,0.0,1058.3372627702026,5.288823046943275e-11,131072.0,0,0,49.21800518035889,46.6788010597229,2.538259267807007,17.346978425979614,28.140990495681763,26.53146815299988,0.8998613357543945,0.3524518793968139,0.294764812546547,0.2947211265563965,0.2992562770843506,0.3036646699905395,67.86806704711036,23512130,23512130,1907.9973108768463,127816.95373404282,60,384,32,coral,coral_bce,0.0,session_balanced,adamw,0.0003,0.05,cosine,5,60,5.0,True,full,raw,full_frame,dataset_v1_1,fp16,2,resnet50,1,3,base,a,e16dc9368630,0.84375,0.6666666666666666,0.6203703703703703,0.84375,0.7764756944444444,0.5853658536585366,0.6666666666666666,0.8611111111111112,1.0,0.7560975609756098,62,0.0,0.0,0.0,20,1.0,1.0,1.0,46,0.9118942731277532,0.15625,0.7212543554006968,0.7617263074577288,0.5665870333557852,0.3006214203323968,0.7560029956512153,0.7916472995722735,0.5635237544775009,-0.0877470043487846,0.1349102673120796,0.5030748049418131,0.1349102673120796,65.47826086956522,99.0,75.5,5799.8704640000005,5799.870464,76.76086956521739,78.0,59.71471739130435,97.249,1022.282608695652,5000.0,4.0,2856.795373985049,110805.64640059568,0.0,0.0,0.0,473.1043839999998,473.104384,37.0,37.0,9.78945652173913,10.324,300.0,405.0,1.0,484.8505431933336,19170.833040774032,69.15869565217393,75.2,4.646668109913043,4.738248704,16.7,2.8909267923478263,2.942500864,26.463178752,0.0,3341.6459171783827,0.9282349769939952,0.6618315385967185,713.0,812,Tesla T4,16106.12736,70.0,GPU-2c731706-d8f6-6c3d-2652-b986ab138f34,Tesla T4,16106.12736,70.0,GPU-5f1ba15b-ef52-a833-3083-dd2bcf518ac7,580.159.04,1.0,62,0.0,20,1.0,5,1.0,41
a-resnet50-base-f1-s3,a,resnet50,base,1,3,40,3960,126720,1787787920.5624323,1787787969.3491747,2026-08-26T23:45:20Z,2026-08-26T23:46:09Z,acct4,3,379872,Interactive,e16dc9368630,v2,2.36019395065387e-05,1.0,0.2293052349705249,8.768774804971705e-05,0.0004862243024421,0.0092382170259952,0.0001923641975736,0.0013884413638152,0.0079204243794083,0.0,1057.935623565514,4.03010477939132e-11,131072.0,0,0,48.76405119895935,46.30720901489258,2.4559197425842285,16.68194007873535,28.45052409172058,26.770039081573486,0.8936243057250977,0.3420950406821686,0.2977648311191135,0.2979671955108642,0.3016921520233154,0.3055976915359497,68.41267412555914,23512130,23512130,1956.7613620758057,131103.60388000347,60,384,32,coral,coral_bce,0.0,session_balanced,adamw,0.0003,0.05,cosine,5,60,5.0,True,full,raw,full_frame,dataset_v1_1,fp16,2,resnet50,1,3,base,a,e16dc9368630,0.84375,0.6666666666666666,0.6203703703703703,0.84375,0.7764756944444444,0.5853658536585366,0.6666666666666666,0.8611111111111112,1.0,0.7560975609756098,62,0.0,0.0,0.0,20,1.0,1.0,1.0,46,0.9118942731277532,0.15625,0.7212543554006968,0.7617263074577288,0.5000648730142543,0.2570953813883996,0.8302562278695405,0.8589696729624713,0.675203624367714,-0.0134937721304595,0.0846083429642021,0.5697035392125448,0.0846083429642021,68.37777777777778,99.0,97.0,5799.8704640000005,5799.870464,77.31111111111112,78.0,58.494288888888896,92.504,1035.6666666666667,5000.0,4.0,2808.7642989741,113646.96352360782,0.0,0.0,0.0,473.1043839999999,473.104384,37.0,37.0,9.75771111111111,10.324,300.0,405.0,1.0,477.8858469865627,19656.805150998545,69.4,75.3,4.678843141688889,4.784574464,16.7,2.891744415288889,2.893877248,26.465538048,0.0,3286.6501459606625,0.9129583738779616,0.6509393205749867,713.0,806,Tesla T4,16106.12736,70.0,GPU-2c731706-d8f6-6c3d-2652-b986ab138f34,Tesla T4,16106.12736,70.0,GPU-5f1ba15b-ef52-a833-3083-dd2bcf518ac7,580.159.04,1.0,62,0.0,20,1.0,5,1.0,41
a-resnet50-base-f1-s3,a,resnet50,base,1,3,41,4059,129888,1787787970.4892206,1787788019.8334534,2026-08-26T23:46:10Z,2026-08-26T23:46:59Z,acct4,3,379872,Interactive,e16dc9368630,v2,2.473146185141127e-05,1.0,0.289371238926833,7.999990151614894e-05,0.0004140525038794,0.0052922903560101,0.0001389076787745,0.0018483957042917,0.0031841222615912,0.0,1057.5684956601358,3.132105359492286e-11,262144.0,0,0,49.318357944488525,46.77169251441956,2.5457210540771484,17.273535013198853,28.275266408920288,26.558108806610107,0.9031820297241212,0.3502455420888404,0.2963708049119121,0.2959878444671631,0.3013876438140869,0.3232132673263549,67.73327689656124,23512130,23512130,2006.0797200202944,134395.1580610302,60,384,32,coral,coral_bce,0.0,session_balanced,adamw,0.0003,0.05,cosine,5,60,5.0,True,full,raw,full_frame,dataset_v1_1,fp16,2,resnet50,1,3,base,a,e16dc9368630,0.84375,0.6666666666666666,0.6203703703703703,0.84375,0.7764756944444444,0.5853658536585366,0.6666666666666666,0.8611111111111112,1.0,0.7560975609756098,62,0.0,0.0,0.0,20,1.0,1.0,1.0,46,0.9118942731277532,0.15625,0.7212543554006968,0.7617263074577288,0.560639603953885,0.2977754617636929,0.7548040789552033,0.793013643335413,0.5484724313020706,-0.0889459210447967,0.1581757185049355,0.4969840475491115,0.1581757185049355,56.41304347826087,99.0,59.0,5799.8704640000005,5799.870464,76.93478260869566,78.0,54.43113043478261,76.327,1065.6521739130435,5000.0,4.0,2806.9576048663293,116510.35848314062,0.0,0.0,0.0,473.1043839999998,473.104384,37.0,37.0,9.77441304347826,10.621,300.0,405.0,1.0,484.5965761604021,20154.532805673043,68.38260869565217,76.0,4.543961800347827,4.63915008,16.2,2.7803733481739137,2.802941952,26.353483776,0.0,3291.5541810267314,0.9143206058407588,0.6519105919644609,713.0,814,Tesla T4,16106.12736,70.0,GPU-2c731706-d8f6-6c3d-2652-b986ab138f34,Tesla T4,16106.12736,70.0,GPU-5f1ba15b-ef52-a833-3083-dd2bcf518ac7,580.159.04,1.0,62,0.0,20,1.0,5,1.0,41
a-resnet50-base-f1-s3,a,resnet50,base,1,3,42,4158,133056,1787788020.4326222,1787788069.4875278,2026-08-26T23:47:00Z,2026-08-26T23:47:49Z,acct4,3,379872,Interactive,e16dc9368630,v2,2.722569054828519e-05,1.0,0.2943955850350903,7.254038075415572e-05,0.0004544900078907,0.0048851976171135,0.0001717039995128,0.0017014334793202,0.0041455664765089,0.0,1057.2346562937585,3.118406876381334e-11,262144.0,0,0,49.031651973724365,46.44192361831665,2.5886390209198,16.9109628200531,28.33866000175476,26.63509511947632,0.8917484283447266,0.3448988997783623,0.2966420361489961,0.2963242530822754,0.3009427070617675,0.3035489511489868,68.21422872222597,23512130,23512130,2055.1113719940186,137652.52968225747,60,384,32,coral,coral_bce,0.0,session_balanced,adamw,0.0003,0.05,cosine,5,60,5.0,True,full,raw,full_frame,dataset_v1_1,fp16,2,resnet50,1,3,base,a,e16dc9368630,0.84375,0.6666666666666666,0.6203703703703703,0.84375,0.7764756944444444,0.5853658536585366,0.6666666666666666,0.8611111111111112,1.0,0.7560975609756098,62,0.0,0.0,0.0,20,1.0,1.0,1.0,46,0.9118942731277532,0.15625,0.7212543554006968,0.7617263074577288,0.5578979727208797,0.2997486809724972,0.7481376309879124,0.7883665727244483,0.5309013456106186,-0.0956123690120875,0.1558906356804072,0.4988612055778503,0.1558906356804072,60.32608695652174,99.0,78.0,5799.8704640000005,5799.870464,77.04347826086956,78.0,57.86871739130435,78.954,1000.7608695652174,5000.0,4.0,2779.4576025588613,119323.45906793064,0.0,0.0,0.0,473.1043839999998,473.104384,37.0,37.0,9.73373913043478,10.522,300.0,405.0,1.0,477.9140186684053,20640.53714222923,69.27391304347826,75.5,4.63070671026087,4.78287872,16.7,2.8871976514782607,2.915987456,26.468683776,0.0,3257.3716212272666,0.9048254503409072,0.645140546093067,713.0,810,Tesla T4,16106.12736,70.0,GPU-2c731706-d8f6-6c3d-2652-b986ab138f34,Tesla T4,16106.12736,70.0,GPU-5f1ba15b-ef52-a833-3083-dd2bcf518ac7,580.159.04,1.0,62,0.0,20,1.0,5,1.0,41
a-resnet50-base-f1-s3,a,resnet50,base,1,3,43,4257,136224,1787788070.0840185,1787788119.0712154,2026-08-26T23:47:50Z,2026-08-26T23:48:39Z,acct4,3,379872,Interactive,e16dc9368630,v2,2.1940916690484774e-05,1.0,0.2845306762756081,6.533351716998465e-05,0.0003281663422342,0.0052598002366721,0.0001228542969329,0.0010292276041582,0.0023124244855716,0.0,1056.932990927212,2.028535540002948e-11,262144.0,0,0,48.96590828895569,46.50259113311768,2.4623520374298096,17.011798620224,28.29833722114563,26.618066549301147,0.8944361209869385,0.3474212817586196,0.2961920198768076,0.2961935997009277,0.3000712394714355,0.3045338439941406,68.12523609558286,23512130,23512130,2104.0772802829742,140940.45968311292,60,384,32,coral,coral_bce,0.0,session_balanced,adamw,0.0003,0.05,cosine,5,60,5.0,True,full,raw,full_frame,dataset_v1_1,fp16,2,resnet50,1,3,base,a,e16dc9368630,0.84375,0.6666666666666666,0.6203703703703703,0.84375,0.7764756944444444,0.5853658536585366,0.6666666666666666,0.8611111111111112,1.0,0.7560975609756098,62,0.0,0.0,0.0,20,1.0,1.0,1.0,46,0.9118942731277532,0.15625,0.7212543554006968,0.7617263074577288,0.529146644407827,0.2859830604613878,0.7487447042949498,0.7894098819405945,0.5291527450084687,-0.0950052957050502,0.1629365119151771,0.4975296854972839,0.1629365119151771,64.4,99.0,73.0,5799.8704640000005,5799.870464,76.93333333333334,78.0,56.17702222222222,82.79,1054.6666666666667,5000.0,4.0,2810.5881223437464,122173.1846481749,0.0,0.0,0.0,473.1043839999999,473.104384,37.0,37.0,9.694177777777776,10.225,300.0,405.0,1.0,477.34187851168826,21126.020375446013,68.9088888888889,78.8,4.659021960533333,4.785659904,16.7,2.89429504,2.906288128,26.467373056,0.0,3287.930000855434,0.9133138891265096,0.6511928029472014,713.0,810,Tesla T4,16106.12736,70.0,GPU-2c731706-d8f6-6c3d-2652-b986ab138f34,Tesla T4,16106.12736,70.0,GPU-5f1ba15b-ef52-a833-3083-dd2bcf518ac7,580.159.04,1.0,62,0.0,20,1.0,5,1.0,41
a-resnet50-base-f1-s3,a,resnet50,base,1,3,44,4356,139392,1787788119.668053,1787788168.1147587,2026-08-26T23:48:39Z,2026-08-26T23:49:28Z,acct4,3,379872,Interactive,e16dc9368630,v2,1.592408833320488e-05,1.0,0.3179069133839221,5.840281805468426e-05,0.0002714931969136,0.0042983293533325,0.0001123195543186,0.000708164111711,0.0041020522266626,0.0,1056.662389220975,1.5005708487575598e-11,262144.0,0,0,48.423381090164185,45.990639209747314,2.4314815998077397,16.46866512298584,28.300090312957764,26.52260994911194,0.9104499816894532,0.3400973817239494,0.2966520111970227,0.2961158752441406,0.3002658367156982,0.3105674362182617,68.88358271238313,23512130,23512130,2152.5006613731384,144188.40818826723,60,384,32,coral,coral_bce,0.0,session_balanced,adamw,0.0003,0.05,cosine,5,60,5.0,True,full,raw,full_frame,dataset_v1_1,fp16,2,resnet50,1,3,base,a,e16dc9368630,0.84375,0.6666666666666666,0.6173209469583458,0.84375,0.7747040755169314,0.5777777777777778,0.6666666666666666,0.8732394366197184,1.0,0.775,62,0.0,0.0,0.0,20,0.9787234042553192,1.0,0.9583333333333334,46,0.912280701754386,0.15625,0.7222222222222222,0.7585988400025443,0.5457207398889687,0.3081320491372492,0.7094136069063097,0.754719587387862,0.4647613123059272,-0.1343363930936902,0.2114300786051899,0.4302328675985336,0.2114300786051899,50.644444444444446,99.0,48.0,5799.8704640000005,5799.870464,77.08888888888889,78.0,56.52884444444445,103.57,1091.6666666666667,5000.0,4.0,2775.752491562089,124985.33155529868,0.0,0.0,0.0,473.1043839999999,473.104384,37.0,37.0,9.711644444444442,10.324,300.0,405.0,1.0,472.1960135922309,21605.576467833675,69.52222222222223,76.7,4.521155788800001,4.642185216,16.3,2.768300168533333,2.79965696,26.340753408,0.0,3247.94850515432,0.9022079180984222,0.643274245604175,713.0,800,Tesla T4,16106.12736,70.0,GPU-2c731706-d8f6-6c3d-2652-b986ab138f34,Tesla T4,16106.12736,70.0,GPU-5f1ba15b-ef52-a833-3083-dd2bcf518ac7,580.159.04,1.0,62,0.0,20,1.0,5,1.0,41
a-resnet50-base-f1-s3,a,resnet50,base,1,3,45,4455,142560,1787788168.7400336,1787788217.8771808,2026-08-26T23:49:28Z,2026-08-26T23:50:17Z,acct4,3,379872,Interactive,e16dc9368630,v2,2.074146306832251e-05,1.0,0.2105542057252023,5.1770889908207245e-05,0.0003919908197191,0.0068719708360731,0.0001317081187153,0.0012000486138276,0.0046501974016427,0.0,1056.4213713620366,1.920986655783224e-11,262144.0,0,0,49.108665227890015,46.66368246078491,2.443298816680908,17.04388999938965,28.440741777420044,26.6764132976532,0.8868491649627686,0.3470648188114468,0.2976045801181985,0.2975258827209472,0.3025470733642578,0.3073273277282715,67.89005566935946,23512130,23512130,2201.6093266010284,147498.09414577566,60,384,32,coral,coral_bce,0.0,session_balanced,adamw,0.0003,0.05,cosine,5,60,5.0,True,full,raw,full_frame,dataset_v1_1,fp16,2,resnet50,1,3,base,a,e16dc9368630,0.84375,0.6666666666666666,0.6203703703703703,0.84375,0.7764756944444444,0.5853658536585366,0.6666666666666666,0.8611111111111112,1.0,0.7560975609756098,62,0.0,0.0,0.0,20,1.0,1.0,1.0,46,0.9118942731277532,0.15625,0.7212543554006968,0.7617263074577288,0.4740719231553368,0.2436612990642749,0.8456793227232993,0.8772767826362893,0.6750530391931534,0.0019293227232992,0.1279163337312638,0.5646529595057169,0.1279163337312638,62.04444444444445,99.0,84.0,5799.8704640000005,5799.870464,77.24444444444444,78.0,55.80111111111111,75.4,1069.0,5000.0,4.0,2828.413497838352,127855.32780891104,0.0,0.0,0.0,473.1043839999999,473.104384,37.0,37.0,9.7666,10.621,300.0,405.0,1.0,481.2724596700755,22095.1292833604,69.27555555555557,76.9,4.502911476622222,4.638191616,16.2,2.767742384355555,2.787991552,26.340753408,0.0,3309.6859575084272,0.9193572104190076,0.6555016910287524,713.0,813,Tesla T4,16106.12736,70.0,GPU-2c731706-d8f6-6c3d-2652-b986ab138f34,Tesla T4,16106.12736,70.0,GPU-5f1ba15b-ef52-a833-3083-dd2bcf518ac7,580.159.04,1.0,62,0.0,20,1.0,5,1.0,41
a-resnet50-base-f1-s3,a,resnet50,base,1,3,46,4554,145728,1787788218.5031822,1787788266.6157131,2026-08-26T23:50:18Z,2026-08-26T23:51:06Z,acct4,3,379872,Interactive,e16dc9368630,v2,1.7032492934563975e-05,1.0,0.2186906000133603,4.5459364701706e-05,0.0003922830189799,0.0095969066023826,0.0001129501542891,0.0015559390420094,0.0027083620475604,0.0,1056.208916187541,1.6883910515035985e-11,262144.0,0,0,48.07187175750733,45.64783716201782,2.421489953994751,16.27265238761902,28.185706615448,26.459928035736084,0.9052493572235109,0.3385067356999208,0.2952364671109903,0.2950782775878906,0.2993576049804687,0.3047257661819457,69.40087848534468,23512130,23512130,2249.681198358536,150709.905380917,60,384,32,coral,coral_bce,0.0,session_balanced,adamw,0.0003,0.05,cosine,5,60,5.0,True,full,raw,full_frame,dataset_v1_1,fp16,2,resnet50,1,3,base,a,e16dc9368630,0.84375,0.6666666666666666,0.6203703703703703,0.84375,0.7764756944444444,0.5853658536585366,0.6666666666666666,0.8611111111111112,1.0,0.7560975609756098,62,0.0,0.0,0.0,20,1.0,1.0,1.0,46,0.9118942731277532,0.15625,0.7212543554006968,0.7617263074577288,0.4455807431207446,0.2353145949659205,0.8064629291184247,0.8441218711711742,0.6031046420335769,-0.0372870708815753,0.1343959835357964,0.4991586208343506,0.1343959835357964,53.93181818181818,99.0,56.0,5799.8704640000005,5799.870464,76.70454545454545,78.0,55.82225,86.719,1058.5227272727273,5000.0,4.0,2742.108440431388,130630.84837083863,0.0,0.0,0.0,473.1043839999999,473.104384,36.97727272727273,37.0,9.74481818181818,10.225,300.0,405.0,1.0,469.70279470993046,22573.11378605264,69.54772727272727,75.4,4.650526719999999,4.75744256,16.6,2.8950323199999994,2.949279744,26.467373056,0.0,3211.8112351413183,0.8921697875392551,0.6361170585154889,713.0,792,Tesla T4,16106.12736,70.0,GPU-2c731706-d8f6-6c3d-2652-b986ab138f34,Tesla T4,16106.12736,70.0,GPU-5f1ba15b-ef52-a833-3083-dd2bcf518ac7,580.159.04,1.0,62,0.0,20,1.0,5,1.0,41
a-resnet50-base-f1-s3,a,resnet50,base,1,3,47,4653,148896,1787788267.2194562,1787788316.229669,2026-08-26T23:51:07Z,2026-08-26T23:51:56Z,acct4,3,379872,Interactive,e16dc9368630,v2,1.2003043036771726e-05,1.0,0.2537100071494933,3.948882931853924e-05,0.0001971120371749,0.001779451384209,8.57868799357675e-05,0.00068366775522,0.0009016168303787,0.0,1056.023252457548,7.370788071680747e-12,262144.0,0,0,48.98604941368103,46.55546808242798,2.429651021957397,17.0893976688385,28.2786557674408,26.58699893951416,0.8900580406188965,0.3488625409352913,0.2959890919502335,0.2958672046661377,0.3002566814422607,0.303249888420105,68.04786055186798,23512130,23512130,2298.667247772217,153971.77114116726,60,384,32,coral,coral_bce,0.0,session_balanced,adamw,0.0003,0.05,cosine,5,60,5.0,True,full,raw,full_frame,dataset_v1_1,fp16,2,resnet50,1,3,base,a,e16dc9368630,0.84375,0.6666666666666666,0.6203703703703703,0.84375,0.7764756944444444,0.5853658536585366,0.6666666666666666,0.8611111111111112,1.0,0.7560975609756098,62,0.0,0.0,0.0,20,1.0,1.0,1.0,46,0.9118942731277532,0.15625,0.7212543554006968,0.7617263074577288,0.4852609118800556,0.2587341347516059,0.774585516192019,0.8143021999685852,0.560115423798561,-0.069164483807981,0.1620565271005034,0.4901346564292907,0.1620565271005034,55.04444444444445,99.0,63.0,5799.8704640000005,5799.870464,77.04444444444445,78.0,57.49182222222221,93.338,1094.0,5000.0,4.0,2782.877949997593,133450.8153621535,0.0,0.0,0.0,473.1043839999999,473.104384,37.0,37.0,9.75768888888889,10.719,300.0,405.0,1.0,478.9878102527,23059.37191015741,69.82444444444445,77.7,4.683382692977778,4.84950016,16.9,2.8823010417777777,2.91393536,26.4676352,0.0,3261.865760250293,0.9060738222917482,0.6460306352940165,713.0,811,Tesla T4,16106.12736,70.0,GPU-2c731706-d8f6-6c3d-2652-b986ab138f34,Tesla T4,16106.12736,70.0,GPU-5f1ba15b-ef52-a833-3083-dd2bcf518ac7,580.159.04,1.0,62,0.0,20,1.0,5,1.0,41
a-resnet50-base-f1-s3,a,resnet50,base,1,3,48,4752,152064,1787788316.8376887,1787788365.5572114,2026-08-26T23:51:56Z,2026-08-26T23:52:45Z,acct4,3,379872,Interactive,e16dc9368630,v2,1.763275594904105e-05,1.0,0.2633995061914902,3.3878758404137624e-05,0.0003154056255861,0.0062012798152863,0.0001139362866524,0.0009895222028717,0.0030021311342716,0.0,1055.8628050646214,1.0120207793366155e-11,262144.0,0,0,48.69252371788025,46.20685505867005,2.484818696975708,16.69007134437561,28.296570777893063,26.562654972076416,0.9022278785705566,0.342764557472442,0.2965494165516863,0.2962315082550049,0.3010901927947998,0.3044053936004638,68.56125559676174,23512130,23512130,2347.359771490097,157226.97818697768,60,384,32,coral,coral_bce,0.0,session_balanced,adamw,0.0003,0.05,cosine,5,60,5.0,True,full,raw,full_frame,dataset_v1_1,fp16,2,resnet50,1,3,base,a,e16dc9368630,0.84375,0.6666666666666666,0.6203703703703703,0.84375,0.7764756944444444,0.5853658536585366,0.6666666666666666,0.8611111111111112,1.0,0.7560975609756098,62,0.0,0.0,0.0,20,1.0,1.0,1.0,46,0.9118942731277532,0.15625,0.7212543554006968,0.7617263074577288,0.4869405071566059,0.2622679186257985,0.7539299400523305,0.7964964834628282,0.524070605635643,-0.0898200599476695,0.1899523194879293,0.5178349614143372,0.1899523194879293,59.20454545454545,99.0,67.0,5799.8704640000005,5799.870464,77.1590909090909,78.0,59.48677272727274,93.144,986.25,5000.0,4.0,2777.0312637223687,136261.09378676716,0.0,0.0,0.0,473.1043839999999,473.104384,37.0,37.0,9.774227272727272,10.522,300.0,405.0,1.0,478.1757820880412,23546.07291311356,69.87272727272726,75.6,4.678577710545454,4.813111296,16.8,2.892250763636364,2.931564544,26.465538048,0.0,3255.20704581041,0.9042241793917806,0.6447118399063395,713.0,806,Tesla T4,16106.12736,70.0,GPU-2c731706-d8f6-6c3d-2652-b986ab138f34,Tesla T4,16106.12736,70.0,GPU-5f1ba15b-ef52-a833-3083-dd2bcf518ac7,580.159.04,1.0,62,0.0,20,1.0,5,1.0,41
a-resnet50-base-f1-s3,a,resnet50,base,1,3,49,4851,155232,1787788366.155064,1787788414.5581627,2026-08-26T23:52:46Z,2026-08-26T23:53:34Z,acct4,3,379872,Interactive,e16dc9368630,v2,1.091213902088724e-05,1.0,0.2969092635976267,2.8647450843757897e-05,0.000184505494348,0.0016374945407733,6.785925506846979e-05,0.0008334285812452,0.0011126131541095,0.0,1055.7263468264132,5.006611889177526e-12,262144.0,0,0,48.37229132652283,45.91471028327942,2.45671820640564,16.48922085762024,28.238942623138428,26.528466939926147,0.8884479999542236,0.3408815337341503,0.2956368272954767,0.2954063415527344,0.2993038654327392,0.3019985628128052,68.99749514816558,23512130,23512130,2395.73206281662,160474.17606631955,60,384,32,coral,coral_bce,0.0,session_balanced,adamw,0.0003,0.05,cosine,5,60,5.0,True,full,raw,full_frame,dataset_v1_1,fp16,2,resnet50,1,3,base,a,e16dc9368630,0.84375,0.6666666666666666,0.6203703703703703,0.84375,0.7764756944444444,0.5853658536585366,0.6666666666666666,0.8611111111111112,1.0,0.7560975609756098,62,0.0,0.0,0.0,20,1.0,1.0,1.0,46,0.9118942731277532,0.15625,0.7212543554006968,0.7617263074577288,0.5157983770115884,0.2864844878426822,0.7175516774877906,0.7635166849251147,0.4693406373262405,-0.1261983225122094,0.2255624961107969,0.4349009063508775,0.2255624961107969,62.2,99.0,75.0,5799.8704640000005,5799.870464,77.04444444444445,78.0,61.44375555555556,94.441,1015.3333333333334,5000.0,4.0,2774.16084741315,139075.44506579282,0.0,0.0,0.0,473.1043839999999,473.104384,37.0,37.0,9.755555555555556,10.225,300.0,405.0,1.0,473.0370319287431,24027.271234582116,69.45777777777779,76.4,4.669881457777777,4.793012224,16.7,2.8832318350222224,2.931355648,26.46829056,0.0,3247.197879341893,0.9019994109283036,0.6431255799918805,713.0,800,Tesla T4,16106.12736,70.0,GPU-2c731706-d8f6-6c3d-2652-b986ab138f34,Tesla T4,16106.12736,70.0,GPU-5f1ba15b-ef52-a833-3083-dd2bcf518ac7,580.159.04,1.0,62,0.0,20,1.0,5,1.0,41
a-resnet50-base-f1-s3,a,resnet50,base,1,3,50,4950,158400,1787788415.162787,1787788463.4488106,2026-08-26T23:53:35Z,2026-08-26T23:54:23Z,acct4,3,379872,Interactive,e16dc9368630,v2,1.276024633368408e-05,1.0,0.2201486730773467,2.38119700753228e-05,0.000236803394103,0.0025240730028599,8.952085045166314e-05,0.001034312590491,0.0021871035406365,0.0,1055.6118284070055,5.341693965883368e-12,262144.0,0,0,48.26343011856079,45.71819376945496,2.5440804958343506,16.210785388946533,28.31726622581482,26.61096215248108,0.8994340896606445,0.3358813360161964,0.2964951221389,0.2961511611938476,0.3007440090179443,0.3052493238449096,69.29407613904009,23512130,23512130,2443.9954929351807,163769.70316046942,60,384,32,coral,coral_bce,0.0,session_balanced,adamw,0.0003,0.05,cosine,5,60,5.0,True,full,raw,full_frame,dataset_v1_1,fp16,2,resnet50,1,3,base,a,e16dc9368630,0.84375,0.6666666666666666,0.6203703703703703,0.84375,0.7764756944444444,0.5853658536585366,0.6666666666666666,0.8611111111111112,1.0,0.7560975609756098,62,0.0,0.0,0.0,20,1.0,1.0,1.0,46,0.9118942731277532,0.15625,0.7212543554006968,0.7617263074577288,0.4659671829143827,0.2419515594972205,0.8188755982555449,0.8554265962706672,0.6215002089738846,-0.0248744017444551,0.1255693272687494,0.5635608434677124,0.1255693272687494,63.266666666666666,99.0,92.0,5799.8704640000005,5799.870464,77.08888888888889,78.0,58.08413333333335,79.148,1083.0,5000.0,4.0,2817.070744007622,141934.3109217284,0.0,0.0,0.0,473.1043839999999,473.104384,37.0,37.0,9.867222222222225,10.324,300.0,405.0,1.0,478.4563501422308,24514.1222842888,69.63555555555557,76.4,4.664580596622224,4.76012544,16.6,2.8927414727111107,2.892886016,26.41041408,0.0,3295.527094149853,0.9154241928194036,0.6526974494802348,713.0,800,Tesla T4,16106.12736,70.0,GPU-2c731706-d8f6-6c3d-2652-b986ab138f34,Tesla T4,16106.12736,70.0,GPU-5f1ba15b-ef52-a833-3083-dd2bcf518ac7,580.159.04,1.0,62,0.0,20,1.0,5,1.0,41
a-resnet50-base-f1-s3,a,resnet50,base,1,3,51,5049,161568,1787823468.9508593,1787823526.2471669,2026-08-27T09:37:48Z,2026-08-27T09:38:46Z,acct4,3,c970c0,Interactive,e16dc9368630,v2,2.078416567389532e-05,1.0,0.2896540809306316,1.9388088432033443e-05,0.0005528952373277556,0.031397901475429535,8.190894004656002e-05,0.001146117062307893,0.0061810093373059205,0.0,1055.5173404316358,1.0155760918695144e-11,262144.0,0,0,57.27230167388916,54.228310346603394,3.0420618057250977,23.327908992767334,28.92870593070984,26.904791116714478,1.6086628437042236,0.4073157234992476,0.3101770926003504,0.3117239475250244,0.3224220275878906,0.3326793336868286,58.41967009024519,23512130,23512130,2501.26779460907,167490.27077513278,60,384,32,coral,coral_bce,0.0,session_balanced,adamw,0.0003,0.05,cosine,5,60,5.0,True,full,raw,full_frame,dataset_v1_1,fp16,2,resnet50,1,3,base,a,e16dc9368630,0.84375,0.6666666666666666,0.6173209469583458,0.84375,0.7747040755169314,0.5777777777777778,0.6666666666666666,0.8732394366197184,1.0,0.775,62,0.0,0.0,0.0,20,0.9787234042553191,1.0,0.9583333333333334,46,0.9122807017543859,0.15625,0.7222222222222222,0.7585988400025443,0.5041780152854185,0.27881586127156693,0.7288635051809251,0.7767592166309003,0.47022666335105895,-0.11488649481907487,0.24565318459644914,0.43412569496366715,0.24565318459644914,64.8076923076923,99.0,85.0,5774.704640000001,5774.70464,77.26923076923077,81.0,52.13540384615385,91.237,1102.5,5000.0,4.0,3158.7935347075468,3166.570680394173,0.0,0.0,0.0,473.1043839999999,473.104384,33.0,33.0,9.771269230769231,10.258,300.0,405.0,1.0,561.7740799558158,564.0731704990859,67.72884615384615,74.7,3.352651539692307,3.755311104,13.6,2.9608049427692302,2.960887808,25.521750016,0.0,3720.5676146633623,1.0334910040731562,0.7368790859041604,713.0,946,Tesla T4,16106.12736,70.0,GPU-1f96c9cc-a27b-72e1-c080-1f81c4b11b41,Tesla T4,16106.12736,70.0,GPU-9000a4aa-ab22-e15e-7a16-863384e060ff,580.159.04,1.0,62,0.0,20,1.0,5,1.0,41
a-resnet50-base-f1-s3,a,resnet50,base,1,3,52,5148,164736,1787823526.8996527,1787823584.325894,2026-08-27T09:38:46Z,2026-08-27T09:39:44Z,acct4,3,c970c0,Interactive,e16dc9368630,v2,1.974888967500495e-05,1.0,0.2668379124515923,1.5390235696296265e-05,0.00039367674492156094,0.011577151715755463,0.00011652512330329046,0.0012723136460408566,0.003779748012311725,0.0,1055.4414579262989,5.740515352123498e-12,262144.0,0,0,57.40790843963623,54.60720419883728,2.799516201019287,23.89056897163391,28.777723789215088,26.82901906967163,1.5866973400115967,0.4161546661598824,0.3083753296823213,0.3069312572479248,0.32221403121948244,0.32985500812530516,58.014323320135375,23512130,23512130,2558.675703048706,171270.23611981596,60,384,32,coral,coral_bce,0.0,session_balanced,adamw,0.0003,0.05,cosine,5,60,5.0,True,full,raw,full_frame,dataset_v1_1,fp16,2,resnet50,1,3,base,a,e16dc9368630,0.84375,0.6666666666666666,0.6203703703703703,0.84375,0.7764756944444444,0.5853658536585366,0.6666666666666666,0.8611111111111112,1.0,0.7560975609756098,62,0.0,0.0,0.0,20,1.0,1.0,1.0,46,0.9118942731277533,0.15625,0.7212543554006968,0.7617263074577288,0.5006780045428143,0.2688717682955808,0.7553366501815617,0.7965536095477916,0.53276506960392,-0.08841334981843829,0.17348462296649814,0.5097639262676239,0.17348462296649814,37.943396226415096,99.0,14.0,5774.704640000001,5774.70464,77.0,80.0,58.43969811320755,96.769,1008.6792452830189,5000.0,4.0,3218.7022292792867,6423.081681479223,0.0,0.0,0.0,473.1043839999999,473.104384,33.0,33.0,9.782452830188678,11.052,300.0,405.0,1.0,561.2631154038914,1133.7136450145247,67.34716981132075,74.5,3.895131309886792,4.086284288,14.6,2.9617570873962253,2.9918208,25.578381312,0.0,3779.965344683178,1.049990373523105,0.7486431363219739,713.0,948,Tesla T4,16106.12736,70.0,GPU-1f96c9cc-a27b-72e1-c080-1f81c4b11b41,Tesla T4,16106.12736,70.0,GPU-9000a4aa-ab22-e15e-7a16-863384e060ff,580.159.04,1.0,62,0.0,20,1.0,5,1.0,41
a-resnet50-base-f1-s3,a,resnet50,base,1,3,53,5247,167904,1787823584.9323735,1787823642.480359,2026-08-27T09:39:44Z,2026-08-27T09:40:42Z,acct4,3,c970c0,Interactive,e16dc9368630,v2,1.2420015719506024e-05,1.0,0.24172374205227243,1.1831452032772498e-05,0.00020772491092374725,0.0017334498697891831,0.00010198794916504994,0.0008839773305226117,0.0013491211761720464,0.0,1055.3820705777807,2.328718089990639e-12,262144.0,0,0,57.528177976608276,54.63993167877197,2.886955499649048,24.184300422668457,28.476622343063354,26.49987030029297,1.6176698207855225,0.42039051597466054,0.3056695678017356,0.3049774169921875,0.31403579711914065,0.3188433027267456,57.97957469318711,23512130,23512130,2616.2038810253143,175019.87693952408,60,384,32,coral,coral_bce,0.0,session_balanced,adamw,0.0003,0.05,cosine,5,60,5.0,True,full,raw,full_frame,dataset_v1_1,fp16,2,resnet50,1,3,base,a,e16dc9368630,0.84375,0.6666666666666666,0.6203703703703703,0.84375,0.7764756944444444,0.5853658536585366,0.6666666666666666,0.8611111111111112,1.0,0.7560975609756098,62,0.0,0.0,0.0,20,1.0,1.0,1.0,46,0.9118942731277533,0.15625,0.7212543554006968,0.7617263074577288,0.49310042947701344,0.25649585889110293,0.7968049249611795,0.8351950573700445,0.5894982099533081,-0.046945075038820505,0.14091821992769837,0.5714988197599139,0.14091821992769837,43.45283018867924,99.0,39.0,5774.704640000001,5774.70464,75.94339622641509,79.0,45.75092452830188,81.987,1444.245283018868,5000.0,4.0,3192.833732705124,9650.81893274118,0.0,0.0,0.0,473.1043839999999,473.104384,33.0,33.0,9.65958490566038,10.158,300.0,405.0,1.0,556.8070870029933,1697.8569700357925,67.3433962264151,73.6,3.9054372323018867,4.016160768,14.4,2.9614988848301875,2.993262592,25.578381312,0.0,3749.6408197081173,1.041566894363366,0.74263719568108,713.0,948,Tesla T4,16106.12736,70.0,GPU-1f96c9cc-a27b-72e1-c080-1f81c4b11b41,Tesla T4,16106.12736,70.0,GPU-9000a4aa-ab22-e15e-7a16-863384e060ff,580.159.04,1.0,62,0.0,20,1.0,5,1.0,41
a-resnet50-base-f1-s3,a,resnet50,base,1,3,54,5346,171072,1787823643.1072226,1787823700.0226297,2026-08-27T09:40:43Z,2026-08-27T09:41:40Z,acct4,3,c970c0,Interactive,e16dc9368630,v2,1.386284815099417e-05,1.0,0.2839396735653281,8.723345454071307e-06,0.00023407473806649003,0.002200498478487134,9.008823690237477e-05,0.0008479528594762078,0.0021921007614582777,0.0,1055.3371108442623,1.934846013888141e-12,262144.0,0,0,56.8943350315094,54.04277300834656,2.850364923477173,23.462576866149902,28.660013914108276,26.685927152633667,1.577488899230957,0.412388629784596,0.30705877747198546,0.30623435974121094,0.31513705253601076,0.3231799030303955,58.62023400447499,23512130,23512130,2673.0982160568237,178713.96238748042,60,384,32,coral,coral_bce,0.0,session_balanced,adamw,0.0003,0.05,cosine,5,60,5.0,True,full,raw,full_frame,dataset_v1_1,fp16,2,resnet50,1,3,base,a,e16dc9368630,0.84375,0.6666666666666666,0.6203703703703703,0.84375,0.7764756944444444,0.5853658536585366,0.6666666666666666,0.8611111111111112,1.0,0.7560975609756098,62,0.0,0.0,0.0,20,1.0,1.0,1.0,46,0.9118942731277533,0.15625,0.7212543554006968,0.7617263074577288,0.5129849897862978,0.27984496016246585,0.7350776982493699,0.7798658780477665,0.49322152733802793,-0.10867230175063014,0.20424643857404592,0.43249184886614483,0.20424643857404592,53.660377358490564,99.0,63.0,5774.704640000001,5774.70464,76.66037735849056,79.0,53.59733962264151,76.757,1116.5094339622642,5000.0,4.0,3143.0806620335643,12834.278880884667,0.0,0.0,0.0,473.1043839999999,473.104384,33.0,33.0,9.59332075471698,10.158,300.0,405.0,1.0,551.0047859227673,2257.2162959508923,67.61886792452829,73.9,3.947531901584906,4.098269184,14.6,2.960891903999999,2.960891904,25.521750016,0.0,3694.0854479563313,1.0261348466545366,0.7316341456646845,713.0,936,Tesla T4,16106.12736,70.0,GPU-1f96c9cc-a27b-72e1-c080-1f81c4b11b41,Tesla T4,16106.12736,70.0,GPU-9000a4aa-ab22-e15e-7a16-863384e060ff,580.159.04,1.0,62,0.0,20,1.0,5,1.0,41
a-resnet50-base-f1-s3,a,resnet50,base,1,3,55,5445,174240,1787823700.6580014,1787823757.3581865,2026-08-27T09:41:40Z,2026-08-27T09:42:37Z,acct4,3,c970c0,Interactive,e16dc9368630,v2,1.364072346115625e-05,1.0,0.2853366065373848,6.076053957825411e-06,0.0002156506008043035,0.0018582362681627274,0.00010175888746744022,0.0010683787753805508,0.0014258334739133698,0.0,1055.3048667809412,1.2416361638900766e-12,262144.0,0,0,56.67940425872803,53.73412775993347,2.9432899951934814,22.983519554138184,28.80860733985901,26.82197141647339,1.577589750289917,0.4055003727495771,0.30879625888785933,0.3074352741241455,0.3198432445526123,0.32699688911437985,58.95694472149225,23512130,23512130,2729.7776203155518,182418.8864287724,60,384,32,coral,coral_bce,0.0,session_balanced,adamw,0.0003,0.05,cosine,5,60,5.0,True,full,raw,full_frame,dataset_v1_1,fp16,2,resnet50,1,3,base,a,e16dc9368630,0.84375,0.6666666666666666,0.6173209469583458,0.84375,0.7747040755169314,0.5777777777777778,0.6666666666666666,0.8732394366197184,1.0,0.775,62,0.0,0.0,0.0,20,0.9787234042553191,1.0,0.9583333333333334,46,0.9122807017543859,0.15625,0.7222222222222222,0.7585988400025443,0.5637024283913136,0.2952354329766745,0.7567880577407777,0.7995307467601918,0.5259775370359421,-0.08696194225922227,0.18324384326115253,0.49819599092006683,0.18324384326115253,37.41509433962264,99.0,27.0,5774.704640000001,5774.70464,76.88679245283019,80.0,53.64958490566038,94.627,1138.5849056603774,5000.0,4.0,3154.5045398316597,16025.334740607303,0.0,0.0,0.0,473.1043839999999,473.104384,33.0,33.0,9.567283018867922,9.96,300.0,405.0,1.0,550.4195014603179,2815.2780396101543,67.56792452830189,73.6,3.9117339435471705,4.005711872,14.4,2.9618403212075464,3.011158016,25.578381312,0.0,3704.9240412919776,1.0291455670255494,0.7337807892892166,713.0,936,Tesla T4,16106.12736,70.0,GPU-1f96c9cc-a27b-72e1-c080-1f81c4b11b41,Tesla T4,16106.12736,70.0,GPU-9000a4aa-ab22-e15e-7a16-863384e060ff,580.159.04,1.0,62,0.0,20,1.0,5,1.0,41
a-resnet50-base-f1-s3,a,resnet50,base,1,3,56,5544,177408,1787823757.988187,1787823814.3783412,2026-08-27T09:42:37Z,2026-08-27T09:43:34Z,acct4,3,c970c0,Interactive,e16dc9368630,v2,1.663467046202843e-05,1.0,0.3070711669133743,3.8982124586499795e-06,0.00028571648739799836,0.003910631872713566,8.219674782594666e-05,0.001262762118130921,0.0031318490346893637,0.0,1055.2829320897974,1.0554359754600975e-12,262144.0,0,0,56.36835980415344,53.47449040412903,2.891474962234497,22.39468550682068,29.137662410736084,27.058069229125977,1.587130069732666,0.39729177121046105,0.31202936894965894,0.3125448226928711,0.3230961799621582,0.32699151515960695,59.24320131072036,23512130,23512130,2786.145980119705,186150.03454448146,60,384,32,coral,coral_bce,0.0,session_balanced,adamw,0.0003,0.05,cosine,5,60,5.0,True,full,raw,full_frame,dataset_v1_1,fp16,2,resnet50,1,3,base,a,e16dc9368630,0.84375,0.6666666666666666,0.6173209469583458,0.84375,0.7747040755169314,0.5777777777777778,0.6666666666666666,0.8732394366197184,1.0,0.775,62,0.0,0.0,0.0,20,0.9787234042553191,1.0,0.9583333333333334,46,0.9122807017543859,0.15625,0.7222222222222222,0.7585988400025443,0.5316388373039449,0.2973219355881054,0.716648309957236,0.7635096057697579,0.4635973125696182,-0.12710169004276395,0.2412378094159067,0.43547823694017196,0.2412378094159067,30.21153846153846,99.0,5.0,5774.704640000001,5774.70464,77.38461538461539,80.0,50.462326923076915,94.822,1309.6153846153845,5000.0,4.0,3183.9922134594726,19234.185276203894,0.0,0.0,0.0,473.1043839999999,473.104384,33.0,33.0,9.597807692307692,10.357,300.0,405.0,1.0,547.1559022495753,3369.1164222598154,67.975,73.9,3.945669395692308,4.106305536,14.7,2.962229090461538,2.998706176,25.578381312,0.0,3731.148115709048,1.0364300321414022,0.7389746129168198,713.0,925,Tesla T4,16106.12736,70.0,GPU-1f96c9cc-a27b-72e1-c080-1f81c4b11b41,Tesla T4,16106.12736,70.0,GPU-9000a4aa-ab22-e15e-7a16-863384e060ff,580.159.04,1.0,62,0.0,20,1.0,5,1.0,41
a-resnet50-base-f1-s3,a,resnet50,base,1,3,57,5643,180576,1787823815.0206969,1787823872.0310295,2026-08-27T09:43:35Z,2026-08-27T09:44:32Z,acct4,3,c970c0,Interactive,e16dc9368630,v2,1.694353809421275e-05,1.0,0.2543758320171037,2.1969246228460523e-06,0.0002637532330904511,0.004849778022617102,7.310758519452065e-05,0.0009218894701916715,0.0038522269437089524,0.0,1055.269638275052,5.490975492091583e-13,262144.0,0,0,56.98956060409546,54.10026240348816,2.888171911239624,23.317999839782715,28.832545280456543,26.743874073028564,1.5878453254699707,0.40916265352126624,0.30908169650068185,0.3079524040222168,0.321975040435791,0.32698632240295405,58.557941482290126,23512130,23512130,2843.1355407238007,189893.69538494598,60,384,32,coral,coral_bce,0.0,session_balanced,adamw,0.0003,0.05,cosine,5,60,5.0,True,full,raw,full_frame,dataset_v1_1,fp16,2,resnet50,1,3,base,a,e16dc9368630,0.84375,0.6666666666666666,0.6203703703703703,0.84375,0.7764756944444444,0.5853658536585366,0.6666666666666666,0.8611111111111112,1.0,0.7560975609756098,62,0.0,0.0,0.0,20,1.0,1.0,1.0,46,0.9118942731277533,0.15625,0.7212543554006968,0.7617263074577288,0.5022532634029496,0.26383527107695953,0.7775336839258671,0.8173964277461723,0.5622748672962189,-0.06621631607413292,0.15715290512889624,0.4943835337956746,0.15715290512889624,80.58490566037736,99.0,95.0,5774.704640000001,5774.70464,77.30188679245283,80.0,58.23569811320755,72.25,960.0,5000.0,4.0,3190.2642824766044,22452.839571612087,0.0,0.0,0.0,473.1043839999999,473.104384,33.0,33.0,9.64922641509434,10.357,300.0,405.0,1.0,553.3965579879259,3930.91781831122,67.92264150943396,74.4,3.941620214339622,4.030717952,14.5,2.9614668896603766,2.991366144,25.578381312,0.0,3743.6608404645303,1.039905789017925,0.7414528275697806,713.0,944,Tesla T4,16106.12736,70.0,GPU-1f96c9cc-a27b-72e1-c080-1f81c4b11b41,Tesla T4,16106.12736,70.0,GPU-9000a4aa-ab22-e15e-7a16-863384e060ff,580.159.04,1.0,62,0.0,20,1.0,5,1.0,41
a-resnet50-base-f1-s3,a,resnet50,base,1,3,58,5742,183744,1787823872.624648,1787823929.178715,2026-08-27T09:44:32Z,2026-08-27T09:45:29Z,acct4,3,c970c0,Interactive,e16dc9368630,v2,1.5152464157202331e-05,1.0,0.28183589650871,9.777396977174666e-07,0.0003299477306372313,0.0072014350444078445,9.171722922474146e-05,0.00115648329956457,0.005413036653771989,0.0,1055.2613751555452,3.05709089720316e-13,262144.0,0,0,56.53408622741699,53.60748910903931,2.9254395961761475,23.17048954963684,28.5206458568573,26.585656881332397,1.574524164199829,0.409849899340904,0.30564979591754954,0.3025937080383301,0.319413948059082,0.3254394483566284,59.09622055896312,23512130,23512130,2899.6696269512177,193591.1660042125,60,384,32,coral,coral_bce,0.0,session_balanced,adamw,0.0003,0.05,cosine,5,60,5.0,True,full,raw,full_frame,dataset_v1_1,fp16,2,resnet50,1,3,base,a,e16dc9368630,0.84375,0.6666666666666666,0.6173209469583458,0.84375,0.7747040755169314,0.5777777777777778,0.6666666666666666,0.8732394366197184,1.0,0.775,62,0.0,0.0,0.0,20,0.9787234042553191,1.0,0.9583333333333334,46,0.9122807017543859,0.15625,0.7222222222222222,0.7585988400025443,0.523727195869744,0.28227074820435705,0.7473402600735426,0.7927222875533281,0.5022773116827011,-0.0964097399264574,0.2091138632968068,0.5029751837253571,0.2091138632968068,76.73076923076923,99.0,94.0,5774.704640000001,5774.70464,76.57692307692308,80.0,58.09161538461538,84.813,1011.9230769230769,5000.0,4.0,3148.2462652430477,25629.115814535577,0.0,0.0,0.0,473.1043839999999,473.104384,33.0,33.0,9.677865384615384,10.556,300.0,405.0,1.0,549.2243540234508,4487.298274671793,67.99423076923077,74.8,3.941919586461538,4.069490688,14.6,2.9608919039999995,2.960891904,25.521750016,0.0,3697.4706192664985,1.0270751720184719,0.7323045976491704,713.0,936,Tesla T4,16106.12736,70.0,GPU-1f96c9cc-a27b-72e1-c080-1f81c4b11b41,Tesla T4,16106.12736,70.0,GPU-9000a4aa-ab22-e15e-7a16-863384e060ff,580.159.04,1.0,62,0.0,20,1.0,5,1.0,41
a-resnet50-base-f1-s3,a,resnet50,base,1,3,59,5841,186912,1787823929.831872,1787823986.508487,2026-08-27T09:45:29Z,2026-08-27T09:46:26Z,acct4,3,c970c0,Interactive,e16dc9368630,v2,1.1774617425057519e-05,1.0,0.27656310144084273,2.4463441107965276e-07,0.00020502053699013718,0.0022204136475920677,7.607429142808542e-05,0.0008866416872479017,0.0014998095971532138,0.0,1055.2580359281603,4.7528733843473734e-14,262144.0,0,0,56.65516662597656,53.78989052772522,2.8641412258148193,23.264137983322144,28.47234845161438,26.514658212661743,1.6796791553497314,0.4106269448805304,0.30622889778830786,0.30317211151123047,0.32030324935913085,0.3358624744415283,58.89582538501543,23512130,23512130,2956.324793577194,197326.77012539227,60,384,32,coral,coral_bce,0.0,session_balanced,adamw,0.0003,0.05,cosine,5,60,5.0,True,full,raw,full_frame,dataset_v1_1,fp16,2,resnet50,1,3,base,a,e16dc9368630,0.84375,0.6666666666666666,0.6203703703703703,0.84375,0.7764756944444444,0.5853658536585366,0.6666666666666666,0.8611111111111112,1.0,0.7560975609756098,62,0.0,0.0,0.0,20,1.0,1.0,1.0,46,0.9118942731277533,0.15625,0.7212543554006968,0.7617263074577288,0.5046383831571328,0.2736606876846233,0.7467074329033494,0.7915684591840815,0.5044578909873962,-0.0970425670966506,0.2102198749780655,0.5051722407341004,0.2102198749780655,71.48076923076923,99.0,94.5,5774.704640000001,5774.70464,76.26923076923077,80.0,57.45361538461538,77.392,1033.8461538461538,5000.0,4.0,3186.7044893197744,28849.91943313401,0.0,0.0,0.0,473.1043839999999,473.104384,33.0,33.0,9.611230769230769,9.86,300.0,405.0,1.0,548.8996318600166,5043.301661460161,68.08846153846153,74.3,3.941131264,4.068487168,14.6,2.963762884923076,3.002507264,25.578381312,0.0,3735.604121179791,1.037667811438831,0.7398571495558863,713.0,938,Tesla T4,16106.12736,70.0,GPU-1f96c9cc-a27b-72e1-c080-1f81c4b11b41,Tesla T4,16106.12736,70.0,GPU-9000a4aa-ab22-e15e-7a16-863384e060ff,580.159.04,1.0,62,0.0,20,1.0,5,1.0,41
a-resnet50-base-f1-s3,a,resnet50,base,1,3,60,5940,190080,1787823987.1290393,1787824043.975886,2026-08-27T09:46:27Z,2026-08-27T09:47:23Z,acct4,3,c970c0,Interactive,e16dc9368630,v2,1.4065019875240317e-05,1.0,0.24458578916528495,0.0,0.0002339405155825344,0.003603378776460886,9.548325760988519e-05,0.0010734650539234278,0.001470912201330057,0.0,1055.2580359315916,0.0,262144.0,0,0,56.825242042541504,53.88334393501282,2.940805196762085,22.964295148849487,29.00887656211853,27.10467028617859,1.5644655227661133,0.40412137851797547,0.310468042739714,0.310544490814209,0.31960239410400393,0.3274356365203857,58.79367850333928,23512130,23512130,3013.1500356197357,201060.9237000046,60,384,32,coral,coral_bce,0.0,session_balanced,adamw,0.0003,0.05,cosine,5,60,5.0,True,full,raw,full_frame,dataset_v1_1,fp16,2,resnet50,1,3,base,a,e16dc9368630,0.84375,0.6666666666666666,0.6203703703703703,0.84375,0.7764756944444444,0.5853658536585366,0.6666666666666666,0.8611111111111112,1.0,0.7560975609756098,62,0.0,0.0,0.0,20,1.0,1.0,1.0,46,0.9118942731277533,0.15625,0.7212543554006968,0.7617263074577288,0.4950079711224341,0.2576226243797886,0.7910454785451293,0.8313230171247765,0.5735467702150345,-0.0527045214548707,0.17170095443725583,0.5738481283187866,0.17170095443725583,71.76923076923077,99.0,94.0,5774.704640000001,5774.70464,77.84615384615384,80.0,59.23111538461539,86.711,929.7115384615385,5000.0,4.0,3175.272743333073,32065.72827179088,0.0,0.0,0.0,473.1043839999999,473.104384,33.0,33.0,9.769,10.357,300.0,405.0,1.0,558.8808312792726,5610.34857377171,68.48653846153846,75.1,3.9684841944615386,4.13954048,14.9,2.961732529230768,3.004604416,25.578381312,0.0,3734.1535746123454,1.0372648818367627,0.7395698607496117,713.0,946,Tesla T4,16106.12736,70.0,GPU-1f96c9cc-a27b-72e1-c080-1f81c4b11b41,Tesla T4,16106.12736,70.0,GPU-9000a4aa-ab22-e15e-7a16-863384e060ff,580.159.04,1.0,62,0.0,20,1.0,5,1.0,41
