image_id,proxy,sess,fold_id,R,G,B,bright,contrast,sat,sat_p99,blueish,bright_frac,dark_frac,d10,d15,d20,gmean,gp95,lapvar,colstd,colmin,rowstd,y
mileage_100000_plus__session_002__b000__05f72afcb8,high_mileage_proxy,mileage_100000_plus__session_002,0,0.61024624,0.6081476,0.56841874,0.5956042,0.16725415,0.07057514,0.1638355404138565,0.0,0.39453125,0.0,0.1719970703125,0.0927581787109375,0.0348663330078125,1.0082826614379883,2.2370660305023193,3.013798236846924,0.5809203386306763,-1.7027816772460938,0.31028154492378235,2
mileage_100000_plus__session_002__b000__49298988f7,high_mileage_proxy,mileage_100000_plus__session_002,0,0.60532224,0.6038067,0.56264937,0.5905928,0.18248264,0.068495356,0.1729392558336258,0.0,0.417724609375,0.0,0.18194580078125,0.0963134765625,0.037017822265625,0.9652215242385864,2.2728676795959473,2.7833662033081055,0.5741246342658997,-1.9486844539642334,0.3502233922481537,2
mileage_100000_plus__session_004__b000__5a9718850f,high_mileage_proxy,mileage_100000_plus__session_004,0,0.5929152,0.5778464,0.5527047,0.5744887,0.16526394,0.073352985,0.23814666271209717,0.000244140625,0.41015625,0.0,0.1359100341796875,0.0457611083984375,0.0166473388671875,1.076429009437561,2.48649263381958,3.271216630935669,0.3288293778896332,-0.7671866416931152,0.4651925563812256,2
mileage_100000_plus__session_004__b000__ba3565c969,high_mileage_proxy,mileage_100000_plus__session_004,0,0.5973575,0.58157456,0.5559714,0.5783012,0.16219707,0.07309255,0.2542521357536316,0.0,0.413330078125,0.0,0.1383209228515625,0.0462188720703125,0.01513671875,1.0879521369934082,2.498492956161499,3.296424627304077,0.33740898966789246,-0.7257131934165955,0.44972753524780273,2
mileage_100000_plus__session_004__b000__c807ca4bc6,high_mileage_proxy,mileage_100000_plus__session_004,0,0.5998985,0.58449566,0.5610246,0.58180624,0.16552947,0.069435194,0.24999935925006866,0.0,0.427490234375,0.0,0.1368408203125,0.0460968017578125,0.014678955078125,1.0825536251068115,2.4786324501037598,3.285010576248169,0.27800363302230835,-0.7000542879104614,0.4730335772037506,2
mileage_100000_plus__session_004__b000__cf4d9d4714,high_mileage_proxy,mileage_100000_plus__session_004,0,0.59701383,0.58115906,0.5553088,0.5778272,0.16384974,0.0736292,0.26021695137023926,0.0,0.415283203125,0.0,0.133270263671875,0.0447845458984375,0.0157928466796875,1.0854339599609375,2.4811649322509766,3.2870125770568848,0.2948891818523407,-0.6869450211524963,0.46016570925712585,2
mileage_100000_plus__session_004__b000__e16d9f1005,high_mileage_proxy,mileage_100000_plus__session_004,0,0.6012676,0.58531326,0.5592831,0.5819547,0.16411616,0.07328191,0.26206567883491516,0.0,0.427001953125,0.0,0.136138916015625,0.0457916259765625,0.0142364501953125,1.081085443496704,2.4836816787719727,3.273813009262085,0.28164756298065186,-0.6975323557853699,0.47174376249313354,2
mileage_100000_plus__session_004__b001__284caf8a25,high_mileage_proxy,mileage_100000_plus__session_004,0,0.60148597,0.58556795,0.55940276,0.5821522,0.16418569,0.07350628,0.26208797097206116,0.0,0.4267578125,0.0,0.1365966796875,0.0454864501953125,0.0139312744140625,1.0825550556182861,2.476839303970337,3.288485527038574,0.2834874391555786,-0.6798740029335022,0.4711408317089081,2
mileage_100000_plus__session_004__b001__4cd91bfa15,high_mileage_proxy,mileage_100000_plus__session_004,0,0.5975203,0.58170575,0.55587757,0.5783679,0.16199413,0.073358536,0.25702840089797974,0.0,0.413330078125,0.0,0.1383056640625,0.04620361328125,0.0149993896484375,1.0891151428222656,2.5014760494232178,3.2993359565734863,0.33835870027542114,-0.7158418297767639,0.44801148772239685,2
mileage_100000_plus__session_004__b001__daea5ef7c9,high_mileage_proxy,mileage_100000_plus__session_004,0,0.59951746,0.5842017,0.5610208,0.58158,0.16528274,0.069027856,0.24530638754367828,0.0,0.427001953125,0.0,0.1356964111328125,0.04522705078125,0.0142822265625,1.084084153175354,2.484257221221924,3.2973761558532715,0.2794290781021118,-0.7106986045837402,0.47047388553619385,2
mileage_100000_plus__session_004__b002__5aa65ac27d,high_mileage_proxy,mileage_100000_plus__session_004,0,0.5998593,0.5845464,0.5612793,0.581895,0.16565017,0.069091916,0.2453133463859558,0.0,0.427978515625,0.0,0.1345062255859375,0.045257568359375,0.0143585205078125,1.0820962190628052,2.482599973678589,3.2755556106567383,0.2766777276992798,-0.6716719269752502,0.47373902797698975,2
mileage_100000_plus__session_004__b002__8176f71a8a,high_mileage_proxy,mileage_100000_plus__session_004,0,0.5975136,0.5816656,0.555846,0.5783417,0.16206445,0.0730976,0.258441299200058,0.0,0.4130859375,0.0,0.13922119140625,0.0467529296875,0.015472412109375,1.0876775979995728,2.484145402908325,3.296356678009033,0.33366432785987854,-0.7161440849304199,0.45011213421821594,2
mileage_100000_plus__session_004__b002__d6325a61a3,high_mileage_proxy,mileage_100000_plus__session_004,0,0.6017004,0.5857278,0.5595943,0.58234084,0.164232,0.0737257,0.25912174582481384,0.0,0.426513671875,0.0,0.134033203125,0.0444183349609375,0.0142669677734375,1.0830403566360474,2.482091188430786,3.2877912521362305,0.2874443531036377,-0.6963360905647278,0.4727008640766144,2
mileage_100000_plus__session_004__b003__c602e37756,high_mileage_proxy,mileage_100000_plus__session_004,0,0.5978372,0.5819796,0.55609584,0.5786376,0.16234764,0.07334148,0.2605036199092865,0.0,0.4150390625,0.0,0.1393890380859375,0.0475311279296875,0.0153045654296875,1.086515188217163,2.48531174659729,3.2905664443969727,0.3305797576904297,-0.7170064449310303,0.4517197906970978,2
mileage_100000_plus__session_004__b003__cbe83dc90e,high_mileage_proxy,mileage_100000_plus__session_004,0,0.60002303,0.5844909,0.5612496,0.58192116,0.16568051,0.06940314,0.24529895186424255,0.0,0.427734375,0.0,0.134857177734375,0.0441436767578125,0.0145111083984375,1.0833221673965454,2.475515604019165,3.28048038482666,0.2761618494987488,-0.705731213092804,0.4753040075302124,2
mileage_100000_plus__session_004__b003__d6f23711ee,high_mileage_proxy,mileage_100000_plus__session_004,0,0.60163915,0.58570105,0.55962014,0.5823201,0.16433279,0.073714405,0.26016202569007874,0.0,0.42724609375,0.0,0.135162353515625,0.0442657470703125,0.0141754150390625,1.0829064846038818,2.473390817642212,3.287731170654297,0.2825886011123657,-0.6858268976211548,0.47181305289268494,2
mileage_100000_plus__session_004__b004__29ea448a4a,high_mileage_proxy,mileage_100000_plus__session_004,0,0.6000201,0.58419406,0.55857754,0.5809306,0.16547678,0.0741788,0.24678078293800354,0.0,0.425537109375,0.0,0.1347808837890625,0.044769287109375,0.014251708984375,1.0819493532180786,2.4789481163024902,3.2942709922790527,0.2783372700214386,-0.6978875994682312,0.47312697768211365,2
mileage_100000_plus__session_004__b004__b17fd47423,high_mileage_proxy,mileage_100000_plus__session_004,0,0.6017798,0.5858427,0.5597034,0.58244205,0.16438982,0.074081525,0.25810492038726807,0.0,0.4287109375,0.0,0.135223388671875,0.04425048828125,0.014007568359375,1.082388997077942,2.4687814712524414,3.2889955043792725,0.2806175947189331,-0.6647526025772095,0.47169432044029236,2
mileage_100000_plus__session_004__b004__c45d735430,high_mileage_proxy,mileage_100000_plus__session_004,0,0.59775966,0.581879,0.5560164,0.5785517,0.16226983,0.07356579,0.2553653419017792,0.0,0.414794921875,0.0,0.13922119140625,0.0468597412109375,0.0152130126953125,1.0864717960357666,2.4902617931365967,3.289308547973633,0.3361319899559021,-0.7183673977851868,0.451510488986969,2
mileage_100000_plus__session_004__b005__496cf11238,high_mileage_proxy,mileage_100000_plus__session_004,0,0.6003227,0.58434725,0.55866367,0.5811112,0.16554135,0.07446736,0.2500663995742798,0.0,0.4267578125,0.0,0.1346282958984375,0.045013427734375,0.0142669677734375,1.0819168090820312,2.4728970527648926,3.2908740043640137,0.27700018882751465,-0.6905897855758667,0.4735085666179657,2
mileage_100000_plus__session_004__b005__5677fe4959,high_mileage_proxy,mileage_100000_plus__session_004,0,0.59774435,0.5818044,0.5561255,0.5785581,0.16228576,0.07339645,0.25625118613243103,0.0,0.416015625,0.0,0.1390838623046875,0.0469512939453125,0.0152130126953125,1.0861705541610718,2.4876396656036377,3.2714810371398926,0.3371809422969818,-0.7190935015678406,0.4522358179092407,2
mileage_100000_plus__session_004__b005__6f5ecaf7c2,high_mileage_proxy,mileage_100000_plus__session_004,0,0.60183346,0.58559096,0.5595052,0.58230984,0.16390942,0.074308805,0.25834712386131287,0.0,0.42724609375,0.0,0.134857177734375,0.0446014404296875,0.0152435302734375,1.0865669250488281,2.481796979904175,3.318455457687378,0.2841632068157196,-0.6668468117713928,0.4662618935108185,2
mileage_100000_plus__session_004__b006__0517f263a1,high_mileage_proxy,mileage_100000_plus__session_004,0,0.5978458,0.58201885,0.5560844,0.57864964,0.1623726,0.073391154,0.25629881024360657,0.0,0.41650390625,0.0,0.139434814453125,0.047271728515625,0.015411376953125,1.0854144096374512,2.4948890209198,3.2741966247558594,0.3305010497570038,-0.7044956684112549,0.45288655161857605,2
mileage_100000_plus__session_004__b006__b16a55b2bc,high_mileage_proxy,mileage_100000_plus__session_004,0,0.6018919,0.58587813,0.559803,0.58252436,0.1641168,0.07401721,0.26021695137023926,0.0,0.429443359375,0.0,0.1336212158203125,0.04443359375,0.01556396484375,1.083554983139038,2.479098081588745,3.3077359199523926,0.28352171182632446,-0.6757502555847168,0.46945658326148987,2
mileage_100000_plus__session_004__b006__f425571062,high_mileage_proxy,mileage_100000_plus__session_004,0,0.6004145,0.58428407,0.5585258,0.58107483,0.16545685,0.07501879,0.2500920295715332,0.0,0.426513671875,0.0,0.133331298828125,0.044189453125,0.0154876708984375,1.0850751399993896,2.4756648540496826,3.292177200317383,0.2759058177471161,-0.717792809009552,0.4727320075035095,2
mileage_100000_plus__session_004__b007__61691b4f36,high_mileage_proxy,mileage_100000_plus__session_004,0,0.59760547,0.5818015,0.55590534,0.57843745,0.16220887,0.07363311,0.25628748536109924,0.0,0.41650390625,0.0,0.139495849609375,0.0467376708984375,0.014984130859375,1.0881037712097168,2.495819091796875,3.2883410453796387,0.3320815861225128,-0.7021843791007996,0.45153456926345825,2
mileage_100000_plus__session_004__b007__d57325ed9b,high_mileage_proxy,mileage_100000_plus__session_004,0,0.60220206,0.5859662,0.55982023,0.5826628,0.16418645,0.07429568,0.2580639719963074,0.0,0.4296875,0.0,0.133056640625,0.044403076171875,0.015380859375,1.0839887857437134,2.476395606994629,3.3104777336120605,0.28338316082954407,-0.6804108619689941,0.4698437750339508,2
mileage_100000_plus__session_004__b007__e7137b77cd,high_mileage_proxy,mileage_100000_plus__session_004,0,0.6001991,0.584105,0.558362,0.58088875,0.16540779,0.07482579,0.2524675130844116,0.0,0.424560546875,0.0,0.1334075927734375,0.044647216796875,0.013641357421875,1.083063006401062,2.4796955585479736,3.285659074783325,0.27746936678886414,-0.711748480796814,0.4729207158088684,2
mileage_100000_plus__session_004__b008__7ed5454d3a,high_mileage_proxy,mileage_100000_plus__session_004,0,0.59748966,0.5816559,0.5558642,0.5783366,0.16215798,0.07335212,0.2589445114135742,0.0,0.4169921875,0.0,0.1371002197265625,0.04583740234375,0.0149993896484375,1.086552381515503,2.490699529647827,3.2787113189697266,0.3314635157585144,-0.7113158702850342,0.452886164188385,2
mileage_100000_plus__session_004__b008__9cdf6bed4f,high_mileage_proxy,mileage_100000_plus__session_004,0,0.599889,0.58384264,0.55806524,0.58059895,0.16541971,0.07512021,0.24874301254749298,0.0,0.423583984375,0.0,0.1343994140625,0.04437255859375,0.015777587890625,1.0843970775604248,2.483657121658325,3.2926712036132812,0.2748755216598511,-0.7119089961051941,0.4722314476966858,2
mileage_100000_plus__session_004__b008__b39387eb3d,high_mileage_proxy,mileage_100000_plus__session_004,0,0.6022078,0.5858667,0.5597369,0.5826038,0.16400802,0.07457161,0.2575034201145172,0.0,0.425048828125,0.0,0.1327972412109375,0.0432891845703125,0.0155029296875,1.0844610929489136,2.4777793884277344,3.3146660327911377,0.28405362367630005,-0.6589892506599426,0.4675784707069397,2
mileage_100000_plus__session_004__b009__9770c9229d,high_mileage_proxy,mileage_100000_plus__session_004,0,0.6019876,0.5857298,0.5597015,0.5824729,0.16384584,0.07435216,0.25868117809295654,0.0,0.42626953125,0.0,0.131622314453125,0.0435638427734375,0.0155181884765625,1.0873558521270752,2.4872660636901855,3.3076579570770264,0.2859534025192261,-0.6965210437774658,0.4659927785396576,2
mileage_100000_plus__session_004__b009__af335d6214,high_mileage_proxy,mileage_100000_plus__session_004,0,0.59739393,0.58153915,0.55584407,0.57825905,0.16205963,0.07328686,0.2570013105869293,0.0,0.415771484375,0.0,0.1385040283203125,0.047027587890625,0.0153350830078125,1.0864713191986084,2.494232416152954,3.288241147994995,0.32528093457221985,-0.6968408226966858,0.4521993398666382,2
mileage_100000_plus__session_004__b009__f65d30bc86,high_mileage_proxy,mileage_100000_plus__session_004,0,0.60009575,0.5840131,0.5583659,0.5808249,0.16509281,0.074945495,0.2500663995742798,0.0,0.423828125,0.0,0.132354736328125,0.0439300537109375,0.015380859375,1.0857868194580078,2.473675489425659,3.3061022758483887,0.27836766839027405,-0.7214503884315491,0.47007596492767334,2
mileage_100000_plus__session_004__b010__17510ebef8,high_mileage_proxy,mileage_100000_plus__session_004,0,0.59973866,0.5837096,0.5580289,0.5804924,0.16528597,0.07521334,0.24786952137947083,0.0,0.42333984375,0.0,0.1325836181640625,0.044158935546875,0.01544189453125,1.0848333835601807,2.4774580001831055,3.2958269119262695,0.2768680155277252,-0.7222017645835876,0.4703032970428467,2
mileage_100000_plus__session_004__b010__5a8e6e0614,high_mileage_proxy,mileage_100000_plus__session_004,0,0.5971459,0.58122796,0.5554965,0.57795686,0.16183504,0.073419675,0.2574014961719513,0.0,0.4150390625,0.0,0.138580322265625,0.0474090576171875,0.01513671875,1.087864875793457,2.5177180767059326,3.297220468521118,0.32511577010154724,-0.7003909945487976,0.45049503445625305,2
mileage_100000_plus__session_004__b010__913c64efaf,high_mileage_proxy,mileage_100000_plus__session_004,0,0.60200673,0.5858294,0.5597178,0.5825179,0.16398618,0.07431008,0.25894683599472046,0.0,0.426025390625,0.0,0.1312713623046875,0.0438690185546875,0.01544189453125,1.0843638181686401,2.488232135772705,3.3027966022491455,0.2892493009567261,-0.6922013759613037,0.4681621193885803,2
mileage_100000_plus__session_004__b011__41ac0ae261,high_mileage_proxy,mileage_100000_plus__session_004,0,0.59733844,0.58135915,0.5555463,0.57808125,0.16188374,0.07349235,0.2570013105869293,0.0,0.416259765625,0.0,0.1378326416015625,0.0467071533203125,0.01483154296875,1.087663173675537,2.4832165241241455,3.296314001083374,0.3279314935207367,-0.7021467089653015,0.4513055086135864,2
mileage_100000_plus__session_004__b011__e320736a4b,high_mileage_proxy,mileage_100000_plus__session_004,0,0.5999866,0.5839384,0.5583659,0.58076364,0.16538285,0.0747709,0.24812258780002594,0.0,0.42333984375,0.0,0.132537841796875,0.0443115234375,0.0154876708984375,1.0841416120529175,2.4804186820983887,3.2894015312194824,0.278070330619812,-0.7087557315826416,0.47271081805229187,2
mileage_100000_plus__session_004__b011__f5d826598e,high_mileage_proxy,mileage_100000_plus__session_004,0,0.6014074,0.5852616,0.55905426,0.58190775,0.16401917,0.074811205,0.2577756941318512,0.0,0.4248046875,0.0,0.132476806640625,0.04376220703125,0.01580810546875,1.0851116180419922,2.490408420562744,3.3006350994110107,0.28743213415145874,-0.696394145488739,0.468700647354126,2
mileage_100000_plus__session_004__b012__b365f0de5d,high_mileage_proxy,mileage_100000_plus__session_004,0,0.59809285,0.5821021,0.5562529,0.57881594,0.16211008,0.073143154,0.2600248456001282,0.0,0.4169921875,0.0,0.137939453125,0.046875,0.015167236328125,1.0855025053024292,2.4977638721466064,3.2761921882629395,0.3192075192928314,-0.6859789490699768,0.454191118478775,2
mileage_100000_plus__session_004__b012__cf55379778,high_mileage_proxy,mileage_100000_plus__session_004,0,0.6012676,0.58507586,0.5589011,0.5817482,0.16389269,0.074935734,0.25653332471847534,0.0,0.426513671875,0.0,0.1329345703125,0.044158935546875,0.01519775390625,1.0843937397003174,2.4772887229919434,3.3106884956359863,0.2844790816307068,-0.6704986691474915,0.4687613546848297,2
mileage_100000_plus__session_004__b012__e31e26d446,high_mileage_proxy,mileage_100000_plus__session_004,0,0.6000202,0.583903,0.55843484,0.580786,0.16530383,0.07491394,0.2481321394443512,0.0,0.423095703125,0.0,0.1314239501953125,0.0479736328125,0.015350341796875,1.0847411155700684,2.4747540950775146,3.2861242294311523,0.27647319436073303,-0.7100281119346619,0.4716654121875763,2
mileage_100000_plus__session_004__b013__499917d973,high_mileage_proxy,mileage_100000_plus__session_004,0,0.6000096,0.5839346,0.55844533,0.5807965,0.1654893,0.07479542,0.24999946355819702,0.0,0.4248046875,0.0,0.1318206787109375,0.0482177734375,0.0152587890625,1.0830920934677124,2.4689109325408936,3.2901570796966553,0.2742365002632141,-0.7007941007614136,0.47227442264556885,2
mileage_100000_plus__session_004__b013__4c391521c2,high_mileage_proxy,mileage_100000_plus__session_004,0,0.59830254,0.5822926,0.5563898,0.578995,0.16224532,0.07336107,0.2566487491130829,0.0,0.417724609375,0.0,0.1384429931640625,0.046173095703125,0.0146026611328125,1.085742712020874,2.480515956878662,3.283201217651367,0.3240966796875,-0.6925333738327026,0.4548404812812805,2
mileage_100000_plus__session_004__b013__8d4bfe6cef,high_mileage_proxy,mileage_100000_plus__session_004,0,0.6012074,0.5850127,0.5590141,0.5817447,0.16379257,0.074671574,0.25895956158638,0.0,0.427490234375,0.0,0.1317901611328125,0.0437469482421875,0.0155181884765625,1.0854488611221313,2.492401123046875,3.3096466064453125,0.286094605922699,-0.7008386850357056,0.46712639927864075,2
mileage_100000_plus__session_004__b014__10ec26aa9f,high_mileage_proxy,mileage_100000_plus__session_004,0,0.6006252,0.58458567,0.55875844,0.5813231,0.16574043,0.075239584,0.2519782483577728,0.0,0.426513671875,0.0,0.1441192626953125,0.046417236328125,0.0150299072265625,1.0831830501556396,2.4742674827575684,3.286548614501953,0.2757613956928253,-0.7170162796974182,0.47547855973243713,2
mileage_100000_plus__session_004__b014__d44e951b01,high_mileage_proxy,mileage_100000_plus__session_004,0,0.60142654,0.58519936,0.5591232,0.58191633,0.16389008,0.074849285,0.2587099075317383,0.0,0.42724609375,0.0,0.131378173828125,0.0483551025390625,0.0153961181640625,1.083578109741211,2.482349395751953,3.30344557762146,0.2868155539035797,-0.6856219172477722,0.4675450623035431,2
mileage_100000_plus__session_004__b014__eaf5bf1d86,high_mileage_proxy,mileage_100000_plus__session_004,0,0.59811103,0.58203506,0.55624235,0.57879615,0.16200301,0.073316544,0.2564210295677185,0.0,0.41796875,0.0,0.137542724609375,0.0460662841796875,0.0162200927734375,1.0855636596679688,2.4841485023498535,3.2817654609680176,0.3280504047870636,-0.6952798366546631,0.4544064998626709,2
mileage_100000_plus__session_004__b015__70af8b8972,high_mileage_proxy,mileage_100000_plus__session_004,0,0.5980373,0.58212316,0.5561715,0.5787773,0.1617299,0.073226534,0.25930362939834595,0.0,0.416748046875,0.0,0.1360931396484375,0.0464019775390625,0.0166778564453125,1.0886638164520264,2.5042049884796143,3.2921173572540283,0.3177574872970581,-0.690686821937561,0.44967418909072876,2
mileage_100000_plus__session_004__b015__c2c5de6b87,high_mileage_proxy,mileage_100000_plus__session_004,0,0.6015548,0.5852597,0.5593022,0.5820389,0.16404568,0.07477531,0.25435671210289,0.0,0.427490234375,0.0,0.1319427490234375,0.0479278564453125,0.0146636962890625,1.0837827920913696,2.4881372451782227,3.2977726459503174,0.2832856774330139,-0.6618596315383911,0.46836644411087036,2
mileage_100000_plus__session_004__b015__c5be2b720e,high_mileage_proxy,mileage_100000_plus__session_004,0,0.60002494,0.5839959,0.55827206,0.5807643,0.16557516,0.07501191,0.2513389587402344,0.0,0.425048828125,0.0,0.1439971923828125,0.047088623046875,0.01513671875,1.0845472812652588,2.4783825874328613,3.285909414291382,0.2753835618495941,-0.7072077393531799,0.4731328785419464,2
mileage_100000_plus__session_004__b016__1c5a51c37b,high_mileage_proxy,mileage_100000_plus__session_004,0,0.6010838,0.5849514,0.55871916,0.5815848,0.16368969,0.074922234,0.25600937008857727,0.0,0.426513671875,0.0,0.1308441162109375,0.047882080078125,0.0158233642578125,1.0854675769805908,2.495556354522705,3.2979235649108887,0.28349563479423523,-0.7088298201560974,0.4665662348270416,2
mileage_100000_plus__session_004__b016__ba818f9c4a,high_mileage_proxy,mileage_100000_plus__session_004,0,0.59813213,0.58214515,0.55633044,0.5788692,0.16199179,0.073238716,0.2566487491130829,0.0,0.417236328125,0.0,0.1378326416015625,0.046661376953125,0.0167694091796875,1.0873920917510986,2.496511697769165,3.2880795001983643,0.3206544518470764,-0.6816050410270691,0.4524253308773041,2
mileage_100000_plus__session_004__b016__ffc281bf4c,high_mileage_proxy,mileage_100000_plus__session_004,0,0.60045576,0.5842754,0.558475,0.58106875,0.16559242,0.07526191,0.2512817084789276,0.0,0.42431640625,0.0,0.1436767578125,0.0468902587890625,0.0149383544921875,1.0844600200653076,2.4817495346069336,3.2843618392944336,0.2741333842277527,-0.7207888960838318,0.4728999435901642,2
mileage_100000_plus__session_004__b017__0fbd9c421e,high_mileage_proxy,mileage_100000_plus__session_004,0,0.60115755,0.58492076,0.558632,0.58157015,0.16371587,0.07549466,0.2569527328014374,0.0,0.427001953125,0.0,0.131072998046875,0.0479278564453125,0.0148162841796875,1.085815191268921,2.485383987426758,3.2976198196411133,0.2854860723018646,-0.6916263103485107,0.4654366075992584,2
mileage_100000_plus__session_004__b017__186cea567b,high_mileage_proxy,mileage_100000_plus__session_004,0,0.60043275,0.58422565,0.55860525,0.5810878,0.16561918,0.07518041,0.25133442878723145,0.0,0.4248046875,0.0,0.143218994140625,0.0478363037109375,0.0149688720703125,1.0843544006347656,2.4756391048431396,3.293694019317627,0.2765471637248993,-0.7309682369232178,0.4724573493003845,2
mileage_100000_plus__session_004__b017__78deaca1d3,high_mileage_proxy,mileage_100000_plus__session_004,0,0.5982058,0.58216816,0.55640703,0.57892704,0.16208158,0.07317218,0.2564096748828888,0.0,0.418212890625,0.0,0.136474609375,0.0465850830078125,0.0148468017578125,1.0858395099639893,2.4932684898376465,3.2772676944732666,0.3204337954521179,-0.685200035572052,0.45455288887023926,2
mileage_100000_plus__session_004__b018__2eb0ba755a,high_mileage_proxy,mileage_100000_plus__session_004,0,0.5977664,0.581746,0.55586606,0.5784595,0.16177027,0.07358861,0.2593040466308594,0.0,0.41552734375,0.0,0.13812255859375,0.04669189453125,0.0151519775390625,1.0880305767059326,2.4880154132843018,3.2945005893707275,0.3164765536785126,-0.6898488402366638,0.4506421685218811,2
mileage_100000_plus__session_004__b018__cecca1b2ed,high_mileage_proxy,mileage_100000_plus__session_004,0,0.6002537,0.5840993,0.5580777,0.58081025,0.165241,0.07579744,0.2544111907482147,0.0,0.4228515625,0.0,0.141632080078125,0.047454833984375,0.0144500732421875,1.0871261358261108,2.4837164878845215,3.3144795894622803,0.27427804470062256,-0.6903520226478577,0.4682070314884186,2
mileage_100000_plus__session_004__b019__7cda475114,high_mileage_proxy,mileage_100000_plus__session_004,0,0.6004653,0.5842458,0.5581955,0.58096886,0.1651651,0.07594769,0.2547255754470825,0.0,0.42138671875,0.0,0.1423492431640625,0.047027587890625,0.0145111083984375,1.0874963998794556,2.477243661880493,3.3212835788726807,0.27654293179512024,-0.7107110023498535,0.46832919120788574,2
mileage_100000_plus__session_004__b019__9926861a74,high_mileage_proxy,mileage_100000_plus__session_004,0,0.59816754,0.5821385,0.5562146,0.5788402,0.16172409,0.073301174,0.26021695137023926,0.0,0.416748046875,0.0,0.1364898681640625,0.0464019775390625,0.0167999267578125,1.0875160694122314,2.4941625595092773,3.2962279319763184,0.31959614157676697,-0.6959528923034668,0.4509522020816803,2
new_tire__session_001__b000__8eb51dc4b6,low_mileage_proxy,new_tire__session_001,0,0.598899,0.5853152,0.56585383,0.583356,0.17793284,0.06287437,0.333687424659729,0.004638671875,0.449462890625,0.015625,0.2285003662109375,0.0840911865234375,0.007537841796875,0.4578302204608917,1.5906702280044556,0.45168551802635193,0.7544316649436951,-1.7224128246307373,0.18251267075538635,0
new_tire__session_001__b000__d2c4e87a00,low_mileage_proxy,new_tire__session_001,0,0.5849753,0.57133305,0.5536698,0.5699928,0.18845023,0.05718806,0.39193183183670044,0.0048828125,0.427978515625,0.029541015625,0.226837158203125,0.0842742919921875,0.009765625,0.47319620847702026,1.6632163524627686,0.4753272831439972,0.6944321393966675,-1.4271665811538696,0.18789957463741302,0
new_tire__session_001__b000__d7f95f3c17,low_mileage_proxy,new_tire__session_001,0,0.5781432,0.5656843,0.54956436,0.564464,0.18795772,0.054881297,0.2642853260040283,0.004150390625,0.421142578125,0.0302734375,0.220428466796875,0.0813140869140625,0.0094451904296875,0.4694880247116089,1.640995740890503,0.4871961176395416,0.7572460174560547,-1.7343658208847046,0.195099338889122,0
new_tire__session_001__b001__bec43413d1,low_mileage_proxy,new_tire__session_001,0,0.59916705,0.5854626,0.5662521,0.5836272,0.17816405,0.06276761,0.32470616698265076,0.00390625,0.44970703125,0.013916015625,0.228973388671875,0.0843658447265625,0.00732421875,0.457889199256897,1.5898537635803223,0.4523495137691498,0.7515303492546082,-1.7141270637512207,0.18409058451652527,0
new_tire__session_001__b001__d4733daf51,low_mileage_proxy,new_tire__session_001,0,0.57827914,0.56581265,0.5496985,0.5645968,0.18768068,0.05527494,0.26862162351608276,0.00390625,0.42138671875,0.0302734375,0.2206878662109375,0.0819244384765625,0.0084381103515625,0.46911346912384033,1.623678207397461,0.4851584732532501,0.7604349255561829,-1.7511039972305298,0.1930265575647354,0
new_tire__session_001__b001__e20fe3402b,low_mileage_proxy,new_tire__session_001,0,0.5854703,0.57197076,0.55377316,0.57040477,0.18833616,0.057469856,0.3867223560810089,0.0048828125,0.42626953125,0.029052734375,0.2265167236328125,0.0850830078125,0.00982666015625,0.4745546579360962,1.6606616973876953,0.4752368628978729,0.694746732711792,-1.4223581552505493,0.19035808742046356,0
new_tire__session_001__b002__0760d7f985,low_mileage_proxy,new_tire__session_001,0,0.59751165,0.58399683,0.5649232,0.5821439,0.17801748,0.06220183,0.32241275906562805,0.00390625,0.447021484375,0.014404296875,0.225982666015625,0.0816650390625,0.007171630859375,0.45777997374534607,1.586809754371643,0.4578666687011719,0.7516022324562073,-1.7086063623428345,0.18518950045108795,0
new_tire__session_001__b002__3f8fae245e,low_mileage_proxy,new_tire__session_001,0,0.58627355,0.57292044,0.55453336,0.5712425,0.18856971,0.057386294,0.40011438727378845,0.005126953125,0.4287109375,0.029541015625,0.230133056640625,0.08294677734375,0.0106353759765625,0.4747855067253113,1.6690783500671387,0.4755176305770874,0.693053662776947,-1.4231840372085571,0.19316832721233368,0
new_tire__session_001__b002__7821ecb1a1,low_mileage_proxy,new_tire__session_001,0,0.57893217,0.5660932,0.55000675,0.5650107,0.18723099,0.055581108,0.2780206799507141,0.004150390625,0.420166015625,0.03173828125,0.219085693359375,0.0818939208984375,0.00885009765625,0.46896928548812866,1.6242327690124512,0.4808608591556549,0.7646198272705078,-1.7626055479049683,0.19096462428569794,0
new_tire__session_001__b003__5013b29b05,low_mileage_proxy,new_tire__session_001,0,0.57860374,0.5660118,0.55016565,0.56492704,0.1864474,0.054844975,0.30164510011672974,0.005126953125,0.41796875,0.03173828125,0.2201385498046875,0.0806121826171875,0.0082550048828125,0.4663909077644348,1.6152846813201904,0.480709969997406,0.7673895359039307,-1.767635464668274,0.18818001449108124,0
new_tire__session_001__b003__93195c8709,low_mileage_proxy,new_tire__session_001,0,0.5863779,0.57257104,0.554092,0.5710137,0.18914941,0.05842897,0.39167314767837524,0.0048828125,0.428466796875,0.02978515625,0.2281341552734375,0.082122802734375,0.010589599609375,0.4743598699569702,1.6806132793426514,0.4687778055667877,0.693608820438385,-1.4285839796066284,0.2003880739212036,0
new_tire__session_001__b003__ab86585967,low_mileage_proxy,new_tire__session_001,0,0.5977318,0.584172,0.56516355,0.58235586,0.17791256,0.06182716,0.33039480447769165,0.00439453125,0.447509765625,0.0146484375,0.22625732421875,0.0825958251953125,0.0069732666015625,0.4570212960243225,1.576416254043579,0.4557911157608032,0.7540234327316284,-1.720716953277588,0.18429510295391083,0
new_tire__session_001__b004__6d94223e9b,low_mileage_proxy,new_tire__session_001,0,0.5775668,0.56509745,0.5493652,0.5640099,0.18591048,0.05449628,0.2896459698677063,0.006591796875,0.4130859375,0.031982421875,0.219573974609375,0.0807037353515625,0.0088653564453125,0.4652915596961975,1.5963557958602905,0.4785526692867279,0.7697274088859558,-1.7735705375671387,0.18568025529384613,0
new_tire__session_001__b004__b18e0789bc,low_mileage_proxy,new_tire__session_001,0,0.58574796,0.57154757,0.55288374,0.5700598,0.18892255,0.060086913,0.4057087004184723,0.004150390625,0.43408203125,0.030029296875,0.2246246337890625,0.084381103515625,0.0107421875,0.47617098689079285,1.6758323907852173,0.4738237261772156,0.6953516006469727,-1.434221625328064,0.20086725056171417,0
new_tire__session_001__b004__b34bfdfedc,low_mileage_proxy,new_tire__session_001,0,0.59769356,0.5843856,0.5654249,0.58250135,0.1779495,0.060122654,0.32360175251960754,0.00390625,0.448486328125,0.0146484375,0.2250823974609375,0.08203125,0.0072174072265625,0.457338809967041,1.5899312496185303,0.457060307264328,0.7532034516334534,-1.7125158309936523,0.1858903467655182,0
new_tire__session_001__b005__4698c35233,low_mileage_proxy,new_tire__session_001,0,0.5773255,0.5649146,0.5489861,0.56374204,0.18597673,0.0544362,0.2831013798713684,0.006103515625,0.41064453125,0.03125,0.2198638916015625,0.0806732177734375,0.008514404296875,0.46488484740257263,1.601743221282959,0.47778162360191345,0.7702984809875488,-1.768526554107666,0.1861358880996704,0
new_tire__session_001__b005__5f5e630fdf,low_mileage_proxy,new_tire__session_001,0,0.5864612,0.5721737,0.5537349,0.57078993,0.1882279,0.06004984,0.40531545877456665,0.004150390625,0.435546875,0.031494140625,0.230926513671875,0.08245849609375,0.0099029541015625,0.4735858738422394,1.656869649887085,0.4662972688674927,0.6997271180152893,-1.4399683475494385,0.19670060276985168,0
new_tire__session_001__b005__fa33287174,low_mileage_proxy,new_tire__session_001,0,0.59826803,0.58462584,0.5658251,0.58290637,0.1781859,0.061443407,0.32441169023513794,0.004150390625,0.449462890625,0.013916015625,0.2256011962890625,0.08087158203125,0.0074005126953125,0.4577194154262543,1.5852155685424805,0.45626556873321533,0.7497930526733398,-1.7134029865264893,0.18717460334300995,0
new_tire__session_001__b006__5f8207f677,low_mileage_proxy,new_tire__session_001,0,0.59799707,0.5844736,0.5656585,0.5827097,0.17816223,0.06057074,0.32386550307273865,0.0048828125,0.447265625,0.015869140625,0.2254486083984375,0.0811614990234375,0.007354736328125,0.45743364095687866,1.5876412391662598,0.4587518870830536,0.7483803629875183,-1.6998553276062012,0.18771503865718842,0
new_tire__session_001__b006__7723ec8d49,low_mileage_proxy,new_tire__session_001,0,0.57674253,0.56434876,0.54852754,0.56320626,0.18603814,0.05466017,0.2945440411567688,0.006591796875,0.41015625,0.030517578125,0.21990966796875,0.081268310546875,0.00872802734375,0.4639914929866791,1.5994727611541748,0.4779890477657318,0.7694531679153442,-1.769375205039978,0.1885589063167572,0
new_tire__session_001__b006__94a4842772,low_mileage_proxy,new_tire__session_001,0,0.5835545,0.5705662,0.55160844,0.56857646,0.18687509,0.05943896,0.4041500687599182,0.003662109375,0.4267578125,0.028564453125,0.23016357421875,0.0816650390625,0.0092010498046875,0.4672570824623108,1.6346436738967896,0.4522418677806854,0.7124580144882202,-1.4730126857757568,0.19124141335487366,0
new_tire__session_001__b007__0859d47591,low_mileage_proxy,new_tire__session_001,0,0.5902966,0.57572764,0.5572936,0.5744393,0.18999504,0.061439715,0.2645047903060913,0.001953125,0.44189453125,0.027587890625,0.212005615234375,0.0851287841796875,0.011474609375,0.4933616518974304,1.7386430501937866,0.5093966722488403,0.7384743690490723,-1.6774303913116455,0.24111102521419525,0
new_tire__session_001__b007__2869b96de9,low_mileage_proxy,new_tire__session_001,0,0.59848446,0.5846776,0.56587493,0.5830123,0.1783202,0.060894262,0.3310545086860657,0.00439453125,0.448974609375,0.016357421875,0.225128173828125,0.0805511474609375,0.0073394775390625,0.4567031264305115,1.5775212049484253,0.4557940363883972,0.7506324648857117,-1.7128002643585205,0.18736620247364044,0
new_tire__session_001__b007__b4a03e304d,low_mileage_proxy,new_tire__session_001,0,0.57697517,0.56446844,0.54849684,0.5633135,0.18626821,0.054383863,0.30430957674980164,0.0068359375,0.4072265625,0.028564453125,0.220794677734375,0.0806427001953125,0.0084991455078125,0.46350228786468506,1.5823301076889038,0.4787816107273102,0.7749296426773071,-1.770745873451233,0.19114544987678528,0
new_tire__session_001__b007__cdd0bd3007,low_mileage_proxy,new_tire__session_001,0,0.58415,0.57121825,0.5530398,0.56946933,0.18632963,0.05755459,0.37639379501342773,0.004150390625,0.42724609375,0.02880859375,0.2259063720703125,0.08197021484375,0.0084686279296875,0.4696795344352722,1.6394163370132446,0.468473345041275,0.7244362235069275,-1.4923681020736694,0.18301358819007874,0
new_tire__session_001__b008__20efcd66e2,low_mileage_proxy,new_tire__session_001,0,0.5767042,0.5640683,0.5481149,0.5629625,0.18604137,0.05479875,0.32499948143959045,0.00634765625,0.40869140625,0.02783203125,0.2209625244140625,0.08111572265625,0.0082244873046875,0.46290159225463867,1.59225594997406,0.47955164313316345,0.7766208648681641,-1.7841204404830933,0.18922123312950134,0
new_tire__session_001__b008__9fea01e4b7,low_mileage_proxy,new_tire__session_001,0,0.5987018,0.5846948,0.5660214,0.5831393,0.1782274,0.061518587,0.3333328068256378,0.0048828125,0.449462890625,0.0166015625,0.225738525390625,0.0812225341796875,0.0072479248046875,0.4561471939086914,1.5722637176513672,0.452942818403244,0.7537946701049805,-1.7209910154342651,0.18558399379253387,0
new_tire__session_001__b008__fcc224d109,low_mileage_proxy,new_tire__session_001,0,0.5823281,0.5692096,0.5509392,0.5674923,0.1855991,0.05893967,0.37017160654067993,0.004150390625,0.4228515625,0.028564453125,0.230133056640625,0.085540771484375,0.008148193359375,0.47215452790260315,1.6448230743408203,0.48344987630844116,0.7249725461006165,-1.4948912858963013,0.1808566153049469,0
new_tire__session_001__b009__1b39e62f1e,low_mileage_proxy,new_tire__session_001,0,0.5806449,0.5674432,0.54894876,0.56567895,0.18558234,0.060167447,0.37028568983078003,0.004638671875,0.420166015625,0.028564453125,0.2271881103515625,0.0834197998046875,0.008758544921875,0.4726731777191162,1.6499981880187988,0.4809938073158264,0.7188818454742432,-1.483102560043335,0.18218684196472168,0
new_tire__session_001__b009__43c6b49f80,low_mileage_proxy,new_tire__session_001,0,0.5973815,0.5836972,0.5651425,0.5820737,0.17818879,0.060828876,0.3236619234085083,0.005615234375,0.445068359375,0.01708984375,0.22552490234375,0.0823822021484375,0.0076904296875,0.45720720291137695,1.5741214752197266,0.4558623433113098,0.7516911029815674,-1.7067078351974487,0.1853838711977005,0
new_tire__session_001__b009__4479af2121,low_mileage_proxy,new_tire__session_001,0,0.5765864,0.56396294,0.5479971,0.5628488,0.1860202,0.054894954,0.31143805384635925,0.0068359375,0.408203125,0.028564453125,0.2203216552734375,0.0813751220703125,0.0088348388671875,0.4632619619369507,1.5859582424163818,0.47540774941444397,0.7766274809837341,-1.7819796800613403,0.1895918846130371,0
new_tire__session_001__b010__43610bda78,low_mileage_proxy,new_tire__session_001,0,0.59066904,0.57617664,0.5576488,0.5748315,0.19025527,0.061669104,0.26166102290153503,0.002685546875,0.4501953125,0.02880859375,0.211822509765625,0.0853271484375,0.0112457275390625,0.49360162019729614,1.730286717414856,0.5109474658966064,0.7369300723075867,-1.6783820390701294,0.24002616107463837,0
new_tire__session_001__b010__c0e81fe246,low_mileage_proxy,new_tire__session_001,0,0.58124137,0.5680971,0.54955673,0.56629837,0.18594751,0.05879525,0.37145403027534485,0.005126953125,0.420654296875,0.028076171875,0.2257843017578125,0.082855224609375,0.0086517333984375,0.4719380736351013,1.6419588327407837,0.4786149561405182,0.7096904516220093,-1.4502036571502686,0.18419797718524933,0
new_tire__session_001__b010__e96fd1de0a,low_mileage_proxy,new_tire__session_001,0,0.57667166,0.56390357,0.5479406,0.5628386,0.18621391,0.05462393,0.29288220405578613,0.006591796875,0.409423828125,0.030029296875,0.21966552734375,0.0822296142578125,0.00946044921875,0.46434614062309265,1.593964695930481,0.47591567039489746,0.7760040163993835,-1.7873270511627197,0.19151946902275085,0
new_tire__session_001__b010__fdeb0367c3,low_mileage_proxy,new_tire__session_001,0,0.596156,0.5825866,0.5639716,0.5809047,0.17807046,0.061078746,0.3111799657344818,0.005126953125,0.44677734375,0.016845703125,0.228118896484375,0.0840911865234375,0.0071258544921875,0.45584529638290405,1.5763564109802246,0.45414769649505615,0.7511234879493713,-1.6932696104049683,0.18547551333904266,0
new_tire__session_001__b011__866f182b9c,low_mileage_proxy,new_tire__session_001,0,0.59471124,0.58166265,0.56312335,0.57983243,0.17780198,0.060009368,0.3030950427055359,0.005859375,0.4423828125,0.01806640625,0.228973388671875,0.0835113525390625,0.008026123046875,0.45571988821029663,1.5686252117156982,0.45631158351898193,0.7536588907241821,-1.713011622428894,0.18445368111133575,0
new_tire__session_001__b011__8fd46fed9f,low_mileage_proxy,new_tire__session_001,0,0.589523,0.57498085,0.5562022,0.5735687,0.1902214,0.062248304,0.25509893894195557,0.002685546875,0.445068359375,0.029296875,0.2131805419921875,0.0849609375,0.010772705078125,0.49310600757598877,1.7308369874954224,0.5072721838951111,0.7367075681686401,-1.6699862480163574,0.24223214387893677,0
new_tire__session_001__b011__d90bc20ec9,low_mileage_proxy,new_tire__session_001,0,0.5819815,0.56884575,0.55047584,0.567101,0.1860961,0.05898714,0.3664693832397461,0.005615234375,0.422607421875,0.028564453125,0.22515869140625,0.0827789306640625,0.0086669921875,0.4713117480278015,1.645565390586853,0.48048171401023865,0.7068350315093994,-1.4488592147827148,0.18429934978485107,0
new_tire__session_001__b011__e14391453e,low_mileage_proxy,new_tire__session_001,0,0.57641506,0.5639266,0.5478401,0.5627273,0.18625596,0.054399036,0.2941649556159973,0.005126953125,0.415771484375,0.031982421875,0.2200775146484375,0.0816497802734375,0.0084991455078125,0.4635847210884094,1.5960452556610107,0.47629234194755554,0.7742065787315369,-1.7818907499313354,0.19169309735298157,0
new_tire__session_001__b012__57fd408d17,low_mileage_proxy,new_tire__session_001,0,0.59551454,0.5825569,0.5639131,0.58066154,0.1778108,0.060746033,0.31587228178977966,0.00537109375,0.44189453125,0.017333984375,0.227783203125,0.083465576171875,0.0070953369140625,0.45585718750953674,1.574757695198059,0.45691561698913574,0.7559247612953186,-1.7210357189178467,0.1829911470413208,0
new_tire__session_001__b012__9cc8585aef,low_mileage_proxy,new_tire__session_001,0,0.5760599,0.5636058,0.5476917,0.56245244,0.18627425,0.054138273,0.2882630527019501,0.005859375,0.416015625,0.031982421875,0.222625732421875,0.0819854736328125,0.00823974609375,0.4640488922595978,1.6003166437149048,0.4807222783565521,0.7721114754676819,-1.7681682109832764,0.1937110722064972,0
new_tire__session_001__b012__ca8247569e,low_mileage_proxy,new_tire__session_001,0,0.58259994,0.56934553,0.55097944,0.5676416,0.1863159,0.05857657,0.36023464798927307,0.00634765625,0.423095703125,0.028564453125,0.2239227294921875,0.0816497802734375,0.008758544921875,0.4714835584163666,1.6493550539016724,0.48008042573928833,0.7088438868522644,-1.4614768028259277,0.18611687421798706,0
new_tire__session_001__b013__203b6d0ebf,low_mileage_proxy,new_tire__session_001,0,0.5819317,0.5687405,0.5501139,0.5669287,0.18612805,0.059076995,0.36170849204063416,0.007080078125,0.421875,0.0283203125,0.224884033203125,0.0821685791015625,0.008636474609375,0.47150492668151855,1.6344988346099854,0.4813539385795593,0.7093382477760315,-1.4537827968597412,0.18546871840953827,0
new_tire__session_001__b013__6fcf972cd2,low_mileage_proxy,new_tire__session_001,0,0.5959951,0.5828508,0.564569,0.5811383,0.17827171,0.060210697,0.3105802834033966,0.0048828125,0.446533203125,0.0166015625,0.226959228515625,0.082794189453125,0.0075836181640625,0.45555615425109863,1.581329107284546,0.4551379382610321,0.7512375116348267,-1.7011080980300903,0.1850842535495758,0
new_tire__session_001__b013__f18186da2c,low_mileage_proxy,new_tire__session_001,0,0.5767588,0.5642147,0.54822206,0.5630652,0.18662736,0.054333474,0.30082547664642334,0.0048828125,0.417236328125,0.031982421875,0.2210693359375,0.0822296142578125,0.0085906982421875,0.46557849645614624,1.6103049516677856,0.48175540566444397,0.7694389820098877,-1.764505386352539,0.1968676894903183,0
new_tire__session_001__b014__160bf1c388,low_mileage_proxy,new_tire__session_001,0,0.59641445,0.58301455,0.5646197,0.5813496,0.1783904,0.061175678,0.3055039048194885,0.005615234375,0.444580078125,0.0146484375,0.22735595703125,0.0823516845703125,0.0073394775390625,0.4554787874221802,1.5619175434112549,0.4566197991371155,0.7527530193328857,-1.7005079984664917,0.18512533605098724,0
new_tire__session_001__b014__3890837b86,low_mileage_proxy,new_tire__session_001,0,0.5772748,0.5645125,0.54840493,0.5633974,0.18675987,0.054964848,0.3016456663608551,0.0048828125,0.417236328125,0.031982421875,0.2212677001953125,0.0826873779296875,0.0085906982421875,0.46588134765625,1.6132266521453857,0.4841044247150421,0.7682157158851624,-1.7671843767166138,0.19693121314048767,0
new_tire__session_001__b014__582637b8f3,low_mileage_proxy,new_tire__session_001,0,0.58171916,0.5683632,0.5498564,0.5666463,0.18599863,0.05935831,0.3566913604736328,0.005859375,0.422119140625,0.02783203125,0.226226806640625,0.08306884765625,0.0086669921875,0.47109973430633545,1.6368612051010132,0.4779437184333801,0.7082216739654541,-1.4530787467956543,0.18524746596813202,0
new_tire__session_001__b015__0e8e6a88eb,low_mileage_proxy,new_tire__session_001,0,0.577743,0.5650343,0.54898417,0.5639205,0.18647136,0.055153485,0.3012603521347046,0.0048828125,0.417236328125,0.0322265625,0.2209320068359375,0.0811004638671875,0.0086212158203125,0.46596288681030273,1.6081887483596802,0.4822114109992981,0.7684951424598694,-1.77084219455719,0.19370228052139282,0
new_tire__session_001__b015__16b63583c7,low_mileage_proxy,new_tire__session_001,0,0.5809599,0.56764805,0.5490867,0.5658982,0.18613271,0.059581056,0.3605329096317291,0.005859375,0.4189453125,0.02783203125,0.2263031005859375,0.08453369140625,0.00933837890625,0.47091421484947205,1.6404670476913452,0.478116512298584,0.7059043049812317,-1.4454954862594604,0.18756471574306488,0
new_tire__session_001__b015__4e419f3ad5,low_mileage_proxy,new_tire__session_001,0,0.5944681,0.5814779,0.5630065,0.5796508,0.17812076,0.0610132,0.30562758445739746,0.004638671875,0.442138671875,0.01416015625,0.222900390625,0.079376220703125,0.0069580078125,0.4556884467601776,1.5661511421203613,0.45720523595809937,0.7557036876678467,-1.7135188579559326,0.18422068655490875,0
new_tire__session_001__b016__093c52c4ce,low_mileage_proxy,new_tire__session_001,0,0.59413874,0.58085364,0.5626551,0.5792158,0.17812252,0.06142047,0.30527690052986145,0.00439453125,0.437255859375,0.014404296875,0.2244415283203125,0.078948974609375,0.0070037841796875,0.45599114894866943,1.5593819618225098,0.4593127369880676,0.7562530636787415,-1.7079616785049438,0.18455596268177032,0
new_tire__session_001__b016__2d07a0847e,low_mileage_proxy,new_tire__session_001,0,0.5927017,0.5778818,0.5590007,0.5765281,0.19068143,0.062552944,0.25455915927886963,0.002685546875,0.45068359375,0.028076171875,0.209320068359375,0.0871124267578125,0.011749267578125,0.4959414005279541,1.7550767660140991,0.5070925951004028,0.7354603409767151,-1.6818578243255615,0.24632829427719116,0
new_tire__session_001__b016__e946ed97b0,low_mileage_proxy,new_tire__session_001,0,0.57800245,0.5654364,0.5495893,0.56434274,0.18647635,0.054352846,0.2946285009384155,0.005859375,0.416015625,0.0322265625,0.2208251953125,0.0811309814453125,0.0086669921875,0.4660242795944214,1.6060354709625244,0.4818645119667053,0.7694989442825317,-1.7655383348464966,0.1926182359457016,0
new_tire__session_001__b016__f1bf81df52,low_mileage_proxy,new_tire__session_001,0,0.58141375,0.56809413,0.54944754,0.5663185,0.18630286,0.05943387,0.35585230588912964,0.005126953125,0.419677734375,0.02783203125,0.226776123046875,0.082763671875,0.0095062255859375,0.47117501497268677,1.6385045051574707,0.477932870388031,0.7025529742240906,-1.4446163177490234,0.18948997557163239,0
new_tire__session_001__b017__03b6d12086,low_mileage_proxy,new_tire__session_001,0,0.57722884,0.5647557,0.5489286,0.56363773,0.18678646,0.054408543,0.2944096326828003,0.00439453125,0.416259765625,0.03125,0.2216796875,0.0822601318359375,0.0089569091796875,0.46723008155822754,1.6131166219711304,0.483763724565506,0.765710711479187,-1.76649010181427,0.19451788067817688,0
new_tire__session_001__b017__07fe10806d,low_mileage_proxy,new_tire__session_001,0,0.593548,0.5804008,0.5620136,0.57865417,0.1781938,0.061197862,0.2950676679611206,0.004150390625,0.438232421875,0.013671875,0.2246551513671875,0.080322265625,0.0068359375,0.45586204528808594,1.5673388242721558,0.4569258689880371,0.7561603784561157,-1.7026634216308594,0.18577127158641815,0
new_tire__session_001__b017__1ce8355766,low_mileage_proxy,new_tire__session_001,0,0.5817383,0.56846374,0.549685,0.56662905,0.1867072,0.059393264,0.3643488883972168,0.0048828125,0.423583984375,0.029296875,0.225799560546875,0.0829315185546875,0.0093994140625,0.47100499272346497,1.6436444520950317,0.47810226678848267,0.7017500400543213,-1.444792628288269,0.1948789805173874,0
new_tire__session_001__b017__bc819d5e0d,low_mileage_proxy,new_tire__session_001,0,0.59238183,0.5775802,0.5587536,0.57623863,0.19066548,0.062456965,0.25039252638816833,0.00244140625,0.448486328125,0.02783203125,0.210235595703125,0.08355712890625,0.011749267578125,0.4965222179889679,1.7460248470306396,0.5108437538146973,0.7354369759559631,-1.677072286605835,0.2457268089056015,0
new_tire__session_001__b018__1eb8e9049a,low_mileage_proxy,new_tire__session_001,0,0.59282607,0.57791823,0.55916536,0.57663655,0.19087689,0.062695645,0.25018614530563354,0.00244140625,0.448974609375,0.02783203125,0.209991455078125,0.0830078125,0.0126800537109375,0.49840956926345825,1.755707025527954,0.5211970806121826,0.7340211868286133,-1.6810009479522705,0.24776975810527802,0
new_tire__session_001__b018__5a904f0cc8,low_mileage_proxy,new_tire__session_001,0,0.5772767,0.5647557,0.5488597,0.56363076,0.18683252,0.05449859,0.29174935817718506,0.0048828125,0.413818359375,0.03173828125,0.2209625244140625,0.082855224609375,0.0093994140625,0.467241495847702,1.617303729057312,0.4834815561771393,0.7664846777915955,-1.768511414527893,0.19477787613868713,0
new_tire__session_001__b018__81f2fdad80,low_mileage_proxy,new_tire__session_001,0,0.5938831,0.5809934,0.5627595,0.57921195,0.17824665,0.059648696,0.28886735439300537,0.00390625,0.440673828125,0.013671875,0.2235107421875,0.079315185546875,0.007080078125,0.45547354221343994,1.574540376663208,0.4597366154193878,0.7553370594978333,-1.7044134140014648,0.18764832615852356,0
new_tire__session_001__b018__b3c8f136b9,low_mileage_proxy,new_tire__session_001,0,0.58181393,0.5683383,0.549505,0.5665524,0.1868336,0.059927694,0.3565138578414917,0.00439453125,0.4208984375,0.030029296875,0.2248992919921875,0.0831756591796875,0.0099945068359375,0.4718320965766907,1.6425564289093018,0.47843438386917114,0.7014517188072205,-1.4359933137893677,0.19767047464847565,0
new_tire__session_001__b019__3023911174,low_mileage_proxy,new_tire__session_001,0,0.5823511,0.569021,0.5500651,0.5671457,0.186774,0.059496447,0.3645608127117157,0.003662109375,0.4228515625,0.03125,0.2301788330078125,0.082244873046875,0.00958251953125,0.4727216958999634,1.6522942781448364,0.47831737995147705,0.6988633871078491,-1.4383729696273804,0.1972927749156952,0
new_tire__session_001__b019__3917b3d65f,low_mileage_proxy,new_tire__session_001,0,0.59235597,0.57772577,0.55917776,0.57641983,0.19104314,0.06203442,0.2633148431777954,0.0029296875,0.4462890625,0.02734375,0.2097930908203125,0.0843505859375,0.01263427734375,0.5003343224525452,1.7609663009643555,0.5269024968147278,0.7335126399993896,-1.6792323589324951,0.24950428307056427,0
new_tire__session_001__b019__d4256c8fb9,low_mileage_proxy,new_tire__session_001,0,0.5777737,0.5652918,0.5493088,0.56412476,0.18674801,0.05451203,0.29811209440231323,0.00537109375,0.415771484375,0.0322265625,0.221160888671875,0.08209228515625,0.008392333984375,0.46604713797569275,1.6164768934249878,0.4815199673175812,0.7693724036216736,-1.7738624811172485,0.19371043145656586,0
new_tire__session_001__b019__ef59ec524c,low_mileage_proxy,new_tire__session_001,0,0.5936543,0.5809264,0.56292987,0.5791702,0.17821689,0.058758773,0.28729942440986633,0.00439453125,0.4375,0.013916015625,0.2240142822265625,0.079559326171875,0.006683349609375,0.4555150866508484,1.5709483623504639,0.46002233028411865,0.7563437223434448,-1.7138022184371948,0.18934303522109985,0
mileage_090000__session_001__b000__89fd8a1472,mid_mileage_proxy,mileage_090000__session_001,0,0.59512967,0.5904029,0.54770315,0.5777452,0.18107013,0.080326214,0.28676703572273254,0.00146484375,0.402587890625,0.0,0.1501007080078125,0.0753021240234375,0.035919189453125,0.9182754755020142,2.4729368686676025,2.5319461822509766,0.5175599455833435,-1.7045310735702515,0.34181156754493713,1
mileage_090000__session_001__b000__8d3eda3a16,mid_mileage_proxy,mileage_090000__session_001,0,0.587096,0.5848135,0.5440277,0.57197905,0.18104196,0.074813455,0.2808326482772827,0.00048828125,0.394775390625,0.0,0.1490478515625,0.0684967041015625,0.02764892578125,0.900970995426178,2.4181935787200928,2.4225194454193115,0.5452141165733337,-1.4914352893829346,0.3496578335762024,1
mileage_090000__session_001__b000__a6310dae83,mid_mileage_proxy,mileage_090000__session_001,0,0.56283796,0.5615579,0.5247568,0.54971755,0.18138725,0.07025842,0.2799995541572571,0.0,0.356689453125,0.0,0.1449432373046875,0.06170654296875,0.02532958984375,0.9064427614212036,2.432457685470581,2.51432728767395,0.5291995406150818,-1.560373306274414,0.36233729124069214,1
mileage_090000__session_001__b001__1f1be78b45,mid_mileage_proxy,mileage_090000__session_001,0,0.5954992,0.5907638,0.54787457,0.5780459,0.18083204,0.080835626,0.2849556803703308,0.00146484375,0.4013671875,0.0,0.1485595703125,0.075042724609375,0.0355987548828125,0.9203924536705017,2.485607385635376,2.5567734241485596,0.5177826881408691,-1.678296685218811,0.3402419090270996,1
mileage_090000__session_001__b001__997bf425c9,mid_mileage_proxy,mileage_090000__session_001,0,0.58766085,0.58532286,0.5443436,0.5724425,0.18116917,0.07542333,0.2797218859195709,0.00048828125,0.397705078125,0.0,0.1492156982421875,0.06903076171875,0.0269775390625,0.9004706740379333,2.4032866954803467,2.4243123531341553,0.5414025783538818,-1.5164917707443237,0.35178521275520325,1
mileage_090000__session_001__b001__bdb86556cd,mid_mileage_proxy,mileage_090000__session_001,0,0.56336355,0.5621812,0.5253657,0.5503035,0.18132776,0.07020813,0.27848824858665466,0.0,0.355224609375,0.0,0.1427764892578125,0.0637359619140625,0.02520751953125,0.9072843790054321,2.44411563873291,2.5188028812408447,0.5301011204719543,-1.5691492557525635,0.3591945469379425,1
mileage_090000__session_001__b002__549e946512,mid_mileage_proxy,mileage_090000__session_001,0,0.59264135,0.5877499,0.54489505,0.5750955,0.18327999,0.08107046,0.2875036299228668,0.00146484375,0.40283203125,0.0,0.1467742919921875,0.076812744140625,0.0342559814453125,0.9179117679595947,2.491370439529419,2.5242254734039307,0.5173321962356567,-1.6464554071426392,0.34825026988983154,1
mileage_090000__session_001__b002__cc1c9815f1,mid_mileage_proxy,mileage_090000__session_001,0,0.58829653,0.5858963,0.544897,0.57303,0.18099058,0.07593885,0.2828942835330963,0.00048828125,0.397216796875,0.0,0.14764404296875,0.0673828125,0.0290374755859375,0.9003656506538391,2.402954578399658,2.4273781776428223,0.5388373136520386,-1.4565390348434448,0.34977108240127563,1
mileage_090000__session_001__b002__f7633f3767,mid_mileage_proxy,mileage_090000__session_001,0,0.5631913,0.56207776,0.5250747,0.5501146,0.18130177,0.07026552,0.2781510055065155,0.0,0.35546875,0.0,0.1431427001953125,0.0641632080078125,0.025634765625,0.9071112871170044,2.425276517868042,2.5058321952819824,0.5261985063552856,-1.5404727458953857,0.3610116243362427,1
mileage_090000__session_001__b003__276f02d067,mid_mileage_proxy,mileage_090000__session_001,0,0.5877011,0.58546746,0.544469,0.5725458,0.18092728,0.076393634,0.28082144260406494,0.00048828125,0.397216796875,0.0,0.1474761962890625,0.0677947998046875,0.0290069580078125,0.9008740186691284,2.4122354984283447,2.429654121398926,0.5440382957458496,-1.5181643962860107,0.34883564710617065,1
mileage_090000__session_001__b003__8610364e78,mid_mileage_proxy,mileage_090000__session_001,0,0.563378,0.56215537,0.52520776,0.5502471,0.18164584,0.069915906,0.28029388189315796,0.0,0.35546875,0.0,0.143585205078125,0.060791015625,0.025054931640625,0.906974732875824,2.4241092205047607,2.51233172416687,0.5265768766403198,-1.5557738542556763,0.3636775612831116,1
mileage_090000__session_001__b003__c67d273adc,mid_mileage_proxy,mileage_090000__session_001,0,0.59326744,0.5878638,0.54530007,0.5754771,0.1831259,0.080659375,0.2857638895511627,0.00146484375,0.401123046875,0.0,0.14654541015625,0.076080322265625,0.033782958984375,0.9164774417877197,2.484375,2.5169572830200195,0.513882040977478,-1.65382719039917,0.35103461146354675,1
mileage_090000__session_001__b004__3fa56ffefa,mid_mileage_proxy,mileage_090000__session_001,0,0.56430954,0.56316733,0.5260254,0.5511674,0.18197505,0.070270166,0.2792592942714691,0.0,0.3583984375,0.0,0.1414794921875,0.06268310546875,0.0250396728515625,0.904223620891571,2.4308254718780518,2.5085413455963135,0.528888463973999,-1.5662567615509033,0.3665868043899536,1
mileage_090000__session_001__b004__75daa142d7,mid_mileage_proxy,mileage_090000__session_001,0,0.5877576,0.58550954,0.544289,0.5725187,0.18110311,0.076475546,0.28378331661224365,0.00048828125,0.3974609375,0.0,0.147979736328125,0.0679931640625,0.027374267578125,0.9011253118515015,2.3981964588165283,2.4318854808807373,0.547764003276825,-1.5181597471237183,0.35054531693458557,1
mileage_090000__session_001__b004__e2a920f1db,mid_mileage_proxy,mileage_090000__session_001,0,0.5936342,0.5881673,0.54555476,0.5757854,0.18277808,0.080498114,0.2866584360599518,0.00146484375,0.400146484375,0.0,0.1514739990234375,0.07537841796875,0.033905029296875,0.918073296546936,2.4841225147247314,2.52339506149292,0.5136542916297913,-1.6659470796585083,0.34874463081359863,1
mileage_090000__session_001__b005__1f61e42081,mid_mileage_proxy,mileage_090000__session_001,0,0.58804,0.5857355,0.54484147,0.57287234,0.1810607,0.0758822,0.2839130759239197,0.00048828125,0.3974609375,0.0,0.1481781005859375,0.0678863525390625,0.028717041015625,0.901570200920105,2.4060404300689697,2.430243968963623,0.5431655049324036,-1.500280499458313,0.3492773175239563,1
mileage_090000__session_001__b005__cbb29f3b2c,mid_mileage_proxy,mileage_090000__session_001,0,0.5941694,0.58864987,0.54610527,0.57630813,0.18280876,0.08037074,0.2870625853538513,0.00146484375,0.402099609375,0.0,0.1503143310546875,0.0745849609375,0.0355987548828125,0.9185789823532104,2.4720520973205566,2.536935567855835,0.5138443112373352,-1.6345722675323486,0.3485608398914337,1
mileage_090000__session_001__b006__787e53ef33,mid_mileage_proxy,mileage_090000__session_001,0,0.5942967,0.58893996,0.5462594,0.5764987,0.18267795,0.08050342,0.2857138514518738,0.001708984375,0.40185546875,0.0,0.1488037109375,0.0747833251953125,0.03472900390625,0.9184589385986328,2.480801820755005,2.536017894744873,0.5129337310791016,-1.6310392618179321,0.34764713048934937,1
mileage_090000__session_001__b006__d3cab3b462,mid_mileage_proxy,mileage_090000__session_001,0,0.56315106,0.56203663,0.5250517,0.5500798,0.18135075,0.0699176,0.2810452878475189,0.0,0.35546875,0.0,0.1421051025390625,0.0643310546875,0.0252685546875,0.9079452753067017,2.434957981109619,2.5247788429260254,0.5299872756004333,-1.5833649635314941,0.36046260595321655,1
mileage_090000__session_001__b006__e1b7e39c87,mid_mileage_proxy,mileage_090000__session_001,0,0.588152,0.5857173,0.5447879,0.57288575,0.18102843,0.0762019,0.28106486797332764,0.00048828125,0.396240234375,0.0,0.1472015380859375,0.0681915283203125,0.0283966064453125,0.9013279676437378,2.3974838256835938,2.4165308475494385,0.5418405532836914,-1.5149614810943604,0.348332017660141,1
mileage_090000__session_001__b007__4e34a5a98d,mid_mileage_proxy,mileage_090000__session_001,0,0.5941282,0.5888414,0.5466405,0.57653666,0.18233493,0.079826266,0.2838798463344574,0.001708984375,0.400634765625,0.0,0.1482696533203125,0.074981689453125,0.0353240966796875,0.919475793838501,2.4779646396636963,2.537452459335327,0.5139223337173462,-1.6681854724884033,0.34492501616477966,1
mileage_090000__session_001__b007__dbbee28114,mid_mileage_proxy,mileage_090000__session_001,0,0.5881759,0.5856187,0.5446203,0.572805,0.1811822,0.07650487,0.28378766775131226,0.00048828125,0.39599609375,0.0,0.1483154296875,0.0685272216796875,0.02880859375,0.9009631872177124,2.3967931270599365,2.421647310256958,0.5448863506317139,-1.531006097793579,0.3502729833126068,1
mileage_090000__session_001__b007__f1b3bb4bcf,mid_mileage_proxy,mileage_090000__session_001,0,0.5638672,0.562703,0.52573913,0.55076975,0.18167667,0.07015055,0.278918981552124,0.000244140625,0.357666015625,0.0,0.139892578125,0.0627899169921875,0.0268096923828125,0.9066239595413208,2.425565719604492,2.4986813068389893,0.5297859907150269,-1.5836166143417358,0.36357417702674866,1
mileage_090000__session_001__b008__7251d7c136,mid_mileage_proxy,mileage_090000__session_001,0,0.5638528,0.56271064,0.5257697,0.5507778,0.1817286,0.06974042,0.2800406515598297,0.000244140625,0.355712890625,0.0,0.1410675048828125,0.0626373291015625,0.0271148681640625,0.9054147005081177,2.4252920150756836,2.5097861289978027,0.5274267196655273,-1.5434834957122803,0.36263880133628845,1
mileage_090000__session_001__b008__9dde6af383,mid_mileage_proxy,mileage_090000__session_001,0,0.58885384,0.58620656,0.54516125,0.5734072,0.18136972,0.07682121,0.28378331661224365,0.00048828125,0.3984375,0.0,0.153350830078125,0.070068359375,0.0283355712890625,0.9004631042480469,2.4005017280578613,2.4199647903442383,0.5387713313102722,-1.5162382125854492,0.35059550404548645,1
mileage_090000__session_001__b008__e5840f2d2a,mid_mileage_proxy,mileage_090000__session_001,0,0.5940267,0.58874273,0.5465045,0.57642466,0.18238784,0.08017556,0.284723162651062,0.001953125,0.40087890625,0.0,0.148590087890625,0.07440185546875,0.0353851318359375,0.9195043444633484,2.494582414627075,2.541609764099121,0.5104389786720276,-1.6521179676055908,0.34516704082489014,1
mileage_090000__session_001__b009__5d999c3053,mid_mileage_proxy,mileage_090000__session_001,0,0.59421146,0.588917,0.5466098,0.57657945,0.18243693,0.080018595,0.2839603126049042,0.001953125,0.401123046875,0.0,0.149627685546875,0.07476806640625,0.0353240966796875,0.9193403720855713,2.4903578758239746,2.5303893089294434,0.5095393061637878,-1.6775866746902466,0.347827672958374,1
mileage_090000__session_001__b009__9aa76dfd89,mid_mileage_proxy,mileage_090000__session_001,0,0.56371975,0.5625335,0.5256951,0.55064946,0.18143727,0.069663346,0.27755773067474365,0.000244140625,0.35498046875,0.0,0.138336181640625,0.0623931884765625,0.0264892578125,0.9061461091041565,2.44279146194458,2.5076987743377686,0.5272020101547241,-1.5425306558609009,0.3599977493286133,1
mileage_090000__session_001__b010__0269524fec,mid_mileage_proxy,mileage_090000__session_001,0,0.563602,0.5624014,0.52552855,0.55051064,0.18131956,0.06962295,0.2792203426361084,0.000244140625,0.35546875,0.0,0.13818359375,0.06353759765625,0.026275634765625,0.9061467051506042,2.435883045196533,2.512300729751587,0.5296382308006287,-1.5472185611724854,0.3591952621936798,1
mileage_090000__session_001__b010__355dc222a5,mid_mileage_proxy,mileage_090000__session_001,0,0.5943254,0.588827,0.54651695,0.57655644,0.18250278,0.08014849,0.28378766775131226,0.001953125,0.400634765625,0.0,0.150634765625,0.0743865966796875,0.035614013671875,0.918263852596283,2.4918253421783447,2.5251622200012207,0.5085368156433105,-1.6776185035705566,0.3493753671646118,1
mileage_090000__session_001__b010__85ce9704a0,mid_mileage_proxy,mileage_090000__session_001,0,0.58936507,0.58673596,0.54546,0.5738537,0.18166353,0.07728541,0.28279930353164673,0.00048828125,0.39892578125,0.0,0.151641845703125,0.0699005126953125,0.0281829833984375,0.9003410339355469,2.406841993331909,2.4199321269989014,0.5435231328010559,-1.5237160921096802,0.35130587220191956,1
mileage_090000__session_001__b011__14240c7176,mid_mileage_proxy,mileage_090000__session_001,0,0.56394285,0.5627527,0.52603686,0.55091083,0.18125342,0.0697809,0.2790769040584564,0.000244140625,0.3564453125,0.0,0.1382904052734375,0.06268310546875,0.0264892578125,0.9081592559814453,2.4300661087036133,2.5228636264801025,0.5281817317008972,-1.5527797937393188,0.3574748933315277,1
mileage_090000__session_001__b011__55fcf31174,mid_mileage_proxy,mileage_090000__session_001,0,0.59438765,0.5889869,0.5467534,0.57670933,0.18229115,0.07982899,0.2837916612625122,0.001953125,0.400634765625,0.0,0.1488037109375,0.0748138427734375,0.0345611572265625,0.9203063249588013,2.481203317642212,2.5320048332214355,0.5060607194900513,-1.6601738929748535,0.3474554419517517,1
mileage_090000__session_001__b011__996e6da9e2,mid_mileage_proxy,mileage_090000__session_001,0,0.5894934,0.58689874,0.5455107,0.5739676,0.18171968,0.077770814,0.2818976640701294,0.00048828125,0.3984375,0.0,0.1503753662109375,0.0697174072265625,0.027740478515625,0.9010737538337708,2.401935577392578,2.410391330718994,0.5426408052444458,-1.5568556785583496,0.3498673141002655,1
mileage_090000__session_001__b012__87fc8e37d5,mid_mileage_proxy,mileage_090000__session_001,0,0.58953834,0.5868777,0.5457845,0.5740669,0.18152967,0.07733013,0.2800407111644745,0.00048828125,0.398193359375,0.0,0.14935302734375,0.069671630859375,0.0279541015625,0.9019804000854492,2.406555414199829,2.4243662357330322,0.5438801050186157,-1.5592727661132812,0.3483584225177765,1
mileage_090000__session_001__b012__e417995832,mid_mileage_proxy,mileage_090000__session_001,0,0.5945389,0.5890558,0.54698896,0.5768612,0.18237174,0.07974807,0.2847837209701538,0.001708984375,0.4013671875,0.0,0.1486053466796875,0.074249267578125,0.0356292724609375,0.9211790561676025,2.4953651428222656,2.544597864151001,0.5037198662757874,-1.690709114074707,0.3481011390686035,1
mileage_090000__session_001__b013__23880eb5ae,mid_mileage_proxy,mileage_090000__session_001,0,0.59472275,0.58904815,0.5469593,0.57691,0.18233487,0.07985747,0.28418102860450745,0.001708984375,0.403564453125,0.0,0.14898681640625,0.074554443359375,0.0353851318359375,0.9215713143348694,2.4958691596984863,2.536043405532837,0.5039034485816956,-1.7031136751174927,0.34899213910102844,1
mileage_090000__session_001__b013__7d1f435f89,mid_mileage_proxy,mileage_090000__session_001,0,0.56405866,0.5629012,0.52583295,0.550931,0.18160652,0.06988983,0.2782379686832428,0.000244140625,0.355712890625,0.0,0.1407012939453125,0.063995361328125,0.0272674560546875,0.9063066840171814,2.4285807609558105,2.498453378677368,0.5300225019454956,-1.5242944955825806,0.35912394523620605,1
mileage_090000__session_001__b013__ac155586f2,mid_mileage_proxy,mileage_090000__session_001,0,0.59041244,0.5877087,0.5465456,0.57488894,0.18161601,0.077412814,0.28192129731178284,0.00048828125,0.398681640625,0.0,0.1466217041015625,0.0708160400390625,0.029205322265625,0.9014497995376587,2.409379482269287,2.4067070484161377,0.5427979230880737,-1.5536731481552124,0.3488035798072815,1
mileage_090000__session_001__b014__114889d47a,mid_mileage_proxy,mileage_090000__session_001,0,0.5907035,0.58777,0.5466529,0.5750421,0.18159567,0.07679456,0.27737411856651306,0.00048828125,0.398681640625,0.0,0.1475982666015625,0.0720062255859375,0.0294342041015625,0.9016755223274231,2.4180963039398193,2.419154644012451,0.5407898426055908,-1.595565676689148,0.3506113886833191,1
mileage_090000__session_001__b014__238d758897,mid_mileage_proxy,mileage_090000__session_001,0,0.56462836,0.5634153,0.5265654,0.5515364,0.18127795,0.06971975,0.2789265513420105,0.000244140625,0.355712890625,0.0,0.138336181640625,0.062835693359375,0.026123046875,0.9065464735031128,2.421058177947998,2.5139315128326416,0.5314175486564636,-1.5402995347976685,0.3562953770160675,1
mileage_090000__session_001__b014__9a62bfb9cd,mid_mileage_proxy,mileage_090000__session_001,0,0.59498507,0.5892406,0.5469535,0.57705975,0.18219087,0.079991,0.2848150432109833,0.001708984375,0.402099609375,0.0,0.1483154296875,0.0749969482421875,0.03509521484375,0.9205967783927917,2.5065178871154785,2.538203239440918,0.5038394331932068,-1.6417927742004395,0.3484630584716797,1
mileage_090000__session_001__b015__79bdedbeb3,mid_mileage_proxy,mileage_090000__session_001,0,0.56504774,0.56386054,0.5268545,0.5519209,0.18133235,0.069981635,0.27579522132873535,0.000244140625,0.3564453125,0.0,0.138092041015625,0.0635223388671875,0.026397705078125,0.9056363105773926,2.422396421432495,2.4945566654205322,0.5324212312698364,-1.5464884042739868,0.3569377064704895,1
mileage_090000__session_001__b015__9deeb3c5cb,mid_mileage_proxy,mileage_090000__session_001,0,0.591367,0.58851486,0.5472819,0.57572126,0.18169555,0.07646401,0.27519097924232483,0.000732421875,0.40234375,0.0,0.1543426513671875,0.0706939697265625,0.0283660888671875,0.900812029838562,2.4114954471588135,2.3923909664154053,0.5397875308990479,-1.5898624658584595,0.3536456227302551,1
mileage_090000__session_001__b015__9f7a24392f,mid_mileage_proxy,mileage_090000__session_001,0,0.5951373,0.5891554,0.54677546,0.5770227,0.18228406,0.08006804,0.28820210695266724,0.001708984375,0.403076171875,0.0,0.1492156982421875,0.074432373046875,0.0347900390625,0.9210848808288574,2.4866085052490234,2.5313894748687744,0.5021998882293701,-1.615164041519165,0.34987565875053406,1
mileage_090000__session_001__b016__aab2c88ad5,mid_mileage_proxy,mileage_090000__session_001,0,0.59533936,0.589478,0.5470042,0.57727385,0.1821067,0.08034597,0.2857615053653717,0.001708984375,0.404296875,0.0,0.147735595703125,0.0742340087890625,0.0349884033203125,0.9214706420898438,2.512810707092285,2.5431911945343018,0.5035748481750488,-1.6605827808380127,0.3471478521823883,1
mileage_090000__session_001__b016__ce72ca6174,mid_mileage_proxy,mileage_090000__session_001,0,0.5916102,0.5885503,0.5471134,0.575758,0.1817017,0.07695016,0.2777957320213318,0.000732421875,0.400390625,0.0,0.1455078125,0.0706787109375,0.0291290283203125,0.9023016691207886,2.4219324588775635,2.400287389755249,0.5369536876678467,-1.565770149230957,0.35382455587387085,1
mileage_090000__session_001__b016__f258345acf,mid_mileage_proxy,mileage_090000__session_001,0,0.56523824,0.56418604,0.52715325,0.55219245,0.1814967,0.07007079,0.2771598696708679,0.000244140625,0.355712890625,0.0,0.1388092041015625,0.063690185546875,0.026641845703125,0.9051830172538757,2.4191091060638428,2.50209641456604,0.5340369343757629,-1.5431493520736694,0.3564911186695099,1
mileage_090000__session_001__b017__07a274eb82,mid_mileage_proxy,mileage_090000__session_001,0,0.5924307,0.5891956,0.54807943,0.57656854,0.18161163,0.075603954,0.2753528952598572,0.000732421875,0.39990234375,0.0,0.152008056640625,0.0702972412109375,0.0288543701171875,0.9022517204284668,2.4019744396209717,2.4021008014678955,0.5351181030273438,-1.5606048107147217,0.35440492630004883,1
mileage_090000__session_001__b017__90b3b7f2e4,mid_mileage_proxy,mileage_090000__session_001,0,0.59520245,0.5894484,0.5470684,0.57723975,0.1818834,0.08021709,0.2850775718688965,0.001708984375,0.4033203125,0.0,0.147003173828125,0.0746307373046875,0.0345458984375,0.9215872287750244,2.50413179397583,2.5479583740234375,0.5055429935455322,-1.6209144592285156,0.34382501244544983,1
mileage_090000__session_001__b017__d248455136,mid_mileage_proxy,mileage_090000__session_001,0,0.56466377,0.5634909,0.5260503,0.55140173,0.18143287,0.07047529,0.28143203258514404,0.000244140625,0.356201171875,0.0,0.1410369873046875,0.0640106201171875,0.0266876220703125,0.9043331146240234,2.410656213760376,2.511622428894043,0.5341684222221375,-1.530147671699524,0.356245756149292,1
mileage_090000__session_001__b018__7093a1dc1f,mid_mileage_proxy,mileage_090000__session_001,0,0.5952915,0.5895785,0.54728764,0.57738584,0.18194632,0.079988606,0.2829088270664215,0.001708984375,0.4033203125,0.0,0.145660400390625,0.0763092041015625,0.035003662109375,0.9221894145011902,2.5084664821624756,2.5543935298919678,0.5036871433258057,-1.6716883182525635,0.34406524896621704,1
mileage_090000__session_001__b018__9c0acd8604,mid_mileage_proxy,mileage_090000__session_001,0,0.56553984,0.5643909,0.52687943,0.55227005,0.18167588,0.070954815,0.2789190113544464,0.000244140625,0.35595703125,0.0,0.139190673828125,0.0641021728515625,0.0264892578125,0.9034497737884521,2.4172134399414062,2.4977734088897705,0.5331446528434753,-1.507895827293396,0.3588421642780304,1
mileage_090000__session_001__b018__a3de7eb9b5,mid_mileage_proxy,mileage_090000__session_001,0,0.5926758,0.5894828,0.54817617,0.5767783,0.18173438,0.07617395,0.27373191714286804,0.000732421875,0.402587890625,0.0,0.1517181396484375,0.069732666015625,0.028350830078125,0.9035246968269348,2.427277088165283,2.40775728225708,0.5344476103782654,-1.5988739728927612,0.3543144762516022,1
mileage_090000__session_001__b019__1d60e3689d,mid_mileage_proxy,mileage_090000__session_001,0,0.56517506,0.5640156,0.52657497,0.55192184,0.18161477,0.07095513,0.27816179394721985,0.000244140625,0.355712890625,0.0,0.139434814453125,0.063873291015625,0.026885986328125,0.9035766124725342,2.416883945465088,2.5052971839904785,0.5344981551170349,-1.5279476642608643,0.35667210817337036,1
mileage_090000__session_001__b019__7c0c5f6aa5,mid_mileage_proxy,mileage_090000__session_001,0,0.5952551,0.5896628,0.5473949,0.5774376,0.18196367,0.080393784,0.28326430916786194,0.001953125,0.40234375,0.0,0.1466522216796875,0.076812744140625,0.03466796875,0.9218251705169678,2.4909937381744385,2.5563533306121826,0.5061423778533936,-1.693057894706726,0.34258970618247986,1
mileage_090000__session_001__b019__b5ae9e0588,mid_mileage_proxy,mileage_090000__session_001,0,0.5924805,0.58901465,0.5478583,0.5764511,0.18172143,0.07611804,0.27951717376708984,0.000732421875,0.401611328125,0.0,0.151763916015625,0.0702362060546875,0.0291748046875,0.9045576453208923,2.423485279083252,2.425591230392456,0.5354920625686646,-1.6174579858779907,0.3546442687511444,1
mileage_100000_plus__session_003__b000__34e79ff30c,high_mileage_proxy,mileage_100000_plus__session_003,1,0.6154958,0.6043266,0.5835488,0.6011237,0.16045298,0.052343592,0.1494537889957428,0.0,0.413330078125,0.000244140625,0.125823974609375,0.03338623046875,0.0052337646484375,0.922468900680542,2.135317325592041,2.719442367553711,0.5828997492790222,-0.9881325364112854,0.39677563309669495,2
mileage_100000_plus__session_003__b000__662b4f0c00,high_mileage_proxy,mileage_100000_plus__session_003,1,0.6002614,0.5842525,0.55592453,0.5801461,0.16341157,0.08241344,0.30003997683525085,0.00048828125,0.380859375,0.0,0.135528564453125,0.052825927734375,0.017547607421875,0.9642330408096313,2.1692276000976562,2.9477627277374268,0.5838902592658997,-1.3223663568496704,0.35987746715545654,2
mileage_100000_plus__session_003__b000__ae9d13fca2,high_mileage_proxy,mileage_100000_plus__session_003,1,0.60650754,0.59026504,0.56452686,0.5870998,0.15605307,0.07285866,0.2690054476261139,0.00048828125,0.358154296875,0.000244140625,0.13873291015625,0.048431396484375,0.0169525146484375,1.0394999980926514,2.322500705718994,3.475529909133911,0.5870589017868042,-1.4251066446304321,0.30341199040412903,2
mileage_100000_plus__session_003__b000__b0003e9c58,high_mileage_proxy,mileage_100000_plus__session_003,1,0.6134325,0.5991948,0.5774663,0.59669787,0.13005145,0.0613617,0.18540474772453308,0.0,0.336669921875,0.0,0.146209716796875,0.0395355224609375,0.00750732421875,1.0203862190246582,2.2991442680358887,3.2526772022247314,0.6459189653396606,-1.493391990661621,0.28306007385253906,2
mileage_100000_plus__session_003__b000__ff585f24c4,high_mileage_proxy,mileage_100000_plus__session_003,1,0.6072553,0.5903828,0.5627049,0.586781,0.16580956,0.08121024,0.2920794188976288,0.00048828125,0.42138671875,0.0,0.151947021484375,0.0573577880859375,0.0181884765625,0.9482399821281433,2.1320314407348633,2.764047384262085,0.49607792496681213,-1.0448938608169556,0.47844600677490234,2
mileage_100000_plus__session_006__b000__0d24e56a4d,high_mileage_proxy,mileage_100000_plus__session_006,1,0.60021925,0.5961483,0.54534984,0.5805725,0.18086807,0.09547248,0.3410761058330536,0.0,0.415771484375,0.0,0.1633758544921875,0.0833892822265625,0.0342559814453125,0.7552322149276733,1.9217102527618408,1.729567289352417,0.5042567849159241,-1.5663096904754639,0.5024752616882324,2
mileage_100000_plus__session_006__b000__5c00574c2e,high_mileage_proxy,mileage_100000_plus__session_006,1,0.60114026,0.59744084,0.54514587,0.5812423,0.18109538,0.09821512,0.34654054045677185,0.0,0.4208984375,0.0,0.1653900146484375,0.084716796875,0.032470703125,0.7502999901771545,1.9065905809402466,1.7047514915466309,0.5458604693412781,-1.7245972156524658,0.5107355117797852,2
mileage_100000_plus__session_006__b000__84f5dac372,high_mileage_proxy,mileage_100000_plus__session_006,1,0.5985993,0.59511817,0.5448319,0.5795165,0.17972575,0.09488365,0.350442498922348,0.0,0.413330078125,0.000244140625,0.16741943359375,0.0859222412109375,0.03216552734375,0.7569416761398315,1.9168004989624023,1.7253297567367554,0.5781621336936951,-2.1321518421173096,0.4982340931892395,2
mileage_100000_plus__session_006__b001__5844052ba1,high_mileage_proxy,mileage_100000_plus__session_006,1,0.6004768,0.59633696,0.54523116,0.5806817,0.1808024,0.09614086,0.3448929190635681,0.0,0.41748046875,0.0,0.1629791259765625,0.082855224609375,0.033843994140625,0.7538825273513794,1.9193384647369385,1.7269874811172485,0.5064325928688049,-1.563201665878296,0.5035887956619263,2
mileage_100000_plus__session_006__b001__604a7440cf,high_mileage_proxy,mileage_100000_plus__session_006,1,0.6013643,0.59776163,0.5453403,0.5814887,0.18135278,0.09810357,0.3448786437511444,0.0,0.420654296875,0.0,0.1642913818359375,0.083831787109375,0.0324859619140625,0.7490537166595459,1.897594690322876,1.7045037746429443,0.5410105586051941,-1.6889262199401855,0.512273371219635,2
mileage_100000_plus__session_006__b002__840f14ac84,high_mileage_proxy,mileage_100000_plus__session_006,1,0.60054576,0.5963867,0.54524744,0.5807266,0.18091695,0.09623868,0.3443019688129425,0.0,0.419189453125,0.0,0.1629791259765625,0.0833740234375,0.0343017578125,0.7531616687774658,1.9086098670959473,1.730519413948059,0.5074942111968994,-1.5654641389846802,0.5043452382087708,2
mileage_100000_plus__session_006__b002__d1b2875110,high_mileage_proxy,mileage_100000_plus__session_006,1,0.60167646,0.59803057,0.54559207,0.58176637,0.18127693,0.09838192,0.3387156128883362,0.0,0.420166015625,0.0,0.1637115478515625,0.083953857421875,0.03167724609375,0.7500614523887634,1.9032543897628784,1.7084870338439941,0.540101945400238,-1.682125210762024,0.509772777557373,2
mileage_100000_plus__session_006__b003__49bb57591a,high_mileage_proxy,mileage_100000_plus__session_006,1,0.6013863,0.5976151,0.5454973,0.5814996,0.18116936,0.09782985,0.341961145401001,0.0,0.41943359375,0.0,0.16357421875,0.0834808349609375,0.0319671630859375,0.750980019569397,1.9002504348754883,1.7124671936035156,0.5414788722991943,-1.6669881343841553,0.5075156092643738,2
mileage_100000_plus__session_006__b003__5c971508ec,high_mileage_proxy,mileage_100000_plus__session_006,1,0.6003667,0.59619427,0.5451134,0.58055806,0.180981,0.09626037,0.34589359164237976,0.0,0.418212890625,0.0,0.1628570556640625,0.08319091796875,0.0346221923828125,0.7521008253097534,1.9222216606140137,1.7190929651260376,0.5084049105644226,-1.5564755201339722,0.5056518316268921,2
mileage_100000_plus__session_006__b004__1848a9a495,high_mileage_proxy,mileage_100000_plus__session_006,1,0.6016487,0.5978516,0.5457519,0.58175075,0.18119559,0.09766868,0.33929643034935,0.0,0.421142578125,0.0,0.163482666015625,0.083160400390625,0.03192138671875,0.7505968809127808,1.9073705673217773,1.7097887992858887,0.5409944653511047,-1.684744954109192,0.5077357888221741,2
mileage_100000_plus__session_006__b004__9d9148a42f,high_mileage_proxy,mileage_100000_plus__session_006,1,0.60059744,0.59674096,0.5456524,0.58099693,0.18099776,0.0961516,0.3412788212299347,0.0,0.416748046875,0.0,0.1641845703125,0.0826263427734375,0.0337982177734375,0.7519201040267944,1.9110195636749268,1.7264864444732666,0.5101138353347778,-1.5469125509262085,0.5050133466720581,2
mileage_100000_plus__session_006__b005__81bfeed623,high_mileage_proxy,mileage_100000_plus__session_006,1,0.6007841,0.5968827,0.5457252,0.5811306,0.18098973,0.096344575,0.3415769934654236,0.0,0.41796875,0.0,0.163116455078125,0.08673095703125,0.03350830078125,0.7513894438743591,1.9081953763961792,1.72285795211792,0.5094968676567078,-1.5486770868301392,0.5050349235534668,2
mileage_100000_plus__session_006__b005__dab7e2e618,high_mileage_proxy,mileage_100000_plus__session_006,1,0.60152996,0.5978612,0.5455815,0.5816575,0.18128075,0.0980787,0.3428669571876526,0.0,0.419189453125,0.000244140625,0.16357421875,0.0826568603515625,0.032135009765625,0.7492865324020386,1.9135627746582031,1.7014628648757935,0.5377107858657837,-1.6657605171203613,0.5073665976524353,2
mileage_100000_plus__session_006__b006__430ea27ceb,high_mileage_proxy,mileage_100000_plus__session_006,1,0.60140455,0.59776634,0.54569167,0.5816208,0.180978,0.09756279,0.3488604426383972,0.0,0.4189453125,0.000244140625,0.1623382568359375,0.0825958251953125,0.03387451171875,0.7507161498069763,1.9150209426879883,1.7202750444412231,0.5370317101478577,-1.671126365661621,0.5040869116783142,2
mileage_100000_plus__session_006__b006__ba76abe1e8,high_mileage_proxy,mileage_100000_plus__session_006,1,0.60072577,0.59687793,0.5457147,0.58110607,0.18111221,0.09640668,0.34381845593452454,0.0,0.41796875,0.0,0.1621246337890625,0.0870361328125,0.0337066650390625,0.7510225176811218,1.9155278205871582,1.7154812812805176,0.5086731314659119,-1.559792160987854,0.5059290528297424,2
mileage_100000_plus__session_006__b007__5ea560e2ab,high_mileage_proxy,mileage_100000_plus__session_006,1,0.6015855,0.59769934,0.5457146,0.58166647,0.18099184,0.09771603,0.34458959102630615,0.0,0.418701171875,0.000244140625,0.1624755859375,0.0869140625,0.0339508056640625,0.7495710253715515,1.9048579931259155,1.706133246421814,0.5367472171783447,-1.6783792972564697,0.5051283836364746,2
mileage_100000_plus__session_006__b007__61e73b813e,high_mileage_proxy,mileage_100000_plus__session_006,1,0.6007171,0.5968453,0.54576343,0.5811087,0.18107021,0.096335694,0.3485018014907837,0.0,0.416748046875,0.0,0.16162109375,0.08740234375,0.03369140625,0.7520575523376465,1.9113562107086182,1.7263109683990479,0.5114836692810059,-1.5493978261947632,0.5052516460418701,2
mileage_100000_plus__session_006__b008__1de9a32667,high_mileage_proxy,mileage_100000_plus__session_006,1,0.60078603,0.59698415,0.54585254,0.5812076,0.18102726,0.09634764,0.3440443277359009,0.0,0.416748046875,0.0,0.1614837646484375,0.087432861328125,0.03350830078125,0.7527409195899963,1.9069119691848755,1.731459617614746,0.5113881826400757,-1.5495398044586182,0.5052123069763184,2
mileage_100000_plus__session_006__b008__311379fcb3,high_mileage_proxy,mileage_100000_plus__session_006,1,0.60151947,0.5977137,0.5457424,0.58165854,0.18100527,0.09755659,0.3456310033798218,0.0,0.418212890625,0.000244140625,0.162017822265625,0.08642578125,0.0341949462890625,0.7503890991210938,1.8932864665985107,1.7111915349960327,0.5338205099105835,-1.6231926679611206,0.5042416453361511,2
mileage_100000_plus__session_006__b009__6f1f36274b,high_mileage_proxy,mileage_100000_plus__session_006,1,0.6011479,0.59728384,0.5457003,0.5813774,0.18110676,0.09706718,0.34564146399497986,0.0,0.41845703125,0.000244140625,0.1623077392578125,0.08648681640625,0.0340118408203125,0.7497011423110962,1.896353840827942,1.7170546054840088,0.5320172905921936,-1.6634695529937744,0.5047567486763,2
mileage_100000_plus__session_006__b009__ef244931f1,high_mileage_proxy,mileage_100000_plus__session_006,1,0.6009,0.59709334,0.54604685,0.58134675,0.18109351,0.09630188,0.3488365411758423,0.0,0.416015625,0.0,0.16241455078125,0.0868377685546875,0.033416748046875,0.7514270544052124,1.9068331718444824,1.7218018770217896,0.5113965272903442,-1.55172860622406,0.506482720375061,2
mileage_100000_plus__session_006__b010__9944503177,high_mileage_proxy,mileage_100000_plus__session_006,1,0.6005237,0.59678596,0.54536134,0.58089036,0.18098286,0.096830316,0.3478415310382843,0.0,0.4169921875,0.000244140625,0.163787841796875,0.08660888671875,0.0333404541015625,0.7503072023391724,1.9018726348876953,1.730078101158142,0.5317767262458801,-1.6507660150527954,0.5032075643539429,2
mileage_100000_plus__session_006__b010__a1b31867f4,high_mileage_proxy,mileage_100000_plus__session_006,1,0.60071516,0.59687215,0.54587734,0.58115494,0.18108135,0.09636596,0.351165235042572,0.0,0.41650390625,0.0,0.1634368896484375,0.0821380615234375,0.034271240234375,0.7516228556632996,1.8984495401382446,1.7212367057800293,0.5138761401176453,-1.5712957382202148,0.5069050192832947,2
mileage_100000_plus__session_006__b011__745df87a24,high_mileage_proxy,mileage_100000_plus__session_006,1,0.6007066,0.59707034,0.54569644,0.5811578,0.18100266,0.0968017,0.34818196296691895,0.0,0.41650390625,0.000244140625,0.1679229736328125,0.0859222412109375,0.033050537109375,0.7506555318832397,1.8994687795639038,1.72273588180542,0.5294455289840698,-1.624181866645813,0.5037033557891846,2
mileage_100000_plus__session_006__b011__8394cdd47f,high_mileage_proxy,mileage_100000_plus__session_006,1,0.6005553,0.59679747,0.5458219,0.58105826,0.18109259,0.09638658,0.34885498881340027,0.0,0.417724609375,0.0,0.164398193359375,0.0835113525390625,0.031402587890625,0.7508867979049683,1.9174425601959229,1.7110217809677124,0.5146276950836182,-1.564055323600769,0.5077576637268066,2
mileage_100000_plus__session_006__b012__9c5c05da20,high_mileage_proxy,mileage_100000_plus__session_006,1,0.60082626,0.5970905,0.5459894,0.58130205,0.18109034,0.096571624,0.3481643497943878,0.0,0.41650390625,0.0,0.1634979248046875,0.083038330078125,0.031829833984375,0.7513182163238525,1.911055326461792,1.7202064990997314,0.5147125124931335,-1.552893877029419,0.5072888731956482,2
mileage_100000_plus__session_006__b012__9fc8b20997,high_mileage_proxy,mileage_100000_plus__session_006,1,0.60065395,0.59701097,0.54568017,0.581115,0.18113443,0.09674744,0.34533634781837463,0.0,0.416015625,0.000244140625,0.1620025634765625,0.0860137939453125,0.033294677734375,0.7502104043960571,1.9095596075057983,1.7162714004516602,0.5265688300132751,-1.6718857288360596,0.5055501461029053,2
mileage_100000_plus__session_006__b013__13ce76f410,high_mileage_proxy,mileage_100000_plus__session_006,1,0.60050076,0.5969784,0.5456859,0.58105505,0.18097688,0.0969709,0.3475325107574463,0.0,0.414794921875,0.0,0.1625518798828125,0.08648681640625,0.0336761474609375,0.7513561248779297,1.8977025747299194,1.7172045707702637,0.526914656162262,-1.6334718465805054,0.5043007135391235,2
mileage_100000_plus__session_006__b013__d5fc88038b,high_mileage_proxy,mileage_100000_plus__session_006,1,0.60083395,0.5970694,0.54560834,0.58117056,0.18108837,0.09726718,0.35088977217674255,0.0,0.41650390625,0.0,0.16351318359375,0.0828094482421875,0.0318756103515625,0.7510231733322144,1.911380410194397,1.718051552772522,0.5158599019050598,-1.574652910232544,0.5081437230110168,2
mileage_100000_plus__session_006__b014__bcf8b26cd4,high_mileage_proxy,mileage_100000_plus__session_006,1,0.59990233,0.5962929,0.545077,0.5804241,0.18073487,0.09641956,0.3475082218647003,0.0,0.413330078125,0.0,0.164398193359375,0.0831298828125,0.0318450927734375,0.7508325576782227,1.9015240669250488,1.7169188261032104,0.5284855961799622,-1.6554538011550903,0.5053153038024902,2
mileage_100000_plus__session_006__b014__f1a022986d,high_mileage_proxy,mileage_100000_plus__session_006,1,0.6012121,0.59745044,0.5459281,0.5815302,0.1812898,0.09728929,0.3485599458217621,0.0,0.4169921875,0.0,0.163970947265625,0.08331298828125,0.0315704345703125,0.7505502104759216,1.908370852470398,1.717514157295227,0.5156376957893372,-1.5821126699447632,0.5094092488288879,2
mileage_100000_plus__session_006__b015__adfa9b89df,high_mileage_proxy,mileage_100000_plus__session_006,1,0.60151464,0.59764767,0.54605925,0.5817405,0.18146005,0.09715157,0.34891292452812195,0.0,0.41796875,0.0,0.1629486083984375,0.083953857421875,0.031951904296875,0.7503293752670288,1.9003891944885254,1.7190357446670532,0.5135860443115234,-1.5467034578323364,0.5112284421920776,2
mileage_100000_plus__session_006__b015__d0a6a65423,high_mileage_proxy,mileage_100000_plus__session_006,1,0.59975684,0.59640205,0.545123,0.5804273,0.18081573,0.096810855,0.3486037850379944,0.0,0.413330078125,0.0,0.1641693115234375,0.083892822265625,0.0316314697265625,0.7519500851631165,1.9164854288101196,1.7250813245773315,0.5295903086662292,-1.603460431098938,0.5045516490936279,2
mileage_100000_plus__session_006__b016__e2a1d8ed3a,high_mileage_proxy,mileage_100000_plus__session_006,1,0.6016247,0.5977022,0.5460392,0.5817887,0.18147136,0.0974977,0.34144702553749084,0.0,0.41796875,0.0,0.163330078125,0.0829925537109375,0.031829833984375,0.7496360540390015,1.9033169746398926,1.7040985822677612,0.5148046612739563,-1.573709487915039,0.5107519626617432,2
mileage_100000_plus__session_006__b016__fb6b56e18e,high_mileage_proxy,mileage_100000_plus__session_006,1,0.60008043,0.5964825,0.54521775,0.5805936,0.18103518,0.09641763,0.3405955731868744,0.0,0.4140625,0.0,0.165374755859375,0.0833892822265625,0.0318756103515625,0.7486069798469543,1.893914818763733,1.7073701620101929,0.5266838073730469,-1.628312110900879,0.5106036067008972,2
mileage_100000_plus__session_006__b017__94c44ce86e,high_mileage_proxy,mileage_100000_plus__session_006,1,0.6020719,0.5981541,0.5464786,0.58223486,0.18161964,0.09724211,0.34167659282684326,0.0,0.420654296875,0.0,0.162567138671875,0.0831756591796875,0.03167724609375,0.7501604557037354,1.9097155332565308,1.7197133302688599,0.5110430121421814,-1.548301100730896,0.5103299617767334,2
mileage_100000_plus__session_006__b017__cd4d045f64,high_mileage_proxy,mileage_100000_plus__session_006,1,0.5994246,0.59583527,0.5448328,0.5800309,0.18069087,0.09595897,0.34533455967903137,0.0,0.41259765625,0.0,0.166900634765625,0.0841064453125,0.0326080322265625,0.7500841021537781,1.9075249433517456,1.7085648775100708,0.5280777215957642,-1.6269551515579224,0.5089349150657654,2
mileage_100000_plus__session_006__b018__88326a8aec,high_mileage_proxy,mileage_100000_plus__session_006,1,0.5989363,0.5953326,0.5445198,0.5795962,0.18055344,0.095560595,0.3482446074485779,0.0,0.412841796875,0.0,0.1666107177734375,0.084197998046875,0.0323028564453125,0.7504660487174988,1.9072465896606445,1.7101112604141235,0.5265080332756042,-1.6101852655410767,0.5088769793510437,2
mileage_100000_plus__session_006__b018__a3ccb86bde,high_mileage_proxy,mileage_100000_plus__session_006,1,0.6022816,0.5985725,0.5468204,0.58255816,0.18167578,0.09741843,0.3474598526954651,0.0,0.4208984375,0.0,0.1630401611328125,0.082489013671875,0.0340728759765625,0.7509886026382446,1.9149398803710938,1.7235792875289917,0.5140284299850464,-1.5508426427841187,0.5096903443336487,2
mileage_100000_plus__session_006__b019__670695a6ad,high_mileage_proxy,mileage_100000_plus__session_006,1,0.60245097,0.5987458,0.546852,0.58268297,0.18180954,0.09761286,0.35004308819770813,0.0,0.423583984375,0.0,0.1622467041015625,0.0821990966796875,0.0337371826171875,0.7494673728942871,1.9021739959716797,1.7041964530944824,0.5110033750534058,-1.5504021644592285,0.5114222764968872,2
mileage_100000_plus__session_006__b019__8b16fde2ea,high_mileage_proxy,mileage_100000_plus__session_006,1,0.5986682,0.59508085,0.54443455,0.5793945,0.18051893,0.095910564,0.34822699427604675,0.0,0.412109375,0.0,0.1668701171875,0.084686279296875,0.032440185546875,0.7512344121932983,1.911490797996521,1.7166858911514282,0.5272510647773743,-1.6064642667770386,0.5071686506271362,2
mileage_000100_005000__session_002__b000__4ec306b800,low_mileage_proxy,mileage_000100_005000__session_002,1,0.6004385,0.5884603,0.5395422,0.57614696,0.19750851,0.0998047,0.34179723262786865,0.0,0.412841796875,0.0,0.1497802734375,0.1041412353515625,0.05694580078125,0.7873016595840454,2.655367612838745,1.4919087886810303,0.5143012404441833,-1.7403234243392944,0.3711899220943451,0
mileage_000100_005000__session_002__b000__6621f701ba,low_mileage_proxy,mileage_000100_005000__session_002,1,0.5930779,0.5812816,0.5330739,0.5691445,0.19938336,0.10065826,0.3503945767879486,0.0,0.407470703125,0.0,0.1461944580078125,0.10394287109375,0.0572357177734375,0.7975500822067261,2.638514280319214,1.5472689867019653,0.47374287247657776,-1.4683295488357544,0.383881539106369,0
mileage_000100_005000__session_002__b000__69c8f668d3,low_mileage_proxy,mileage_000100_005000__session_002,1,0.6043447,0.5936993,0.54426414,0.5807694,0.19636706,0.0978082,0.3048529028892517,0.0,0.416748046875,0.0,0.153778076171875,0.1054229736328125,0.0569610595703125,0.7727270126342773,2.647409439086914,1.419352412223816,0.48733383417129517,-1.6378450393676758,0.35519370436668396,0
mileage_000100_005000__session_002__b000__b67d72804d,low_mileage_proxy,mileage_000100_005000__session_002,1,0.5961579,0.58484507,0.5371946,0.57273257,0.19693863,0.09952399,0.35176321864128113,0.0,0.404296875,0.0,0.14959716796875,0.1031494140625,0.058258056640625,0.8018518090248108,2.629636287689209,1.5673950910568237,0.4069767892360687,-1.2755860090255737,0.381335586309433,0
mileage_000100_005000__session_002__b000__bc5ad94557,low_mileage_proxy,mileage_000100_005000__session_002,1,0.5995443,0.588175,0.5391678,0.57562906,0.19717684,0.09884142,0.3291531503200531,0.0,0.411865234375,0.0,0.1489410400390625,0.1053009033203125,0.0586090087890625,0.7844423055648804,2.682098627090454,1.4980887174606323,0.48861128091812134,-1.6660810708999634,0.3626168966293335,0
mileage_000100_005000__session_002__b001__8380395bec,low_mileage_proxy,mileage_000100_005000__session_002,1,0.5931679,0.5812577,0.53310835,0.569178,0.19934472,0.10063865,0.34897294640541077,0.0,0.40771484375,0.0,0.1464996337890625,0.1030426025390625,0.0570526123046875,0.7966077327728271,2.6375393867492676,1.543550729751587,0.4727689325809479,-1.459169864654541,0.387999951839447,0
mileage_000100_005000__session_002__b001__ac66c20dc2,low_mileage_proxy,mileage_000100_005000__session_002,1,0.59978175,0.58839524,0.5393536,0.5758435,0.1971647,0.09804471,0.33118289709091187,0.0,0.41259765625,0.0,0.14886474609375,0.105316162109375,0.057952880859375,0.7839759588241577,2.660189390182495,1.4920172691345215,0.48908141255378723,-1.6638431549072266,0.3658641278743744,0
mileage_000100_005000__session_002__b001__c0400f6468,low_mileage_proxy,mileage_000100_005000__session_002,1,0.5966404,0.58525103,0.5375402,0.57314384,0.19703072,0.099840015,0.34835320711135864,0.0,0.404541015625,0.0,0.1457061767578125,0.1039886474609375,0.058746337890625,0.8028963208198547,2.6255345344543457,1.5714120864868164,0.40320703387260437,-1.2250663042068481,0.38277843594551086,0
mileage_000100_005000__session_002__b002__3157830ba2,low_mileage_proxy,mileage_000100_005000__session_002,1,0.596516,0.58516204,0.5375201,0.57306606,0.19681545,0.09948389,0.3449569642543793,0.0,0.40283203125,0.0,0.1465301513671875,0.1041107177734375,0.0592041015625,0.804214596748352,2.635416269302368,1.571779489517212,0.39538052678108215,-1.1867576837539673,0.37808889150619507,0
mileage_000100_005000__session_002__b002__78fd8b309c,low_mileage_proxy,mileage_000100_005000__session_002,1,0.5933211,0.58142906,0.5333601,0.56937015,0.19942479,0.10045126,0.3506316542625427,0.0,0.407470703125,0.0,0.1470489501953125,0.1025390625,0.057281494140625,0.7966165542602539,2.630913496017456,1.5484585762023926,0.47418832778930664,-1.4440675973892212,0.38796696066856384,0
mileage_000100_005000__session_002__b002__896d41f1ed,low_mileage_proxy,mileage_000100_005000__session_002,1,0.59985065,0.58836174,0.53926647,0.5758263,0.19716147,0.098377064,0.33342432975769043,0.0,0.412353515625,0.0,0.148040771484375,0.105224609375,0.058319091796875,0.783266544342041,2.6499695777893066,1.4927966594696045,0.4957228899002075,-1.6672476530075073,0.3660552501678467,0
mileage_000100_005000__session_002__b003__3a9597c2f4,low_mileage_proxy,mileage_000100_005000__session_002,1,0.5964528,0.5853994,0.53771734,0.57318985,0.19677873,0.0998348,0.3452659845352173,0.0,0.40283203125,0.0,0.1499481201171875,0.104034423828125,0.058807373046875,0.8059455156326294,2.6243038177490234,1.5655897855758667,0.392428457736969,-1.217118263244629,0.3729008436203003,0
mileage_000100_005000__session_002__b003__42952c2b39,low_mileage_proxy,mileage_000100_005000__session_002,1,0.59327316,0.58143,0.5332462,0.5693165,0.19937603,0.1004879,0.3518887758255005,0.0,0.406982421875,0.0,0.147003173828125,0.10284423828125,0.0570831298828125,0.7969270348548889,2.6307029724121094,1.5525985956192017,0.47628799080848694,-1.4530524015426636,0.3864409923553467,0
mileage_000100_005000__session_002__b003__f2c4e2b19d,low_mileage_proxy,mileage_000100_005000__session_002,1,0.5999397,0.5884335,0.53927696,0.5758834,0.19699349,0.0986615,0.3296552300453186,0.0,0.412353515625,0.0,0.1487579345703125,0.1049346923828125,0.0582275390625,0.7854365110397339,2.6608667373657227,1.4934638738632202,0.5011816024780273,-1.7314890623092651,0.36290082335472107,0
mileage_000100_005000__session_002__b004__5f89434ed1,low_mileage_proxy,mileage_000100_005000__session_002,1,0.5971507,0.5862161,0.5384383,0.57393503,0.19690533,0.100469425,0.3435684144496918,0.0,0.4013671875,0.0,0.15057373046875,0.1029815673828125,0.05804443359375,0.8072936534881592,2.63647198677063,1.5716100931167603,0.39290040731430054,-1.2180262804031372,0.37163102626800537,0
mileage_000100_005000__session_002__b004__ca4d333fcd,low_mileage_proxy,mileage_000100_005000__session_002,1,0.59988797,0.58854073,0.53946084,0.57596314,0.19686866,0.09891635,0.33342763781547546,0.0,0.407958984375,0.0,0.14837646484375,0.1050567626953125,0.05902099609375,0.7874569892883301,2.6749913692474365,1.4991083145141602,0.5034245848655701,-1.7785935401916504,0.3559037744998932,0
mileage_000100_005000__session_002__b004__ffb6c6d3e5,low_mileage_proxy,mileage_000100_005000__session_002,1,0.59286535,0.5809685,0.53320026,0.5690114,0.19932543,0.10000935,0.35637760162353516,0.0,0.4052734375,0.0,0.1472625732421875,0.103515625,0.05633544921875,0.7963987588882446,2.641450881958008,1.5452913045883179,0.4753342270851135,-1.4662882089614868,0.3860514461994171,0
mileage_000100_005000__session_002__b005__88381eb0b2,low_mileage_proxy,mileage_000100_005000__session_002,1,0.5998679,0.58843255,0.53925586,0.57585216,0.19697423,0.099478506,0.33333274722099304,0.0,0.407958984375,0.0,0.1481475830078125,0.10546875,0.058502197265625,0.7884560823440552,2.6625590324401855,1.4993469715118408,0.5044453144073486,-1.7271957397460938,0.3559930920600891,0
mileage_000100_005000__session_002__b005__962a30ddeb,low_mileage_proxy,mileage_000100_005000__session_002,1,0.59748966,0.5865196,0.5388222,0.5742772,0.19687663,0.1000011,0.3460204303264618,0.0,0.400390625,0.0,0.1482696533203125,0.1032562255859375,0.05816650390625,0.8075931668281555,2.6399099826812744,1.5610108375549316,0.38590338826179504,-1.1866226196289062,0.3731439411640167,0
mileage_000100_005000__session_002__b005__e6f6cb6f89,low_mileage_proxy,mileage_000100_005000__session_002,1,0.59437525,0.58249366,0.5346354,0.57050145,0.19898461,0.10023834,0.3518887758255005,0.0,0.408203125,0.0,0.14984130859375,0.103729248046875,0.0568695068359375,0.7957239151000977,2.636026382446289,1.5395679473876953,0.4707607924938202,-1.4598299264907837,0.3869701325893402,0
mileage_000100_005000__session_002__b006__458419b30f,low_mileage_proxy,mileage_000100_005000__session_002,1,0.59707797,0.58602846,0.538445,0.5738505,0.19670671,0.098967105,0.3458784818649292,0.0,0.400390625,0.0,0.149322509765625,0.10308837890625,0.0582733154296875,0.8068482875823975,2.6222941875457764,1.572096824645996,0.3831181228160858,-1.1788666248321533,0.378739595413208,0
mileage_000100_005000__session_002__b006__c0018bc0a7,low_mileage_proxy,mileage_000100_005000__session_002,1,0.5999789,0.58849955,0.5395719,0.5760168,0.19711187,0.09844147,0.3311334252357483,0.0,0.409912109375,0.000244140625,0.148712158203125,0.106048583984375,0.0586700439453125,0.7861889600753784,2.678759813308716,1.5007461309432983,0.5035973787307739,-1.7086997032165527,0.3588324785232544,0
mileage_000100_005000__session_002__b006__d02a000c42,low_mileage_proxy,mileage_000100_005000__session_002,1,0.59405446,0.58226585,0.5344229,0.5702477,0.19898917,0.100234926,0.352600634098053,0.0,0.40673828125,0.0,0.1462554931640625,0.1030426025390625,0.0572509765625,0.7968811988830566,2.632807970046997,1.542657494544983,0.47079411149024963,-1.4512107372283936,0.3856104016304016,0
mileage_000100_005000__session_002__b007__0dfe49caa7,low_mileage_proxy,mileage_000100_005000__session_002,1,0.600159,0.5883473,0.53954124,0.57601583,0.19704461,0.09830243,0.3277915120124817,0.0,0.41015625,0.0,0.1490936279296875,0.1065521240234375,0.05889892578125,0.787078857421875,2.6792678833007812,1.4961668252944946,0.5092955827713013,-1.7423138618469238,0.35803207755088806,0
mileage_000100_005000__session_002__b007__49bd706234,low_mileage_proxy,mileage_000100_005000__session_002,1,0.59693915,0.5859844,0.5383942,0.5737726,0.19674176,0.09895262,0.3452596366405487,0.0,0.403076171875,0.000244140625,0.1490325927734375,0.103118896484375,0.0576934814453125,0.8057044744491577,2.618199348449707,1.5738505125045776,0.3803337514400482,-1.1688698530197144,0.3825739622116089,0
mileage_000100_005000__session_002__b007__5491269e1c,low_mileage_proxy,mileage_000100_005000__session_002,1,0.5942967,0.58248985,0.53478575,0.5705241,0.19880338,0.10002298,0.3527787923812866,0.0,0.405517578125,0.0,0.1493072509765625,0.1019744873046875,0.059051513671875,0.7955964803695679,2.6286911964416504,1.5476973056793213,0.4708179533481598,-1.4400742053985596,0.3865172863006592,0
mileage_000100_005000__session_002__b008__26155f3ed9,low_mileage_proxy,mileage_000100_005000__session_002,1,0.5946318,0.58249557,0.5347216,0.57061636,0.19888045,0.1004853,0.3493300676345825,0.0,0.406005859375,0.0,0.14886474609375,0.1028900146484375,0.0604400634765625,0.7960506677627563,2.6593196392059326,1.5465701818466187,0.4721105098724365,-1.457036018371582,0.38641467690467834,0
mileage_000100_005000__session_002__b008__71a8d9dd5b,low_mileage_proxy,mileage_000100_005000__session_002,1,0.5975165,0.5860467,0.53846794,0.5740104,0.19685729,0.09861016,0.3448748290538788,0.0,0.406005859375,0.000244140625,0.149017333984375,0.1031951904296875,0.05731201171875,0.8064000010490417,2.6246612071990967,1.5787469148635864,0.3832024931907654,-1.1786179542541504,0.38607630133628845,0
mileage_000100_005000__session_002__b008__f8d1a9befe,low_mileage_proxy,mileage_000100_005000__session_002,1,0.5998335,0.58830804,0.5395211,0.57588756,0.19690688,0.09791445,0.3311742842197418,0.0,0.410888671875,0.0,0.1488494873046875,0.1056060791015625,0.0583343505859375,0.7853467464447021,2.6725072860717773,1.4861037731170654,0.504986584186554,-1.765260934829712,0.3604765832424164,0
mileage_000100_005000__session_002__b009__173f2ce75b,low_mileage_proxy,mileage_000100_005000__session_002,1,0.5979148,0.5865024,0.53879833,0.57440513,0.19677602,0.09919308,0.350229948759079,0.0,0.4052734375,0.0,0.1474151611328125,0.102142333984375,0.0572052001953125,0.8068363666534424,2.6326141357421875,1.5771411657333374,0.3771153390407562,-1.16702401638031,0.3858473300933838,0
mileage_000100_005000__session_002__b009__981bc74c73,low_mileage_proxy,mileage_000100_005000__session_002,1,0.5998353,0.5882497,0.53925496,0.57578,0.19681169,0.09848687,0.32266730070114136,0.0,0.41015625,0.000244140625,0.14898681640625,0.105133056640625,0.0583038330078125,0.7853270769119263,2.666414260864258,1.488179087638855,0.502460777759552,-1.76507568359375,0.3607577681541443,0
mileage_000100_005000__session_002__b009__dc1e6d44b3,low_mileage_proxy,mileage_000100_005000__session_002,1,0.5950416,0.5828508,0.53522134,0.5710379,0.19895662,0.09942761,0.35028478503227234,0.0,0.404541015625,0.0,0.1483306884765625,0.1020965576171875,0.0588226318359375,0.7952065467834473,2.6277666091918945,1.5361802577972412,0.45601603388786316,-1.4320752620697021,0.3937927782535553,0
mileage_000100_005000__session_002__b010__69298a2c73,low_mileage_proxy,mileage_000100_005000__session_002,1,0.59489316,0.582553,0.53494275,0.57079625,0.19890016,0.09976794,0.3497399389743805,0.0,0.404541015625,0.000244140625,0.1484832763671875,0.10211181640625,0.05950927734375,0.7937732934951782,2.6273553371429443,1.5535582304000854,0.4566505253314972,-1.4375197887420654,0.39412614703178406,0
mileage_000100_005000__session_002__b010__b98d051b8b,low_mileage_proxy,mileage_000100_005000__session_002,1,0.5981034,0.5868231,0.53910464,0.57467705,0.19696236,0.09928922,0.350210577249527,0.0,0.404052734375,0.0,0.1472320556640625,0.1003265380859375,0.05908203125,0.8077237010002136,2.6374619007110596,1.5926707983016968,0.362716406583786,-1.1099317073822021,0.3876359760761261,0
mileage_000100_005000__session_002__b010__bdbbc98790,low_mileage_proxy,mileage_000100_005000__session_002,1,0.6002202,0.58867764,0.5393507,0.5760828,0.19699736,0.099066496,0.32508933544158936,0.0,0.412109375,0.0,0.1491546630859375,0.10638427734375,0.0586700439453125,0.7845407724380493,2.6649973392486572,1.4935771226882935,0.501608669757843,-1.6909838914871216,0.3623659908771515,0
mileage_000100_005000__session_002__b011__80773158f7,low_mileage_proxy,mileage_000100_005000__session_002,1,0.5980976,0.58670247,0.53911614,0.5746387,0.19712162,0.09918004,0.3470640182495117,0.0,0.404541015625,0.000244140625,0.146087646484375,0.1004791259765625,0.05853271484375,0.8086446523666382,2.63836932182312,1.591223120689392,0.3525993824005127,-1.080431580543518,0.3905148208141327,0
mileage_000100_005000__session_002__b011__a1de86936f,low_mileage_proxy,mileage_000100_005000__session_002,1,0.5945389,0.5823262,0.5350749,0.57064664,0.1988246,0.09920514,0.3456941246986389,0.0,0.40185546875,0.00048828125,0.14862060546875,0.1016998291015625,0.0584564208984375,0.7936567068099976,2.6289281845092773,1.549615502357483,0.46237632632255554,-1.4487401247024536,0.3927361071109772,0
mileage_000100_005000__session_002__b011__f0a95e899e,low_mileage_proxy,mileage_000100_005000__session_002,1,0.60077554,0.58921957,0.53988683,0.5766273,0.1969463,0.098833844,0.3315233588218689,0.0,0.411865234375,0.0,0.148406982421875,0.105682373046875,0.0588836669921875,0.7826128602027893,2.6806728839874268,1.488790512084961,0.5035704374313354,-1.7621557712554932,0.36578884720802307,0
mileage_000100_005000__session_002__b012__355fa2ad84,low_mileage_proxy,mileage_000100_005000__session_002,1,0.60145146,0.58981985,0.5404776,0.57724965,0.1968541,0.09869909,0.331315815448761,0.0,0.4130859375,0.0,0.1512298583984375,0.104217529296875,0.0581207275390625,0.7838389873504639,2.664548635482788,1.4954463243484497,0.5079517960548401,-1.7467490434646606,0.36732566356658936,0
mileage_000100_005000__session_002__b012__5c36914c6d,low_mileage_proxy,mileage_000100_005000__session_002,1,0.59806216,0.5866843,0.5390769,0.57460785,0.1971106,0.099007905,0.3408578038215637,0.0,0.404541015625,0.0,0.1457366943359375,0.10369873046875,0.0583343505859375,0.8091052770614624,2.637437343597412,1.594834566116333,0.35250112414360046,-1.0677238702774048,0.38942670822143555,0
mileage_000100_005000__session_002__b012__a50c55d1f4,low_mileage_proxy,mileage_000100_005000__session_002,1,0.5944556,0.58208585,0.534892,0.57047784,0.19876838,0.09884529,0.3510357141494751,0.0,0.399658203125,0.00048828125,0.148345947265625,0.1021575927734375,0.05950927734375,0.7932213544845581,2.6305253505706787,1.543055534362793,0.4638735055923462,-1.429240345954895,0.39179784059524536,0
mileage_000100_005000__session_002__b013__01b5617a6b,low_mileage_proxy,mileage_000100_005000__session_002,1,0.594357,0.5820322,0.534847,0.5704121,0.1989249,0.098814234,0.3516710698604584,0.0,0.39892578125,0.00048828125,0.1488189697265625,0.1024322509765625,0.059539794921875,0.7946286201477051,2.624410629272461,1.5480239391326904,0.46175912022590637,-1.43411386013031,0.38991764187812805,0
mileage_000100_005000__session_002__b013__1ec3b3dcdf,low_mileage_proxy,mileage_000100_005000__session_002,1,0.59888464,0.58729416,0.53975475,0.5753112,0.19727187,0.09861177,0.3463682234287262,0.0,0.40673828125,0.0,0.1492156982421875,0.1033172607421875,0.057830810546875,0.8113453388214111,2.6293463706970215,1.6071670055389404,0.33375638723373413,-0.9878969788551331,0.39137905836105347,0
mileage_000100_005000__session_002__b013__223dc1d2f1,low_mileage_proxy,mileage_000100_005000__session_002,1,0.601821,0.5902028,0.54072934,0.5775844,0.19671066,0.09873422,0.3374994695186615,0.0,0.41455078125,0.0,0.1508636474609375,0.1044769287109375,0.0576324462890625,0.7832767963409424,2.661623239517212,1.4873321056365967,0.5108648538589478,-1.7738282680511475,0.36775726079940796,0
mileage_000100_005000__session_002__b014__0d49c7fda9,low_mileage_proxy,mileage_000100_005000__session_002,1,0.60216665,0.5905417,0.5411391,0.57794917,0.19675592,0.09915739,0.3376445472240448,0.0,0.41748046875,0.0,0.1502685546875,0.1042938232421875,0.0609893798828125,0.7852206826210022,2.6795284748077393,1.4953385591506958,0.5154666304588318,-1.763842225074768,0.3660242557525635,0
mileage_000100_005000__session_002__b014__503f0be85a,low_mileage_proxy,mileage_000100_005000__session_002,1,0.5940909,0.5818417,0.5346775,0.57020336,0.19881324,0.09855399,0.34972628951072693,0.0,0.3974609375,0.00048828125,0.148468017578125,0.1028289794921875,0.06005859375,0.7929948568344116,2.6323800086975098,1.5385161638259888,0.4612641930580139,-1.4269623756408691,0.38995468616485596,0
mileage_000100_005000__session_002__b014__e9a8a94582,low_mileage_proxy,mileage_000100_005000__session_002,1,0.5982173,0.5866374,0.53907394,0.5746429,0.19727981,0.09787795,0.34766677021980286,0.000244140625,0.4052734375,0.0,0.1454620361328125,0.1022491455078125,0.0586700439453125,0.8115168809890747,2.642263650894165,1.6072547435760498,0.3349980413913727,-1.0013571977615356,0.38972118496894836,0
mileage_000100_005000__session_002__b015__698e8cc968,low_mileage_proxy,mileage_000100_005000__session_002,1,0.593773,0.5815439,0.53431565,0.5698775,0.19883904,0.09868224,0.35165804624557495,0.0,0.396484375,0.00048828125,0.146240234375,0.102935791015625,0.0565185546875,0.7935423254966736,2.644940137863159,1.5420259237289429,0.4628431499004364,-1.4464507102966309,0.3903971314430237,0
mileage_000100_005000__session_002__b015__9f32c8b6c4,low_mileage_proxy,mileage_000100_005000__session_002,1,0.5982585,0.58657706,0.5391755,0.5746703,0.1972791,0.09789861,0.3476821184158325,0.000244140625,0.405029296875,0.0,0.1491241455078125,0.1020660400390625,0.0583343505859375,0.813062310218811,2.638528823852539,1.61008882522583,0.33453530073165894,-0.9984686374664307,0.3878875970840454,0
mileage_000100_005000__session_002__b015__f0c4c5bc13,low_mileage_proxy,mileage_000100_005000__session_002,1,0.6021015,0.5905322,0.5411296,0.57792103,0.19678545,0.09871484,0.33155542612075806,0.0,0.418701171875,0.000244140625,0.1506195068359375,0.10357666015625,0.060546875,0.7857271432876587,2.642490863800049,1.486506700515747,0.5199794769287109,-1.7866557836532593,0.36356958746910095,0
mileage_000100_005000__session_002__b016__0b2a00cff0,low_mileage_proxy,mileage_000100_005000__session_002,1,0.59760934,0.5860993,0.5387858,0.57416487,0.19707568,0.097749464,0.3460644781589508,0.000244140625,0.403564453125,0.0,0.1492767333984375,0.102447509765625,0.0573883056640625,0.813046932220459,2.647792100906372,1.6063425540924072,0.3351860046386719,-1.007046103477478,0.3858945071697235,0
mileage_000100_005000__session_002__b016__4bf932bd20,low_mileage_proxy,mileage_000100_005000__session_002,1,0.6020929,0.59026504,0.5410262,0.5777947,0.19691214,0.09910296,0.33908501267433167,0.0,0.418212890625,0.0,0.150634765625,0.1039276123046875,0.061279296875,0.7856161594390869,2.6488564014434814,1.4926079511642456,0.5167304277420044,-1.7441556453704834,0.3630262315273285,0
mileage_000100_005000__session_002__b016__5f3f0ec1f0,low_mileage_proxy,mileage_000100_005000__session_002,1,0.5938965,0.5815228,0.53436637,0.5699286,0.19880313,0.09931748,0.35321104526519775,0.0,0.397216796875,0.00048828125,0.1460113525390625,0.102081298828125,0.0599365234375,0.7936233282089233,2.6481685638427734,1.5497493743896484,0.46356168389320374,-1.4517580270767212,0.3896438479423523,0
mileage_000100_005000__session_002__b017__11b14a0efa,low_mileage_proxy,mileage_000100_005000__session_002,1,0.5945169,0.58220166,0.53497916,0.57056594,0.19876613,0.0989086,0.3519183099269867,0.0,0.397705078125,0.000244140625,0.1483306884765625,0.101959228515625,0.058868408203125,0.7938703298568726,2.6393165588378906,1.5570696592330933,0.45978084206581116,-1.4487004280090332,0.3898871839046478,0
mileage_000100_005000__session_002__b017__7098a41bce,low_mileage_proxy,mileage_000100_005000__session_002,1,0.60188615,0.59007066,0.5408175,0.5775914,0.1968634,0.099129826,0.34036964178085327,0.0,0.417724609375,0.0,0.1504974365234375,0.1045379638671875,0.05810546875,0.7855580449104309,2.6676201820373535,1.488900899887085,0.5130907297134399,-1.8081649541854858,0.3626396358013153,0
mileage_000100_005000__session_002__b017__713045f0dd,low_mileage_proxy,mileage_000100_005000__session_002,1,0.59736043,0.5858791,0.5386288,0.57395613,0.19720353,0.09762129,0.34379586577415466,0.000244140625,0.401611328125,0.0,0.149749755859375,0.103057861328125,0.0573883056640625,0.813347578048706,2.6409740447998047,1.6111875772476196,0.33250871300697327,-1.0041825771331787,0.3843141794204712,0
mileage_000100_005000__session_002__b018__b063befc0f,low_mileage_proxy,mileage_000100_005000__session_002,1,0.6019618,0.5901233,0.5408194,0.5776348,0.1968907,0.09938571,0.34178826212882996,0.0,0.416015625,0.0,0.1505126953125,0.104766845703125,0.0613555908203125,0.7869093418121338,2.668323516845703,1.4927035570144653,0.5139623880386353,-1.8060485124588013,0.35878056287765503,0
mileage_000100_005000__session_002__b018__f656616419,low_mileage_proxy,mileage_000100_005000__session_002,1,0.5941569,0.58174884,0.5345502,0.570152,0.19872788,0.098896645,0.3519183099269867,0.0,0.39892578125,0.0,0.1496124267578125,0.1014862060546875,0.0594329833984375,0.7945265769958496,2.632725477218628,1.5506540536880493,0.4504076838493347,-1.4359091520309448,0.3913721442222595,0
mileage_000100_005000__session_002__b018__fd2236de1b,low_mileage_proxy,mileage_000100_005000__session_002,1,0.59696794,0.5854004,0.53827834,0.5735489,0.19723243,0.097255036,0.3447933495044708,0.000244140625,0.40234375,0.0,0.146026611328125,0.1033782958984375,0.05792236328125,0.8133641481399536,2.650676965713501,1.6109836101531982,0.3284309506416321,-0.994463324546814,0.38516896963119507,0
mileage_000100_005000__session_002__b019__2a4cf525bd,low_mileage_proxy,mileage_000100_005000__session_002,1,0.5969659,0.58529896,0.5381941,0.5734863,0.19745673,0.09725942,0.3502781391143799,0.000244140625,0.403076171875,0.0,0.14697265625,0.103485107421875,0.058807373046875,0.8125858902931213,2.6447341442108154,1.6092053651809692,0.32801783084869385,-0.9845407605171204,0.38894596695899963,0
mileage_000100_005000__session_002__b019__91a66005d1,low_mileage_proxy,mileage_000100_005000__session_002,1,0.59416264,0.58201027,0.53481925,0.57033074,0.19869147,0.09911905,0.34703806042671204,0.0,0.400146484375,0.000244140625,0.1469879150390625,0.1018218994140625,0.0585174560546875,0.7951042652130127,2.6445655822753906,1.557252049446106,0.44416576623916626,-1.4415268898010254,0.3922607898712158,0
mileage_000100_005000__session_002__b019__e9d8c81702,low_mileage_proxy,mileage_000100_005000__session_002,1,0.6018469,0.5902181,0.54076576,0.57761025,0.19703887,0.099366516,0.34617891907691956,0.0,0.417236328125,0.0,0.15069580078125,0.10498046875,0.05889892578125,0.7862987518310547,2.6768362522125244,1.4874340295791626,0.5171179175376892,-1.7790220975875854,0.36030519008636475,0
mileage_040000__session_001__b000__1dff80a8cd,mid_mileage_proxy,mileage_040000__session_001,1,0.5754873,0.5748497,0.53673315,0.5623567,0.1666282,0.0674715,0.19128119945526123,0.0,0.269775390625,0.001220703125,0.1241455078125,0.0810394287109375,0.0560302734375,0.8544135689735413,2.465184211730957,1.7412787675857544,0.48865464329719543,-2.0044779777526855,0.16480752825737,1
mileage_040000__session_001__b001__e6e2fba557,mid_mileage_proxy,mileage_040000__session_001,1,0.57612115,0.5754548,0.53707397,0.56288326,0.16709165,0.06762298,0.19247229397296906,0.0,0.27001953125,0.001220703125,0.12677001953125,0.0829620361328125,0.0547637939453125,0.8561588525772095,2.4662973880767822,1.753130316734314,0.47968438267707825,-1.9044418334960938,0.16704899072647095,1
mileage_040000__session_001__b002__eab891a15a,mid_mileage_proxy,mileage_040000__session_001,1,0.57671285,0.57587993,0.537411,0.5633345,0.16772902,0.06752396,0.19112978875637054,0.0,0.27099609375,0.001220703125,0.1249237060546875,0.0811767578125,0.0552978515625,0.8589189052581787,2.477653980255127,1.755411148071289,0.47597625851631165,-1.8264734745025635,0.17526650428771973,1
mileage_040000__session_001__b003__caf2b20911,mid_mileage_proxy,mileage_040000__session_001,1,0.5763395,0.5757238,0.53738225,0.5631485,0.16744088,0.067358196,0.1899350881576538,0.0,0.271240234375,0.001220703125,0.126495361328125,0.08197021484375,0.052978515625,0.8592162132263184,2.476396322250366,1.7376806735992432,0.4851861000061035,-1.8763235807418823,0.17147397994995117,1
mileage_040000__session_001__b004__ed7715ed42,mid_mileage_proxy,mileage_040000__session_001,1,0.576844,0.57612973,0.53787243,0.5636154,0.16783471,0.066975206,0.19298656284809113,0.0,0.27197265625,0.0009765625,0.1255340576171875,0.084381103515625,0.0544586181640625,0.8616840839385986,2.4806766510009766,1.7557768821716309,0.484581857919693,-1.8734838962554932,0.17060662806034088,1
mileage_040000__session_001__b005__8fefbad69d,mid_mileage_proxy,mileage_040000__session_001,1,0.57862765,0.57806754,0.53959674,0.5654307,0.16881949,0.0675121,0.1878180205821991,0.0,0.275146484375,0.000732421875,0.1285552978515625,0.083587646484375,0.0539703369140625,0.8621320724487305,2.493847608566284,1.7696921825408936,0.4874976575374603,-1.8424557447433472,0.1722797006368637,1
mileage_040000__session_001__b006__2a605a4818,mid_mileage_proxy,mileage_040000__session_001,1,0.5786985,0.5782274,0.53967905,0.56553507,0.16889471,0.067392424,0.19292588531970978,0.0,0.277099609375,0.00048828125,0.1292724609375,0.0839691162109375,0.054656982421875,0.8615790605545044,2.4878504276275635,1.7604961395263672,0.5029576420783997,-1.9104337692260742,0.17215612530708313,1
mileage_040000__session_001__b007__18cf844a10,mid_mileage_proxy,mileage_040000__session_001,1,0.5784879,0.5780685,0.5397451,0.56543386,0.16900733,0.06725683,0.19427230954170227,0.0,0.2783203125,0.00048828125,0.13055419921875,0.085174560546875,0.0548858642578125,0.8611251711845398,2.4835169315338135,1.7742351293563843,0.5057870149612427,-1.9086436033248901,0.1648363620042801,1
mileage_040000__session_001__b008__6ae3ce5883,mid_mileage_proxy,mileage_040000__session_001,1,0.5788871,0.57841796,0.5398773,0.5657275,0.16912293,0.06745024,0.18954218924045563,0.0,0.276611328125,0.001220703125,0.1302947998046875,0.0859222412109375,0.0556488037109375,0.862002968788147,2.4858405590057373,1.7814441919326782,0.5032039284706116,-1.876474142074585,0.16424718499183655,1
mileage_040000__session_001__b009__ecff0120e5,mid_mileage_proxy,mileage_040000__session_001,1,0.57936394,0.5789503,0.5403627,0.56622565,0.16952042,0.06753856,0.18961921334266663,0.0,0.27783203125,0.001220703125,0.127960205078125,0.0854034423828125,0.0556488037109375,0.8614708185195923,2.4865875244140625,1.7807025909423828,0.5032886266708374,-1.8963063955307007,0.16779731214046478,1
mileage_040000__session_001__b010__d81b446f87,mid_mileage_proxy,mileage_040000__session_001,1,0.5791571,0.5785932,0.5398179,0.5658561,0.16956985,0.06758193,0.1855255365371704,0.0,0.278564453125,0.00048828125,0.1290435791015625,0.0842742919921875,0.054962158203125,0.8652034997940063,2.509212017059326,1.7869757413864136,0.5048068165779114,-1.877562165260315,0.16640475392341614,1
mileage_040000__session_001__b011__8c372c3381,mid_mileage_proxy,mileage_040000__session_001,1,0.5805683,0.5800667,0.5410214,0.5672188,0.17044719,0.067989096,0.18361376225948334,0.0,0.28369140625,0.000732421875,0.1288299560546875,0.08453369140625,0.054229736328125,0.866012692451477,2.5014257431030273,1.7820320129394531,0.4998853802680969,-1.892450213432312,0.16975247859954834,1
mileage_040000__session_001__b012__fbb4aba62d,mid_mileage_proxy,mileage_040000__session_001,1,0.5798455,0.57954866,0.5406298,0.56667465,0.17004508,0.06781006,0.19128966331481934,0.0,0.28173828125,0.000732421875,0.1286163330078125,0.084564208984375,0.054595947265625,0.8647360801696777,2.4959473609924316,1.7828235626220703,0.5048642158508301,-1.890731930732727,0.16690805554389954,1
mileage_040000__session_001__b013__aea85fc88f,mid_mileage_proxy,mileage_040000__session_001,1,0.5787397,0.57853097,0.54007256,0.5657811,0.1697534,0.06716378,0.19360752403736115,0.0,0.280517578125,0.000732421875,0.129852294921875,0.084686279296875,0.054046630859375,0.8668753504753113,2.497368574142456,1.7828482389450073,0.5016093850135803,-1.8901621103286743,0.16221176087856293,1
mileage_040000__session_001__b014__f4645abcc9,mid_mileage_proxy,mileage_040000__session_001,1,0.5800983,0.5796425,0.5413431,0.5670279,0.17043251,0.06674133,0.19501879811286926,0.0,0.28173828125,0.0009765625,0.1332244873046875,0.086822509765625,0.0541229248046875,0.8669487237930298,2.5160908699035645,1.784446358680725,0.489084929227829,-1.8156318664550781,0.16279473900794983,1
mileage_040000__session_001__b015__018b9ac69b,mid_mileage_proxy,mileage_040000__session_001,1,0.57953525,0.5793639,0.54095244,0.56661725,0.170107,0.06708996,0.19049154222011566,0.0,0.28125,0.0009765625,0.132781982421875,0.0866546630859375,0.0562591552734375,0.8656972646713257,2.5125529766082764,1.7828065156936646,0.4829202890396118,-1.7604857683181763,0.16484461724758148,1
mileage_040000__session_001__b016__18710ef063,mid_mileage_proxy,mileage_040000__session_001,1,0.57917345,0.57895225,0.5406997,0.5662751,0.16939758,0.066552415,0.19919466972351074,0.0,0.279541015625,0.0009765625,0.1323699951171875,0.0867767333984375,0.0555267333984375,0.8651835918426514,2.4943079948425293,1.7811671495437622,0.47756853699684143,-1.7296925783157349,0.15977340936660767,1
mileage_040000__session_001__b017__aad0fd514c,mid_mileage_proxy,mileage_040000__session_001,1,0.57988,0.57957554,0.5413383,0.56693125,0.16995269,0.06611704,0.19786861538887024,0.0,0.27978515625,0.0009765625,0.132232666015625,0.0859222412109375,0.0556793212890625,0.8678275942802429,2.5183043479919434,1.7931462526321411,0.4672539532184601,-1.6400160789489746,0.15633626282215118,1
mileage_040000__session_001__b018__830f637ed5,mid_mileage_proxy,mileage_040000__session_001,1,0.5816578,0.5812079,0.5425954,0.56848705,0.17050415,0.06620593,0.1939685046672821,0.0,0.283203125,0.000732421875,0.130889892578125,0.084564208984375,0.0550689697265625,0.8655281066894531,2.523984909057617,1.7756344079971313,0.46578019857406616,-1.6775635480880737,0.15548071265220642,1
mileage_040000__session_001__b019__f387c33a1a,mid_mileage_proxy,mileage_040000__session_001,1,0.58141565,0.5811055,0.54257524,0.56836545,0.17012584,0.06597152,0.1948104053735733,0.0,0.28076171875,0.000732421875,0.12847900390625,0.08660888671875,0.055908203125,0.863384485244751,2.517591714859009,1.7755988836288452,0.46858590841293335,-1.6718072891235352,0.15019486844539642,1
mileage_100000_plus__session_001__b000__05219ef20d,high_mileage_proxy,mileage_100000_plus__session_001,2,0.5680233,0.56535023,0.5179898,0.5504545,0.1272638,0.09406524,0.22380922734737396,0.0,0.2333984375,0.0,0.1733245849609375,0.092376708984375,0.032806396484375,0.9877290725708008,2.1598644256591797,3.0785458087921143,0.6353787779808044,-1.936650037765503,0.2934156060218811,2
mileage_100000_plus__session_001__b000__2c0f09877b,high_mileage_proxy,mileage_100000_plus__session_001,2,0.58377564,0.5864057,0.5482939,0.5728251,0.122898646,0.06865276,0.1964450478553772,0.0,0.314208984375,0.0,0.180633544921875,0.091766357421875,0.027862548828125,1.007718801498413,2.16603946685791,3.068959951400757,0.6078992486000061,-1.8080456256866455,0.3575925827026367,2
mileage_100000_plus__session_001__b000__659d0b7a9d,high_mileage_proxy,mileage_100000_plus__session_001,2,0.57097507,0.57057106,0.52308327,0.55487645,0.15072711,0.08632489,0.25247740745544434,0.0,0.275146484375,0.0,0.1611785888671875,0.0858154296875,0.03826904296875,1.0250308513641357,2.2927489280700684,3.267071008682251,0.5873405337333679,-1.7798250913619995,0.36205416917800903,2
mileage_100000_plus__session_005__b000__0b6f5d6c13,high_mileage_proxy,mileage_100000_plus__session_005,2,0.5811265,0.57548636,0.5233351,0.55998266,0.17558107,0.10064776,0.33678895235061646,0.0,0.3759765625,0.0,0.127197265625,0.0353240966796875,0.007720947265625,1.0031659603118896,2.770726442337036,3.4612669944763184,0.3314269781112671,-0.7907359004020691,0.42178791761398315,2
mileage_100000_plus__session_005__b000__1ecb677974,high_mileage_proxy,mileage_100000_plus__session_005,2,0.5798665,0.573742,0.5222033,0.558604,0.17599203,0.0996204,0.3208034038543701,0.0,0.3740234375,0.0,0.12060546875,0.0367431640625,0.0075531005859375,0.9957327842712402,2.7468018531799316,3.455286741256714,0.3358480930328369,-0.7692751288414001,0.4453141987323761,2
mileage_100000_plus__session_005__b000__75c73b7cf2,high_mileage_proxy,mileage_100000_plus__session_005,2,0.5785396,0.5727358,0.5214796,0.557585,0.17541522,0.09855117,0.3239527940750122,0.0,0.369873046875,0.0,0.1196136474609375,0.035980224609375,0.0079193115234375,1.0041053295135498,2.7618777751922607,3.500127077102661,0.33113691210746765,-0.7899304032325745,0.42886701226234436,2
mileage_100000_plus__session_005__b001__1499d8567f,high_mileage_proxy,mileage_100000_plus__session_005,2,0.57844,0.5725969,0.5214528,0.55749655,0.17552985,0.09885706,0.32008612155914307,0.0,0.36865234375,0.0,0.12017822265625,0.036407470703125,0.0079803466796875,1.0038880109786987,2.758450508117676,3.4869134426116943,0.3317001163959503,-0.8017898201942444,0.42729008197784424,2
mileage_100000_plus__session_005__b001__8bfc7c9ff0,high_mileage_proxy,mileage_100000_plus__session_005,2,0.58170956,0.5758866,0.5236271,0.56040776,0.17569089,0.100754574,0.33632493019104004,0.0,0.37890625,0.0,0.12725830078125,0.0359039306640625,0.0076446533203125,1.0019311904907227,2.758737802505493,3.451678514480591,0.33096158504486084,-0.7815443277359009,0.4245530962944031,2
mileage_100000_plus__session_005__b002__3a498526c6,high_mileage_proxy,mileage_100000_plus__session_005,2,0.5817709,0.5761068,0.52421397,0.5606972,0.17581777,0.10015949,0.3313233554363251,0.0,0.38037109375,0.0,0.1265411376953125,0.03521728515625,0.007598876953125,1.0014591217041016,2.751891613006592,3.4558331966400146,0.33307945728302,-0.7950760722160339,0.42511072754859924,2
mileage_100000_plus__session_005__b002__d2cee491f7,high_mileage_proxy,mileage_100000_plus__session_005,2,0.5785243,0.57271373,0.5214834,0.5575738,0.1756921,0.09893367,0.32803285121917725,0.0,0.36962890625,0.0,0.1204986572265625,0.03643798828125,0.0081634521484375,1.002937912940979,2.7618355751037598,3.4892709255218506,0.3326554596424103,-0.7863559722900391,0.4293012022972107,2
mileage_100000_plus__session_005__b003__164f4eeeb6,high_mileage_proxy,mileage_100000_plus__session_005,2,0.5785185,0.5725136,0.5211895,0.5574072,0.17577437,0.09921627,0.3265497088432312,0.0,0.371826171875,0.0,0.12164306640625,0.0367279052734375,0.0081329345703125,1.0040873289108276,2.784369468688965,3.4911675453186035,0.3332606852054596,-0.7981670498847961,0.43184521794319153,2
mileage_100000_plus__session_005__b003__3c2982b67e,high_mileage_proxy,mileage_100000_plus__session_005,2,0.5815095,0.57590187,0.52427524,0.5605622,0.1754516,0.09952689,0.33560553193092346,0.0,0.377685546875,0.0,0.1253509521484375,0.03472900390625,0.007843017578125,1.0039432048797607,2.77449369430542,3.469501495361328,0.3318878710269928,-0.8000025153160095,0.4240197241306305,2
mileage_100000_plus__session_005__b004__354f40d21c,high_mileage_proxy,mileage_100000_plus__session_005,2,0.58181393,0.5762303,0.52448684,0.5608437,0.17552528,0.099482924,0.32761526107788086,0.0,0.37841796875,0.0,0.124114990234375,0.037994384765625,0.0074920654296875,1.0057892799377441,2.7691283226013184,3.4742379188537598,0.3314306437969208,-0.7975113987922668,0.4240890145301819,2
mileage_100000_plus__session_005__b004__9ee9675a51,high_mileage_proxy,mileage_100000_plus__session_005,2,0.57863533,0.57268596,0.52128816,0.5575365,0.17587045,0.09938502,0.3218676745891571,0.0,0.372802734375,0.0,0.119659423828125,0.036468505859375,0.008331298828125,1.004319429397583,2.7787973880767822,3.4899580478668213,0.33195528388023376,-0.7916497588157654,0.43575137853622437,2
mileage_100000_plus__session_005__b005__631127f617,high_mileage_proxy,mileage_100000_plus__session_005,2,0.58228785,0.57660174,0.524954,0.5612812,0.17579989,0.099403486,0.3334570825099945,0.0,0.37890625,0.0,0.1230926513671875,0.037994384765625,0.0074920654296875,1.0021262168884277,2.7723968029022217,3.5172970294952393,0.3305680751800537,-0.7857434749603271,0.4275095462799072,2
mileage_100000_plus__session_005__b005__9cc9acf5bf,high_mileage_proxy,mileage_100000_plus__session_005,2,0.5788938,0.5728793,0.5213245,0.5576992,0.1761563,0.099744394,0.32640549540519714,0.0,0.3740234375,0.0,0.1205291748046875,0.036102294921875,0.0081024169921875,1.004242181777954,2.7908525466918945,3.5282535552978516,0.3321996033191681,-0.8002553582191467,0.4379073977470398,2
mileage_100000_plus__session_005__b006__52b1a6b974,high_mileage_proxy,mileage_100000_plus__session_005,2,0.5825378,0.57644475,0.52474535,0.5612426,0.17575541,0.0996805,0.3312356472015381,0.0,0.3798828125,0.0,0.125,0.038421630859375,0.007568359375,1.0022207498550415,2.786072254180908,3.475651264190674,0.33061304688453674,-0.7786726951599121,0.4304591715335846,2
mileage_100000_plus__session_005__b006__de83677487,high_mileage_proxy,mileage_100000_plus__session_005,2,0.57926816,0.5733198,0.5217171,0.55810165,0.17621346,0.09966563,0.32298317551612854,0.0,0.37451171875,0.0,0.129638671875,0.0361480712890625,0.0075225830078125,1.0037585496902466,2.7678258419036865,3.5178585052490234,0.3318840265274048,-0.7977761030197144,0.43934619426727295,2
mileage_100000_plus__session_005__b007__0db8de68a0,high_mileage_proxy,mileage_100000_plus__session_005,2,0.5828135,0.5768124,0.5253045,0.5616434,0.17595124,0.09930654,0.33355334401130676,0.0,0.38232421875,0.0,0.1240234375,0.0381317138671875,0.0076446533203125,1.003785490989685,2.774658203125,3.48632550239563,0.3305918276309967,-0.7838029861450195,0.43087297677993774,2
mileage_100000_plus__session_005__b007__6a0edf51e9,high_mileage_proxy,mileage_100000_plus__session_005,2,0.5790709,0.5729071,0.52131206,0.55776334,0.17612362,0.09981367,0.322579950094223,0.0,0.373779296875,0.0,0.1300811767578125,0.0363922119140625,0.0080718994140625,1.0036017894744873,2.770085096359253,3.500636577606201,0.3305530548095703,-0.7907500267028809,0.43906548619270325,2
mileage_100000_plus__session_005__b008__60032b5b7a,high_mileage_proxy,mileage_100000_plus__session_005,2,0.58304036,0.57679135,0.5253437,0.56172514,0.17603981,0.09961966,0.33577436208724976,0.0,0.385009765625,0.0,0.1243896484375,0.0383148193359375,0.0074462890625,1.000050663948059,2.7593071460723877,3.4633147716522217,0.3303397595882416,-0.7751394510269165,0.43467259407043457,2
mileage_100000_plus__session_005__b008__9938ac946c,high_mileage_proxy,mileage_100000_plus__session_005,2,0.57876647,0.5724447,0.52109855,0.5574365,0.17579956,0.09930753,0.3305290639400482,0.0,0.37353515625,0.0,0.1295928955078125,0.03631591796875,0.00811767578125,1.0058667659759521,2.7815349102020264,3.520456314086914,0.32919415831565857,-0.7942724823951721,0.4349988102912903,2
mileage_100000_plus__session_005__b009__662c5d75a4,high_mileage_proxy,mileage_100000_plus__session_005,2,0.58318496,0.5770412,0.52544135,0.5618892,0.17606162,0.09953074,0.3311488628387451,0.0,0.383544921875,0.0,0.1248626708984375,0.034271240234375,0.00732421875,0.9992282390594482,2.7638213634490967,3.467880964279175,0.3296220302581787,-0.771438717842102,0.43716439604759216,2
mileage_100000_plus__session_005__b009__a5a117e7ef,high_mileage_proxy,mileage_100000_plus__session_005,2,0.57874644,0.57237095,0.5212853,0.5574676,0.17581426,0.09896148,0.33333247900009155,0.0,0.374267578125,0.0,0.1289825439453125,0.0360260009765625,0.0079498291015625,1.0055820941925049,2.7819080352783203,3.514991283416748,0.3284662067890167,-0.7946971654891968,0.4362701177597046,2
mileage_100000_plus__session_005__b010__20895de100,high_mileage_proxy,mileage_100000_plus__session_005,2,0.58392215,0.57761276,0.52592874,0.56248784,0.17607875,0.099710494,0.32924678921699524,0.0,0.38427734375,0.0,0.1245269775390625,0.0381317138671875,0.007720947265625,1.000024437904358,2.757530450820923,3.490432024002075,0.3298428952693939,-0.7718763947486877,0.43800535798072815,2
mileage_100000_plus__session_005__b010__64914cb70a,high_mileage_proxy,mileage_100000_plus__session_005,2,0.5792021,0.572932,0.52200425,0.55804616,0.17588235,0.09850022,0.32775789499282837,0.0,0.37255859375,0.0,0.128082275390625,0.03546142578125,0.0080413818359375,1.0048255920410156,2.7895584106445312,3.5253212451934814,0.32792070508003235,-0.7902061343193054,0.4368983209133148,2
mileage_100000_plus__session_005__b011__964d7d08a6,high_mileage_proxy,mileage_100000_plus__session_005,2,0.5835564,0.57708526,0.52531886,0.56198686,0.17599112,0.100023255,0.32868361473083496,0.0,0.38330078125,0.0,0.1264495849609375,0.035614013671875,0.0074615478515625,0.9981773495674133,2.7473037242889404,3.4527270793914795,0.3296319246292114,-0.7660603523254395,0.4405478537082672,2
mileage_100000_plus__session_005__b011__eb1e5bd39f,high_mileage_proxy,mileage_100000_plus__session_005,2,0.5794721,0.57332265,0.52228,0.5583582,0.17586558,0.09873023,0.32761240005493164,0.0,0.373779296875,0.0,0.127349853515625,0.0352630615234375,0.0076904296875,1.0058144330978394,2.7837471961975098,3.5322957038879395,0.32886531949043274,-0.7788317203521729,0.4359548091888428,2
mileage_100000_plus__session_005__b012__a5c7fa7115,high_mileage_proxy,mileage_100000_plus__session_005,2,0.5844209,0.5780293,0.5259172,0.56278914,0.17609599,0.10071723,0.32872292399406433,0.0,0.385498046875,0.0,0.124847412109375,0.0341949462890625,0.0074920654296875,0.9981725811958313,2.762948751449585,3.480138063430786,0.33088418841362,-0.7723267674446106,0.43920549750328064,2
mileage_100000_plus__session_005__b012__b7ed5ff7d6,high_mileage_proxy,mileage_100000_plus__session_005,2,0.57970667,0.5734203,0.5223298,0.55848557,0.17598034,0.09873693,0.3252025544643402,0.0,0.374755859375,0.0,0.1273345947265625,0.0355224609375,0.00775146484375,1.0047404766082764,2.781433582305908,3.4860029220581055,0.329561710357666,-0.7800090312957764,0.43912139534950256,2
mileage_100000_plus__session_005__b013__81b6dcb79f,high_mileage_proxy,mileage_100000_plus__session_005,2,0.58437884,0.5779058,0.52575636,0.5626803,0.17607929,0.10127345,0.3259410858154297,0.0,0.384521484375,0.0,0.1242828369140625,0.0380859375,0.00732421875,0.9992478489875793,2.7515015602111816,3.4784791469573975,0.3318614661693573,-0.7782808542251587,0.44089365005493164,2
mileage_100000_plus__session_005__b013__d00de9f6bb,high_mileage_proxy,mileage_100000_plus__session_005,2,0.5796062,0.57321537,0.52207416,0.5582986,0.17602697,0.098844826,0.32640549540519714,0.0,0.375,0.0,0.12762451171875,0.0352935791015625,0.0076751708984375,1.0055514574050903,2.7822043895721436,3.4913992881774902,0.32940107583999634,-0.8005954623222351,0.440499871969223,2
mileage_100000_plus__session_005__b014__14d547a95e,high_mileage_proxy,mileage_100000_plus__session_005,2,0.5846507,0.57818055,0.52596605,0.56293243,0.17616233,0.10106714,0.32174769043922424,0.0,0.38623046875,0.0,0.1242828369140625,0.0380401611328125,0.0069580078125,0.9964548349380493,2.756985664367676,3.4578511714935303,0.3309474289417267,-0.7649602293968201,0.4423675835132599,2
mileage_100000_plus__session_005__b014__72048c84ef,high_mileage_proxy,mileage_100000_plus__session_005,2,0.580171,0.5737075,0.5225002,0.55879295,0.17620221,0.099130265,0.32281455397605896,0.0,0.37548828125,0.0,0.127716064453125,0.0352783203125,0.0074310302734375,1.0045340061187744,2.794184684753418,3.539250373840332,0.3291780650615692,-0.7785286903381348,0.4406367540359497,2
mileage_100000_plus__session_005__b015__ad33036e62,high_mileage_proxy,mileage_100000_plus__session_005,2,0.58503664,0.57849073,0.5261613,0.56322956,0.17626671,0.101450466,0.32254573702812195,0.0,0.3857421875,0.0,0.1247711181640625,0.0383453369140625,0.007171630859375,0.99833083152771,2.7587857246398926,3.462627649307251,0.33182480931282043,-0.7716457843780518,0.4426107406616211,2
mileage_100000_plus__session_005__b015__da9382487c,high_mileage_proxy,mileage_100000_plus__session_005,2,0.580284,0.5738655,0.52260077,0.5589167,0.17617275,0.0993597,0.323297917842865,0.0,0.37451171875,0.0,0.1261444091796875,0.0391387939453125,0.0073394775390625,1.0038965940475464,2.7698922157287598,3.5413665771484375,0.32986074686050415,-0.8017195463180542,0.44153112173080444,2
mileage_100000_plus__session_005__b016__18082a2033,high_mileage_proxy,mileage_100000_plus__session_005,2,0.58526444,0.5789484,0.5269991,0.5637373,0.17583676,0.10043079,0.3264867961406708,0.0,0.383544921875,0.0,0.1212310791015625,0.037261962890625,0.0072174072265625,1.0007057189941406,2.7614176273345947,3.474391460418701,0.33456090092658997,-0.7952244281768799,0.43776845932006836,2
mileage_100000_plus__session_005__b016__9b03ee9d6c,high_mileage_proxy,mileage_100000_plus__session_005,2,0.5803893,0.57397175,0.52264094,0.5590006,0.17618735,0.09948097,0.3226127028465271,0.0,0.375244140625,0.0,0.1261138916015625,0.0385284423828125,0.0074615478515625,1.003600835800171,2.7694365978240967,3.519688367843628,0.3287578523159027,-0.7793276309967041,0.44217079877853394,2
mileage_100000_plus__session_005__b017__31daa9be3c,high_mileage_proxy,mileage_100000_plus__session_005,2,0.5855498,0.5791485,0.527204,0.5639674,0.17584765,0.10012975,0.3259623646736145,0.0,0.3828125,0.0,0.1215362548828125,0.0375213623046875,0.0068206787109375,1.0005594491958618,2.755032777786255,3.466681718826294,0.334290087223053,-0.7853556275367737,0.43751049041748047,2
mileage_100000_plus__session_005__b017__ecb354db27,high_mileage_proxy,mileage_100000_plus__session_005,2,0.5807263,0.5741709,0.5227501,0.5592157,0.17628385,0.099411,0.31948474049568176,0.0,0.37646484375,0.0,0.125518798828125,0.0390625,0.0073699951171875,1.0051456689834595,2.7774393558502197,3.527904748916626,0.3280862867832184,-0.7782463431358337,0.4423566162586212,2
mileage_100000_plus__session_005__b018__61697e8151,high_mileage_proxy,mileage_100000_plus__session_005,2,0.58130264,0.5747482,0.5232058,0.5597522,0.17645608,0.09979278,0.32214710116386414,0.0,0.3779296875,0.0,0.1240692138671875,0.038482666015625,0.0074615478515625,1.0041218996047974,2.756840229034424,3.499891519546509,0.3298311233520508,-0.7816373705863953,0.445278137922287,2
mileage_100000_plus__session_005__b018__66b7faf0f3,high_mileage_proxy,mileage_100000_plus__session_005,2,0.5854454,0.57911974,0.52723366,0.563933,0.17582288,0.10027535,0.32347559928894043,0.0,0.38232421875,0.0,0.12353515625,0.037506103515625,0.00653076171875,0.9996402263641357,2.7718663215637207,3.4769692420959473,0.33436280488967896,-0.788623034954071,0.43689748644828796,2
mileage_100000_plus__session_005__b019__91522e8b66,high_mileage_proxy,mileage_100000_plus__session_005,2,0.5810461,0.5744026,0.52284396,0.55943084,0.17638025,0.09987947,0.32614564895629883,0.0,0.379150390625,0.0,0.124786376953125,0.0385284423828125,0.0073699951171875,1.003960371017456,2.773575782775879,3.511225461959839,0.3291514217853546,-0.7887696623802185,0.4478270411491394,2
mileage_100000_plus__session_005__b019__e1151b5a98,high_mileage_proxy,mileage_100000_plus__session_005,2,0.58569527,0.57936484,0.52745193,0.5641707,0.17567381,0.100171514,0.33333274722099304,0.0,0.382568359375,0.0,0.1213836669921875,0.037200927734375,0.0067291259765625,1.001366376876831,2.765333414077759,3.4801695346832275,0.33252212405204773,-0.7810053825378418,0.4342825710773468,2
mileage_000100_005000__session_001__b000__20309e7b90,low_mileage_proxy,mileage_000100_005000__session_001,2,0.5691272,0.56250286,0.51388633,0.54850554,0.15253484,0.099276274,0.24892497062683105,0.0,0.2490234375,0.004150390625,0.174652099609375,0.14752197265625,0.0893096923828125,0.6006481647491455,2.0918407440185547,0.8821765780448914,0.6104275584220886,-2.114177942276001,0.15965113043785095,0
mileage_000100_005000__session_001__b000__4f67b1946c,low_mileage_proxy,mileage_000100_005000__session_001,2,0.57107747,0.56419563,0.51514435,0.5501391,0.15540883,0.10129416,0.23788587749004364,0.0,0.25927734375,0.0068359375,0.1779022216796875,0.1507415771484375,0.0849151611328125,0.5951622724533081,2.0814130306243896,0.860599935054779,0.6432498693466187,-2.1670360565185547,0.1574474424123764,0
mileage_000100_005000__session_001__b001__47d713c9f0,low_mileage_proxy,mileage_000100_005000__session_001,2,0.5712632,0.5643344,0.51521045,0.55026937,0.15542856,0.10137467,0.2404470145702362,0.0,0.258056640625,0.006591796875,0.1782379150390625,0.150634765625,0.0855712890625,0.5944113731384277,2.0740365982055664,0.8637327551841736,0.6417552828788757,-2.1653435230255127,0.1559383124113083,0
mileage_000100_005000__session_001__b001__9bdc4eeb5a,low_mileage_proxy,mileage_000100_005000__session_001,2,0.5695121,0.56281406,0.5143076,0.54887795,0.15288316,0.09913817,0.24892498552799225,0.0,0.253173828125,0.0048828125,0.17388916015625,0.1476593017578125,0.089599609375,0.6013089418411255,2.097219705581665,0.888358473777771,0.6079220175743103,-2.0996439456939697,0.15930022299289703,0
mileage_000100_005000__session_001__b002__13cef1acfb,low_mileage_proxy,mileage_000100_005000__session_001,2,0.5695274,0.56286097,0.51430285,0.548897,0.1531524,0.09931201,0.24793444573879242,0.0,0.25244140625,0.005126953125,0.1743621826171875,0.1483917236328125,0.0895233154296875,0.6012667417526245,2.1008658409118652,0.8890300989151001,0.610569179058075,-2.099067211151123,0.15944218635559082,0
mileage_000100_005000__session_001__b002__4e473028a0,low_mileage_proxy,mileage_000100_005000__session_001,2,0.5717286,0.56481314,0.5156585,0.5507334,0.15565951,0.10132365,0.242440864443779,0.0,0.260986328125,0.005859375,0.1783447265625,0.150543212890625,0.0851287841796875,0.5956800580024719,2.0818474292755127,0.8593580722808838,0.6434538960456848,-2.163020372390747,0.15442435443401337,0
mileage_000100_005000__session_001__b003__1576c3bda7,low_mileage_proxy,mileage_000100_005000__session_001,2,0.5690918,0.5623698,0.51386434,0.548442,0.1526625,0.0995572,0.2477494329214096,0.0,0.25341796875,0.0048828125,0.17425537109375,0.14788818359375,0.0892486572265625,0.6007558107376099,2.1000850200653076,0.8855316638946533,0.606704831123352,-2.101468324661255,0.15934687852859497,0
mileage_000100_005000__session_001__b003__1dd5e3a2dd,low_mileage_proxy,mileage_000100_005000__session_001,2,0.5721383,0.5651712,0.5159553,0.5510883,0.1558217,0.10158473,0.24363166093826294,0.0,0.26171875,0.0048828125,0.1790313720703125,0.151275634765625,0.0849456787109375,0.5948265194892883,2.0825135707855225,0.8630372285842896,0.6414365172386169,-2.1577186584472656,0.15487009286880493,0
mileage_000100_005000__session_001__b004__7f43c75338,low_mileage_proxy,mileage_000100_005000__session_001,2,0.5688362,0.56224155,0.5137657,0.5482812,0.15252398,0.09923731,0.24599358439445496,0.0,0.249267578125,0.00390625,0.1737823486328125,0.1476593017578125,0.093597412109375,0.6021021008491516,2.1072683334350586,0.8918761014938354,0.5974149107933044,-2.0828912258148193,0.1599656641483307,0
mileage_000100_005000__session_001__b004__e76b66854c,low_mileage_proxy,mileage_000100_005000__session_001,2,0.5727118,0.5655685,0.5163641,0.5515481,0.15590504,0.10153364,0.2427975982427597,0.0,0.26318359375,0.0048828125,0.1784820556640625,0.1505584716796875,0.08465576171875,0.5947239398956299,2.067983627319336,0.8587596416473389,0.6383823752403259,-2.1643083095550537,0.15514805912971497,0
mileage_000100_005000__session_001__b005__2fd9c6a284,low_mileage_proxy,mileage_000100_005000__session_001,2,0.5683153,0.5616546,0.51326305,0.54774433,0.15249489,0.09926106,0.24576911330223083,0.0,0.248779296875,0.003662109375,0.17254638671875,0.1473236083984375,0.0894927978515625,0.6014075875282288,2.1057257652282715,0.8866590261459351,0.6008626222610474,-2.088038921356201,0.15915608406066895,0
mileage_000100_005000__session_001__b005__fcc341f1ae,low_mileage_proxy,mileage_000100_005000__session_001,2,0.572528,0.5654489,0.5165106,0.5514958,0.15592526,0.10084498,0.23991918563842773,0.0,0.262939453125,0.00439453125,0.1780853271484375,0.1510162353515625,0.08477783203125,0.594845712184906,2.077666759490967,0.8625686168670654,0.636572539806366,-2.1522157192230225,0.15607421100139618,0
mileage_000100_005000__session_001__b006__8060827f13,low_mileage_proxy,mileage_000100_005000__session_001,2,0.56890416,0.5621917,0.5138768,0.5483242,0.15264335,0.09902539,0.24852445721626282,0.0,0.2509765625,0.003662109375,0.1738433837890625,0.1469573974609375,0.0936737060546875,0.602143406867981,2.1088199615478516,0.8888353705406189,0.6010071635246277,-2.0957326889038086,0.15926024317741394,0
mileage_000100_005000__session_001__b006__ea932d0719,low_mileage_proxy,mileage_000100_005000__session_001,2,0.5733408,0.5661248,0.5170104,0.5521586,0.15622424,0.1011785,0.24193447828292847,0.0,0.26416015625,0.004150390625,0.1783447265625,0.1502532958984375,0.0884246826171875,0.5954859852790833,2.081066608428955,0.8577061891555786,0.6396821737289429,-2.165304660797119,0.15558917820453644,0
mileage_000100_005000__session_001__b007__32a40a00bd,low_mileage_proxy,mileage_000100_005000__session_001,2,0.56890893,0.56217825,0.51366615,0.54825115,0.15299475,0.099160135,0.24999968707561493,0.0,0.250732421875,0.00390625,0.1716461181640625,0.1473388671875,0.0890045166015625,0.6019216179847717,2.109499454498291,0.8881821632385254,0.5963456630706787,-2.0943644046783447,0.16045644879341125,0
mileage_000100_005000__session_001__b007__cfa3cbac31,low_mileage_proxy,mileage_000100_005000__session_001,2,0.573653,0.5664637,0.5172143,0.5524437,0.15641083,0.1014344,0.24306878447532654,0.0,0.26416015625,0.00390625,0.177947998046875,0.1505889892578125,0.0888519287109375,0.5950440764427185,2.0795483589172363,0.8572089672088623,0.6422260403633118,-2.1631031036376953,0.15404699742794037,0
mileage_000100_005000__session_001__b008__9775c391b9,low_mileage_proxy,mileage_000100_005000__session_001,2,0.5739881,0.5667672,0.517559,0.5527714,0.1563665,0.101381585,0.24005094170570374,0.0,0.264404296875,0.004150390625,0.1781158447265625,0.1504364013671875,0.0887908935546875,0.5947794318199158,2.082353353500366,0.8487766981124878,0.6355308890342712,-2.1693708896636963,0.15495705604553223,0
mileage_000100_005000__session_001__b008__d4408a5c0a,low_mileage_proxy,mileage_000100_005000__session_001,2,0.5693455,0.5625632,0.51402134,0.54864335,0.15334207,0.09924622,0.25112077593803406,0.0,0.25048828125,0.003662109375,0.171630859375,0.1468505859375,0.0936126708984375,0.6031482219696045,2.1148338317871094,0.8894444704055786,0.5944316387176514,-2.08668851852417,0.16024203598499298,0
mileage_000100_005000__session_001__b009__1e3954efbc,low_mileage_proxy,mileage_000100_005000__session_001,2,0.5748526,0.56753504,0.51827323,0.55355364,0.15660672,0.10135589,0.23974095284938812,0.0,0.267578125,0.00439453125,0.1782379150390625,0.15277099609375,0.0875244140625,0.5946323871612549,2.0701587200164795,0.8570520281791687,0.6348875761032104,-2.1668481826782227,0.1539512425661087,0
mileage_000100_005000__session_001__b009__4e6bf20930,low_mileage_proxy,mileage_000100_005000__session_001,2,0.56947094,0.56277764,0.51422817,0.5488256,0.15356694,0.09924404,0.24999962747097015,0.0,0.252685546875,0.004150390625,0.1717376708984375,0.1473236083984375,0.0932464599609375,0.602515697479248,2.1185107231140137,0.8882653713226318,0.596864640712738,-2.0864386558532715,0.16128428280353546,0
mileage_000100_005000__session_001__b010__7794d783d8,low_mileage_proxy,mileage_000100_005000__session_001,2,0.5693666,0.56263405,0.5140903,0.548697,0.15335765,0.09934497,0.24778923392295837,0.0,0.251220703125,0.003662109375,0.17193603515625,0.1477203369140625,0.0933837890625,0.6021221876144409,2.1170694828033447,0.888377845287323,0.5992921590805054,-2.096198558807373,0.16016647219657898,0
mileage_000100_005000__session_001__b010__c7d938a3a7,low_mileage_proxy,mileage_000100_005000__session_001,2,0.57742035,0.5698807,0.5201278,0.5558096,0.15666972,0.102097586,0.24324843287467957,0.0,0.272705078125,0.005126953125,0.1768798828125,0.1493682861328125,0.0867156982421875,0.5950042009353638,2.1005520820617676,0.845147430896759,0.6295357346534729,-2.1781067848205566,0.15627439320087433,0
mileage_000100_005000__session_001__b011__4e9ed3ff0b,low_mileage_proxy,mileage_000100_005000__session_001,2,0.57778513,0.57031536,0.52041495,0.5561718,0.15672071,0.10225964,0.24202291667461395,0.0,0.275146484375,0.0048828125,0.1764984130859375,0.1491546630859375,0.0867767333984375,0.5954515933990479,2.091855525970459,0.8437139391899109,0.6310558915138245,-2.187298536300659,0.15617017447948456,0
mileage_000100_005000__session_001__b011__cd45b9ca47,low_mileage_proxy,mileage_000100_005000__session_001,2,0.5692632,0.56248856,0.5138682,0.54854,0.15328723,0.09968682,0.24787688255310059,0.0,0.250732421875,0.004150390625,0.1727752685546875,0.147705078125,0.092529296875,0.6026352643966675,2.106781482696533,0.891368567943573,0.5910505056381226,-2.090672492980957,0.16059918701648712,0
mileage_000100_005000__session_001__b012__9ee1a469c0,low_mileage_proxy,mileage_000100_005000__session_001,2,0.57804173,0.5706419,0.52066576,0.55644983,0.15672985,0.102144435,0.24159447848796844,0.0,0.27490234375,0.005615234375,0.175750732421875,0.149566650390625,0.086151123046875,0.5962223410606384,2.090243101119995,0.8402145504951477,0.6278240084648132,-2.1824450492858887,0.15558357536792755,0
mileage_000100_005000__session_001__b012__f238a5e5da,low_mileage_proxy,mileage_000100_005000__session_001,2,0.56936085,0.56266755,0.51404905,0.5486925,0.15330403,0.099332914,0.2477494329214096,0.0,0.255859375,0.005615234375,0.1723785400390625,0.1462860107421875,0.0933685302734375,0.6027151942253113,2.103680372238159,0.8893353343009949,0.5845643281936646,-2.0762641429901123,0.16067995131015778,0
mileage_000100_005000__session_001__b013__6cb51fe3a8,low_mileage_proxy,mileage_000100_005000__session_001,2,0.5698453,0.5630285,0.5145116,0.5491285,0.15355034,0.09928328,0.2499988079071045,0.0,0.25830078125,0.006103515625,0.171966552734375,0.1458587646484375,0.0934906005859375,0.6026180982589722,2.115561008453369,0.8927502036094666,0.5886494517326355,-2.0774834156036377,0.16138732433319092,0
mileage_000100_005000__session_001__b013__e6fd189181,low_mileage_proxy,mileage_000100_005000__session_001,2,0.5779249,0.57065433,0.5208621,0.5564804,0.1565321,0.102017224,0.24096888303756714,0.0,0.27099609375,0.005126953125,0.1758575439453125,0.1487579345703125,0.0901031494140625,0.5964515209197998,2.099256753921509,0.8486620187759399,0.6251392960548401,-2.1763498783111572,0.1545111984014511,0
mileage_000100_005000__session_001__b014__1a79cdd470,low_mileage_proxy,mileage_000100_005000__session_001,2,0.57786745,0.5706237,0.52065146,0.55638087,0.15657726,0.10214648,0.23886480927467346,0.0,0.26953125,0.0048828125,0.176025390625,0.1490020751953125,0.08612060546875,0.596516489982605,2.1028594970703125,0.8538429141044617,0.6244307160377502,-2.1766812801361084,0.15474607050418854,0
mileage_000100_005000__session_001__b014__b3cae3bbcd,low_mileage_proxy,mileage_000100_005000__session_001,2,0.57054806,0.56370634,0.51496345,0.54973924,0.1538865,0.099651515,0.25112077593803406,0.0,0.258544921875,0.005859375,0.171844482421875,0.1458587646484375,0.092620849609375,0.6026208400726318,2.1092264652252197,0.8915749192237854,0.5905796885490417,-2.0816032886505127,0.16119572520256042,0
mileage_000100_005000__session_001__b015__6e8bc2ecc7,low_mileage_proxy,mileage_000100_005000__session_001,2,0.5775841,0.5704178,0.52093005,0.55631065,0.15650289,0.10113694,0.24247083067893982,0.0,0.268798828125,0.0048828125,0.1761322021484375,0.1488494873046875,0.0869598388671875,0.5969533920288086,2.0988717079162598,0.8570607304573059,0.624387264251709,-2.189397096633911,0.1546279937028885,0
mileage_000100_005000__session_001__b015__c48930222a,low_mileage_proxy,mileage_000100_005000__session_001,2,0.5710766,0.56422144,0.515198,0.55016536,0.1545372,0.09981744,0.24999962747097015,0.0,0.25830078125,0.00634765625,0.1715240478515625,0.1456756591796875,0.0935821533203125,0.604602575302124,2.1150286197662354,0.8965112566947937,0.5862700343132019,-2.076772451400757,0.16121023893356323,0
mileage_000100_005000__session_001__b016__10524a7c8f,low_mileage_proxy,mileage_000100_005000__session_001,2,0.57795554,0.5707644,0.5210823,0.5566008,0.15653804,0.10149446,0.23999923467636108,0.0,0.267822265625,0.00439453125,0.17559814453125,0.1486968994140625,0.09014892578125,0.5970037579536438,2.096393585205078,0.8509214520454407,0.6188187599182129,-2.1672956943511963,0.15476495027542114,0
mileage_000100_005000__session_001__b016__d4c4de2c4a,low_mileage_proxy,mileage_000100_005000__session_001,2,0.57091475,0.5640989,0.5153033,0.55010563,0.15443392,0.09984793,0.24999916553497314,0.0,0.25732421875,0.00390625,0.17205810546875,0.146240234375,0.09283447265625,0.6039843559265137,2.109405279159546,0.8953756093978882,0.5932666659355164,-2.0878448486328125,0.16015765070915222,0
mileage_000100_005000__session_001__b017__87c2b79f69,low_mileage_proxy,mileage_000100_005000__session_001,2,0.56912243,0.5624215,0.51378775,0.5484439,0.1531983,0.09971076,0.248905211687088,0.0,0.251708984375,0.00439453125,0.17291259765625,0.146636962890625,0.093963623046875,0.6028965711593628,2.096449613571167,0.897182047367096,0.5971577763557434,-2.0854156017303467,0.15965938568115234,0
mileage_000100_005000__session_001__b017__ed2bf7cd25,low_mileage_proxy,mileage_000100_005000__session_001,2,0.5783423,0.57109946,0.5213896,0.5569438,0.15647154,0.10139028,0.23964941501617432,0.0,0.267578125,0.002685546875,0.1742706298828125,0.1478271484375,0.090087890625,0.5978659391403198,2.10261607170105,0.8543614745140076,0.6148760318756104,-2.1639528274536133,0.15502327680587769,0
mileage_000100_005000__session_001__b018__414dbf0485,low_mileage_proxy,mileage_000100_005000__session_001,2,0.57816046,0.5709157,0.52134746,0.5568079,0.15633553,0.10127123,0.23771105706691742,0.0,0.269287109375,0.0029296875,0.174468994140625,0.1483306884765625,0.0902099609375,0.5979984998703003,2.108229875564575,0.8576011061668396,0.6133992671966553,-2.156913995742798,0.155609592795372,0
mileage_000100_005000__session_001__b018__9d888afa45,low_mileage_proxy,mileage_000100_005000__session_001,2,0.5688697,0.5621755,0.51354164,0.5481956,0.15311287,0.09969444,0.24279142916202545,0.0,0.250244140625,0.00537109375,0.1722564697265625,0.1474151611328125,0.0901336669921875,0.602063775062561,2.1089181900024414,0.8889705538749695,0.5970063805580139,-2.0961191654205322,0.16101141273975372,0
mileage_000100_005000__session_001__b019__61f7aab7b6,low_mileage_proxy,mileage_000100_005000__session_001,2,0.5681938,0.5614842,0.5128284,0.5475021,0.15284315,0.100167915,0.24328124523162842,0.0,0.244384765625,0.00537109375,0.172393798828125,0.1476898193359375,0.089752197265625,0.6018386483192444,2.098196029663086,0.8924401998519897,0.5989242792129517,-2.097682237625122,0.16235803067684174,0
mileage_000100_005000__session_001__b019__d3fe8dfcbc,low_mileage_proxy,mileage_000100_005000__session_001,2,0.5777775,0.5705395,0.52091664,0.55641115,0.15609841,0.10129146,0.2414717674255371,0.0,0.2705078125,0.002685546875,0.1741943359375,0.1473541259765625,0.0904693603515625,0.5990585088729858,2.1006150245666504,0.8566925525665283,0.611918568611145,-2.160680055618286,0.1561434119939804,0
mileage_070000__session_001__b000__d471d06043,mid_mileage_proxy,mileage_070000__session_001,2,0.5979004,0.59245175,0.54888177,0.57974464,0.17983249,0.08273658,0.29890763759613037,0.001708984375,0.4052734375,0.0,0.14385986328125,0.07635498046875,0.0368804931640625,0.9262582659721375,2.5125627517700195,2.5921711921691895,0.49677222967147827,-1.7163631916046143,0.338304728269577,1
mileage_070000__session_001__b001__f694ac5c6f,mid_mileage_proxy,mileage_070000__session_001,2,0.59741884,0.5920391,0.5486089,0.5793556,0.17951266,0.08229939,0.29464778304100037,0.00146484375,0.405029296875,0.0,0.1446990966796875,0.07611083984375,0.036590576171875,0.9260677695274353,2.4984071254730225,2.585383176803589,0.49815961718559265,-1.678640604019165,0.3368019163608551,1
mileage_070000__session_001__b002__1ebf5f66a0,mid_mileage_proxy,mileage_070000__session_001,2,0.5976707,0.592153,0.54885876,0.5795608,0.17954764,0.082087435,0.29614314436912537,0.001708984375,0.404541015625,0.0,0.14508056640625,0.076171875,0.0372314453125,0.926720380783081,2.5056967735290527,2.59733247756958,0.5016322731971741,-1.7124295234680176,0.3360767960548401,1
mileage_070000__session_001__b003__0d55908d22,mid_mileage_proxy,mileage_070000__session_001,2,0.5975845,0.59207165,0.54872954,0.5794619,0.17938904,0.081995204,0.2934097647666931,0.001708984375,0.40380859375,0.0,0.144256591796875,0.076446533203125,0.036590576171875,0.9264066219329834,2.49900221824646,2.5789334774017334,0.5013509392738342,-1.667140245437622,0.33513182401657104,1
mileage_070000__session_001__b004__a73f5f40f1,mid_mileage_proxy,mileage_070000__session_001,2,0.59748584,0.59193665,0.54864526,0.57935596,0.17938389,0.082134396,0.2946847081184387,0.00146484375,0.402587890625,0.0,0.144378662109375,0.0756988525390625,0.03729248046875,0.9280799031257629,2.512584686279297,2.6038174629211426,0.4983519911766052,-1.7232238054275513,0.33539849519729614,1
mileage_070000__session_001__b005__3cd1d73227,mid_mileage_proxy,mileage_070000__session_001,2,0.5979061,0.5921109,0.54890186,0.57963955,0.17943335,0.08208437,0.2949509918689728,0.00146484375,0.404541015625,0.0,0.1506805419921875,0.0760498046875,0.03729248046875,0.9277402758598328,2.5132791996002197,2.5948641300201416,0.49936023354530334,-1.706491231918335,0.335340291261673,1
mileage_070000__session_001__b006__3949bd29f9,mid_mileage_proxy,mileage_070000__session_001,2,0.5979454,0.5921875,0.54890573,0.5796795,0.17964058,0.08192975,0.29932138323783875,0.001953125,0.405029296875,0.0,0.145111083984375,0.076416015625,0.0370635986328125,0.9272094964981079,2.51314377784729,2.5950064659118652,0.5006853938102722,-1.697579026222229,0.33670324087142944,1
mileage_070000__session_001__b007__97c6d75a83,mid_mileage_proxy,mileage_070000__session_001,2,0.59809667,0.59235215,0.549078,0.5798423,0.17948195,0.08149554,0.2972243130207062,0.001708984375,0.404541015625,0.0,0.15081787109375,0.0767669677734375,0.0367584228515625,0.9261705279350281,2.509381055831909,2.5859224796295166,0.4952360987663269,-1.7185618877410889,0.33694329857826233,1
mileage_070000__session_001__b008__7af511cd67,mid_mileage_proxy,mileage_070000__session_001,2,0.5978765,0.5920994,0.5488751,0.579617,0.17970587,0.08213016,0.29702144861221313,0.00146484375,0.404296875,0.0,0.150146484375,0.0757904052734375,0.03692626953125,0.9256795644760132,2.507122278213501,2.583878517150879,0.4970635175704956,-1.6986205577850342,0.3382732570171356,1
mileage_070000__session_001__b009__1d20ba99ba,mid_mileage_proxy,mileage_070000__session_001,2,0.5968932,0.5913182,0.5482508,0.57882077,0.17911541,0.08197746,0.2953512370586395,0.001708984375,0.40087890625,0.0,0.1438751220703125,0.076751708984375,0.036956787109375,0.9273698925971985,2.5182018280029297,2.5917351245880127,0.4965851306915283,-1.7380939722061157,0.3331032395362854,1
mileage_070000__session_001__b010__bfcda9ad14,mid_mileage_proxy,mileage_070000__session_001,2,0.59685016,0.5912186,0.5481005,0.5787231,0.17918217,0.08199832,0.29631978273391724,0.00146484375,0.400390625,0.0,0.14508056640625,0.0774688720703125,0.03680419921875,0.9270780682563782,2.5122742652893066,2.6027109622955322,0.49731162190437317,-1.682679533958435,0.3353261649608612,1
mileage_070000__session_001__b011__b01ab97097,mid_mileage_proxy,mileage_070000__session_001,2,0.5971278,0.59151065,0.548493,0.5790438,0.17933087,0.08187041,0.29255926609039307,0.001708984375,0.4033203125,0.0,0.1448516845703125,0.076690673828125,0.0372772216796875,0.9264456033706665,2.518510580062866,2.593355178833008,0.49776172637939453,-1.7361623048782349,0.3364727199077606,1
mileage_070000__session_001__b012__300e5a0336,mid_mileage_proxy,mileage_070000__session_001,2,0.597031,0.5913316,0.5481388,0.5788338,0.1792715,0.08196938,0.29335150122642517,0.001953125,0.404052734375,0.0,0.1450042724609375,0.0769195556640625,0.0371856689453125,0.9265499711036682,2.5058679580688477,2.5915567874908447,0.49605652689933777,-1.6731994152069092,0.33834806084632874,1
mileage_070000__session_001__b013__09626bd9bd,mid_mileage_proxy,mileage_070000__session_001,2,0.5974887,0.59171265,0.5485036,0.57923496,0.1794879,0.08187081,0.2973325848579407,0.001708984375,0.406005859375,0.0,0.1447296142578125,0.0767669677734375,0.0365447998046875,0.9247342348098755,2.496307373046875,2.571585178375244,0.49447688460350037,-1.7336021661758423,0.34075289964675903,1
mileage_070000__session_001__b014__204cccec95,mid_mileage_proxy,mileage_070000__session_001,2,0.5974361,0.5917672,0.5486089,0.5792707,0.17953493,0.08203756,0.29498282074928284,0.00146484375,0.405517578125,0.0,0.14434814453125,0.075897216796875,0.0366668701171875,0.925248384475708,2.501997232437134,2.58442759513855,0.49546176195144653,-1.693678855895996,0.3399766981601715,1
mileage_070000__session_001__b015__98eb67c224,mid_mileage_proxy,mileage_070000__session_001,2,0.59744084,0.59173656,0.5487324,0.57930326,0.17942536,0.081551924,0.2977544069290161,0.001708984375,0.40380859375,0.0,0.1510772705078125,0.076324462890625,0.0365753173828125,0.9250941276550293,2.497835636138916,2.573906421661377,0.49666792154312134,-1.711574912071228,0.33918124437332153,1
mileage_070000__session_001__b016__5caea5c04f,mid_mileage_proxy,mileage_070000__session_001,2,0.5970799,0.5914953,0.5484126,0.57899594,0.17925854,0.08193437,0.2906983494758606,0.00146484375,0.39990234375,0.0,0.1443939208984375,0.076904296875,0.03680419921875,0.925054669380188,2.5079398155212402,2.5814383029937744,0.49786239862442017,-1.7447681427001953,0.33579155802726746,1
mileage_070000__session_001__b017__23858be570,mid_mileage_proxy,mileage_070000__session_001,2,0.5971135,0.5915011,0.5487046,0.57910633,0.17915902,0.08141832,0.2926824986934662,0.001708984375,0.4013671875,0.0,0.143951416015625,0.076202392578125,0.037139892578125,0.925889253616333,2.5004210472106934,2.5840280055999756,0.4991735517978668,-1.7455183267593384,0.3336242139339447,1
mileage_070000__session_001__b018__3af8228766,mid_mileage_proxy,mileage_070000__session_001,2,0.5968616,0.5914149,0.548831,0.5790358,0.17918989,0.08090177,0.2914465665817261,0.001708984375,0.400390625,0.0,0.1440277099609375,0.0765380859375,0.03680419921875,0.9263436794281006,2.4950778484344482,2.58146071434021,0.4980918765068054,-1.7571746110916138,0.3333151340484619,1
mileage_070000__session_001__b019__5c794c348f,mid_mileage_proxy,mileage_070000__session_001,2,0.59668833,0.59136796,0.5488243,0.5789602,0.1792237,0.08088593,0.28864336013793945,0.001708984375,0.3994140625,0.0,0.144561767578125,0.0762176513671875,0.0368499755859375,0.9270894527435303,2.492583751678467,2.591275215148926,0.4980514347553253,-1.7523683309555054,0.33218157291412354,1
